,all,all,all,all,no revasc,no revasc,no revasc,no revasc,with revasc,with revasc,with revasc,with revasc
,Test AUC,Sensitivity,Specificity,Accuracy,Test AUC,Sensitivity,Specificity,Accuracy,Test AUC,Sensitivity,Specificity,Accuracy
lasso,0.6853424657534246,0.72,0.6506849315068493,0.6535303776683087,0.6719165085388994,0.6470588235294118,0.6967741935483871,0.6950207468879668,0.6727941176470589,0.875,0.47058823529411764,0.49606299212598426
linreg,0.6665068493150684,0.72,0.613013698630137,0.6174055829228243,0.6504111321948135,0.6470588235294118,0.6537634408602151,0.6535269709543569,0.6643907563025211,0.875,0.45378151260504207,0.48031496062992124
SVR10,0.6767123287671234,0.6,0.7534246575342466,0.7471264367816092,0.6647058823529413,0.5294117647058824,0.8,0.7904564315352697,0.6607142857142857,0.75,0.5714285714285714,0.5826771653543307
ridge,0.6665068493150684,0.72,0.613013698630137,0.6174055829228243,0.6504111321948135,0.6470588235294118,0.6537634408602151,0.6535269709543569,0.6643907563025211,0.875,0.45378151260504207,0.48031496062992124
