,all,all,all,all,no revasc,no revasc,no revasc,no revasc,with revasc,with revasc,with revasc,with revasc
,Test AUC,Sensitivity,Specificity,Accuracy,Test AUC,Sensitivity,Specificity,Accuracy,Test AUC,Sensitivity,Specificity,Accuracy
lasso,0.6370964739174144,0.616822429906542,0.6573705179282869,0.6502463054187192,0.6369092039800994,0.5375,0.736318407960199,0.7033195020746889,0.595925925925926,0.8518518518518519,0.33999999999999997,0.44881889763779526
linreg,0.6376363704062256,0.5700934579439252,0.7051792828685259,0.6814449917898193,0.641884328358209,0.5375,0.7462686567164178,0.7116182572614108,0.6033333333333333,0.6666666666666666,0.54,0.5669291338582677
SVR10,0.5879193506348439,0.4766355140186916,0.6992031872509961,0.6600985221674877,0.615733830845771,0.525,0.7064676616915423,0.6763485477178424,0.5016666666666666,0.3333333333333333,0.6699999999999999,0.5984251968503937
ridge,0.6386323863424805,0.5700934579439252,0.7071713147410359,0.6830870279146142,0.6431281094527364,0.5375,0.7487562189054726,0.7136929460580913,0.6033333333333333,0.6666666666666666,0.54,0.5669291338582677
