,all,all,all,all,no revasc,no revasc,no revasc,no revasc,with revasc,with revasc,with revasc,with revasc
,Test AUC,Sensitivity,Specificity,Accuracy,Test AUC,Sensitivity,Specificity,Accuracy,Test AUC,Sensitivity,Specificity,Accuracy
lasso,0.6887926069427719,0.6619718309859155,0.7156133828996283,0.7093596059113301,0.6884722222222223,0.62,0.7569444444444444,0.7427385892116183,0.6545372866127582,0.7619047619047619,0.5471698113207547,0.5826771653543307
linreg,0.6893685533273993,0.7746478873239436,0.604089219330855,0.6239737274220033,0.6906018518518519,0.74,0.6412037037037037,0.6514522821576764,0.6549865229110512,0.8571428571428571,0.4528301886792453,0.5196850393700787
SVR10,0.5042541494319075,0.014084507042253521,0.9944237918215614,0.8801313628899836,0.5065277777777778,0.02,0.9930555555555556,0.8921161825726142,0.5,0.0,1.0,0.8346456692913385
ridge,0.6893685533273993,0.7746478873239436,0.604089219330855,0.6239737274220033,0.6906018518518519,0.74,0.6412037037037037,0.6514522821576764,0.6549865229110512,0.8571428571428571,0.4528301886792453,0.5196850393700787
