,all,all,all,all,no revasc,no revasc,no revasc,no revasc,with revasc,with revasc,with revasc,with revasc
,Test AUC,Sensitivity,Specificity,Accuracy,Test AUC,Sensitivity,Specificity,Accuracy,Test AUC,Sensitivity,Specificity,Accuracy
lasso,0.7256506849315068,0.84,0.6113013698630136,0.6206896551724138,0.7275142314990513,0.7647058823529411,0.6903225806451613,0.6929460580912863,0.6512605042016807,1.0,0.3025210084033614,0.3464566929133858
linreg,0.7776369863013698,0.92,0.6352739726027397,0.6469622331691297,0.7917141049968375,0.8823529411764706,0.7010752688172043,0.7074688796680498,0.6890756302521008,1.0,0.37815126050420167,0.41732283464566927
SVR10,0.6566095890410959,0.88,0.4332191780821918,0.451559934318555,0.6953194180898166,0.9411764705882353,0.44946236559139785,0.46680497925311204,0.5598739495798319,0.75,0.3697478991596639,0.3937007874015748
ridge,0.777945205479452,0.96,0.595890410958904,0.6108374384236454,0.800695762175838,0.9411764705882353,0.6602150537634408,0.6701244813278008,0.6722689075630253,1.0,0.3445378151260504,0.3858267716535433
