,all,all,all,all,no revasc,no revasc,no revasc,no revasc,with revasc,with revasc,with revasc,with revasc
,Test AUC,Sensitivity,Specificity,Accuracy,Test AUC,Sensitivity,Specificity,Accuracy,Test AUC,Sensitivity,Specificity,Accuracy
lasso,0.6193264325874075,0.5514018691588785,0.6872509960159363,0.6633825944170771,0.6167599502487563,0.4375,0.7960199004975125,0.7365145228215768,0.5694444444444444,0.8888888888888888,0.25,0.3858267716535433
linreg,0.6695740402874483,0.719626168224299,0.6195219123505976,0.6371100164203612,0.6769900497512438,0.65,0.7039800995024876,0.6950207468879668,0.6029629629629629,0.9259259259259259,0.28,0.41732283464566927
SVR10,0.49471273783371184,0.0,1.0,0.8243021346469622,0.49381218905472635,0.0,1.0,0.8340248962655602,0.5,0.0,1.0,0.7874015748031497
ridge,0.6695740402874483,0.719626168224299,0.6195219123505976,0.6371100164203612,0.6769900497512438,0.65,0.7039800995024876,0.6950207468879668,0.6029629629629629,0.9259259259259259,0.28,0.41732283464566927
