,all,all,all,all,no revasc,no revasc,no revasc,no revasc,with revasc,with revasc,with revasc,with revasc
,Test AUC,Sensitivity,Specificity,Accuracy,Test AUC,Sensitivity,Specificity,Accuracy,Test AUC,Sensitivity,Specificity,Accuracy
lasso,0.7420343137254902,0.8958333333333334,0.5882352941176471,0.6124794745484401,0.7579438025210085,0.8529411764705882,0.6629464285714286,0.6763485477178424,0.6460176991150443,1.0,0.2920353982300885,0.3700787401574803
linreg,0.8091020499108734,0.8125,0.8057040998217468,0.80623973727422,0.7951024159663866,0.7352941176470589,0.8549107142857143,0.8464730290456431,0.8053097345132744,1.0,0.6106194690265487,0.6535433070866141
SVR10,0.6857174688057042,0.7083333333333334,0.6631016042780749,0.6666666666666666,0.7060136554621849,0.7647058823529411,0.6473214285714286,0.6556016597510373,0.6485461441213654,0.5714285714285714,0.7256637168141593,0.7086614173228346
ridge,0.8091020499108734,0.8125,0.8057040998217468,0.80623973727422,0.7951024159663866,0.7352941176470589,0.8549107142857143,0.8464730290456431,0.8053097345132744,1.0,0.6106194690265487,0.6535433070866141
