,all,all,all,all,no revasc,no revasc,no revasc,no revasc,with revasc,with revasc,with revasc,with revasc
,Test AUC,Sensitivity,Specificity,Accuracy,Test AUC,Sensitivity,Specificity,Accuracy,Test AUC,Sensitivity,Specificity,Accuracy
lasso,0.6173041894353369,0.5333333333333333,0.7012750455373407,0.6847290640394089,0.6361926884574969,0.4878048780487805,0.7845804988662132,0.7593360995850622,0.4963450292397661,0.0,1.0,0.8503937007874016
linreg,0.6513205828779599,0.6833333333333333,0.6193078324225865,0.625615763546798,0.6824567225264089,0.7073170731707317,0.6575963718820862,0.6618257261410788,0.547270955165692,0.631578947368421,0.4629629629629629,0.4881889763779528
SVR10,0.5716757741347905,0.3,0.843351548269581,0.7898193760262726,0.6015707095846469,0.34146341463414637,0.8616780045351474,0.8174273858921162,0.489522417153996,0.0,1.0,0.8503937007874016
ridge,0.6504098360655739,0.6833333333333333,0.6174863387978142,0.6239737274220033,0.6813229356783363,0.7073170731707317,0.655328798185941,0.6597510373443983,0.547270955165692,0.631578947368421,0.4629629629629629,0.4881889763779528
