,all,all,all,all,no revasc,no revasc,no revasc,no revasc,with revasc,with revasc,with revasc,with revasc
,Test AUC,Sensitivity,Specificity,Accuracy,Test AUC,Sensitivity,Specificity,Accuracy,Test AUC,Sensitivity,Specificity,Accuracy
lasso,0.6498638672181789,0.5915492957746479,0.70817843866171,0.6945812807881774,0.6516203703703703,0.5,0.8032407407407407,0.7717842323651453,0.5651392632524708,0.8095238095238095,0.3207547169811321,0.4015748031496063
linreg,0.67371328341798,0.8028169014084507,0.5446096654275092,0.5747126436781609,0.6855555555555556,0.76,0.6111111111111112,0.6265560165975104,0.589173405211141,0.9047619047619048,0.2735849056603774,0.3779527559055118
SVR10,0.5470443478716164,0.11267605633802817,0.9814126394052045,0.8801313628899836,0.5507407407407408,0.12,0.9814814814814815,0.8921161825726142,0.5381850853548967,0.09523809523809523,0.9811320754716981,0.8346456692913385
ridge,0.6684904968846537,0.6901408450704225,0.6468401486988847,0.6518883415435139,0.6711111111111112,0.62,0.7222222222222222,0.7116182572614108,0.5983827493261455,0.8571428571428571,0.339622641509434,0.4251968503937008
