,all,all,all,all,no revasc,no revasc,no revasc,no revasc,with revasc,with revasc,with revasc,with revasc
,Test AUC,Sensitivity,Specificity,Accuracy,Test AUC,Sensitivity,Specificity,Accuracy,Test AUC,Sensitivity,Specificity,Accuracy
lasso,0.6585616438356164,0.8,0.5171232876712328,0.5287356321839081,0.6464895635673625,0.7058823529411765,0.5870967741935484,0.5912863070539419,0.6218487394957983,1.0,0.24369747899159666,0.29133858267716534
linreg,0.6925000000000001,0.76,0.625,0.6305418719211823,0.6654648956356736,0.6470588235294118,0.6838709677419355,0.6825726141078838,0.6974789915966386,1.0,0.39495798319327735,0.4330708661417323
SVR10,0.6433219178082192,0.6,0.6866438356164384,0.6830870279146142,0.634977862112587,0.5882352941176471,0.6817204301075268,0.6784232365145229,0.6654411764705882,0.625,0.7058823529411764,0.7007874015748031
ridge,0.6770890410958904,0.76,0.5941780821917808,0.6009852216748769,0.6504111321948135,0.6470588235294118,0.6537634408602151,0.6535269709543569,0.680672268907563,1.0,0.3613445378151261,0.4015748031496063
