,all,all,all,all,no revasc,no revasc,no revasc,no revasc,with revasc,with revasc,with revasc,with revasc
,Test AUC,Sensitivity,Specificity,Accuracy,Test AUC,Sensitivity,Specificity,Accuracy,Test AUC,Sensitivity,Specificity,Accuracy
lasso,0.6533038720538721,0.5925925925925926,0.7140151515151515,0.6978653530377669,0.6596746403814561,0.5084745762711864,0.8108747044917257,0.7738589211618258,0.570995670995671,0.8181818181818182,0.32380952380952377,0.4094488188976378
linreg,0.6910423681257015,0.8271604938271605,0.5549242424242424,0.5911330049261084,0.7103618223344152,0.7966101694915254,0.624113475177305,0.6452282157676349,0.5926406926406926,0.9090909090909091,0.2761904761904762,0.3858267716535433
SVR10,0.5399130190796858,0.09876543209876543,0.9810606060606061,0.8637110016420362,0.5413911928517049,0.1016949152542373,0.9810874704491725,0.8734439834024896,0.5359307359307359,0.09090909090909091,0.9809523809523809,0.8267716535433071
ridge,0.6723835578002244,0.691358024691358,0.6534090909090908,0.6584564860426929,0.6788075489842531,0.6271186440677966,0.7304964539007093,0.7178423236514523,0.6032467532467534,0.8636363636363636,0.34285714285714286,0.4330708661417323
