,all,all,all,all,no revasc,no revasc,no revasc,no revasc,with revasc,with revasc,with revasc,with revasc
,Test AUC,Sensitivity,Specificity,Accuracy,Test AUC,Sensitivity,Specificity,Accuracy,Test AUC,Sensitivity,Specificity,Accuracy
lasso,0.737629173290938,0.8823529411764706,0.5929054054054055,0.6009852216748769,0.7445473846747732,0.8181818181818182,0.6709129511677283,0.6742738589211619,0.6446280991735538,1.0,0.2892561983471075,0.3228346456692913
linreg,0.7269475357710652,0.7647058823529411,0.6891891891891893,0.6912972085385879,0.6992858521520942,0.6363636363636364,0.7622080679405521,0.7593360995850622,0.7024793388429752,1.0,0.4049586776859504,0.4330708661417323
SVR10,0.6239566772655007,0.4117647058823529,0.8361486486486487,0.8243021346469622,0.6138776298011968,0.36363636363636365,0.8641188959660298,0.8526970954356846,0.6136363636363635,0.5,0.7272727272727273,0.7165354330708661
ridge,0.7261029411764706,0.7647058823529411,0.6875,0.6896551724137931,0.6982242810268288,0.6363636363636364,0.7600849256900213,0.7572614107883817,0.7024793388429752,1.0,0.4049586776859504,0.4330708661417323
