,all,all,all,all,no revasc,no revasc,no revasc,no revasc,with revasc,with revasc,with revasc,with revasc
,Test AUC,Sensitivity,Specificity,Accuracy,Test AUC,Sensitivity,Specificity,Accuracy,Test AUC,Sensitivity,Specificity,Accuracy
lasso,0.6999220142602497,0.6458333333333334,0.7540106951871658,0.7454844006568144,0.6785714285714286,0.5,0.8571428571428572,0.8319502074688797,0.6725663716814159,1.0,0.34513274336283184,0.41732283464566927
linreg,0.7037655971479501,0.625,0.7825311942959001,0.7701149425287356,0.6977415966386554,0.5294117647058824,0.8660714285714286,0.8423236514522822,0.6542351453855879,0.8571428571428571,0.4513274336283186,0.49606299212598426
SVR10,0.6236631016042782,0.4166666666666667,0.8306595365418895,0.7980295566502463,0.6556591386554621,0.4117647058823529,0.8995535714285714,0.8651452282157677,0.49304677623261695,0.0,1.0,0.889763779527559
ridge,0.704656862745098,0.625,0.7843137254901961,0.7717569786535303,0.6977415966386554,0.5294117647058824,0.8660714285714286,0.8423236514522822,0.6586599241466498,0.8571428571428571,0.4601769911504425,0.5039370078740157
