,all,all,all,all,no revasc,no revasc,no revasc,no revasc,with revasc,with revasc,with revasc,with revasc
,Test AUC,Sensitivity,Specificity,Accuracy,Test AUC,Sensitivity,Specificity,Accuracy,Test AUC,Sensitivity,Specificity,Accuracy
lasso,0.6362493949435901,0.6728971962616822,0.599601593625498,0.6124794745484401,0.649502487562189,0.6,0.6990049751243781,0.6825726141078838,0.5444444444444444,0.8888888888888888,0.19999999999999996,0.3464566929133858
linreg,0.6541869903563317,0.5514018691588785,0.7569721115537849,0.7208538587848933,0.6454601990049752,0.475,0.8159203980099503,0.7593360995850622,0.6488888888888888,0.7777777777777778,0.52,0.5748031496062992
SVR10,0.5100346278437651,0.028037383177570093,0.9920318725099602,0.8226600985221675,0.5075248756218905,0.025,0.9900497512437811,0.8298755186721992,0.5185185185185185,0.037037037037037035,1.0,0.7952755905511811
ridge,0.6551830062925866,0.5514018691588785,0.7589641434262948,0.722495894909688,0.6467039800995025,0.475,0.818407960199005,0.7614107883817427,0.6488888888888888,0.7777777777777778,0.52,0.5748031496062992
