,all,all,all,all,no revasc,no revasc,no revasc,no revasc,with revasc,with revasc,with revasc,with revasc
,Test AUC,Sensitivity,Specificity,Accuracy,Test AUC,Sensitivity,Specificity,Accuracy,Test AUC,Sensitivity,Specificity,Accuracy
lasso,0.6918118466898955,0.8,0.5836236933797909,0.5960591133004927,0.7104157549234136,0.76,0.6608315098468271,0.6659751037344398,0.591025641025641,0.9,0.28205128205128205,0.33070866141732286
linreg,0.6886759581881534,0.8285714285714286,0.5487804878048781,0.5648604269293924,0.7085339168490153,0.8,0.6170678336980306,0.6265560165975104,0.591025641025641,0.9,0.28205128205128205,0.33070866141732286
SVR10,0.7268292682926829,0.7428571428571429,0.7108013937282229,0.7126436781609196,0.7571553610503282,0.72,0.7943107221006565,0.7904564315352697,0.5923076923076923,0.8,0.3846153846153846,0.41732283464566927
ridge,0.6886759581881534,0.8285714285714286,0.5487804878048781,0.5648604269293924,0.7085339168490153,0.8,0.6170678336980306,0.6265560165975104,0.591025641025641,0.9,0.28205128205128205,0.33070866141732286
