,all,all,all,all,no revasc,no revasc,no revasc,no revasc,with revasc,with revasc,with revasc,with revasc
,Test AUC,Sensitivity,Specificity,Accuracy,Test AUC,Sensitivity,Specificity,Accuracy,Test AUC,Sensitivity,Specificity,Accuracy
lasso,0.6556129321957791,0.5058823529411764,0.8053435114503817,0.7635467980295566,0.6600614439324116,0.46774193548387094,0.8523809523809524,0.8029045643153527,0.6120401337792643,0.6086956521739131,0.6153846153846154,0.6141732283464567
linreg,0.6694095195330041,0.7529411764705882,0.5858778625954199,0.6091954022988506,0.6807603686635945,0.7258064516129032,0.6357142857142857,0.6473029045643154,0.6053511705685619,0.8260869565217391,0.3846153846153846,0.4645669291338583
SVR10,0.5850246969016615,0.36470588235294116,0.8053435114503817,0.7438423645320197,0.5983102918586789,0.3870967741935484,0.8095238095238095,0.7551867219917012,0.5464046822742475,0.30434782608695654,0.7884615384615384,0.7007874015748031
ridge,0.6694095195330041,0.7529411764705882,0.5858778625954199,0.6091954022988506,0.6807603686635945,0.7258064516129032,0.6357142857142857,0.6473029045643154,0.6053511705685619,0.8260869565217391,0.3846153846153846,0.4645669291338583
