,all,all,all,all,no revasc,no revasc,no revasc,no revasc,with revasc,with revasc,with revasc,with revasc
,Test AUC,Sensitivity,Specificity,Accuracy,Test AUC,Sensitivity,Specificity,Accuracy,Test AUC,Sensitivity,Specificity,Accuracy
lasso,0.7120673952641166,0.65,0.7741347905282332,0.7619047619047619,0.7431004922294122,0.6585365853658537,0.8276643990929705,0.8132780082987552,0.5935672514619883,0.631578947368421,0.5555555555555556,0.5669291338582677
linreg,0.7146174863387977,0.85,0.5792349726775956,0.6059113300492611,0.7309606769537084,0.8292682926829268,0.6326530612244898,0.6493775933609959,0.6279239766081872,0.8947368421052632,0.36111111111111116,0.4409448818897638
SVR10,0.5618852459016394,0.55,0.5737704918032787,0.5714285714285714,0.5599524362590564,0.5121951219512195,0.6077097505668934,0.5995850622406639,0.5333820662768032,0.631578947368421,0.43518518518518523,0.4645669291338583
ridge,0.7146174863387977,0.85,0.5792349726775956,0.6059113300492611,0.7309606769537084,0.8292682926829268,0.6326530612244898,0.6493775933609959,0.6279239766081872,0.8947368421052632,0.36111111111111116,0.4409448818897638
