,all,all,all,all,no revasc,no revasc,no revasc,no revasc,with revasc,with revasc,with revasc,with revasc
,Test AUC,Sensitivity,Specificity,Accuracy,Test AUC,Sensitivity,Specificity,Accuracy,Test AUC,Sensitivity,Specificity,Accuracy
lasso,0.5448765684923855,0.27102803738317754,0.8187250996015936,0.722495894909688,0.5540733830845771,0.2375,0.8706467661691543,0.7655601659751037,0.49018518518518517,0.0,1.0,0.7874015748031497
linreg,0.597953978478609,0.5046728971962616,0.6912350597609562,0.6584564860426929,0.5919154228855721,0.45,0.7338308457711442,0.6867219917012448,0.5933333333333333,0.6666666666666666,0.52,0.5511811023622047
SVR10,0.4901422347991213,0.0,1.0,0.8243021346469622,0.4918221393034826,0.0,1.0,0.8340248962655602,0.5092592592592593,0.5185185185185185,0.5,0.5039370078740157
ridge,0.597953978478609,0.5046728971962616,0.6912350597609562,0.6584564860426929,0.5919154228855721,0.45,0.7338308457711442,0.6867219917012448,0.5933333333333333,0.6666666666666666,0.52,0.5511811023622047
