,all,all,all,all,no revasc,no revasc,no revasc,no revasc,with revasc,with revasc,with revasc,with revasc
,Test AUC,Sensitivity,Specificity,Accuracy,Test AUC,Sensitivity,Specificity,Accuracy,Test AUC,Sensitivity,Specificity,Accuracy
lasso,0.7360627177700347,0.8571428571428571,0.6149825783972125,0.6288998357963875,0.7635448577680525,0.84,0.6870897155361051,0.6950207468879668,0.6166666666666667,0.9,0.33333333333333337,0.3779527559055118
linreg,0.7534843205574913,0.8571428571428571,0.6498257839721254,0.6617405582922824,0.7766739606126913,0.84,0.7133479212253829,0.7199170124481328,0.6508547008547008,0.9,0.4017094017094017,0.4409448818897638
SVR10,0.4980836236933799,0.0,1.0,0.9425287356321839,0.5293216630196936,0.4,0.6586433260393874,0.6452282157676349,0.4162393162393162,0.0,1.0,0.9212598425196851
ridge,0.7534843205574913,0.8571428571428571,0.6498257839721254,0.6617405582922824,0.7766739606126913,0.84,0.7133479212253829,0.7199170124481328,0.6508547008547008,0.9,0.4017094017094017,0.4409448818897638
