,all,all,all,all,no revasc,no revasc,no revasc,no revasc,with revasc,with revasc,with revasc,with revasc
,Test AUC,Sensitivity,Specificity,Accuracy,Test AUC,Sensitivity,Specificity,Accuracy,Test AUC,Sensitivity,Specificity,Accuracy
lasso,0.760138146167558,0.875,0.6452762923351159,0.6633825944170771,0.7733718487394958,0.8235294117647058,0.7232142857142857,0.7302904564315352,0.668141592920354,1.0,0.33628318584070793,0.4094488188976378
linreg,0.8011920677361853,0.9375,0.6648841354723707,0.6863711001642037,0.8163734243697478,0.9117647058823529,0.7209821428571428,0.7344398340248963,0.7212389380530974,1.0,0.4424778761061947,0.5039370078740157
SVR10,0.56951871657754,0.3333333333333333,0.8057040998217468,0.7684729064039408,0.5818014705882353,0.38235294117647056,0.78125,0.7531120331950207,0.5584702907711756,0.21428571428571427,0.9026548672566371,0.8267716535433071
ridge,0.7911096256684492,0.9583333333333334,0.6238859180035651,0.6502463054187192,0.8098739495798319,0.9411764705882353,0.6785714285714286,0.6970954356846473,0.7035398230088495,1.0,0.4070796460176991,0.47244094488188976
