,all,all,all,all,no revasc,no revasc,no revasc,no revasc,with revasc,with revasc,with revasc,with revasc
,Test AUC,Sensitivity,Specificity,Accuracy,Test AUC,Sensitivity,Specificity,Accuracy,Test AUC,Sensitivity,Specificity,Accuracy
lasso,0.6208561020036429,0.6333333333333333,0.6083788706739526,0.6108374384236454,0.6135446048338035,0.5853658536585366,0.6417233560090703,0.6369294605809128,0.60453216374269,0.7368421052631579,0.4722222222222222,0.5118110236220472
linreg,0.6317850637522768,0.6333333333333333,0.6302367941712204,0.6305418719211823,0.6359438084176761,0.6097560975609756,0.6621315192743764,0.6576763485477178,0.5921052631578947,0.6842105263157895,0.5,0.5275590551181102
SVR10,0.5531876138433516,0.6,0.5063752276867031,0.5155993431855501,0.5290636579835186,0.5365853658536586,0.5215419501133787,0.5228215767634855,0.5906432748538011,0.7368421052631579,0.4444444444444444,0.4881889763779528
ridge,0.6317850637522768,0.6333333333333333,0.6302367941712204,0.6305418719211823,0.6359438084176761,0.6097560975609756,0.6621315192743764,0.6576763485477178,0.5921052631578947,0.6842105263157895,0.5,0.5275590551181102
