,all,all,all,all,no revasc,no revasc,no revasc,no revasc,with revasc,with revasc,with revasc,with revasc
,Test AUC,Sensitivity,Specificity,Accuracy,Test AUC,Sensitivity,Specificity,Accuracy,Test AUC,Sensitivity,Specificity,Accuracy
lasso,0.6932168911335577,0.691358024691358,0.6950757575757576,0.6945812807881774,0.6987017670393078,0.6101694915254238,0.7872340425531915,0.7655601659751037,0.6164502164502165,0.9090909090909091,0.32380952380952377,0.4251968503937008
linreg,0.6893939393939394,0.6666666666666666,0.7121212121212122,0.7060755336617406,0.7000841447289339,0.6271186440677966,0.7730496453900709,0.7551867219917012,0.6196969696969696,0.7727272727272727,0.4666666666666667,0.5196850393700787
SVR10,0.5294963524130191,0.43209876543209874,0.6268939393939394,0.6009852216748769,0.5452177745722643,0.5254237288135594,0.5650118203309693,0.5601659751037344,0.529004329004329,0.18181818181818182,0.8761904761904762,0.7559055118110236
ridge,0.6841680695847363,0.654320987654321,0.7140151515151515,0.7060755336617406,0.6916095684577473,0.6101694915254238,0.7730496453900709,0.7531120331950207,0.6244588744588744,0.7727272727272727,0.47619047619047616,0.5275590551181102
