,all,all,all,all,no revasc,no revasc,no revasc,no revasc,with revasc,with revasc,with revasc,with revasc
,Test AUC,Sensitivity,Specificity,Accuracy,Test AUC,Sensitivity,Specificity,Accuracy,Test AUC,Sensitivity,Specificity,Accuracy
lasso,0.6843806921675775,0.7166666666666667,0.6520947176684881,0.6584564860426929,0.7164703279685858,0.7073170731707317,0.7256235827664399,0.7240663900414938,0.5443469785575049,0.7368421052631579,0.35185185185185186,0.4094488188976378
linreg,0.7296903460837887,0.8,0.6593806921675773,0.6732348111658456,0.7195951551352249,0.7317073170731707,0.7074829931972789,0.7095435684647303,0.7051656920077972,0.9473684210526315,0.4629629629629629,0.5354330708661418
SVR10,0.5654371584699454,0.31666666666666665,0.8142076502732241,0.7651888341543513,0.5686908909905426,0.34146341463414637,0.7959183673469388,0.7572614107883817,0.5760233918128654,0.2631578947368421,0.8888888888888888,0.7952755905511811
ridge,0.7394353369763207,0.7666666666666667,0.7122040072859745,0.7175697865353038,0.7456722526408938,0.7317073170731707,0.7596371882086168,0.7572614107883817,0.6803118908382066,0.8421052631578947,0.5185185185185186,0.5669291338582677
