,all,all,all,all,no revasc,no revasc,no revasc,no revasc,with revasc,with revasc,with revasc,with revasc
,Test AUC,Sensitivity,Specificity,Accuracy,Test AUC,Sensitivity,Specificity,Accuracy,Test AUC,Sensitivity,Specificity,Accuracy
lasso,0.6071641494435612,0.7058823529411765,0.5084459459459459,0.5139573070607554,0.5699671878015826,0.5454545454545454,0.5944798301486199,0.5933609958506224,0.5867768595041323,1.0,0.17355371900826444,0.2125984251968504
linreg,0.7327106518282989,0.8235294117647058,0.6418918918918919,0.6469622331691297,0.7171395483497396,0.7272727272727273,0.7070063694267517,0.7074688796680498,0.6942148760330579,1.0,0.38842975206611574,0.41732283464566927
SVR10,0.7105027821939588,0.5882352941176471,0.8327702702702703,0.825944170771757,0.6710094576336615,0.45454545454545453,0.8874734607218684,0.8775933609958506,0.7265840220385674,0.8333333333333334,0.6198347107438016,0.6299212598425197
ridge,0.7327106518282989,0.8235294117647058,0.6418918918918919,0.6469622331691297,0.7171395483497396,0.7272727272727273,0.7070063694267517,0.7074688796680498,0.6942148760330579,1.0,0.38842975206611574,0.41732283464566927
