,all,all,all,all,no revasc,no revasc,no revasc,no revasc,with revasc,with revasc,with revasc,with revasc
,Test AUC,Sensitivity,Specificity,Accuracy,Test AUC,Sensitivity,Specificity,Accuracy,Test AUC,Sensitivity,Specificity,Accuracy
lasso,0.6618409340803184,0.6619718309859155,0.6617100371747212,0.6617405582922824,0.6615277777777778,0.58,0.7430555555555556,0.7261410788381742,0.59366576819407,0.8571428571428571,0.33018867924528306,0.41732283464566927
linreg,0.6710953453060371,0.5633802816901409,0.7788104089219331,0.7536945812807881,0.7043518518518519,0.58,0.8287037037037037,0.8029045643153527,0.5496406109613656,0.5238095238095238,0.5754716981132075,0.5669291338582677
SVR10,0.5861563432640453,0.30985915492957744,0.862453531598513,0.7980295566502463,0.5986574074074075,0.32,0.8773148148148148,0.8195020746887967,0.5438005390835579,0.2857142857142857,0.8018867924528301,0.7165354330708661
ridge,0.6790669668569036,0.5774647887323944,0.7806691449814126,0.7569786535303776,0.7131944444444445,0.6,0.8263888888888888,0.8029045643153527,0.5590745732255166,0.5238095238095238,0.5943396226415094,0.5826771653543307
