,all,all,all,all,no revasc,no revasc,no revasc,no revasc,with revasc,with revasc,with revasc,with revasc
,Test AUC,Sensitivity,Specificity,Accuracy,Test AUC,Sensitivity,Specificity,Accuracy,Test AUC,Sensitivity,Specificity,Accuracy
lasso,0.7141203703703703,0.7407407407407407,0.6875,0.6945812807881774,0.7123051648835997,0.6610169491525424,0.7635933806146572,0.7510373443983402,0.6677489177489178,0.9545454545454546,0.38095238095238093,0.48031496062992124
linreg,0.7454405162738496,0.7901234567901234,0.7007575757575757,0.7126436781609196,0.7534960131426053,0.7457627118644068,0.7612293144208038,0.7593360995850622,0.6831168831168831,0.9090909090909091,0.4571428571428572,0.5354330708661418
SVR10,0.5666736812570146,0.2716049382716049,0.8617424242424243,0.7832512315270936,0.5768922546780463,0.3050847457627119,0.8486997635933806,0.7821576763485477,0.548051948051948,0.18181818181818182,0.9142857142857143,0.7874015748031497
ridge,0.7444935465768799,0.7901234567901234,0.6988636363636364,0.7110016420361248,0.7607885563168649,0.7627118644067796,0.7588652482269503,0.7593360995850622,0.6603896103896105,0.8636363636363636,0.4571428571428572,0.5275590551181102
