,all,all,all,all,no revasc,no revasc,no revasc,no revasc,with revasc,with revasc,with revasc,with revasc
,Test AUC,Sensitivity,Specificity,Accuracy,Test AUC,Sensitivity,Specificity,Accuracy,Test AUC,Sensitivity,Specificity,Accuracy
lasso,0.6436798383475527,0.5411764705882353,0.7461832061068703,0.7175697865353038,0.63678955453149,0.43548387096774194,0.8380952380952381,0.7863070539419087,0.6005434782608696,0.8260869565217391,0.375,0.4566929133858268
linreg,0.6400426582846879,0.4117647058823529,0.8683206106870229,0.8045977011494253,0.6584869431643625,0.41935483870967744,0.8976190476190476,0.8360995850622407,0.5706521739130435,0.391304347826087,0.75,0.6850393700787402
SVR10,0.6117198024247867,0.5058823529411764,0.7175572519083969,0.6880131362889984,0.6480030721966206,0.5483870967741935,0.7476190476190476,0.7219917012448133,0.4937290969899666,0.0,1.0,0.8188976377952756
ridge,0.6273237539290524,0.38823529411764707,0.866412213740458,0.7996715927750411,0.6435483870967743,0.3870967741935484,0.9,0.8340248962655602,0.5610367892976589,0.391304347826087,0.7307692307692308,0.6692913385826772
