,all,all,all,all,no revasc,no revasc,no revasc,no revasc,with revasc,with revasc,with revasc,with revasc
,Test AUC,Sensitivity,Specificity,Accuracy,Test AUC,Sensitivity,Specificity,Accuracy,Test AUC,Sensitivity,Specificity,Accuracy
lasso,0.6711229946524064,0.6666666666666666,0.6755793226381461,0.6748768472906403,0.6553308823529411,0.5294117647058824,0.78125,0.7634854771784232,0.6283185840707964,1.0,0.2566371681415929,0.33858267716535434
linreg,0.7089460784313726,0.7708333333333334,0.6470588235294117,0.6568144499178982,0.7394957983193277,0.7647058823529411,0.7142857142857143,0.7178423236514523,0.5831226295828066,0.7857142857142857,0.38053097345132747,0.4251968503937008
SVR10,0.6021613190730838,0.2916666666666667,0.9126559714795008,0.8637110016420362,0.6182379201680672,0.3235294117647059,0.9129464285714286,0.8713692946058091,0.5628950695322376,0.21428571428571427,0.911504424778761,0.8346456692913385
ridge,0.7080548128342247,0.7708333333333334,0.6452762923351159,0.6551724137931034,0.7394957983193277,0.7647058823529411,0.7142857142857143,0.7178423236514523,0.5786978508217446,0.7857142857142857,0.37168141592920356,0.41732283464566927
