,all,all,all,all,no revasc,no revasc,no revasc,no revasc,with revasc,with revasc,with revasc,with revasc
,Test AUC,Sensitivity,Specificity,Accuracy,Test AUC,Sensitivity,Specificity,Accuracy,Test AUC,Sensitivity,Specificity,Accuracy
lasso,0.686385918003565,0.7916666666666666,0.5811051693404634,0.5977011494252874,0.7069327731092437,0.7352941176470589,0.6785714285714286,0.6825726141078838,0.5616308470290772,0.9285714285714286,0.19469026548672563,0.2755905511811024
linreg,0.757074420677362,0.7708333333333334,0.7433155080213903,0.7454844006568144,0.7547268907563026,0.7058823529411765,0.8035714285714286,0.7966804979253111,0.7164981036662452,0.9285714285714286,0.504424778761062,0.5511811023622047
SVR10,0.5163770053475936,0.041666666666666664,0.9910873440285205,0.916256157635468,0.5249474789915967,0.058823529411764705,0.9910714285714286,0.9253112033195021,0.49557522123893805,0.0,1.0,0.889763779527559
ridge,0.7579656862745099,0.7708333333333334,0.7450980392156863,0.7471264367816092,0.755842962184874,0.7058823529411765,0.8058035714285714,0.7987551867219918,0.7164981036662452,0.9285714285714286,0.504424778761062,0.5511811023622047
