,all,all,all,all,no revasc,no revasc,no revasc,no revasc,with revasc,with revasc,with revasc,with revasc
,Test AUC,Sensitivity,Specificity,Accuracy,Test AUC,Sensitivity,Specificity,Accuracy,Test AUC,Sensitivity,Specificity,Accuracy
lasso,0.6260751386975463,0.4672897196261682,0.7848605577689243,0.729064039408867,0.6178171641791045,0.3625,0.8731343283582089,0.7883817427385892,0.6038888888888889,0.7777777777777778,0.43000000000000005,0.5039370078740157
linreg,0.6592415385188218,0.5794392523364486,0.7390438247011952,0.7110016420361248,0.6517412935323383,0.5,0.8034825870646767,0.7531120331950207,0.6474074074074074,0.8148148148148148,0.48,0.5511811023622047
SVR10,0.5497821796924452,0.24299065420560748,0.8565737051792829,0.7487684729064039,0.5627798507462687,0.2375,0.8880597014925373,0.7800829875518672,0.49462962962962964,0.0,1.0,0.7874015748031497
ridge,0.6572495066463119,0.5794392523364486,0.7350597609561753,0.7077175697865353,0.6492537313432836,0.5,0.7985074626865671,0.7489626556016598,0.6474074074074074,0.8148148148148148,0.48,0.5511811023622047
