,all,all,all,all,no revasc,no revasc,no revasc,no revasc,with revasc,with revasc,with revasc,with revasc
,Test AUC,Sensitivity,Specificity,Accuracy,Test AUC,Sensitivity,Specificity,Accuracy,Test AUC,Sensitivity,Specificity,Accuracy
lasso,0.6753565062388591,0.75,0.6007130124777184,0.6124794745484401,0.6866465336134455,0.7058823529411765,0.6674107142857143,0.6701244813278008,0.5967130214917825,0.8571428571428571,0.33628318584070793,0.3937007874015748
linreg,0.6996991978609624,0.7291666666666666,0.6702317290552584,0.6748768472906403,0.735031512605042,0.7647058823529411,0.7053571428571428,0.7095435684647303,0.5869152970922882,0.6428571428571429,0.5309734513274336,0.5433070866141733
SVR10,0.6250000000000001,0.5833333333333334,0.6666666666666667,0.6600985221674877,0.6492253151260503,0.6176470588235294,0.6808035714285714,0.6763485477178424,0.5553097345132744,0.5,0.6106194690265487,0.5984251968503937
ridge,0.6996991978609624,0.7291666666666666,0.6702317290552584,0.6748768472906403,0.735031512605042,0.7647058823529411,0.7053571428571428,0.7095435684647303,0.5869152970922882,0.6428571428571429,0.5309734513274336,0.5433070866141733
