,all,all,all,all,no revasc,no revasc,no revasc,no revasc,with revasc,with revasc,with revasc,with revasc
,Test AUC,Sensitivity,Specificity,Accuracy,Test AUC,Sensitivity,Specificity,Accuracy,Test AUC,Sensitivity,Specificity,Accuracy
lasso,0.5673288155788063,0.22429906542056074,0.9103585657370518,0.7898193760262726,0.5438432835820896,0.125,0.9626865671641791,0.8236514522821576,0.6092592592592592,0.5185185185185185,0.7,0.6614173228346457
linreg,0.5725229921435753,0.42990654205607476,0.7151394422310757,0.6650246305418719,0.5830223880597015,0.375,0.791044776119403,0.7219917012448133,0.5012962962962962,0.5925925925925926,0.41000000000000003,0.44881889763779526
SVR10,0.5739937446475778,0.2336448598130841,0.9143426294820717,0.7947454844006568,0.5839241293532339,0.2375,0.9303482587064676,0.8153526970954357,0.5361111111111112,0.2222222222222222,0.85,0.7165354330708661
ridge,0.5735190080798303,0.42990654205607476,0.7171314741035857,0.6666666666666666,0.5830223880597015,0.375,0.791044776119403,0.7219917012448133,0.5062962962962964,0.5925925925925926,0.42000000000000004,0.4566929133858268
