,all,all,all,all,no revasc,no revasc,no revasc,no revasc,with revasc,with revasc,with revasc,with revasc
,Test AUC,Sensitivity,Specificity,Accuracy,Test AUC,Sensitivity,Specificity,Accuracy,Test AUC,Sensitivity,Specificity,Accuracy
lasso,0.6842706677265501,0.9411764705882353,0.4273648648648649,0.44170771756978655,0.7188766647365374,0.9090909090909091,0.5286624203821656,0.5373443983402489,0.5165289256198347,1.0,0.03305785123966942,0.07874015748031496
linreg,0.6901828298887123,0.9411764705882353,0.43918918918918914,0.45320197044334976,0.7252460914881297,0.9090909090909091,0.5414012738853503,0.549792531120332,0.5206611570247934,1.0,0.04132231404958675,0.08661417322834646
SVR10,0.5056140699523053,0.11764705882352941,0.8935810810810811,0.8719211822660099,0.526153252267902,0.18181818181818182,0.8704883227176221,0.8547717842323651,0.49173553719008267,0.0,1.0,0.952755905511811
ridge,0.6901828298887123,0.9411764705882353,0.43918918918918914,0.45320197044334976,0.7252460914881297,0.9090909090909091,0.5414012738853503,0.549792531120332,0.5206611570247934,1.0,0.04132231404958675,0.08661417322834646
