,all,all,all,all,no revasc,no revasc,no revasc,no revasc,with revasc,with revasc,with revasc,with revasc
,Test AUC,Sensitivity,Specificity,Accuracy,Test AUC,Sensitivity,Specificity,Accuracy,Test AUC,Sensitivity,Specificity,Accuracy
lasso,0.6943688151212105,0.6619718309859155,0.7267657992565055,0.7192118226600985,0.6988888888888889,0.62,0.7777777777777778,0.7614107883817427,0.6403863432165319,0.7619047619047619,0.5188679245283019,0.5590551181102362
linreg,0.7180742447248547,0.8450704225352113,0.5910780669144982,0.6206896551724138,0.7329166666666664,0.82,0.6458333333333333,0.6639004149377593,0.6363432165318958,0.9047619047619048,0.3679245283018868,0.4566929133858268
SVR10,0.5989318812503273,0.7183098591549296,0.4795539033457249,0.5073891625615764,0.5953703703703703,0.7,0.4907407407407407,0.5124481327800829,0.5979335130278527,0.7619047619047619,0.4339622641509434,0.4881889763779528
ridge,0.7082438871145086,0.8309859154929577,0.5855018587360594,0.6141215106732348,0.7194444444444444,0.8,0.6388888888888888,0.6556016597510373,0.6363432165318958,0.9047619047619048,0.3679245283018868,0.4566929133858268
