,all,all,all,all,no revasc,no revasc,no revasc,no revasc,with revasc,with revasc,with revasc,with revasc
,Test AUC,Sensitivity,Specificity,Accuracy,Test AUC,Sensitivity,Specificity,Accuracy,Test AUC,Sensitivity,Specificity,Accuracy
lasso,0.6990156552699094,0.6619718309859155,0.7360594795539033,0.7274220032840722,0.7023611111111111,0.62,0.7847222222222222,0.7676348547717843,0.6498203054806828,0.7619047619047619,0.5377358490566038,0.5748031496062992
linreg,0.7185323838944447,0.6619718309859155,0.775092936802974,0.7619047619047619,0.7397222222222223,0.66,0.8194444444444444,0.8029045643153527,0.630503144654088,0.6666666666666666,0.5943396226415094,0.6062992125984252
SVR10,0.5451201633593382,0.28169014084507044,0.8085501858736059,0.7471264367816092,0.5650925925925926,0.32,0.8101851851851851,0.7593360995850622,0.4961814914645103,0.0,1.0,0.8346456692913385
ridge,0.7203911199539244,0.6619718309859155,0.7788104089219331,0.7651888341543513,0.7308796296296297,0.64,0.8217592592592593,0.8029045643153527,0.6590296495956873,0.7142857142857143,0.6037735849056604,0.6220472440944882
