,all,all,all,all,no revasc,no revasc,no revasc,no revasc,with revasc,with revasc,with revasc,with revasc
,Test AUC,Sensitivity,Specificity,Accuracy,Test AUC,Sensitivity,Specificity,Accuracy,Test AUC,Sensitivity,Specificity,Accuracy
lasso,0.6627177700348433,0.6285714285714286,0.6968641114982579,0.6929392446633826,0.6694967177242889,0.56,0.7789934354485777,0.7676348547717843,0.588034188034188,0.8,0.37606837606837606,0.4094488188976378
linreg,0.7066202090592335,0.8,0.613240418118467,0.6239737274220033,0.7460393873085338,0.84,0.6520787746170678,0.6618257261410788,0.5807692307692307,0.7,0.46153846153846156,0.48031496062992124
SVR10,0.6216027874564459,0.4,0.8432055749128919,0.8177339901477833,0.6499781181619256,0.44,0.8599562363238512,0.8381742738589212,0.5388888888888889,0.3,0.7777777777777778,0.7401574803149606
ridge,0.7057491289198606,0.8,0.6114982578397212,0.6223316912972086,0.7449452954048139,0.84,0.649890590809628,0.6597510373443983,0.5807692307692307,0.7,0.46153846153846156,0.48031496062992124
