,all,all,all,all,no revasc,no revasc,no revasc,no revasc,with revasc,with revasc,with revasc,with revasc
,Test AUC,Sensitivity,Specificity,Accuracy,Test AUC,Sensitivity,Specificity,Accuracy,Test AUC,Sensitivity,Specificity,Accuracy
lasso,0.7325783972125436,0.8571428571428571,0.60801393728223,0.6223316912972086,0.7547921225382931,0.84,0.6695842450765864,0.6784232365145229,0.6337606837606837,0.9,0.36752136752136755,0.4094488188976378
linreg,0.7163763066202091,0.7428571428571429,0.6898954703832753,0.6929392446633826,0.7254266958424508,0.72,0.7308533916849016,0.7302904564315352,0.664957264957265,0.8,0.5299145299145299,0.5511811023622047
SVR10,0.709581881533101,0.8285714285714286,0.5905923344947734,0.6042692939244664,0.7282275711159738,0.8,0.6564551422319476,0.6639004149377593,0.6166666666666667,0.9,0.33333333333333337,0.3779527559055118
ridge,0.7163763066202091,0.7428571428571429,0.6898954703832753,0.6929392446633826,0.7254266958424508,0.72,0.7308533916849016,0.7302904564315352,0.664957264957265,0.8,0.5299145299145299,0.5511811023622047
