,all,all,all,all,no revasc,no revasc,no revasc,no revasc,with revasc,with revasc,with revasc,with revasc
,Test AUC,Sensitivity,Specificity,Accuracy,Test AUC,Sensitivity,Specificity,Accuracy,Test AUC,Sensitivity,Specificity,Accuracy
lasso,0.7086065573770491,0.7833333333333333,0.6338797814207651,0.6486042692939245,0.74312814556717,0.7560975609756098,0.7301587301587302,0.7323651452282157,0.5414230019493177,0.8421052631578947,0.2407407407407407,0.33070866141732286
linreg,0.7300091074681239,0.6166666666666667,0.843351548269581,0.8210180623973727,0.7192633150821305,0.5609756097560976,0.8775510204081632,0.8506224066390041,0.7202729044834308,0.7368421052631579,0.7037037037037037,0.7086614173228346
SVR10,0.6070127504553733,0.5,0.7140255009107468,0.6929392446633826,0.6240252198440353,0.5609756097560976,0.6870748299319728,0.6763485477178424,0.5962475633528266,0.3684210526315789,0.8240740740740741,0.7559055118110236
ridge,0.7300091074681239,0.6166666666666667,0.843351548269581,0.8210180623973727,0.7192633150821305,0.5609756097560976,0.8775510204081632,0.8506224066390041,0.7202729044834308,0.7368421052631579,0.7037037037037037,0.7086614173228346
