,all,all,all,all,no revasc,no revasc,no revasc,no revasc,with revasc,with revasc,with revasc,with revasc
,Test AUC,Sensitivity,Specificity,Accuracy,Test AUC,Sensitivity,Specificity,Accuracy,Test AUC,Sensitivity,Specificity,Accuracy
lasso,0.6510812084402324,0.647887323943662,0.654275092936803,0.6535303776683087,0.6633333333333334,0.66,0.6666666666666667,0.6659751037344398,0.6114106019766397,0.6190476190476191,0.6037735849056604,0.6062992125984252
linreg,0.6472590187967956,0.7183098591549296,0.5762081784386617,0.5927750410509032,0.6716666666666666,0.76,0.5833333333333333,0.6016597510373444,0.5831087151841869,0.6190476190476191,0.5471698113207547,0.5590551181102362
SVR10,0.5769019320383266,0.4084507042253521,0.7453531598513011,0.7060755336617406,0.5838425925925925,0.42,0.7476851851851851,0.7136929460580913,0.5584007187780773,0.38095238095238093,0.7358490566037736,0.6771653543307087
ridge,0.6472590187967956,0.7183098591549296,0.5762081784386617,0.5927750410509032,0.6716666666666666,0.76,0.5833333333333333,0.6016597510373444,0.5831087151841869,0.6190476190476191,0.5471698113207547,0.5590551181102362
