,all,all,all,all,no revasc,no revasc,no revasc,no revasc,with revasc,with revasc,with revasc,with revasc
,Test AUC,Sensitivity,Specificity,Accuracy,Test AUC,Sensitivity,Specificity,Accuracy,Test AUC,Sensitivity,Specificity,Accuracy
lasso,0.6451055231252806,0.5764705882352941,0.7137404580152672,0.6945812807881774,0.6559523809523811,0.5,0.8119047619047619,0.7717842323651453,0.5499581939799332,0.782608695652174,0.3173076923076923,0.4015748031496063
linreg,0.6903906600808262,0.8235294117647058,0.5572519083969465,0.5944170771756979,0.7082565284178187,0.7903225806451613,0.6261904761904762,0.6473029045643154,0.5959448160535117,0.9130434782608695,0.27884615384615385,0.3937007874015748
SVR10,0.5443533902110463,0.10588235294117647,0.982824427480916,0.8604269293924466,0.5481182795698925,0.11290322580645161,0.9833333333333333,0.8713692946058091,0.5338628762541806,0.08695652173913043,0.9807692307692307,0.8188976377952756
ridge,0.675303098338572,0.6941176470588235,0.6564885496183206,0.6617405582922824,0.6811827956989247,0.6290322580645161,0.7333333333333334,0.7199170124481328,0.6078595317725752,0.8695652173913043,0.34615384615384615,0.4409448818897638
