,all,all,all,all,no revasc,no revasc,no revasc,no revasc,with revasc,with revasc,with revasc,with revasc
,Test AUC,Sensitivity,Specificity,Accuracy,Test AUC,Sensitivity,Specificity,Accuracy,Test AUC,Sensitivity,Specificity,Accuracy
lasso,0.6396575342465755,0.68,0.5993150684931507,0.6026272577996716,0.5926628716002529,0.5294117647058824,0.6559139784946236,0.6514522821576764,0.6890756302521008,1.0,0.37815126050420167,0.41732283464566927
linreg,0.6876027397260275,0.68,0.6952054794520548,0.6945812807881774,0.6683111954459203,0.5882352941176471,0.7483870967741936,0.7427385892116183,0.6811974789915967,0.875,0.4873949579831933,0.5118110236220472
SVR10,0.5775342465753425,0.84,0.31506849315068497,0.3366174055829228,0.5318153067678684,0.7647058823529411,0.2989247311827957,0.3153526970954357,0.6890756302521008,1.0,0.37815126050420167,0.41732283464566927
ridge,0.6633219178082193,0.64,0.6866438356164384,0.6847290640394089,0.6335230866540164,0.5294117647058824,0.7376344086021505,0.7302904564315352,0.6811974789915967,0.875,0.4873949579831933,0.5118110236220472
