,all,all,all,all,no revasc,no revasc,no revasc,no revasc,with revasc,with revasc,with revasc,with revasc
,Test AUC,Sensitivity,Specificity,Accuracy,Test AUC,Sensitivity,Specificity,Accuracy,Test AUC,Sensitivity,Specificity,Accuracy
lasso,0.7170890410958903,0.84,0.5941780821917808,0.6042692939244664,0.723213156230234,0.7647058823529411,0.6817204301075268,0.6846473029045643,0.6260504201680672,1.0,0.25210084033613445,0.2992125984251969
linreg,0.7219178082191781,0.8,0.6438356164383562,0.6502463054187192,0.7371916508538899,0.7647058823529411,0.7096774193548387,0.7116182572614108,0.6307773109243697,0.875,0.38655462184873945,0.41732283464566927
SVR10,0.6022945205479452,0.72,0.4845890410958904,0.4942528735632184,0.651549652118912,0.8235294117647058,0.4795698924731183,0.491701244813278,0.5021008403361344,0.5,0.5042016806722689,0.5039370078740157
ridge,0.7219178082191781,0.8,0.6438356164383562,0.6502463054187192,0.7371916508538899,0.7647058823529411,0.7096774193548387,0.7116182572614108,0.6307773109243697,0.875,0.38655462184873945,0.41732283464566927
