,all,all,all,all,no revasc,no revasc,no revasc,no revasc,with revasc,with revasc,with revasc,with revasc
,Test AUC,Sensitivity,Specificity,Accuracy,Test AUC,Sensitivity,Specificity,Accuracy,Test AUC,Sensitivity,Specificity,Accuracy
lasso,0.6507849761526232,0.8235294117647058,0.47804054054054057,0.4876847290640394,0.6407064273306311,0.7272727272727273,0.554140127388535,0.558091286307054,0.5909090909090908,1.0,0.18181818181818177,0.2204724409448819
linreg,0.6659876788553258,0.8235294117647058,0.5084459459459459,0.5172413793103449,0.648137425207489,0.7272727272727273,0.5690021231422505,0.5726141078838174,0.6363636363636364,1.0,0.2727272727272727,0.30708661417322836
SVR10,0.5469992050874404,0.11764705882352941,0.9763513513513513,0.9523809523809523,0.4883227176220807,0.0,1.0,0.9771784232365145,0.6542699724517905,0.3333333333333333,0.9752066115702479,0.9448818897637795
ridge,0.6433326709062002,0.7647058823529411,0.5219594594594594,0.5287356321839081,0.6090523065045358,0.6363636363636364,0.5817409766454352,0.58298755186722,0.6446280991735538,1.0,0.2892561983471075,0.3228346456692913
