,all,all,all,all,no revasc,no revasc,no revasc,no revasc,with revasc,with revasc,with revasc,with revasc
,Test AUC,Sensitivity,Specificity,Accuracy,Test AUC,Sensitivity,Specificity,Accuracy,Test AUC,Sensitivity,Specificity,Accuracy
lasso,0.6776795735129069,0.7530864197530864,0.6022727272727273,0.6223316912972086,0.690247225227391,0.6949152542372882,0.6855791962174941,0.6867219917012448,0.5878787878787879,0.9090909090909091,0.2666666666666667,0.3779527559055118
linreg,0.7031074635241302,0.654320987654321,0.7518939393939394,0.7389162561576355,0.7203790519693873,0.6440677966101694,0.7966903073286052,0.7780082987551867,0.6266233766233765,0.6818181818181818,0.5714285714285714,0.5905511811023622
SVR10,0.6205457351290684,0.5308641975308642,0.7102272727272727,0.6863711001642037,0.6315061906479144,0.5254237288135594,0.7375886524822695,0.7116182572614108,0.5727272727272728,0.5454545454545454,0.6,0.5905511811023622
ridge,0.6973905723905724,0.6296296296296297,0.7651515151515151,0.7471264367816092,0.7093400649116481,0.6101694915254238,0.8085106382978724,0.7842323651452282,0.6361471861471861,0.6818181818181818,0.5904761904761905,0.6062992125984252
