,all,all,all,all,no revasc,no revasc,no revasc,no revasc,with revasc,with revasc,with revasc,with revasc
,Test AUC,Sensitivity,Specificity,Accuracy,Test AUC,Sensitivity,Specificity,Accuracy,Test AUC,Sensitivity,Specificity,Accuracy
lasso,0.6666211293260473,0.8833333333333333,0.44990892531876137,0.49261083743842365,0.690144350423096,0.8292682926829268,0.5510204081632653,0.5746887966804979,0.5185185185185186,1.0,0.03703703703703709,0.18110236220472442
linreg,0.6729963570127504,0.8833333333333333,0.4626593806921676,0.5041050903119869,0.6969470715115313,0.8292682926829268,0.564625850340136,0.5871369294605809,0.5231481481481481,1.0,0.04629629629629628,0.1889763779527559
SVR10,0.5239981785063753,0.15,0.8979963570127505,0.8243021346469622,0.5485316077650572,0.21951219512195122,0.8775510204081632,0.8215767634854771,0.49074074074074076,0.0,1.0,0.8503937007874016
ridge,0.6729963570127504,0.8833333333333333,0.4626593806921676,0.5041050903119869,0.6969470715115313,0.8292682926829268,0.564625850340136,0.5871369294605809,0.5231481481481481,1.0,0.04629629629629628,0.1889763779527559
