,all,all,all,all,no revasc,no revasc,no revasc,no revasc,with revasc,with revasc,with revasc,with revasc
,Test AUC,Sensitivity,Specificity,Accuracy,Test AUC,Sensitivity,Specificity,Accuracy,Test AUC,Sensitivity,Specificity,Accuracy
lasso,0.6690867003367004,0.7037037037037037,0.634469696969697,0.6436781609195402,0.6872821252554394,0.6440677966101694,0.7304964539007093,0.7199170124481328,0.5556277056277057,0.8636363636363636,0.24761904761904763,0.3543307086614173
linreg,0.6699985970819303,0.6790123456790124,0.6609848484848485,0.6633825944170771,0.6981207677204794,0.6610169491525424,0.7352245862884161,0.7261410788381742,0.5445887445887446,0.7272727272727273,0.36190476190476195,0.4251968503937008
SVR10,0.5147306397306397,0.037037037037037035,0.9924242424242424,0.8653530377668309,0.5230596626197059,0.05084745762711865,0.9952718676122931,0.8796680497925311,0.49047619047619045,0.0,1.0,0.8267716535433071
ridge,0.6699985970819303,0.6790123456790124,0.6609848484848485,0.6633825944170771,0.6981207677204794,0.6610169491525424,0.7352245862884161,0.7261410788381742,0.5445887445887446,0.7272727272727273,0.36190476190476195,0.4251968503937008
