,all,all,all,all,no revasc,no revasc,no revasc,no revasc,with revasc,with revasc,with revasc,with revasc
,Test AUC,Sensitivity,Specificity,Accuracy,Test AUC,Sensitivity,Specificity,Accuracy,Test AUC,Sensitivity,Specificity,Accuracy
lasso,0.6957999108734403,0.6875,0.7040998217468806,0.7027914614121511,0.6972163865546219,0.6176470588235294,0.7767857142857143,0.7655601659751037,0.6365360303413401,0.8571428571428571,0.415929203539823,0.4645669291338583
linreg,0.7360739750445633,0.875,0.5971479500891266,0.6190476190476191,0.7739627100840336,0.9117647058823529,0.6361607142857143,0.6556016597510373,0.6140960809102401,0.7857142857142857,0.4424778761061947,0.48031496062992124
SVR10,0.5669563279857397,0.4583333333333333,0.6755793226381461,0.6584564860426929,0.5814732142857143,0.5,0.6629464285714286,0.6514522821576764,0.5414032869785083,0.35714285714285715,0.7256637168141593,0.6850393700787402
ridge,0.741421568627451,0.875,0.607843137254902,0.6288998357963875,0.7806591386554621,0.9117647058823529,0.6495535714285714,0.6680497925311203,0.6140960809102401,0.7857142857142857,0.4424778761061947,0.48031496062992124
