,all,all,all,all,no revasc,no revasc,no revasc,no revasc,with revasc,with revasc,with revasc,with revasc
,Test AUC,Sensitivity,Specificity,Accuracy,Test AUC,Sensitivity,Specificity,Accuracy,Test AUC,Sensitivity,Specificity,Accuracy
lasso,0.6683904109589041,0.52,0.8167808219178082,0.8045977011494253,0.6675521821631879,0.47058823529411764,0.864516129032258,0.8506224066390041,0.6276260504201681,0.625,0.6302521008403361,0.6299212598425197
linreg,0.7173287671232875,0.76,0.6746575342465753,0.6781609195402298,0.7120809614168249,0.7058823529411765,0.7182795698924731,0.7178423236514523,0.6896008403361344,0.875,0.5042016806722689,0.5275590551181102
SVR10,0.5626712328767123,0.8,0.3253424657534246,0.3448275862068966,0.5504743833017078,0.8235294117647058,0.2774193548387097,0.2966804979253112,0.6313025210084033,0.75,0.5126050420168067,0.5275590551181102
ridge,0.7173287671232875,0.76,0.6746575342465753,0.6781609195402298,0.7120809614168249,0.7058823529411765,0.7182795698924731,0.7178423236514523,0.6896008403361344,0.875,0.5042016806722689,0.5275590551181102
