,all,all,all,all,no revasc,no revasc,no revasc,no revasc,with revasc,with revasc,with revasc,with revasc
,Test AUC,Sensitivity,Specificity,Accuracy,Test AUC,Sensitivity,Specificity,Accuracy,Test AUC,Sensitivity,Specificity,Accuracy
lasso,0.6652784014369106,0.7294117647058823,0.6011450381679388,0.6190476190476191,0.6815668202764976,0.6774193548387096,0.6857142857142857,0.6846473029045643,0.5645903010033444,0.8695652173913043,0.2596153846153846,0.3700787401574803
linreg,0.6867647058823529,0.6235294117647059,0.75,0.7323481116584565,0.7040706605222734,0.6129032258064516,0.7952380952380953,0.7717842323651453,0.6097408026755853,0.6521739130434783,0.5673076923076923,0.5826771653543307
SVR10,0.6069488100583745,0.5058823529411764,0.7080152671755725,0.6798029556650246,0.6178571428571429,0.5,0.7357142857142858,0.7053941908713693,0.5589464882943144,0.5217391304347826,0.5961538461538461,0.5826771653543307
ridge,0.6816793893129771,0.6,0.7633587786259541,0.7405582922824302,0.69389400921659,0.5806451612903226,0.8071428571428572,0.7780082987551867,0.61935618729097,0.6521739130434783,0.5865384615384616,0.5984251968503937
