,all,all,all,all,no revasc,no revasc,no revasc,no revasc,with revasc,with revasc,with revasc,with revasc
,Test AUC,Sensitivity,Specificity,Accuracy,Test AUC,Sensitivity,Specificity,Accuracy,Test AUC,Sensitivity,Specificity,Accuracy
lasso,0.6779610492845787,0.7647058823529411,0.5912162162162162,0.5960591133004927,0.6895386990928393,0.7272727272727273,0.6518046709129512,0.6535269709543569,0.5943526170798898,0.8333333333333334,0.3553719008264463,0.3779527559055118
linreg,0.6000099364069952,0.5294117647058824,0.6706081081081081,0.6666666666666666,0.5828990542366339,0.45454545454545453,0.7112526539278132,0.7053941908713693,0.5895316804407713,0.6666666666666666,0.5123966942148761,0.5196850393700787
SVR10,0.6098469793322734,0.6470588235294118,0.5726351351351351,0.5747126436781609,0.5911986103068906,0.5454545454545454,0.6369426751592357,0.6348547717842323,0.5778236914600552,0.8333333333333334,0.3223140495867769,0.3464566929133858
ridge,0.6000099364069952,0.5294117647058824,0.6706081081081081,0.6666666666666666,0.5828990542366339,0.45454545454545453,0.7112526539278132,0.7053941908713693,0.5895316804407713,0.6666666666666666,0.5123966942148761,0.5196850393700787
