,all,all,all,all,no revasc,no revasc,no revasc,no revasc,with revasc,with revasc,with revasc,with revasc
,Test AUC,Sensitivity,Specificity,Accuracy,Test AUC,Sensitivity,Specificity,Accuracy,Test AUC,Sensitivity,Specificity,Accuracy
lasso,0.713904109589041,0.76,0.6678082191780822,0.6715927750410509,0.6966476913345984,0.6470588235294118,0.7462365591397849,0.7427385892116183,0.680672268907563,1.0,0.3613445378151261,0.4015748031496063
linreg,0.713972602739726,0.88,0.547945205479452,0.5615763546798029,0.7465528146742569,0.8823529411764706,0.6107526881720431,0.6203319502074689,0.5887605042016807,0.875,0.3025210084033614,0.33858267716535434
SVR10,0.5142465753424658,0.96,0.06849315068493156,0.10509031198686371,0.5311827956989248,1.0,0.062365591397849474,0.0954356846473029,0.48371848739495793,0.0,1.0,0.937007874015748
ridge,0.7148287671232876,0.88,0.5496575342465753,0.5632183908045977,0.7476280834914611,0.8823529411764706,0.6129032258064516,0.6224066390041494,0.5887605042016807,0.875,0.3025210084033614,0.33858267716535434
