,all,all,all,all,no revasc,no revasc,no revasc,no revasc,with revasc,with revasc,with revasc,with revasc
,Test AUC,Sensitivity,Specificity,Accuracy,Test AUC,Sensitivity,Specificity,Accuracy,Test AUC,Sensitivity,Specificity,Accuracy
lasso,0.6752276867030965,0.6,0.7504553734061931,0.735632183908046,0.6458160499972346,0.43902439024390244,0.8526077097505669,0.8174273858921162,0.6403508771929824,0.9473684210526315,0.33333333333333337,0.4251968503937008
linreg,0.6666666666666667,0.6666666666666666,0.6666666666666667,0.6666666666666666,0.6668325866932139,0.5853658536585366,0.7482993197278911,0.7344398340248963,0.5877192982456141,0.8421052631578947,0.33333333333333337,0.4094488188976378
SVR10,0.5112021857923498,0.03333333333333333,0.9890710382513661,0.8949096880131363,0.5065261877108568,0.024390243902439025,0.9886621315192744,0.9066390041493776,0.5216861598440545,0.05263157894736842,0.9907407407407407,0.8503937007874016
ridge,0.6657559198542804,0.6666666666666666,0.6648451730418943,0.6650246305418719,0.6668325866932139,0.5853658536585366,0.7482993197278911,0.7344398340248963,0.5830896686159843,0.8421052631578947,0.32407407407407407,0.4015748031496063
