,all,all,all,all,no revasc,no revasc,no revasc,no revasc,with revasc,with revasc,with revasc,with revasc
,Test AUC,Sensitivity,Specificity,Accuracy,Test AUC,Sensitivity,Specificity,Accuracy,Test AUC,Sensitivity,Specificity,Accuracy
lasso,0.6927662957074722,0.5882352941176471,0.7972972972972973,0.7914614121510674,0.6635784597568037,0.45454545454545453,0.8726114649681529,0.8630705394190872,0.668732782369146,0.8333333333333334,0.5041322314049587,0.5196850393700787
linreg,0.6895369634340222,0.5294117647058824,0.8496621621621622,0.8407224958949097,0.6752557421347231,0.45454545454545453,0.8959660297239915,0.8858921161825726,0.6680440771349861,0.6666666666666666,0.6694214876033058,0.6692913385826772
SVR10,0.4922496025437202,0.0,1.0,0.9720853858784894,0.5136074116965836,0.09090909090909091,0.9363057324840764,0.91701244813278,0.4421487603305785,0.0,1.0,0.952755905511811
ridge,0.6895369634340222,0.5294117647058824,0.8496621621621622,0.8407224958949097,0.6752557421347231,0.45454545454545453,0.8959660297239915,0.8858921161825726,0.6680440771349861,0.6666666666666666,0.6694214876033058,0.6692913385826772
