,all,all,all,all,no revasc,no revasc,no revasc,no revasc,with revasc,with revasc,with revasc,with revasc
,Test AUC,Sensitivity,Specificity,Accuracy,Test AUC,Sensitivity,Specificity,Accuracy,Test AUC,Sensitivity,Specificity,Accuracy
lasso,0.6393442622950819,0.6666666666666666,0.6120218579234973,0.6174055829228243,0.6589237320944639,0.6829268292682927,0.6349206349206349,0.6390041493775933,0.5750487329434698,0.631578947368421,0.5185185185185186,0.5354330708661418
linreg,0.6535063752276867,0.6166666666666667,0.6903460837887068,0.6830870279146142,0.6719484541784195,0.6341463414634146,0.7097505668934241,0.7033195020746889,0.5950292397660819,0.5789473684210527,0.6111111111111112,0.6062992125984252
SVR10,0.5632058287795993,0.6,0.5264116575591986,0.5336617405582923,0.5670593440628284,0.5853658536585366,0.5487528344671202,0.5518672199170125,0.5333820662768032,0.631578947368421,0.43518518518518523,0.4645669291338583
ridge,0.6535063752276867,0.6166666666666667,0.6903460837887068,0.6830870279146142,0.6719484541784195,0.6341463414634146,0.7097505668934241,0.7033195020746889,0.5950292397660819,0.5789473684210527,0.6111111111111112,0.6062992125984252
