,all,all,all,all,no revasc,no revasc,no revasc,no revasc,with revasc,with revasc,with revasc,with revasc
,Test AUC,Sensitivity,Specificity,Accuracy,Test AUC,Sensitivity,Specificity,Accuracy,Test AUC,Sensitivity,Specificity,Accuracy
lasso,0.7704434046345812,0.7708333333333334,0.7700534759358288,0.7701149425287356,0.7703518907563026,0.7058823529411765,0.8348214285714286,0.8257261410788381,0.7209228824273073,0.9285714285714286,0.5132743362831859,0.5590551181102362
linreg,0.8106617647058824,0.8958333333333334,0.7254901960784313,0.7389162561576355,0.8137473739495799,0.8529411764705882,0.7745535714285714,0.7800829875518672,0.7654867256637168,1.0,0.5309734513274336,0.5826771653543307
SVR10,0.7775735294117648,0.7708333333333334,0.7843137254901961,0.7832512315270936,0.780593487394958,0.7352941176470589,0.8258928571428572,0.8195020746887967,0.7383059418457649,0.8571428571428571,0.6194690265486726,0.6456692913385826
ridge,0.8151180926916222,0.8958333333333334,0.7344028520499108,0.7471264367816092,0.819327731092437,0.8529411764705882,0.7857142857142857,0.7904564315352697,0.7654867256637168,1.0,0.5309734513274336,0.5826771653543307
