,all,all,all,all,no revasc,no revasc,no revasc,no revasc,with revasc,with revasc,with revasc,with revasc
,Test AUC,Sensitivity,Specificity,Accuracy,Test AUC,Sensitivity,Specificity,Accuracy,Test AUC,Sensitivity,Specificity,Accuracy
lasso,0.712789661319073,0.75,0.6755793226381461,0.6814449917898193,0.7076549369747899,0.6764705882352942,0.7388392857142857,0.7344398340248963,0.6766750948166877,0.9285714285714286,0.4247787610619469,0.48031496062992124
linreg,0.7481617647058825,0.7708333333333334,0.7254901960784313,0.729064039408867,0.7582720588235294,0.7352941176470589,0.78125,0.7780082987551867,0.6807838179519596,0.8571428571428571,0.504424778761062,0.5433070866141733
SVR10,0.5059603386809268,0.020833333333333332,0.9910873440285205,0.9146141215106732,0.49441964285714285,0.0,1.0,0.9294605809128631,0.5357142857142857,0.07142857142857142,1.0,0.8976377952755905
ridge,0.7544006238859181,0.7708333333333334,0.7379679144385027,0.7405582922824302,0.7638524159663865,0.7352941176470589,0.7924107142857143,0.7883817427385892,0.6896333754740834,0.8571428571428571,0.5221238938053097,0.5590551181102362
