,all,all,all,all,no revasc,no revasc,no revasc,no revasc,with revasc,with revasc,with revasc,with revasc
,Test AUC,Sensitivity,Specificity,Accuracy,Test AUC,Sensitivity,Specificity,Accuracy,Test AUC,Sensitivity,Specificity,Accuracy
lasso,0.7278688524590164,0.8,0.6557377049180328,0.6699507389162561,0.7442619324152424,0.7560975609756098,0.7324263038548753,0.7344398340248963,0.6186647173489279,0.8947368421052632,0.34259259259259256,0.4251968503937008
linreg,0.7418943533697632,0.7333333333333333,0.7504553734061931,0.7487684729064039,0.7672142027542724,0.7317073170731707,0.8027210884353742,0.7966804979253111,0.6369395711500975,0.7368421052631579,0.537037037037037,0.5669291338582677
SVR10,0.6530054644808743,0.3333333333333333,0.9726775956284153,0.909688013136289,0.6471987168851281,0.3170731707317073,0.9773242630385488,0.921161825726141,0.6610623781676414,0.3684210526315789,0.9537037037037037,0.8661417322834646
ridge,0.7417577413479053,0.7166666666666667,0.7668488160291439,0.7619047619047619,0.7640893755876333,0.7073170731707317,0.8208616780045351,0.8112033195020747,0.6415692007797271,0.7368421052631579,0.5462962962962963,0.5748031496062992
