,all,all,all,all,no revasc,no revasc,no revasc,no revasc,with revasc,with revasc,with revasc,with revasc
,Test AUC,Sensitivity,Specificity,Accuracy,Test AUC,Sensitivity,Specificity,Accuracy,Test AUC,Sensitivity,Specificity,Accuracy
lasso,0.6462095543061399,0.6728971962616822,0.6195219123505976,0.6288998357963875,0.6458022388059702,0.6125,0.6791044776119404,0.6680497925311203,0.615925925925926,0.8518518518518519,0.38,0.48031496062992124
linreg,0.6546338012436235,0.719626168224299,0.5896414342629481,0.6124794745484401,0.6546641791044776,0.675,0.6343283582089552,0.6410788381742739,0.6309259259259259,0.8518518518518519,0.41000000000000003,0.5039370078740157
SVR10,0.528260788621216,0.14018691588785046,0.9163346613545816,0.7799671592775042,0.5226679104477613,0.1125,0.9328358208955224,0.7966804979253111,0.5361111111111112,0.2222222222222222,0.85,0.7165354330708661
ridge,0.6556298171798786,0.719626168224299,0.5916334661354581,0.6141215106732348,0.6583955223880598,0.675,0.6417910447761195,0.6473029045643154,0.6209259259259259,0.8518518518518519,0.39,0.4881889763779528
