,all,all,all,all,no revasc,no revasc,no revasc,no revasc,with revasc,with revasc,with revasc,with revasc
,Test AUC,Sensitivity,Specificity,Accuracy,Test AUC,Sensitivity,Specificity,Accuracy,Test AUC,Sensitivity,Specificity,Accuracy
lasso,0.6994949494949494,0.7777777777777778,0.6212121212121212,0.6420361247947455,0.7144889209440237,0.7457627118644068,0.6832151300236406,0.6908713692946058,0.6175324675324676,0.8636363636363636,0.37142857142857144,0.4566929133858268
linreg,0.7019149831649831,0.8148148148148148,0.5890151515151515,0.6190476190476191,0.7162719878190487,0.7966101694915254,0.635933806146572,0.6556016597510373,0.6318181818181818,0.8636363636363636,0.4,0.48031496062992124
SVR10,0.5385802469135802,0.16049382716049382,0.9166666666666666,0.8160919540229885,0.5346996834555435,0.13559322033898305,0.933806146572104,0.8360995850622407,0.5374458874458874,0.22727272727272727,0.8476190476190476,0.7401574803149606
ridge,0.7028619528619527,0.8148148148148148,0.5909090909090908,0.6206896551724138,0.719818087109829,0.7966101694915254,0.6430260047281324,0.6618257261410788,0.6222943722943723,0.8636363636363636,0.38095238095238093,0.4645669291338583
