,all,all,all,all,no revasc,no revasc,no revasc,no revasc,with revasc,with revasc,with revasc,with revasc
,Test AUC,Sensitivity,Specificity,Accuracy,Test AUC,Sensitivity,Specificity,Accuracy,Test AUC,Sensitivity,Specificity,Accuracy
lasso,0.7292223707664884,0.8541666666666666,0.6042780748663101,0.6239737274220033,0.7443539915966386,0.8235294117647058,0.6651785714285714,0.6763485477178424,0.6457016434892542,0.9285714285714286,0.36283185840707965,0.4251968503937008
linreg,0.7340129233511588,0.8958333333333334,0.572192513368984,0.5977011494252874,0.7503282563025209,0.8823529411764706,0.6183035714285714,0.6369294605809128,0.6589759797724399,0.9285714285714286,0.3893805309734514,0.44881889763779526
SVR10,0.5396613190730838,0.16666666666666666,0.9126559714795008,0.8538587848932676,0.5389311974789915,0.14705882352941177,0.9308035714285714,0.8755186721991701,0.527496839443742,0.21428571428571427,0.8407079646017699,0.7716535433070866
ridge,0.7349041889483067,0.8958333333333334,0.5739750445632799,0.5993431855500821,0.7536764705882353,0.8823529411764706,0.625,0.6431535269709544,0.650126422250316,0.9285714285714286,0.37168141592920356,0.4330708661417323
