,all,all,all,all,no revasc,no revasc,no revasc,no revasc,with revasc,with revasc,with revasc,with revasc
,Test AUC,Sensitivity,Specificity,Accuracy,Test AUC,Sensitivity,Specificity,Accuracy,Test AUC,Sensitivity,Specificity,Accuracy
lasso,0.5614560971778627,0.29577464788732394,0.8271375464684014,0.7651888341543513,0.5775,0.28,0.875,0.8132780082987552,0.4827044025157232,0.0,1.0,0.8346456692913385
linreg,0.600136132781821,0.4084507042253521,0.79182156133829,0.7471264367816092,0.5908796296296296,0.36,0.8217592592592593,0.7738589211618258,0.5968104222821203,0.5238095238095238,0.6698113207547169,0.6456692913385826
SVR10,0.5523849416199801,0.5211267605633803,0.5836431226765799,0.5763546798029556,0.5443055555555556,0.54,0.5486111111111112,0.5477178423236515,0.6013027852650494,0.47619047619047616,0.7264150943396226,0.6850393700787402
ridge,0.5973480286926017,0.4084507042253521,0.7862453531598513,0.7422003284072249,0.5974074074074074,0.38,0.8148148148148149,0.7697095435684648,0.5730008984725966,0.47619047619047616,0.6698113207547169,0.6377952755905512
