,all,all,all,all,no revasc,no revasc,no revasc,no revasc,with revasc,with revasc,with revasc,with revasc
,Test AUC,Sensitivity,Specificity,Accuracy,Test AUC,Sensitivity,Specificity,Accuracy,Test AUC,Sensitivity,Specificity,Accuracy
lasso,0.5587887067395264,0.2833333333333333,0.8342440801457195,0.7799671592775042,0.5749128919860629,0.2926829268292683,0.8571428571428572,0.8091286307053942,0.5019493177387914,0.2631578947368421,0.7407407407407407,0.6692913385826772
linreg,0.619672131147541,0.6,0.639344262295082,0.6354679802955665,0.6294176207068194,0.5853658536585366,0.6734693877551021,0.6659751037344398,0.5657894736842105,0.631578947368421,0.5,0.5196850393700787
SVR10,0.54735883424408,0.6666666666666666,0.4280510018214936,0.451559934318555,0.5205740832918533,0.5853658536585366,0.45578231292517,0.46680497925311204,0.5784600389863548,0.8421052631578947,0.31481481481481477,0.3937007874015748
ridge,0.619672131147541,0.6,0.639344262295082,0.6354679802955665,0.6294176207068194,0.5853658536585366,0.6734693877551021,0.6659751037344398,0.5657894736842105,0.631578947368421,0.5,0.5196850393700787
