,all,all,all,all,no revasc,no revasc,no revasc,no revasc,with revasc,with revasc,with revasc,with revasc
,Test AUC,Sensitivity,Specificity,Accuracy,Test AUC,Sensitivity,Specificity,Accuracy,Test AUC,Sensitivity,Specificity,Accuracy
lasso,0.6918387965873372,0.7176470588235294,0.666030534351145,0.6732348111658456,0.6904377880184331,0.6451612903225806,0.7357142857142858,0.7240663900414938,0.6488294314381271,0.9130434782608695,0.3846153846153846,0.48031496062992124
linreg,0.7029860799281545,0.6235294117647059,0.7824427480916031,0.7602627257799671,0.7126728110599078,0.5967741935483871,0.8285714285714285,0.7987551867219918,0.6459030100334449,0.6956521739130435,0.5961538461538461,0.6141732283464567
SVR10,0.595352492141895,0.4235294117647059,0.767175572519084,0.7192118226600985,0.585215053763441,0.3870967741935484,0.7833333333333333,0.7323651452282157,0.6118311036789298,0.5217391304347826,0.7019230769230769,0.6692913385826772
ridge,0.7053659631791647,0.6588235294117647,0.7519083969465649,0.7389162561576355,0.7201996927803379,0.6451612903225806,0.7952380952380953,0.7759336099585062,0.6362876254180602,0.6956521739130435,0.5769230769230769,0.5984251968503937
