,all,all,all,all,no revasc,no revasc,no revasc,no revasc,with revasc,with revasc,with revasc,with revasc
,Test AUC,Sensitivity,Specificity,Accuracy,Test AUC,Sensitivity,Specificity,Accuracy,Test AUC,Sensitivity,Specificity,Accuracy
lasso,0.6295992714025501,0.36666666666666664,0.8925318761384335,0.8407224958949097,0.5924727614623085,0.24390243902439024,0.9410430839002267,0.8817427385892116,0.6630116959064327,0.631578947368421,0.6944444444444444,0.6850393700787402
linreg,0.6191712204007286,0.31666666666666665,0.9216757741347905,0.8620689655172413,0.604667883413528,0.2682926829268293,0.9410430839002267,0.8838174273858921,0.63182261208577,0.42105263157894735,0.8425925925925926,0.7795275590551181
SVR10,0.6296903460837887,0.6,0.6593806921675773,0.6535303776683087,0.654084397986837,0.6097560975609756,0.6984126984126984,0.6908713692946058,0.5394736842105263,0.5789473684210527,0.5,0.5118110236220472
ridge,0.6034153005464481,0.2833333333333333,0.9234972677595629,0.8604269293924466,0.5814114263591615,0.21951219512195122,0.9433106575963719,0.8817427385892116,0.63182261208577,0.42105263157894735,0.8425925925925926,0.7795275590551181
