,all,all,all,all,no revasc,no revasc,no revasc,no revasc,with revasc,with revasc,with revasc,with revasc
,Test AUC,Sensitivity,Specificity,Accuracy,Test AUC,Sensitivity,Specificity,Accuracy,Test AUC,Sensitivity,Specificity,Accuracy
lasso,0.5805748966749823,0.3364485981308411,0.8247011952191234,0.7389162561576355,0.5665111940298508,0.2375,0.8955223880597015,0.7863070539419087,0.5848148148148149,0.6296296296296297,0.54,0.5590551181102362
linreg,0.5703075548274192,0.34579439252336447,0.7948207171314741,0.715927750410509,0.5753420398009951,0.2875,0.8631840796019901,0.7676348547717843,0.5192592592592593,0.5185185185185185,0.52,0.5196850393700787
SVR10,0.5046728971962616,0.009345794392523364,1.0,0.825944170771757,0.5,0.0,1.0,0.8340248962655602,0.5185185185185185,0.037037037037037035,1.0,0.7952755905511811
ridge,0.5703075548274192,0.34579439252336447,0.7948207171314741,0.715927750410509,0.5753420398009951,0.2875,0.8631840796019901,0.7676348547717843,0.5192592592592593,0.5185185185185185,0.52,0.5196850393700787
