,all,all,all,all,no revasc,no revasc,no revasc,no revasc,with revasc,with revasc,with revasc,with revasc
,Test AUC,Sensitivity,Specificity,Accuracy,Test AUC,Sensitivity,Specificity,Accuracy,Test AUC,Sensitivity,Specificity,Accuracy
lasso,0.6653689674523008,0.7530864197530864,0.5776515151515151,0.6009852216748769,0.6772448611611972,0.6949152542372882,0.6595744680851063,0.6639004149377593,0.5783549783549784,0.9090909090909091,0.24761904761904763,0.36220472440944884
linreg,0.69577721661055,0.8271604938271605,0.5643939393939394,0.5993431855500821,0.7174540209159757,0.7966101694915254,0.6382978723404256,0.6576763485477178,0.5878787878787879,0.9090909090909091,0.2666666666666667,0.3779527559055118
SVR10,0.4990530303030303,0.0,1.0,0.8669950738916257,0.4988179669030733,0.0,1.0,0.8775933609958506,0.5,0.0,1.0,0.8267716535433071
ridge,0.69577721661055,0.8271604938271605,0.5643939393939394,0.5993431855500821,0.7174540209159757,0.7966101694915254,0.6382978723404256,0.6576763485477178,0.5878787878787879,0.9090909090909091,0.2666666666666667,0.3779527559055118
