,all,all,all,all,no revasc,no revasc,no revasc,no revasc,with revasc,with revasc,with revasc,with revasc
,Test AUC,Sensitivity,Specificity,Accuracy,Test AUC,Sensitivity,Specificity,Accuracy,Test AUC,Sensitivity,Specificity,Accuracy
lasso,0.7318961675579322,0.8541666666666666,0.6096256684491979,0.6288998357963875,0.7499343487394958,0.8235294117647058,0.6763392857142857,0.6867219917012448,0.6368520859671303,0.9285714285714286,0.34513274336283184,0.4094488188976378
linreg,0.7384692513368984,0.8958333333333334,0.5811051693404634,0.6059113300492611,0.7445509453781514,0.8529411764705882,0.6361607142857143,0.6514522821576764,0.6814159292035398,1.0,0.36283185840707965,0.4330708661417323
SVR10,0.5861742424242424,0.3541666666666667,0.8181818181818181,0.7816091954022989,0.6121323529411764,0.4117647058823529,0.8125,0.7842323651452282,0.527496839443742,0.21428571428571427,0.8407079646017699,0.7716535433070866
ridge,0.7420343137254902,0.8958333333333334,0.5882352941176471,0.6124794745484401,0.749015231092437,0.8529411764705882,0.6450892857142857,0.6597510373443983,0.6814159292035398,1.0,0.36283185840707965,0.4330708661417323
