,all,all,all,all,no revasc,no revasc,no revasc,no revasc,with revasc,with revasc,with revasc,with revasc
,Test AUC,Sensitivity,Specificity,Accuracy,Test AUC,Sensitivity,Specificity,Accuracy,Test AUC,Sensitivity,Specificity,Accuracy
lasso,0.7836844197138315,0.7058823529411765,0.8614864864864865,0.8571428571428571,0.7345107122177186,0.5454545454545454,0.9235668789808917,0.9149377593360996,0.8099173553719008,1.0,0.6198347107438016,0.6377952755905512
linreg,0.8281498410174881,0.8235294117647058,0.8327702702702703,0.8325123152709359,0.8052499517467671,0.7272727272727273,0.8832271762208068,0.8796680497925311,0.8181818181818181,1.0,0.6363636363636364,0.6535433070866141
SVR10,0.7652523847376788,0.6470588235294118,0.8834459459459459,0.8768472906403941,0.7757189731712024,0.6363636363636364,0.9150743099787686,0.9087136929460581,0.7134986225895317,0.6666666666666666,0.7603305785123967,0.7559055118110236
ridge,0.8323728139904609,0.8235294117647058,0.8412162162162162,0.8407224958949097,0.8052499517467671,0.7272727272727273,0.8832271762208068,0.8796680497925311,0.8388429752066116,1.0,0.6776859504132231,0.6929133858267716
