,all,all,all,all,no revasc,no revasc,no revasc,no revasc,with revasc,with revasc,with revasc,with revasc
,Test AUC,Sensitivity,Specificity,Accuracy,Test AUC,Sensitivity,Specificity,Accuracy,Test AUC,Sensitivity,Specificity,Accuracy
lasso,0.6350357710651829,0.7058823529411765,0.5641891891891893,0.5681444991789819,0.5837676124300328,0.5454545454545454,0.6220806794055201,0.6203319502074689,0.6694214876033058,1.0,0.33884297520661155,0.3700787401574803
linreg,0.6343402225755167,0.6470588235294118,0.6216216216216216,0.6223316912972086,0.5690986296081838,0.45454545454545453,0.683651804670913,0.6784232365145229,0.6900826446280992,1.0,0.3801652892561983,0.4094488188976378
SVR10,0.5226550079491257,0.058823529411764705,0.9864864864864865,0.9605911330049262,0.5401466898282185,0.09090909090909091,0.9893842887473461,0.9688796680497925,0.48760330578512395,0.0,1.0,0.952755905511811
ridge,0.6343402225755167,0.6470588235294118,0.6216216216216216,0.6223316912972086,0.5690986296081838,0.45454545454545453,0.683651804670913,0.6784232365145229,0.6900826446280992,1.0,0.3801652892561983,0.4094488188976378
