,all,all,all,all,no revasc,no revasc,no revasc,no revasc,with revasc,with revasc,with revasc,with revasc
,Test AUC,Sensitivity,Specificity,Accuracy,Test AUC,Sensitivity,Specificity,Accuracy,Test AUC,Sensitivity,Specificity,Accuracy
lasso,0.6751543209876543,0.6419753086419753,0.7083333333333333,0.6995073891625616,0.6937732900589013,0.5932203389830508,0.7943262411347518,0.7697095435684648,0.5673160173160173,0.7727272727272727,0.36190476190476195,0.4330708661417323
linreg,0.6731551627384961,0.5679012345679012,0.7784090909090909,0.7504105090311987,0.6835156469126898,0.5254237288135594,0.8416075650118203,0.8029045643153527,0.6028138528138528,0.6818181818181818,0.5238095238095238,0.5511811023622047
SVR10,0.549172278338945,0.2839506172839506,0.8143939393939394,0.7438423645320197,0.5631085467003246,0.3389830508474576,0.7872340425531915,0.7323651452282157,0.53008658008658,0.13636363636363635,0.9238095238095239,0.7874015748031497
ridge,0.6731551627384961,0.5679012345679012,0.7784090909090909,0.7504105090311987,0.6835156469126898,0.5254237288135594,0.8416075650118203,0.8029045643153527,0.6028138528138528,0.6818181818181818,0.5238095238095238,0.5511811023622047
