,all,all,all,all,no revasc,no revasc,no revasc,no revasc,with revasc,with revasc,with revasc,with revasc
,Test AUC,Sensitivity,Specificity,Accuracy,Test AUC,Sensitivity,Specificity,Accuracy,Test AUC,Sensitivity,Specificity,Accuracy
lasso,0.6563432640452379,0.8591549295774648,0.45353159851301117,0.5008210180623974,0.6766203703703704,0.8,0.5532407407407407,0.578838174273859,0.5235849056603774,1.0,0.047169811320754707,0.2047244094488189
linreg,0.6526257919262788,0.8591549295774648,0.44609665427509293,0.4942528735632184,0.6819907407407406,0.82,0.5439814814814814,0.5726141078838174,0.4997753818508535,0.0,1.0,0.8346456692913385
SVR10,0.6195874129535578,0.5774647887323944,0.6617100371747212,0.6518883415435139,0.602361111111111,0.42,0.7847222222222222,0.7468879668049793,0.5563791554357591,0.9523809523809523,0.160377358490566,0.29133858267716534
ridge,0.6526257919262788,0.8591549295774648,0.44609665427509293,0.4942528735632184,0.6819907407407406,0.82,0.5439814814814814,0.5726141078838174,0.4997753818508535,0.0,1.0,0.8346456692913385
