,all,all,all,all,no revasc,no revasc,no revasc,no revasc,with revasc,with revasc,with revasc,with revasc
,Test AUC,Sensitivity,Specificity,Accuracy,Test AUC,Sensitivity,Specificity,Accuracy,Test AUC,Sensitivity,Specificity,Accuracy
lasso,0.6635949526153202,0.7323943661971831,0.5947955390334573,0.6108374384236454,0.6591203703703703,0.64,0.6782407407407407,0.6742738589211619,0.6035489667565139,0.9523809523809523,0.2547169811320755,0.3700787401574803
linreg,0.7059531912665585,0.7464788732394366,0.6654275092936803,0.6748768472906403,0.7045833333333335,0.68,0.7291666666666667,0.7240663900414938,0.6552111410601977,0.9047619047619048,0.4056603773584906,0.4881889763779528
SVR10,0.5916278339180062,0.38028169014084506,0.8029739776951673,0.7536945812807881,0.6269907407407408,0.46,0.7939814814814815,0.7593360995850622,0.5150494159928123,0.19047619047619047,0.839622641509434,0.7322834645669292
ridge,0.7059531912665585,0.7464788732394366,0.6654275092936803,0.6748768472906403,0.7045833333333335,0.68,0.7291666666666667,0.7240663900414938,0.6552111410601977,0.9047619047619048,0.4056603773584906,0.4881889763779528
