,all,all,all,all,no revasc,no revasc,no revasc,no revasc,with revasc,with revasc,with revasc,with revasc
,Test AUC,Sensitivity,Specificity,Accuracy,Test AUC,Sensitivity,Specificity,Accuracy,Test AUC,Sensitivity,Specificity,Accuracy
lasso,0.653682083520431,0.6470588235294118,0.6603053435114503,0.6584564860426929,0.6560675883256529,0.5645161290322581,0.7476190476190476,0.7240663900414938,0.588628762541806,0.8695652173913043,0.3076923076923077,0.4094488188976378
linreg,0.6645150426582846,0.5294117647058824,0.799618320610687,0.7619047619047619,0.6875576036866359,0.532258064516129,0.8428571428571429,0.8029045643153527,0.5733695652173914,0.5217391304347826,0.625,0.6062992125984252
SVR10,0.5499101930848675,0.16470588235294117,0.9351145038167938,0.8275862068965517,0.5404377880184332,0.14516129032258066,0.9357142857142857,0.8340248962655602,0.5750418060200669,0.21739130434782608,0.9326923076923077,0.8031496062992126
ridge,0.667377638078132,0.5294117647058824,0.8053435114503817,0.7668308702791461,0.6899385560675884,0.532258064516129,0.8476190476190476,0.8070539419087137,0.5781772575250836,0.5217391304347826,0.6346153846153846,0.6141732283464567
