,all,all,all,all,no revasc,no revasc,no revasc,no revasc,with revasc,with revasc,with revasc,with revasc
,Test AUC,Sensitivity,Specificity,Accuracy,Test AUC,Sensitivity,Specificity,Accuracy,Test AUC,Sensitivity,Specificity,Accuracy
lasso,0.6819584736251403,0.7654320987654321,0.5984848484848485,0.6206896551724138,0.7038506230716833,0.7457627118644068,0.6619385342789599,0.6721991701244814,0.5805194805194807,0.8181818181818182,0.34285714285714286,0.4251968503937008
linreg,0.6823442760942762,0.7037037037037037,0.6609848484848485,0.6666666666666666,0.6961573907120246,0.6949152542372882,0.6973995271867612,0.6970954356846473,0.6207792207792208,0.7272727272727273,0.5142857142857142,0.5511811023622047
SVR10,0.50459455667789,0.9012345679012346,0.10795454545454541,0.2134646962233169,0.49643386624994995,0.0,1.0,0.8775933609958506,0.5354978354978355,0.9090909090909091,0.16190476190476188,0.29133858267716534
ridge,0.6809413580246914,0.7160493827160493,0.6458333333333333,0.6551724137931034,0.6987218014985775,0.711864406779661,0.6855791962174941,0.6887966804979253,0.6064935064935065,0.7272727272727273,0.48571428571428577,0.5275590551181102
