,all,all,all,all,no revasc,no revasc,no revasc,no revasc,with revasc,with revasc,with revasc,with revasc
,Test AUC,Sensitivity,Specificity,Accuracy,Test AUC,Sensitivity,Specificity,Accuracy,Test AUC,Sensitivity,Specificity,Accuracy
lasso,0.7071428571428571,0.9142857142857143,0.5,0.5238095238095238,0.7430634573304157,0.88,0.6061269146608315,0.6203319502074689,0.5427350427350428,1.0,0.0854700854700855,0.15748031496062992
linreg,0.6921602787456447,0.8285714285714286,0.5557491289198606,0.5714285714285714,0.7140043763676149,0.8,0.6280087527352298,0.6369294605809128,0.5867521367521368,0.9,0.27350427350427353,0.3228346456692913
SVR10,0.48101045296167244,0.0,1.0,0.9425287356321839,0.5043763676148796,1.0,0.008752735229759279,0.06016597510373444,0.42991452991452994,0.0,1.0,0.9212598425196851
ridge,0.6921602787456447,0.8285714285714286,0.5557491289198606,0.5714285714285714,0.7140043763676149,0.8,0.6280087527352298,0.6369294605809128,0.5867521367521368,0.9,0.27350427350427353,0.3228346456692913
