,all,all,all,all,no revasc,no revasc,no revasc,no revasc,with revasc,with revasc,with revasc,with revasc
,Test AUC,Sensitivity,Specificity,Accuracy,Test AUC,Sensitivity,Specificity,Accuracy,Test AUC,Sensitivity,Specificity,Accuracy
lasso,0.7349041889483067,0.8958333333333334,0.5739750445632799,0.5993431855500821,0.7579438025210085,0.8529411764705882,0.6629464285714286,0.6763485477178424,0.6106194690265487,1.0,0.22123893805309736,0.30708661417322836
linreg,0.8028631907308378,0.8125,0.7932263814616756,0.7947454844006568,0.799763655462185,0.7647058823529411,0.8348214285714286,0.8298755186721992,0.7784450063211126,0.9285714285714286,0.6283185840707964,0.6614173228346457
SVR10,0.6766377005347594,0.5208333333333334,0.8324420677361853,0.8078817733990148,0.6943933823529411,0.5294117647058824,0.859375,0.8360995850622407,0.6128318584070798,0.5,0.7256637168141593,0.7007874015748031
ridge,0.8028631907308378,0.8125,0.7932263814616756,0.7947454844006568,0.799763655462185,0.7647058823529411,0.8348214285714286,0.8298755186721992,0.7784450063211126,0.9285714285714286,0.6283185840707964,0.6614173228346457
