,all,all,all,all,no revasc,no revasc,no revasc,no revasc,with revasc,with revasc,with revasc,with revasc
,Test AUC,Sensitivity,Specificity,Accuracy,Test AUC,Sensitivity,Specificity,Accuracy,Test AUC,Sensitivity,Specificity,Accuracy
lasso,0.6563432640452379,0.8591549295774648,0.45353159851301117,0.5008210180623974,0.6766203703703704,0.8,0.5532407407407407,0.578838174273859,0.5235849056603774,1.0,0.047169811320754707,0.2047244094488189
linreg,0.6491570239279544,0.8169014084507042,0.4814126394052045,0.5205254515599343,0.6716666666666666,0.76,0.5833333333333333,0.6016597510373444,0.5092093441150045,0.9523809523809523,0.06603773584905659,0.2125984251968504
SVR10,0.6504790826744856,0.8028169014084507,0.4981412639405205,0.5336617405582923,0.6755555555555557,0.74,0.6111111111111112,0.6244813278008299,0.49505840071877805,0.0,1.0,0.8346456692913385
ridge,0.6491570239279544,0.8169014084507042,0.4814126394052045,0.5205254515599343,0.6716666666666666,0.76,0.5833333333333333,0.6016597510373444,0.5092093441150045,0.9523809523809523,0.06603773584905659,0.2125984251968504
