,all,all,all,all,no revasc,no revasc,no revasc,no revasc,with revasc,with revasc,with revasc,with revasc
,Test AUC,Sensitivity,Specificity,Accuracy,Test AUC,Sensitivity,Specificity,Accuracy,Test AUC,Sensitivity,Specificity,Accuracy
lasso,0.6739227184669354,0.6619718309859155,0.6858736059479553,0.6830870279146142,0.675,0.6,0.75,0.7344398340248963,0.617026055705301,0.8095238095238095,0.42452830188679247,0.4881889763779528
linreg,0.6796429132415309,0.6901408450704225,0.6691449814126393,0.6715927750410509,0.705324074074074,0.7,0.7106481481481481,0.7095435684647303,0.5833333333333333,0.6666666666666666,0.5,0.5275590551181102
SVR10,0.5851615267815069,0.4788732394366197,0.6914498141263941,0.6666666666666666,0.62375,0.56,0.6875,0.6742738589211619,0.49663072776280315,0.0,1.0,0.8346456692913385
ridge,0.6813576627048537,0.6619718309859155,0.7007434944237918,0.6962233169129721,0.7015277777777779,0.66,0.7430555555555556,0.7344398340248963,0.5974842767295597,0.6666666666666666,0.5283018867924528,0.5511811023622047
