,all,all,all,all,no revasc,no revasc,no revasc,no revasc,with revasc,with revasc,with revasc,with revasc
,Test AUC,Sensitivity,Specificity,Accuracy,Test AUC,Sensitivity,Specificity,Accuracy,Test AUC,Sensitivity,Specificity,Accuracy
lasso,0.7239383561643836,0.84,0.6078767123287672,0.6174055829228243,0.7328905755850726,0.7647058823529411,0.7010752688172043,0.7033195020746889,0.6218487394957983,1.0,0.24369747899159666,0.29133858267716534
linreg,0.7584931506849315,0.88,0.636986301369863,0.6469622331691297,0.7644528779253636,0.8235294117647058,0.7053763440860215,0.7095435684647303,0.6848739495798319,1.0,0.3697478991596639,0.4094488188976378
SVR10,0.5565753424657535,0.12,0.9931506849315068,0.9573070607553367,0.5860847564832384,0.17647058823529413,0.9956989247311828,0.966804979253112,0.49159663865546216,0.0,1.0,0.937007874015748
ridge,0.7584931506849315,0.88,0.636986301369863,0.6469622331691297,0.7644528779253636,0.8235294117647058,0.7053763440860215,0.7095435684647303,0.6848739495798319,1.0,0.3697478991596639,0.4094488188976378
