,all,all,all,all,no revasc,no revasc,no revasc,no revasc,with revasc,with revasc,with revasc,with revasc
,Test AUC,Sensitivity,Specificity,Accuracy,Test AUC,Sensitivity,Specificity,Accuracy,Test AUC,Sensitivity,Specificity,Accuracy
lasso,0.7331010452961673,0.8285714285714286,0.6376306620209059,0.6486042692939245,0.7446389496717725,0.8,0.6892778993435449,0.6950207468879668,0.6679487179487179,0.9,0.4358974358974359,0.47244094488188976
linreg,0.728397212543554,0.8,0.6567944250871081,0.6650246305418719,0.729015317286652,0.76,0.6980306345733042,0.7012448132780082,0.6978632478632478,0.9,0.49572649572649574,0.5275590551181102
SVR10,0.5074912891986062,0.9714285714285714,0.04355400696864109,0.09688013136288999,0.4985995623632385,0.0,1.0,0.9481327800829875,0.5341880341880342,1.0,0.06837606837606836,0.14173228346456693
ridge,0.7221254355400697,0.8571428571428571,0.5871080139372822,0.6026272577996716,0.7372866520787745,0.84,0.6345733041575492,0.6452282157676349,0.6508547008547008,0.9,0.4017094017094017,0.4409448818897638
