,all,all,all,all,no revasc,no revasc,no revasc,no revasc,with revasc,with revasc,with revasc,with revasc
,Test AUC,Sensitivity,Specificity,Accuracy,Test AUC,Sensitivity,Specificity,Accuracy,Test AUC,Sensitivity,Specificity,Accuracy
lasso,0.6670244515419655,0.676056338028169,0.6579925650557621,0.6600985221674877,0.683425925925926,0.64,0.7268518518518519,0.7178423236514523,0.5696316262353998,0.7619047619047619,0.37735849056603776,0.4409448818897638
linreg,0.6904811770249752,0.9014084507042254,0.4795539033457249,0.5287356321839081,0.6923148148148148,0.88,0.5046296296296297,0.5435684647302904,0.6648697214734951,0.9523809523809523,0.37735849056603776,0.47244094488188976
SVR10,0.5132991256086705,0.056338028169014086,0.9702602230483272,0.8637110016420362,0.5137962962962963,0.06,0.9675925925925926,0.8734439834024896,0.5143755615453729,0.047619047619047616,0.9811320754716981,0.8267716535433071
ridge,0.6895518089952354,0.9014084507042254,0.4776951672862454,0.5270935960591133,0.6923148148148148,0.88,0.5046296296296297,0.5435684647302904,0.6601527403414196,0.9523809523809523,0.3679245283018868,0.4645669291338583
