,all,all,all,all,no revasc,no revasc,no revasc,no revasc,with revasc,with revasc,with revasc,with revasc
,Test AUC,Sensitivity,Specificity,Accuracy,Test AUC,Sensitivity,Specificity,Accuracy,Test AUC,Sensitivity,Specificity,Accuracy
lasso,0.6861073975044563,0.8125,0.5597147950089126,0.5796387520525451,0.7127100840336134,0.7647058823529411,0.6607142857142857,0.6680497925311203,0.5439317319848294,0.9285714285714286,0.15929203539823011,0.2440944881889764
linreg,0.6780860071301248,0.8125,0.5436720142602496,0.5648604269293924,0.7026654411764706,0.7647058823529411,0.640625,0.6493775933609959,0.5439317319848294,0.9285714285714286,0.15929203539823011,0.2440944881889764
SVR10,0.4919229055258467,0.0,1.0,0.9211822660098522,0.49087447478991597,0.0,1.0,0.9294605809128631,0.5214917825537294,0.8571428571428571,0.18584070796460173,0.25984251968503935
ridge,0.6780860071301248,0.8125,0.5436720142602496,0.5648604269293924,0.7026654411764706,0.7647058823529411,0.640625,0.6493775933609959,0.5439317319848294,0.9285714285714286,0.15929203539823011,0.2440944881889764
