,all,all,all,all,no revasc,no revasc,no revasc,no revasc,with revasc,with revasc,with revasc,with revasc
,Test AUC,Sensitivity,Specificity,Accuracy,Test AUC,Sensitivity,Specificity,Accuracy,Test AUC,Sensitivity,Specificity,Accuracy
lasso,0.6152497194163861,0.4691358024691358,0.7613636363636364,0.722495894909688,0.614737348238971,0.4067796610169492,0.8226950354609929,0.7717842323651453,0.5753246753246752,0.6363636363636364,0.5142857142857142,0.5354330708661418
linreg,0.6466400112233445,0.5679012345679012,0.7253787878787878,0.7044334975369458,0.6518010978883679,0.5423728813559322,0.7612293144208038,0.7344398340248963,0.6086580086580086,0.6363636363636364,0.5809523809523809,0.5905511811023622
SVR10,0.5858235129068463,0.41975308641975306,0.7518939393939394,0.7077175697865353,0.6179027928036223,0.4745762711864407,0.7612293144208038,0.7261410788381742,0.4935064935064935,0.0,1.0,0.8267716535433071
ridge,0.6456930415263747,0.5679012345679012,0.7234848484848485,0.7027914614121511,0.6506190647914413,0.5423728813559322,0.7588652482269503,0.7323651452282157,0.6086580086580086,0.6363636363636364,0.5809523809523809,0.5905511811023622
