,all,all,all,all,no revasc,no revasc,no revasc,no revasc,with revasc,with revasc,with revasc,with revasc
,Test AUC,Sensitivity,Specificity,Accuracy,Test AUC,Sensitivity,Specificity,Accuracy,Test AUC,Sensitivity,Specificity,Accuracy
lasso,0.7229965156794426,0.7142857142857143,0.7317073170731707,0.7307060755336617,0.712472647702407,0.6,0.824945295404814,0.8132780082987552,0.6837606837606838,1.0,0.36752136752136755,0.41732283464566927
linreg,0.732404181184669,0.6285714285714286,0.8362369337979094,0.8243021346469622,0.7143544857768053,0.56,0.8687089715536105,0.8526970954356846,0.7547008547008547,0.8,0.7094017094017093,0.7165354330708661
SVR10,0.6763066202090592,0.45714285714285713,0.8954703832752613,0.8702791461412152,0.6773304157549234,0.44,0.9146608315098468,0.8900414937759336,0.6602564102564102,0.5,0.8205128205128205,0.7952755905511811
ridge,0.7306620209059235,0.6285714285714286,0.8327526132404182,0.8210180623973727,0.7132603938730854,0.56,0.8665207877461707,0.8506224066390041,0.7504273504273504,0.8,0.7008547008547008,0.7086614173228346
