,all,all,all,all,no revasc,no revasc,no revasc,no revasc,with revasc,with revasc,with revasc,with revasc
,Test AUC,Sensitivity,Specificity,Accuracy,Test AUC,Sensitivity,Specificity,Accuracy,Test AUC,Sensitivity,Specificity,Accuracy
lasso,0.5473506960035923,0.25882352941176473,0.8358778625954199,0.7553366174055829,0.5495391705069125,0.24193548387096775,0.8571428571428572,0.7780082987551867,0.5271739130434783,0.30434782608695654,0.75,0.6692913385826772
linreg,0.5911989223170183,0.5411764705882353,0.6412213740458015,0.6272577996715928,0.5961597542242704,0.5161290322580645,0.6761904761904762,0.6556016597510373,0.5543478260869565,0.6086956521739131,0.5,0.5196850393700787
SVR10,0.5382240682532555,0.6470588235294118,0.42938931297709926,0.45977011494252873,0.5374039938556068,0.6129032258064516,0.46190476190476193,0.48132780082987553,0.5186036789297659,0.7391304347826086,0.29807692307692313,0.3779527559055118
ridge,0.5911989223170183,0.5411764705882353,0.6412213740458015,0.6272577996715928,0.5961597542242704,0.5161290322580645,0.6761904761904762,0.6556016597510373,0.5543478260869565,0.6086956521739131,0.5,0.5196850393700787
