,all,all,all,all,no revasc,no revasc,no revasc,no revasc,with revasc,with revasc,with revasc,with revasc
,Test AUC,Sensitivity,Specificity,Accuracy,Test AUC,Sensitivity,Specificity,Accuracy,Test AUC,Sensitivity,Specificity,Accuracy
lasso,0.731468600953895,0.6470588235294118,0.8158783783783784,0.8111658456486043,0.750241266164833,0.6363636363636364,0.8641188959660298,0.8589211618257261,0.6473829201101928,0.6666666666666666,0.628099173553719,0.6299212598425197
linreg,0.747068759936407,0.8235294117647058,0.6706081081081081,0.6748768472906403,0.7668403783053466,0.8181818181818182,0.7154989384288748,0.7178423236514523,0.6646005509641874,0.8333333333333334,0.49586776859504134,0.5118110236220472
SVR10,0.6041832273449921,0.8823529411764706,0.3260135135135135,0.3415435139573071,0.6401273885350318,1.0,0.28025477707006374,0.2966804979253112,0.5853994490358126,0.6666666666666666,0.5041322314049587,0.5118110236220472
ridge,0.747068759936407,0.8235294117647058,0.6706081081081081,0.6748768472906403,0.7668403783053466,0.8181818181818182,0.7154989384288748,0.7178423236514523,0.6646005509641874,0.8333333333333334,0.49586776859504134,0.5118110236220472
