,all,all,all,all,no revasc,no revasc,no revasc,no revasc,with revasc,with revasc,with revasc,with revasc
,Test AUC,Sensitivity,Specificity,Accuracy,Test AUC,Sensitivity,Specificity,Accuracy,Test AUC,Sensitivity,Specificity,Accuracy
lasso,0.6711560044893379,0.8271604938271605,0.5151515151515151,0.5566502463054187,0.7042513122570823,0.7796610169491526,0.6288416075650118,0.6473029045643154,0.5058441558441559,0.9545454545454546,0.05714285714285716,0.2125984251968504
linreg,0.7142606621773289,0.8395061728395061,0.5890151515151515,0.6223316912972086,0.7340024842729496,0.7966101694915254,0.6713947990543736,0.6867219917012448,0.6058441558441559,0.9545454545454546,0.2571428571428571,0.3779527559055118
SVR10,0.5066638608305276,0.024691358024691357,0.9886363636363636,0.8604269293924466,0.506110510077333,0.01694915254237288,0.9952718676122931,0.8755186721991701,0.5036796536796537,0.045454545454545456,0.9619047619047619,0.8031496062992126
ridge,0.7142606621773289,0.8395061728395061,0.5890151515151515,0.6223316912972086,0.7340024842729496,0.7966101694915254,0.6713947990543736,0.6867219917012448,0.6058441558441559,0.9545454545454546,0.2571428571428571,0.3779527559055118
