,all,all,all,all,no revasc,no revasc,no revasc,no revasc,with revasc,with revasc,with revasc,with revasc
,Test AUC,Sensitivity,Specificity,Accuracy,Test AUC,Sensitivity,Specificity,Accuracy,Test AUC,Sensitivity,Specificity,Accuracy
lasso,0.7505226480836238,0.8285714285714286,0.6724738675958188,0.6814449917898193,0.7629321663019694,0.76,0.7658643326039387,0.7655601659751037,0.6538461538461539,1.0,0.3076923076923077,0.36220472440944884
linreg,0.7449477351916377,0.8,0.6898954703832753,0.6962233169129721,0.75527352297593,0.76,0.75054704595186,0.7510373443983402,0.6764957264957264,0.9,0.45299145299145294,0.4881889763779528
SVR10,0.5252613240418118,0.42857142857142855,0.6219512195121951,0.6108374384236454,0.5600875273522976,0.56,0.5601750547045952,0.5601659751037344,0.48162393162393163,0.0,1.0,0.9212598425196851
ridge,0.7466898954703833,0.8,0.6933797909407666,0.6995073891625616,0.7563676148796499,0.76,0.7527352297592997,0.7531120331950207,0.6807692307692308,0.9,0.46153846153846156,0.49606299212598426
