,all,all,all,all,no revasc,no revasc,no revasc,no revasc,with revasc,with revasc,with revasc,with revasc
,Test AUC,Sensitivity,Specificity,Accuracy,Test AUC,Sensitivity,Specificity,Accuracy,Test AUC,Sensitivity,Specificity,Accuracy
lasso,0.7801393728222997,0.8285714285714286,0.7317073170731707,0.7372742200328407,0.7771553610503282,0.76,0.7943107221006565,0.7925311203319502,0.7435897435897436,1.0,0.4871794871794872,0.5275590551181102
linreg,0.8182926829268292,0.8857142857142857,0.7508710801393728,0.7586206896551724,0.859343544857768,0.92,0.798687089715536,0.8049792531120332,0.6820512820512821,0.8,0.5641025641025641,0.5826771653543307
SVR10,0.6843205574912891,0.5428571428571428,0.8257839721254355,0.8095238095238095,0.7368490153172867,0.64,0.8336980306345734,0.8236514522821576,0.5474358974358975,0.3,0.7948717948717949,0.7559055118110236
ridge,0.8135888501742161,0.8571428571428571,0.7700348432055749,0.7750410509031199,0.8459080962800875,0.88,0.811816192560175,0.8153526970954357,0.7034188034188035,0.8,0.6068376068376069,0.6220472440944882
