,all,all,all,all,no revasc,no revasc,no revasc,no revasc,with revasc,with revasc,with revasc,with revasc
,Test AUC,Sensitivity,Specificity,Accuracy,Test AUC,Sensitivity,Specificity,Accuracy,Test AUC,Sensitivity,Specificity,Accuracy
lasso,0.6768214936247723,0.6833333333333333,0.6703096539162112,0.6715927750410509,0.7008738454731487,0.6829268292682927,0.7188208616780045,0.7157676348547718,0.5782163742690059,0.6842105263157895,0.4722222222222222,0.5039370078740157
linreg,0.6752732240437159,0.7166666666666667,0.6338797814207651,0.6420361247947455,0.6781981085116975,0.6829268292682927,0.6734693877551021,0.6742738589211619,0.6308479532163743,0.7894736842105263,0.4722222222222222,0.5196850393700787
SVR10,0.6602459016393443,0.55,0.7704918032786885,0.7487684729064039,0.6642608262817322,0.5121951219512195,0.8163265306122449,0.7904564315352697,0.6074561403508771,0.631578947368421,0.5833333333333333,0.5905511811023622
ridge,0.6752732240437159,0.7166666666666667,0.6338797814207651,0.6420361247947455,0.6781981085116975,0.6829268292682927,0.6734693877551021,0.6742738589211619,0.6308479532163743,0.7894736842105263,0.4722222222222222,0.5196850393700787
