,all,all,all,all,no revasc,no revasc,no revasc,no revasc,with revasc,with revasc,with revasc,with revasc
,Test AUC,Sensitivity,Specificity,Accuracy,Test AUC,Sensitivity,Specificity,Accuracy,Test AUC,Sensitivity,Specificity,Accuracy
lasso,0.6567850637522767,0.6833333333333333,0.6302367941712204,0.6354679802955665,0.6773408550412036,0.6585365853658537,0.6961451247165533,0.6929460580912863,0.5489766081871346,0.7368421052631579,0.36111111111111116,0.41732283464566927
linreg,0.6656193078324225,0.65,0.6812386156648451,0.6781609195402298,0.6855538963552902,0.6341463414634146,0.7369614512471656,0.7282157676348547,0.5689571150097466,0.6842105263157895,0.4537037037037037,0.4881889763779528
SVR10,0.6111111111111112,0.6666666666666666,0.5555555555555556,0.5665024630541872,0.6254631934074443,0.6341463414634146,0.6167800453514739,0.6182572614107884,0.5211988304093568,0.7368421052631579,0.3055555555555556,0.3700787401574803
ridge,0.6656193078324225,0.65,0.6812386156648451,0.6781609195402298,0.6855538963552902,0.6341463414634146,0.7369614512471656,0.7282157676348547,0.5689571150097466,0.6842105263157895,0.4537037037037037,0.4881889763779528
