,all,all,all,all,no revasc,no revasc,no revasc,no revasc,with revasc,with revasc,with revasc,with revasc
,Test AUC,Sensitivity,Specificity,Accuracy,Test AUC,Sensitivity,Specificity,Accuracy,Test AUC,Sensitivity,Specificity,Accuracy
lasso,0.7040068493150684,0.92,0.488013698630137,0.5057471264367817,0.7196710942441493,0.8823529411764706,0.556989247311828,0.5684647302904564,0.6092436974789917,1.0,0.2184873949579832,0.2677165354330709
linreg,0.7305479452054794,0.92,0.5410958904109588,0.5566502463054187,0.736875395319418,0.8823529411764706,0.5913978494623655,0.6016597510373444,0.6722689075630253,1.0,0.3445378151260504,0.3858267716535433
SVR10,0.6453424657534247,0.64,0.6506849315068493,0.6502463054187192,0.6156230234029096,0.5882352941176471,0.6430107526881721,0.6410788381742739,0.7153361344537815,0.75,0.680672268907563,0.6850393700787402
ridge,0.7296917808219178,0.92,0.5393835616438356,0.555008210180624,0.7358001265022138,0.8823529411764706,0.589247311827957,0.5995850622406639,0.6722689075630253,1.0,0.3445378151260504,0.3858267716535433
