,all,all,all,all,no revasc,no revasc,no revasc,no revasc,with revasc,with revasc,with revasc,with revasc
,Test AUC,Sensitivity,Specificity,Accuracy,Test AUC,Sensitivity,Specificity,Accuracy,Test AUC,Sensitivity,Specificity,Accuracy
lasso,0.6701977138176266,0.5794392523364486,0.7609561752988048,0.729064039408867,0.65419776119403,0.4875,0.8208955223880597,0.7655601659751037,0.6859259259259259,0.8518518518518519,0.52,0.5905511811023622
linreg,0.6451483784488216,0.5233644859813084,0.7669322709163346,0.7241379310344828,0.6592039800995025,0.5,0.818407960199005,0.7655601659751037,0.5762962962962963,0.5925925925925926,0.56,0.5669291338582677
SVR10,0.619028558662546,0.4392523364485981,0.798804780876494,0.735632183908046,0.630410447761194,0.425,0.835820895522388,0.7676348547717843,0.5657407407407407,0.48148148148148145,0.65,0.6141732283464567
ridge,0.6393212197937223,0.5794392523364486,0.6992031872509961,0.6781609195402298,0.6456156716417911,0.5375,0.7537313432835822,0.7178423236514523,0.5918518518518519,0.7037037037037037,0.48,0.5275590551181102
