,all,all,all,all,no revasc,no revasc,no revasc,no revasc,with revasc,with revasc,with revasc,with revasc
,Test AUC,Sensitivity,Specificity,Accuracy,Test AUC,Sensitivity,Specificity,Accuracy,Test AUC,Sensitivity,Specificity,Accuracy
lasso,0.7196575342465753,0.84,0.5993150684931507,0.6091954022988506,0.7418722327640733,0.8235294117647058,0.6602150537634408,0.6659751037344398,0.618172268907563,0.875,0.3613445378151261,0.3937007874015748
linreg,0.6798972602739727,0.68,0.6797945205479452,0.6798029556650246,0.6837444655281467,0.6470588235294118,0.7204301075268817,0.7178423236514523,0.6355042016806722,0.75,0.5210084033613445,0.5354330708661418
SVR10,0.6702397260273972,0.76,0.5804794520547945,0.5878489326765188,0.6755218216318786,0.7058823529411765,0.6451612903225806,0.6473029045643154,0.6013655462184874,0.875,0.32773109243697474,0.36220472440944884
ridge,0.6798972602739727,0.68,0.6797945205479452,0.6798029556650246,0.6837444655281467,0.6470588235294118,0.7204301075268817,0.7178423236514523,0.6355042016806722,0.75,0.5210084033613445,0.5354330708661418
