,all,all,all,all,no revasc,no revasc,no revasc,no revasc,with revasc,with revasc,with revasc,with revasc
,Test AUC,Sensitivity,Specificity,Accuracy,Test AUC,Sensitivity,Specificity,Accuracy,Test AUC,Sensitivity,Specificity,Accuracy
lasso,0.6925087108013936,0.7142857142857143,0.6707317073170731,0.6732348111658456,0.6894967177242889,0.6,0.7789934354485777,0.7697095435684648,0.6239316239316239,1.0,0.24786324786324787,0.30708661417322836
linreg,0.75,0.8571428571428571,0.6428571428571428,0.6551724137931034,0.7955798687089715,0.88,0.711159737417943,0.7199170124481328,0.588034188034188,0.8,0.37606837606837606,0.4094488188976378
SVR10,0.6573170731707317,0.4,0.9146341463414634,0.8850574712643678,0.6773304157549234,0.44,0.9146608315098468,0.8900414937759336,0.6072649572649572,0.3,0.9145299145299145,0.8661417322834646
ridge,0.7491289198606272,0.8571428571428571,0.6411149825783973,0.6535303776683087,0.7955798687089715,0.88,0.711159737417943,0.7199170124481328,0.5837606837606838,0.8,0.36752136752136755,0.4015748031496063
