,all,all,all,all,no revasc,no revasc,no revasc,no revasc,with revasc,with revasc,with revasc,with revasc
,Test AUC,Sensitivity,Specificity,Accuracy,Test AUC,Sensitivity,Specificity,Accuracy,Test AUC,Sensitivity,Specificity,Accuracy
lasso,0.6280487804878048,0.42857142857142855,0.8275261324041812,0.8045977011494253,0.636542669584245,0.4,0.8730853391684902,0.8485477178423236,0.5747863247863249,0.5,0.6495726495726496,0.6377952755905512
linreg,0.665156794425087,0.5428571428571428,0.7874564459930313,0.7733990147783252,0.6491903719912472,0.48,0.8183807439824945,0.8008298755186722,0.6833333333333335,0.7,0.6666666666666667,0.6692913385826772
SVR10,0.6060975609756097,0.6285714285714286,0.5836236933797909,0.5862068965517241,0.5735229759299781,0.6,0.5470459518599562,0.549792531120332,0.7132478632478632,0.7,0.7264957264957265,0.7244094488188977
ridge,0.6777003484320557,0.5714285714285714,0.7839721254355401,0.7717569786535303,0.6659080962800874,0.52,0.811816192560175,0.7966804979253111,0.6876068376068377,0.7,0.6752136752136753,0.6771653543307087
