,all,all,all,all,no revasc,no revasc,no revasc,no revasc,with revasc,with revasc,with revasc,with revasc
,Test AUC,Sensitivity,Specificity,Accuracy,Test AUC,Sensitivity,Specificity,Accuracy,Test AUC,Sensitivity,Specificity,Accuracy
lasso,0.6983803656597775,0.7058823529411765,0.6908783783783784,0.6912972085385879,0.6485234510712218,0.5454545454545454,0.7515923566878981,0.7468879668049793,0.7272727272727273,1.0,0.4545454545454546,0.48031496062992124
linreg,0.680345786963434,0.8235294117647058,0.5371621621621622,0.5451559934318555,0.667245705462266,0.7272727272727273,0.6072186836518046,0.6099585062240664,0.6322314049586777,1.0,0.2644628099173554,0.2992125984251969
SVR10,0.5251887917329093,0.058823529411764705,0.9915540540540541,0.9655172413793104,0.4978768577494692,0.0,1.0,0.9771784232365145,0.5709366391184574,0.16666666666666666,0.9752066115702479,0.937007874015748
ridge,0.7106021462639109,0.8823529411764706,0.5388513513513513,0.548440065681445,0.7137618220420769,0.8181818181818182,0.6093418259023354,0.6141078838174274,0.6322314049586777,1.0,0.2644628099173554,0.2992125984251969
