,all,all,all,all,no revasc,no revasc,no revasc,no revasc,with revasc,with revasc,with revasc,with revasc
,Test AUC,Sensitivity,Specificity,Accuracy,Test AUC,Sensitivity,Specificity,Accuracy,Test AUC,Sensitivity,Specificity,Accuracy
lasso,0.7244137519872813,0.7647058823529411,0.6841216216216216,0.6863711001642037,0.6929164254005018,0.6363636363636364,0.7494692144373674,0.7468879668049793,0.7148760330578512,1.0,0.4297520661157025,0.4566929133858268
linreg,0.7452305246422893,0.8823529411764706,0.6081081081081081,0.6157635467980296,0.7371163867979156,0.8181818181818182,0.6560509554140128,0.6597510373443983,0.7107438016528926,1.0,0.42148760330578516,0.44881889763779526
SVR10,0.5294117647058824,0.058823529411764705,1.0,0.9737274220032841,0.5454545454545454,0.09090909090909091,1.0,0.979253112033195,0.5,0.0,1.0,0.952755905511811
ridge,0.7452305246422893,0.8823529411764706,0.6081081081081081,0.6157635467980296,0.7371163867979156,0.8181818181818182,0.6560509554140128,0.6597510373443983,0.7107438016528926,1.0,0.42148760330578516,0.44881889763779526
