,all,all,all,all,no revasc,no revasc,no revasc,no revasc,with revasc,with revasc,with revasc,with revasc
,Test AUC,Sensitivity,Specificity,Accuracy,Test AUC,Sensitivity,Specificity,Accuracy,Test AUC,Sensitivity,Specificity,Accuracy
lasso,0.5853967308336746,0.40186915887850466,0.7689243027888446,0.7044334975369458,0.5916044776119402,0.325,0.8582089552238806,0.7697095435684648,0.5198148148148148,0.6296296296296297,0.41000000000000003,0.4566929133858268
linreg,0.6129035260825856,0.38317757009345793,0.8426294820717132,0.7619047619047619,0.5953047263681592,0.3125,0.8781094527363185,0.7842323651452282,0.6462962962962963,0.5925925925925926,0.7,0.6771653543307087
SVR10,0.5428659194995717,0.514018691588785,0.5717131474103585,0.5615763546798029,0.539863184079602,0.525,0.554726368159204,0.549792531120332,0.5607407407407407,0.48148148148148145,0.64,0.6062992125984252
ridge,0.6158915738913505,0.38317757009345793,0.848605577689243,0.7668308702791461,0.6027985074626866,0.325,0.8805970149253731,0.7883817427385892,0.6377777777777778,0.5555555555555556,0.72,0.6850393700787402
