,all,all,all,all,no revasc,no revasc,no revasc,no revasc,with revasc,with revasc,with revasc,with revasc
,Test AUC,Sensitivity,Specificity,Accuracy,Test AUC,Sensitivity,Specificity,Accuracy,Test AUC,Sensitivity,Specificity,Accuracy
lasso,0.7621951219512195,0.8571428571428571,0.6672473867595818,0.6781609195402298,0.7719912472647703,0.8,0.7439824945295405,0.7468879668049793,0.6837606837606838,1.0,0.36752136752136755,0.41732283464566927
linreg,0.8048780487804879,0.8571428571428571,0.7526132404181185,0.7586206896551724,0.8248140043763675,0.84,0.8096280087527352,0.8112033195020747,0.714957264957265,0.9,0.5299145299145299,0.5590551181102362
SVR10,0.7717770034843205,0.5714285714285714,0.9721254355400697,0.9490968801313628,0.746870897155361,0.52,0.973741794310722,0.950207468879668,0.8329059829059828,0.7,0.9658119658119658,0.9448818897637795
ridge,0.8057491289198606,0.8571428571428571,0.7543554006968641,0.7602627257799671,0.8237199124726478,0.84,0.8074398249452954,0.8091286307053942,0.7235042735042736,0.9,0.5470085470085471,0.5748031496062992
