,all,all,all,all,no revasc,no revasc,no revasc,no revasc,with revasc,with revasc,with revasc,with revasc
,Test AUC,Sensitivity,Specificity,Accuracy,Test AUC,Sensitivity,Specificity,Accuracy,Test AUC,Sensitivity,Specificity,Accuracy
lasso,0.6409231200897867,0.5432098765432098,0.7386363636363636,0.7126436781609196,0.6180831029370518,0.3898305084745763,0.8463356973995272,0.7904564315352697,0.6296536796536797,0.9545454545454546,0.3047619047619048,0.41732283464566927
linreg,0.6475869809203142,0.5679012345679012,0.7272727272727273,0.7060755336617406,0.6354329446648236,0.4576271186440678,0.8132387706855793,0.7697095435684648,0.6222943722943723,0.8636363636363636,0.38095238095238093,0.4645669291338583
SVR10,0.49477413019079686,0.0,1.0,0.8669950738916257,0.5,0.0,1.0,0.8775933609958506,0.48203463203463204,0.0,1.0,0.8267716535433071
ridge,0.6466049382716049,0.5432098765432098,0.75,0.722495894909688,0.6364146331690508,0.4406779661016949,0.8321513002364066,0.7842323651452282,0.6186147186147186,0.8181818181818182,0.419047619047619,0.4881889763779528
