,all,all,all,all,no revasc,no revasc,no revasc,no revasc,with revasc,with revasc,with revasc,with revasc
,Test AUC,Sensitivity,Specificity,Accuracy,Test AUC,Sensitivity,Specificity,Accuracy,Test AUC,Sensitivity,Specificity,Accuracy
lasso,0.7690282193958664,0.8235294117647058,0.714527027027027,0.7175697865353038,0.7521713954834975,0.7272727272727273,0.7770700636942676,0.7759336099585062,0.7355371900826446,1.0,0.47107438016528924,0.49606299212598426
linreg,0.7766295707472178,0.8235294117647058,0.7297297297297297,0.7323481116584565,0.8430804863925884,0.9090909090909091,0.7770700636942676,0.7800829875518672,0.606060606060606,0.6666666666666666,0.5454545454545454,0.5511811023622047
SVR10,0.6415441176470588,0.47058823529411764,0.8125,0.8029556650246306,0.6349160393746381,0.45454545454545453,0.8152866242038217,0.8070539419087137,0.6508264462809918,0.5,0.8016528925619835,0.7874015748031497
ridge,0.7565083465818759,0.7647058823529411,0.7483108108108107,0.7487684729064039,0.8039953676896353,0.8181818181818182,0.7898089171974523,0.7904564315352697,0.6267217630853994,0.6666666666666666,0.5867768595041323,0.5905511811023622
