,all,all,all,all,no revasc,no revasc,no revasc,no revasc,with revasc,with revasc,with revasc,with revasc
,Test AUC,Sensitivity,Specificity,Accuracy,Test AUC,Sensitivity,Specificity,Accuracy,Test AUC,Sensitivity,Specificity,Accuracy
lasso,0.5948169937074134,0.4485981308411215,0.7410358565737052,0.6896551724137931,0.5803793532338308,0.3125,0.8482587064676617,0.7593360995850622,0.580925925925926,0.8518518518518519,0.31000000000000005,0.4251968503937008
linreg,0.6134341140112447,0.45794392523364486,0.7689243027888446,0.7142857142857143,0.5991293532338309,0.35,0.8482587064676617,0.7655601659751037,0.6138888888888888,0.7777777777777778,0.44999999999999996,0.5196850393700787
SVR10,0.5090386119075101,0.028037383177570093,0.9900398406374502,0.8210180623973727,0.5100124378109452,0.025,0.9950248756218906,0.8340248962655602,0.5035185185185185,0.037037037037037035,0.97,0.7716535433070866
ridge,0.6134341140112447,0.45794392523364486,0.7689243027888446,0.7142857142857143,0.5991293532338309,0.35,0.8482587064676617,0.7655601659751037,0.6138888888888888,0.7777777777777778,0.44999999999999996,0.5196850393700787
