,all,all,all,all,no revasc,no revasc,no revasc,no revasc,with revasc,with revasc,with revasc,with revasc
,Test AUC,Sensitivity,Specificity,Accuracy,Test AUC,Sensitivity,Specificity,Accuracy,Test AUC,Sensitivity,Specificity,Accuracy
lasso,0.7904794520547944,0.92,0.660958904109589,0.6715927750410509,0.8099936748893105,0.8823529411764706,0.7376344086021505,0.7427385892116183,0.680672268907563,1.0,0.3613445378151261,0.4015748031496063
linreg,0.8115753424657534,0.88,0.7431506849315068,0.7487684729064039,0.8106894370651486,0.8235294117647058,0.7978494623655914,0.7987551867219918,0.7647058823529411,1.0,0.5294117647058824,0.5590551181102362
SVR10,0.7611643835616438,0.56,0.9623287671232876,0.9458128078817734,0.7170145477545856,0.47058823529411764,0.9634408602150537,0.946058091286307,0.8539915966386555,0.75,0.957983193277311,0.9448818897637795
ridge,0.812431506849315,0.88,0.7448630136986301,0.7504105090311987,0.8096141682479443,0.8235294117647058,0.7956989247311828,0.7966804979253111,0.773109243697479,1.0,0.546218487394958,0.5748031496062992
