,all,all,all,all,no revasc,no revasc,no revasc,no revasc,with revasc,with revasc,with revasc,with revasc
,Test AUC,Sensitivity,Specificity,Accuracy,Test AUC,Sensitivity,Specificity,Accuracy,Test AUC,Sensitivity,Specificity,Accuracy
lasso,0.5952397260273972,0.36,0.8304794520547945,0.8111658456486043,0.6022770398481974,0.35294117647058826,0.8516129032258064,0.8340248962655602,0.5614495798319328,0.375,0.7478991596638656,0.7244094488188977
linreg,0.6959246575342466,0.76,0.6318493150684932,0.6371100164203612,0.6851992409867174,0.7058823529411765,0.6645161290322581,0.6659751037344398,0.6896008403361344,0.875,0.5042016806722689,0.5275590551181102
SVR10,0.6348972602739725,0.84,0.4297945205479452,0.4466338259441708,0.612460468058191,0.7647058823529411,0.46021505376344085,0.470954356846473,0.6554621848739496,1.0,0.31092436974789917,0.3543307086614173
ridge,0.6959246575342466,0.76,0.6318493150684932,0.6371100164203612,0.6851992409867174,0.7058823529411765,0.6645161290322581,0.6659751037344398,0.6896008403361344,0.875,0.5042016806722689,0.5275590551181102
