,all,all,all,all,no revasc,no revasc,no revasc,no revasc,with revasc,with revasc,with revasc,with revasc
,Test AUC,Sensitivity,Specificity,Accuracy,Test AUC,Sensitivity,Specificity,Accuracy,Test AUC,Sensitivity,Specificity,Accuracy
lasso,0.709948752228164,0.8958333333333334,0.5240641711229946,0.5533661740558292,0.7311580882352942,0.8529411764705882,0.609375,0.6265560165975104,0.5929203539823009,1.0,0.18584070796460173,0.2755905511811024
linreg,0.7485516934046346,0.875,0.6221033868092691,0.6420361247947455,0.7691045168067228,0.8529411764705882,0.6852678571428572,0.6970954356846473,0.650126422250316,0.9285714285714286,0.37168141592920356,0.4330708661417323
SVR10,0.5594362745098039,0.3541666666666667,0.7647058823529411,0.7323481116584565,0.5909269957983193,0.4117647058823529,0.7700892857142857,0.7448132780082988,0.47882427307206066,0.0,1.0,0.889763779527559
ridge,0.7485516934046346,0.875,0.6221033868092691,0.6420361247947455,0.7691045168067228,0.8529411764705882,0.6852678571428572,0.6970954356846473,0.650126422250316,0.9285714285714286,0.37168141592920356,0.4330708661417323
