,all,all,all,all,no revasc,no revasc,no revasc,no revasc,with revasc,with revasc,with revasc,with revasc
,Test AUC,Sensitivity,Specificity,Accuracy,Test AUC,Sensitivity,Specificity,Accuracy,Test AUC,Sensitivity,Specificity,Accuracy
lasso,0.7290528233151184,0.8333333333333334,0.6247723132969034,0.645320197044335,0.7272551296941541,0.7560975609756098,0.6984126984126984,0.7033195020746889,0.662037037037037,1.0,0.32407407407407407,0.4251968503937008
linreg,0.7735428051001821,0.8166666666666667,0.7304189435336976,0.7389162561576355,0.7782755378574193,0.7560975609756098,0.800453514739229,0.7966804979253111,0.6959064327485379,0.9473684210526315,0.4444444444444444,0.5196850393700787
SVR10,0.5809198542805101,0.31666666666666665,0.8451730418943534,0.7931034482758621,0.5961783087218627,0.3170731707317073,0.8752834467120182,0.8278008298755186,0.5190058479532164,0.3157894736842105,0.7222222222222222,0.6614173228346457
ridge,0.772632058287796,0.8166666666666667,0.7285974499089254,0.7372742200328407,0.7771417510093469,0.7560975609756098,0.7981859410430839,0.7946058091286307,0.6959064327485379,0.9473684210526315,0.4444444444444444,0.5196850393700787
