,all,all,all,all,no revasc,no revasc,no revasc,no revasc,with revasc,with revasc,with revasc,with revasc
,Test AUC,Sensitivity,Specificity,Accuracy,Test AUC,Sensitivity,Specificity,Accuracy,Test AUC,Sensitivity,Specificity,Accuracy
lasso,0.6681634485855412,0.5882352941176471,0.7480916030534351,0.7257799671592775,0.6759216589861751,0.5161290322580645,0.8357142857142857,0.7946058091286307,0.5884197324414715,0.782608695652174,0.3942307692307693,0.4645669291338583
linreg,0.6797597665020206,0.6705882352941176,0.6889312977099237,0.6863711001642037,0.702342549923195,0.6451612903225806,0.7595238095238095,0.7448132780082988,0.5714882943143813,0.7391304347826086,0.40384615384615385,0.4645669291338583
SVR10,0.5982038616973507,0.49411764705882355,0.7022900763358779,0.6732348111658456,0.5766129032258065,0.4032258064516129,0.75,0.7053941908713693,0.6243729096989966,0.7391304347826086,0.5096153846153846,0.5511811023622047
ridge,0.6797597665020206,0.6705882352941176,0.6889312977099237,0.6863711001642037,0.702342549923195,0.6451612903225806,0.7595238095238095,0.7448132780082988,0.5714882943143813,0.7391304347826086,0.40384615384615385,0.4645669291338583
