,all,all,all,all,no revasc,no revasc,no revasc,no revasc,with revasc,with revasc,with revasc,with revasc
,Test AUC,Sensitivity,Specificity,Accuracy,Test AUC,Sensitivity,Specificity,Accuracy,Test AUC,Sensitivity,Specificity,Accuracy
lasso,0.741917808219178,0.84,0.6438356164383562,0.6518883415435139,0.7457938013915242,0.7647058823529411,0.7268817204301075,0.7282157676348547,0.6596638655462185,1.0,0.31932773109243695,0.36220472440944884
linreg,0.7809931506849316,0.8,0.761986301369863,0.7635467980295566,0.7855787476280834,0.7647058823529411,0.8064516129032258,0.8049792531120332,0.7316176470588236,0.875,0.5882352941176471,0.6062992125984252
SVR10,0.6889383561643836,0.52,0.8578767123287672,0.8440065681444991,0.6697027197975964,0.47058823529411764,0.8688172043010752,0.8547717842323651,0.720063025210084,0.625,0.8151260504201681,0.8031496062992126
ridge,0.8018493150684931,0.84,0.7636986301369864,0.7668308702791461,0.8139152435167615,0.8235294117647058,0.8043010752688172,0.8049792531120332,0.7400210084033614,0.875,0.6050420168067228,0.6220472440944882
