,all,all,all,all,no revasc,no revasc,no revasc,no revasc,with revasc,with revasc,with revasc,with revasc
,Test AUC,Sensitivity,Specificity,Accuracy,Test AUC,Sensitivity,Specificity,Accuracy,Test AUC,Sensitivity,Specificity,Accuracy
lasso,0.6500449034575663,0.5176470588235295,0.7824427480916031,0.7454844006568144,0.6453917050691245,0.41935483870967744,0.8714285714285714,0.8132780082987552,0.6028428093645485,0.782608695652174,0.42307692307692313,0.4881889763779528
linreg,0.6986865738661876,0.6588235294117647,0.7385496183206106,0.7274220032840722,0.7007680491551459,0.5967741935483871,0.8047619047619048,0.7780082987551867,0.6486204013377926,0.8260869565217391,0.47115384615384615,0.5354330708661418
SVR10,0.5842388863942524,0.3058823529411765,0.8625954198473282,0.7848932676518884,0.5996543778801843,0.3064516129032258,0.8928571428571429,0.8174273858921162,0.522366220735786,0.30434782608695654,0.7403846153846154,0.6614173228346457
ridge,0.6967781769196228,0.6588235294117647,0.7347328244274809,0.7241379310344828,0.6983870967741935,0.5967741935483871,0.8,0.7738589211618258,0.6486204013377926,0.8260869565217391,0.47115384615384615,0.5354330708661418
