,all,all,all,all,no revasc,no revasc,no revasc,no revasc,with revasc,with revasc,with revasc,with revasc
,Test AUC,Sensitivity,Specificity,Accuracy,Test AUC,Sensitivity,Specificity,Accuracy,Test AUC,Sensitivity,Specificity,Accuracy
lasso,0.6032331511839709,0.48333333333333334,0.7231329690346084,0.6995073891625616,0.5922238814224876,0.36585365853658536,0.81859410430839,0.7800829875518672,0.5350877192982457,0.7368421052631579,0.33333333333333337,0.3937007874015748
linreg,0.6213570127504554,0.5833333333333334,0.6593806921675773,0.6518883415435139,0.6259886068248437,0.4878048780487805,0.764172335600907,0.7406639004149378,0.510477582846004,0.7894736842105263,0.2314814814814815,0.31496062992125984
SVR10,0.641712204007286,0.7333333333333333,0.5500910746812386,0.5681444991789819,0.6711188540456833,0.7073170731707317,0.6349206349206349,0.6410788381742739,0.496588693957115,0.0,1.0,0.8503937007874016
ridge,0.6213570127504554,0.5833333333333334,0.6593806921675773,0.6518883415435139,0.6259886068248437,0.4878048780487805,0.764172335600907,0.7406639004149378,0.510477582846004,0.7894736842105263,0.2314814814814815,0.31496062992125984
