,all,all,all,all,no revasc,no revasc,no revasc,no revasc,with revasc,with revasc,with revasc,with revasc
,Test AUC,Sensitivity,Specificity,Accuracy,Test AUC,Sensitivity,Specificity,Accuracy,Test AUC,Sensitivity,Specificity,Accuracy
lasso,0.6588334658187599,0.6470588235294118,0.6706081081081081,0.6699507389162561,0.6495850221964872,0.5454545454545454,0.7537154989384289,0.7489626556016598,0.5902203856749312,0.8333333333333334,0.3471074380165289,0.3700787401574803
linreg,0.6346383147853736,0.5294117647058824,0.7398648648648649,0.7339901477832512,0.6285466126230458,0.45454545454545453,0.802547770700637,0.7946058091286307,0.581267217630854,0.6666666666666666,0.49586776859504134,0.5039370078740157
SVR10,0.5188294912559619,0.23529411764705882,0.8023648648648649,0.7865353037766831,0.5692916425400503,0.36363636363636365,0.7749469214437368,0.7655601659751037,0.45454545454545453,0.0,1.0,0.952755905511811
ridge,0.6346383147853736,0.5294117647058824,0.7398648648648649,0.7339901477832512,0.6285466126230458,0.45454545454545453,0.802547770700637,0.7946058091286307,0.581267217630854,0.6666666666666666,0.49586776859504134,0.5039370078740157
