,all,all,all,all,no revasc,no revasc,no revasc,no revasc,with revasc,with revasc,with revasc,with revasc
,Test AUC,Sensitivity,Specificity,Accuracy,Test AUC,Sensitivity,Specificity,Accuracy,Test AUC,Sensitivity,Specificity,Accuracy
lasso,0.6962455436720142,0.8541666666666666,0.5383244206773619,0.5632183908045977,0.7164522058823528,0.8235294117647058,0.609375,0.6244813278008299,0.5926042983565107,0.9285714285714286,0.2566371681415929,0.33070866141732286
linreg,0.6744652406417112,0.75,0.5989304812834224,0.6108374384236454,0.6877626050420169,0.7058823529411765,0.6696428571428572,0.6721991701244814,0.5878634639696587,0.8571428571428571,0.31858407079646023,0.3779527559055118
SVR10,0.5702985739750445,0.20833333333333334,0.9322638146167558,0.8752052545155994,0.5795036764705882,0.20588235294117646,0.953125,0.9004149377593361,0.531921618204804,0.21428571428571427,0.8495575221238938,0.7795275590551181
ridge,0.6735739750445633,0.75,0.5971479500891266,0.6091954022988506,0.6866465336134455,0.7058823529411765,0.6674107142857143,0.6701244813278008,0.5878634639696587,0.8571428571428571,0.31858407079646023,0.3779527559055118
