,all,all,all,all,no revasc,no revasc,no revasc,no revasc,with revasc,with revasc,with revasc,with revasc
,Test AUC,Sensitivity,Specificity,Accuracy,Test AUC,Sensitivity,Specificity,Accuracy,Test AUC,Sensitivity,Specificity,Accuracy
lasso,0.6409316007000038,0.5607476635514018,0.7211155378486056,0.6929392446633826,0.6431592039800995,0.55,0.736318407960199,0.7053941908713693,0.6262962962962961,0.5925925925925926,0.6599999999999999,0.6456692913385826
linreg,0.6412387831850169,0.5514018691588785,0.7310756972111554,0.6995073891625616,0.6518656716417911,0.55,0.7537313432835822,0.7199170124481328,0.5977777777777779,0.5555555555555556,0.64,0.6220472440944882
SVR10,0.6164780131809211,0.7289719626168224,0.5039840637450199,0.5435139573070608,0.6111940298507462,0.7,0.5223880597014925,0.5518672199170125,0.6224074074074074,0.8148148148148148,0.43000000000000005,0.5118110236220472
ridge,0.6412387831850169,0.5514018691588785,0.7310756972111554,0.6995073891625616,0.6518656716417911,0.55,0.7537313432835822,0.7199170124481328,0.5977777777777779,0.5555555555555556,0.64,0.6220472440944882
