,all,all,all,all,no revasc,no revasc,no revasc,no revasc,with revasc,with revasc,with revasc,with revasc
,Test AUC,Sensitivity,Specificity,Accuracy,Test AUC,Sensitivity,Specificity,Accuracy,Test AUC,Sensitivity,Specificity,Accuracy
lasso,0.7142123287671233,0.8,0.6284246575342466,0.6354679802955665,0.7221378874130298,0.7647058823529411,0.6795698924731183,0.6825726141078838,0.6517857142857143,0.875,0.4285714285714286,0.4566929133858268
linreg,0.7036301369863014,0.76,0.6472602739726028,0.6518883415435139,0.6970271979759647,0.7058823529411765,0.6881720430107527,0.6887966804979253,0.6811974789915967,0.875,0.4873949579831933,0.5118110236220472
SVR10,0.501404109589041,0.96,0.042808219178082196,0.08045977011494253,0.48886780518659073,0.0,1.0,0.9647302904564315,0.5336134453781513,1.0,0.0672268907563025,0.12598425196850394
ridge,0.6885273972602741,0.8,0.577054794520548,0.5862068965517241,0.6941808981657179,0.7647058823529411,0.6236559139784946,0.6286307053941909,0.6349789915966386,0.875,0.39495798319327735,0.4251968503937008
