,all,all,all,all,no revasc,no revasc,no revasc,no revasc,with revasc,with revasc,with revasc,with revasc
,Test AUC,Sensitivity,Specificity,Accuracy,Test AUC,Sensitivity,Specificity,Accuracy,Test AUC,Sensitivity,Specificity,Accuracy
lasso,0.7465068493150684,0.88,0.613013698630137,0.6239737274220033,0.7655281467425679,0.8235294117647058,0.7075268817204301,0.7116182572614108,0.6218487394957983,1.0,0.24369747899159666,0.29133858267716534
linreg,0.7909589041095889,0.76,0.821917808219178,0.819376026272578,0.7830487033523087,0.7058823529411765,0.8602150537634409,0.8547717842323651,0.7736344537815127,0.875,0.6722689075630253,0.6850393700787402
SVR10,0.6318835616438356,0.56,0.7037671232876712,0.6978653530377669,0.6622390891840607,0.6470588235294118,0.6774193548387097,0.6763485477178424,0.5908613445378151,0.375,0.8067226890756303,0.7795275590551181
ridge,0.7909589041095889,0.76,0.821917808219178,0.819376026272578,0.7830487033523087,0.7058823529411765,0.8602150537634409,0.8547717842323651,0.7736344537815127,0.875,0.6722689075630253,0.6850393700787402
