,all,all,all,all,no revasc,no revasc,no revasc,no revasc,with revasc,with revasc,with revasc,with revasc
,Test AUC,Sensitivity,Specificity,Accuracy,Test AUC,Sensitivity,Specificity,Accuracy,Test AUC,Sensitivity,Specificity,Accuracy
lasso,0.7229965156794426,0.7142857142857143,0.7317073170731707,0.7307060755336617,0.712472647702407,0.6,0.824945295404814,0.8132780082987552,0.6837606837606838,1.0,0.36752136752136755,0.41732283464566927
linreg,0.7580139372822299,0.6571428571428571,0.8588850174216027,0.8472906403940886,0.7620131291028447,0.64,0.8840262582056893,0.8713692946058091,0.7303418803418803,0.7,0.7606837606837606,0.7559055118110236
SVR10,0.7125435540069686,0.7142857142857143,0.7108013937282229,0.7110016420361248,0.7265207877461708,0.72,0.7330415754923414,0.7323651452282157,0.661965811965812,0.7,0.6239316239316239,0.6299212598425197
ridge,0.7588850174216027,0.6571428571428571,0.8606271777003485,0.8489326765188834,0.7652954048140045,0.64,0.8905908096280087,0.8775933609958506,0.7217948717948718,0.7,0.7435897435897436,0.7401574803149606
