,all,all,all,all,no revasc,no revasc,no revasc,no revasc,with revasc,with revasc,with revasc,with revasc
,Test AUC,Sensitivity,Specificity,Accuracy,Test AUC,Sensitivity,Specificity,Accuracy,Test AUC,Sensitivity,Specificity,Accuracy
lasso,0.7652739726027397,0.76,0.7705479452054794,0.7701149425287356,0.7504111321948134,0.6470588235294118,0.853763440860215,0.8464730290456431,0.7226890756302521,1.0,0.4453781512605042,0.48031496062992124
linreg,0.8127397260273972,0.92,0.7054794520547945,0.7142857142857143,0.8196710942441492,0.8823529411764706,0.7569892473118279,0.7614107883817427,0.7521008403361344,1.0,0.5042016806722689,0.5354330708661418
SVR10,0.8122945205479453,0.64,0.9845890410958904,0.9704433497536946,0.8160025300442758,0.6470588235294118,0.9849462365591398,0.9730290456431535,0.8040966386554621,0.625,0.9831932773109243,0.9606299212598425
ridge,0.8144520547945205,0.92,0.7089041095890412,0.7175697865353038,0.8218216318785578,0.8823529411764706,0.7612903225806451,0.7655601659751037,0.7521008403361344,1.0,0.5042016806722689,0.5354330708661418
