,all,all,all,all,no revasc,no revasc,no revasc,no revasc,with revasc,with revasc,with revasc,with revasc
,Test AUC,Sensitivity,Specificity,Accuracy,Test AUC,Sensitivity,Specificity,Accuracy,Test AUC,Sensitivity,Specificity,Accuracy
lasso,0.6513478795099974,0.6074766355140186,0.6952191235059761,0.6798029556650246,0.6406094527363183,0.525,0.7562189054726368,0.7178423236514523,0.6509259259259259,0.8518518518518519,0.44999999999999996,0.5354330708661418
linreg,0.6782403097888818,0.6074766355140186,0.749003984063745,0.7241379310344828,0.6767412935323384,0.55,0.8034825870646767,0.7614107883817427,0.6538888888888889,0.7777777777777778,0.53,0.5826771653543307
SVR10,0.5053617306475034,0.018691588785046728,0.9920318725099602,0.8210180623973727,0.5012748756218905,0.0125,0.9900497512437811,0.8278008298755186,0.5185185185185185,0.037037037037037035,1.0,0.7952755905511811
ridge,0.67954350821015,0.5981308411214953,0.7609561752988048,0.7323481116584565,0.6829601990049752,0.55,0.8159203980099503,0.7717842323651453,0.6403703703703704,0.7407407407407407,0.54,0.5826771653543307
