,all,all,all,all,no revasc,no revasc,no revasc,no revasc,with revasc,with revasc,with revasc,with revasc
,Test AUC,Sensitivity,Specificity,Accuracy,Test AUC,Sensitivity,Specificity,Accuracy,Test AUC,Sensitivity,Specificity,Accuracy
lasso,0.6735273972602741,0.52,0.827054794520548,0.8144499178981938,0.6707779886148009,0.47058823529411764,0.8709677419354839,0.8568464730290456,0.6402310924369747,0.625,0.6554621848739496,0.6535433070866141
linreg,0.7546917808219178,0.72,0.7893835616438356,0.7865353037766831,0.7332068311195445,0.6470588235294118,0.8193548387096774,0.8132780082987552,0.7736344537815127,0.875,0.6722689075630253,0.6850393700787402
SVR10,0.6728082191780822,0.76,0.5856164383561644,0.5927750410509032,0.6271347248576851,0.7058823529411765,0.5483870967741935,0.553941908713693,0.803046218487395,0.875,0.73109243697479,0.7401574803149606
ridge,0.7729794520547946,0.76,0.785958904109589,0.7848932676518884,0.759392789373814,0.7058823529411765,0.8129032258064516,0.8091286307053942,0.7778361344537816,0.875,0.680672268907563,0.6929133858267716
