,all,all,all,all,no revasc,no revasc,no revasc,no revasc,with revasc,with revasc,with revasc,with revasc
,Test AUC,Sensitivity,Specificity,Accuracy,Test AUC,Sensitivity,Specificity,Accuracy,Test AUC,Sensitivity,Specificity,Accuracy
lasso,0.6693379790940767,0.7428571428571429,0.5958188153310104,0.6042692939244664,0.6874398249452954,0.76,0.6148796498905909,0.6224066390041494,0.6106837606837606,0.7,0.5213675213675213,0.5354330708661418
linreg,0.673170731707317,0.6285714285714286,0.7177700348432056,0.7126436781609196,0.6908971553610503,0.64,0.7417943107221007,0.7365145228215768,0.611965811965812,0.6,0.6239316239316239,0.6220472440944882
SVR10,0.6202090592334495,0.5714285714285714,0.6689895470383276,0.6633825944170771,0.5991684901531729,0.52,0.6783369803063457,0.6701244813278008,0.6662393162393162,0.7,0.6324786324786325,0.6377952755905512
ridge,0.673170731707317,0.6285714285714286,0.7177700348432056,0.7126436781609196,0.6908971553610503,0.64,0.7417943107221007,0.7365145228215768,0.611965811965812,0.6,0.6239316239316239,0.6220472440944882
