,all,all,all,all,no revasc,no revasc,no revasc,no revasc,with revasc,with revasc,with revasc,with revasc
,Test AUC,Sensitivity,Specificity,Accuracy,Test AUC,Sensitivity,Specificity,Accuracy,Test AUC,Sensitivity,Specificity,Accuracy
lasso,0.7630904634581105,0.8541666666666666,0.6720142602495544,0.6863711001642037,0.7720588235294117,0.7941176470588235,0.75,0.7531120331950207,0.6814159292035398,1.0,0.36283185840707965,0.4330708661417323
linreg,0.7883801247771837,0.8958333333333334,0.6809269162210339,0.6978653530377669,0.7970063025210085,0.8529411764705882,0.7410714285714286,0.7489626556016598,0.7212389380530974,1.0,0.4424778761061947,0.5039370078740157
SVR10,0.5962566844919786,0.3333333333333333,0.8591800356506238,0.8177339901477833,0.6141675420168067,0.38235294117647056,0.8459821428571428,0.8132780082987552,0.5628950695322376,0.21428571428571427,0.911504424778761,0.8346456692913385
ridge,0.7874888591800357,0.8958333333333334,0.679144385026738,0.6962233169129721,0.8105961134453781,0.8823529411764706,0.7388392857142857,0.7489626556016598,0.6855246523388117,0.9285714285714286,0.4424778761061947,0.49606299212598426
