,all,all,all,all,no revasc,no revasc,no revasc,no revasc,with revasc,with revasc,with revasc,with revasc
,Test AUC,Sensitivity,Specificity,Accuracy,Test AUC,Sensitivity,Specificity,Accuracy,Test AUC,Sensitivity,Specificity,Accuracy
lasso,0.6672794117647058,0.6470588235294118,0.6875,0.6863711001642037,0.6570160200733449,0.5454545454545454,0.7685774946921444,0.7634854771784232,0.6026170798898072,0.8333333333333334,0.371900826446281,0.3937007874015748
linreg,0.7426967408585056,0.8823529411764706,0.6030405405405406,0.6108374384236454,0.7740783632503379,0.9090909090909091,0.6390658174097665,0.6452282157676349,0.6480716253443527,0.8333333333333334,0.4628099173553719,0.48031496062992124
SVR10,0.6239566772655007,0.4117647058823529,0.8361486486486487,0.8243021346469622,0.6994788650839606,0.5454545454545454,0.8535031847133758,0.8464730290456431,0.46763085399449034,0.0,1.0,0.952755905511811
ridge,0.7418521462639109,0.8823529411764706,0.6013513513513513,0.6091954022988506,0.7730167921250725,0.9090909090909091,0.6369426751592357,0.6431535269709544,0.6480716253443527,0.8333333333333334,0.4628099173553719,0.48031496062992124
