,all,all,all,all,no revasc,no revasc,no revasc,no revasc,with revasc,with revasc,with revasc,with revasc
,Test AUC,Sensitivity,Specificity,Accuracy,Test AUC,Sensitivity,Specificity,Accuracy,Test AUC,Sensitivity,Specificity,Accuracy
lasso,0.5878048780487806,0.34285714285714286,0.8327526132404182,0.8045977011494253,0.5866958424507659,0.32,0.8533916849015317,0.8257261410788381,0.576068376068376,0.4,0.7521367521367521,0.7244094488188977
linreg,0.7054006968641114,0.7714285714285715,0.6393728222996515,0.6469622331691297,0.6958862144420132,0.72,0.6717724288840263,0.6742738589211619,0.7064102564102563,0.9,0.5128205128205128,0.5433070866141733
SVR10,0.6008710801393728,0.7714285714285715,0.43031358885017423,0.44991789819376027,0.5697592997811816,0.68,0.4595185995623632,0.470954356846473,0.6581196581196581,1.0,0.3162393162393162,0.3700787401574803
ridge,0.7054006968641114,0.7714285714285715,0.6393728222996515,0.6469622331691297,0.6958862144420132,0.72,0.6717724288840263,0.6742738589211619,0.7064102564102563,0.9,0.5128205128205128,0.5433070866141733
