,all,all,all,all,no revasc,no revasc,no revasc,no revasc,with revasc,with revasc,with revasc,with revasc
,Test AUC,Sensitivity,Specificity,Accuracy,Test AUC,Sensitivity,Specificity,Accuracy,Test AUC,Sensitivity,Specificity,Accuracy
lasso,0.6327818210377505,0.704225352112676,0.5613382899628252,0.5779967159277504,0.662175925925926,0.66,0.6643518518518519,0.6639004149377593,0.4755166217430369,0.0,1.0,0.8346456692913385
linreg,0.6244175087700925,0.704225352112676,0.5446096654275092,0.5632183908045977,0.6517592592592594,0.66,0.6435185185185186,0.6452282157676349,0.4755166217430369,0.0,1.0,0.8346456692913385
SVR10,0.48709356510812085,0.0,1.0,0.8834154351395731,0.48462962962962963,0.0,1.0,0.8962655601659751,0.522911051212938,0.8571428571428571,0.18867924528301883,0.2992125984251969
ridge,0.6244175087700925,0.704225352112676,0.5446096654275092,0.5632183908045977,0.6517592592592594,0.66,0.6435185185185186,0.6452282157676349,0.4755166217430369,0.0,1.0,0.8346456692913385
