,all,all,all,all,no revasc,no revasc,no revasc,no revasc,with revasc,with revasc,with revasc,with revasc
,Test AUC,Sensitivity,Specificity,Accuracy,Test AUC,Sensitivity,Specificity,Accuracy,Test AUC,Sensitivity,Specificity,Accuracy
lasso,0.7118938791732912,0.7058823529411765,0.7179054054054055,0.7175697865353038,0.6782474425786528,0.5454545454545454,0.8110403397027601,0.8049792531120332,0.6776859504132231,1.0,0.3553719008264463,0.3858267716535433
linreg,0.7953596979332274,0.7647058823529411,0.8260135135135135,0.8243021346469622,0.7935726693688477,0.7272727272727273,0.8598726114649682,0.8568464730290456,0.7637741046831957,0.8333333333333334,0.6942148760330579,0.7007874015748031
SVR10,0.7383744038155804,0.5882352941176471,0.8885135135135135,0.8801313628899836,0.7260181432155954,0.5454545454545454,0.9065817409766455,0.8983402489626556,0.7424242424242422,0.6666666666666666,0.8181818181818181,0.8110236220472441
ridge,0.7936705087440381,0.7647058823529411,0.8226351351351351,0.8210180623973727,0.7925110982435823,0.7272727272727273,0.8577494692144374,0.8547717842323651,0.759641873278237,0.8333333333333334,0.6859504132231404,0.6929133858267716
