,all,all,all,all,no revasc,no revasc,no revasc,no revasc,with revasc,with revasc,with revasc,with revasc
,Test AUC,Sensitivity,Specificity,Accuracy,Test AUC,Sensitivity,Specificity,Accuracy,Test AUC,Sensitivity,Specificity,Accuracy
lasso,0.715391621129326,0.8333333333333334,0.5974499089253187,0.6206896551724138,0.7292461700127204,0.7804878048780488,0.6780045351473922,0.6867219917012448,0.607943469785575,0.9473684210526315,0.2685185185185185,0.3700787401574803
linreg,0.7391621129326048,0.7333333333333333,0.7449908925318761,0.7438423645320197,0.7459487860184725,0.7073170731707317,0.7845804988662132,0.7780082987551867,0.6864035087719298,0.7894736842105263,0.5833333333333333,0.6141732283464567
SVR10,0.672768670309654,0.6333333333333333,0.7122040072859745,0.7044334975369458,0.6855538963552902,0.6341463414634146,0.7369614512471656,0.7282157676348547,0.6213450292397661,0.631578947368421,0.6111111111111112,0.6141732283464567
ridge,0.7473588342440801,0.7333333333333333,0.761384335154827,0.7586206896551724,0.7538852939549804,0.7073170731707317,0.800453514739229,0.7925311203319502,0.6956627680311891,0.7894736842105263,0.6018518518518519,0.6299212598425197
