,all,all,all,all,no revasc,no revasc,no revasc,no revasc,with revasc,with revasc,with revasc,with revasc
,Test AUC,Sensitivity,Specificity,Accuracy,Test AUC,Sensitivity,Specificity,Accuracy,Test AUC,Sensitivity,Specificity,Accuracy
lasso,0.6418922456673125,0.5774647887323944,0.7063197026022305,0.6912972085385879,0.6500462962962963,0.52,0.7800925925925926,0.7531120331950207,0.5599730458221025,0.7142857142857143,0.4056603773584906,0.4566929133858268
linreg,0.6734253102256662,0.7464788732394366,0.6003717472118959,0.6174055829228243,0.7217592592592593,0.8,0.6435185185185186,0.6597510373443983,0.5217879604672058,0.6190476190476191,0.42452830188679247,0.4566929133858268
SVR10,0.5655008115608148,0.4507042253521127,0.6802973977695168,0.6535303776683087,0.5956481481481481,0.52,0.6712962962962963,0.6556016597510373,0.5013477088948787,0.2857142857142857,0.7169811320754718,0.6456692913385826
ridge,0.6790015184041049,0.7464788732394366,0.6115241635687733,0.6272577996715928,0.7287037037037037,0.8,0.6574074074074074,0.6721991701244814,0.5217879604672058,0.6190476190476191,0.42452830188679247,0.4566929133858268
