,all,all,all,all,no revasc,no revasc,no revasc,no revasc,with revasc,with revasc,with revasc,with revasc
,Test AUC,Sensitivity,Specificity,Accuracy,Test AUC,Sensitivity,Specificity,Accuracy,Test AUC,Sensitivity,Specificity,Accuracy
lasso,0.745644599303136,0.7142857142857143,0.7770034843205575,0.7733990147783252,0.7299781181619256,0.6,0.8599562363238512,0.8464730290456431,0.7264957264957265,1.0,0.45299145299145294,0.49606299212598426
linreg,0.784843205574913,0.8571428571428571,0.7125435540069687,0.7208538587848933,0.8029321663019693,0.84,0.7658643326039387,0.7697095435684648,0.7021367521367521,0.9,0.5042735042735043,0.5354330708661418
SVR10,0.7207317073170731,0.45714285714285713,0.9843205574912892,0.9540229885057471,0.7123413566739606,0.44,0.9846827133479212,0.9564315352697096,0.7414529914529914,0.5,0.9829059829059829,0.9448818897637795
ridge,0.7865853658536586,0.8571428571428571,0.7160278745644599,0.7241379310344828,0.8051203501094092,0.84,0.7702407002188184,0.7738589211618258,0.7021367521367521,0.9,0.5042735042735043,0.5354330708661418
