,all,all,all,all,no revasc,no revasc,no revasc,no revasc,with revasc,with revasc,with revasc,with revasc
,Test AUC,Sensitivity,Specificity,Accuracy,Test AUC,Sensitivity,Specificity,Accuracy,Test AUC,Sensitivity,Specificity,Accuracy
lasso,0.7146174863387977,0.85,0.5792349726775956,0.6059113300492611,0.7357723577235773,0.8048780487804879,0.6666666666666667,0.6784232365145229,0.5847953216374269,0.9473684210526315,0.2222222222222222,0.33070866141732286
linreg,0.7563296903460839,0.7166666666666667,0.7959927140255009,0.7881773399014779,0.759830761572922,0.6829268292682927,0.8367346938775511,0.8236514522821576,0.7095516569200779,0.7894736842105263,0.6296296296296297,0.6535433070866141
SVR10,0.6504553734061932,0.4666666666666667,0.8342440801457195,0.7980295566502463,0.6614125324926718,0.4634146341463415,0.8594104308390023,0.8257261410788381,0.6025828460038986,0.47368421052631576,0.7314814814814814,0.6929133858267716
ridge,0.7563296903460839,0.7166666666666667,0.7959927140255009,0.7881773399014779,0.759830761572922,0.6829268292682927,0.8367346938775511,0.8236514522821576,0.7095516569200779,0.7894736842105263,0.6296296296296297,0.6535433070866141
