,all,all,all,all,no revasc,no revasc,no revasc,no revasc,with revasc,with revasc,with revasc,with revasc
,Test AUC,Sensitivity,Specificity,Accuracy,Test AUC,Sensitivity,Specificity,Accuracy,Test AUC,Sensitivity,Specificity,Accuracy
lasso,0.7035427807486632,0.7083333333333334,0.6987522281639929,0.6995073891625616,0.6880908613445378,0.5882352941176471,0.7879464285714286,0.7738589211618258,0.6725663716814159,1.0,0.34513274336283184,0.41732283464566927
linreg,0.7510583778966131,0.6875,0.8146167557932263,0.8045977011494253,0.7452074579831933,0.6176470588235294,0.8727678571428572,0.8547717842323651,0.7206068268015171,0.8571428571428571,0.584070796460177,0.6141732283464567
SVR10,0.6442179144385027,0.8125,0.47593582887700536,0.5024630541871922,0.6463366596638656,0.8529411764705882,0.4397321428571429,0.46887966804979253,0.6668773704171935,0.7142857142857143,0.6194690265486726,0.6299212598425197
ridge,0.7510583778966131,0.6875,0.8146167557932263,0.8045977011494253,0.7452074579831933,0.6176470588235294,0.8727678571428572,0.8547717842323651,0.7206068268015171,0.8571428571428571,0.584070796460177,0.6141732283464567
