,all,all,all,all,no revasc,no revasc,no revasc,no revasc,with revasc,with revasc,with revasc,with revasc
,Test AUC,Sensitivity,Specificity,Accuracy,Test AUC,Sensitivity,Specificity,Accuracy,Test AUC,Sensitivity,Specificity,Accuracy
lasso,0.6525079847112415,0.5633802816901409,0.741635687732342,0.7208538587848933,0.6355092592592592,0.44,0.8310185185185185,0.7904564315352697,0.6172506738544474,0.8571428571428571,0.37735849056603776,0.4566929133858268
linreg,0.6504659929839258,0.43661971830985913,0.8643122676579926,0.8144499178981938,0.6656018518518518,0.44,0.8912037037037037,0.8443983402489627,0.5916442048517521,0.42857142857142855,0.7547169811320755,0.7007874015748031
SVR10,0.625412325252631,0.5352112676056338,0.7156133828996283,0.6945812807881774,0.6615277777777778,0.58,0.7430555555555556,0.7261410788381742,0.5161725067385444,0.42857142857142855,0.6037735849056604,0.5748031496062992
ridge,0.6354521179119326,0.4084507042253521,0.862453531598513,0.8095238095238095,0.6467592592592591,0.4,0.8935185185185185,0.8423236514522822,0.5822102425876011,0.42857142857142855,0.7358490566037736,0.6850393700787402
