,all,all,all,all,no revasc,no revasc,no revasc,no revasc,with revasc,with revasc,with revasc,with revasc
,Test AUC,Sensitivity,Specificity,Accuracy,Test AUC,Sensitivity,Specificity,Accuracy,Test AUC,Sensitivity,Specificity,Accuracy
lasso,0.6506590460587557,0.5981308411214953,0.703187250996016,0.6847290640394089,0.6467972636815921,0.5125,0.7810945273631841,0.7365145228215768,0.6209259259259259,0.8518518518518519,0.39,0.4881889763779528
linreg,0.645976840302342,0.7102803738317757,0.5816733067729083,0.6042692939244664,0.6533893034825871,0.6625,0.6442786069651741,0.6473029045643154,0.5909259259259259,0.8518518518518519,0.32999999999999996,0.4409448818897638
SVR10,0.5068231745913543,0.9439252336448598,0.06972111553784865,0.2233169129720854,0.5135883084577114,0.9625,0.06467661691542292,0.21369294605809128,0.4894444444444444,0.0,1.0,0.7874015748031497
ridge,0.646972856238597,0.7102803738317757,0.5836653386454183,0.6059113300492611,0.6546330845771144,0.6625,0.6467661691542288,0.6493775933609959,0.5909259259259259,0.8518518518518519,0.32999999999999996,0.4409448818897638
