,all,all,all,all,no revasc,no revasc,no revasc,no revasc,with revasc,with revasc,with revasc,with revasc
,Test AUC,Sensitivity,Specificity,Accuracy,Test AUC,Sensitivity,Specificity,Accuracy,Test AUC,Sensitivity,Specificity,Accuracy
lasso,0.7133881355044768,0.7464788732394366,0.6802973977695168,0.6880131362889984,0.7073148148148148,0.66,0.7546296296296297,0.7448132780082988,0.6648697214734951,0.9523809523809523,0.37735849056603776,0.47244094488188976
linreg,0.7560343473480287,0.8169014084507042,0.6951672862453532,0.7093596059113301,0.7673148148148148,0.78,0.7546296296296297,0.7572614107883817,0.6787960467205749,0.9047619047619048,0.4528301886792453,0.5275590551181102
SVR10,0.5791140897429186,0.29577464788732394,0.862453531598513,0.7963875205254516,0.5947685185185185,0.34,0.849537037037037,0.7966804979253111,0.552785265049416,0.19047619047619047,0.9150943396226415,0.7952755905511811
ridge,0.7551049793182889,0.8169014084507042,0.6933085501858736,0.7077175697865353,0.7761574074074075,0.8,0.7523148148148149,0.7572614107883817,0.6549865229110512,0.8571428571428571,0.4528301886792453,0.5196850393700787
