,all,all,all,all,no revasc,no revasc,no revasc,no revasc,with revasc,with revasc,with revasc,with revasc
,Test AUC,Sensitivity,Specificity,Accuracy,Test AUC,Sensitivity,Specificity,Accuracy,Test AUC,Sensitivity,Specificity,Accuracy
lasso,0.5667144506087799,0.24299065420560748,0.8904382470119522,0.7766830870279147,0.5438743781094527,0.1375,0.9502487562189055,0.8153526970954357,0.6027777777777777,0.5555555555555556,0.65,0.6299212598425197
linreg,0.5674032840600216,0.2523364485981308,0.8824701195219123,0.7717569786535303,0.5701803482587064,0.2125,0.927860696517413,0.8091286307053942,0.5351851851851851,0.37037037037037035,0.7,0.6299212598425197
SVR10,0.4503853743902893,0.0,1.0,0.8243021346469622,0.43566542288557214,0.0,1.0,0.8340248962655602,0.5451851851851851,0.37037037037037035,0.72,0.6456692913385826
ridge,0.5674032840600216,0.2523364485981308,0.8824701195219123,0.7717569786535303,0.5701803482587064,0.2125,0.927860696517413,0.8091286307053942,0.5351851851851851,0.37037037037037035,0.7,0.6299212598425197
