,all,all,all,all,no revasc,no revasc,no revasc,no revasc,with revasc,with revasc,with revasc,with revasc
,Test AUC,Sensitivity,Specificity,Accuracy,Test AUC,Sensitivity,Specificity,Accuracy,Test AUC,Sensitivity,Specificity,Accuracy
lasso,0.7391934046345812,0.7083333333333334,0.7700534759358288,0.7651888341543513,0.7489495798319328,0.6764705882352942,0.8214285714285714,0.8112033195020747,0.6760429835651074,0.7857142857142857,0.5663716814159292,0.5905511811023622
linreg,0.723596256684492,0.875,0.572192513368984,0.5960591133004927,0.7400866596638656,0.8529411764705882,0.6272321428571428,0.6431535269709544,0.6412768647281921,0.9285714285714286,0.35398230088495575,0.41732283464566927
SVR10,0.5786541889483067,0.5833333333333334,0.5739750445632799,0.5747126436781609,0.5840992647058824,0.5588235294117647,0.609375,0.6058091286307054,0.5382427307206068,0.6428571428571429,0.4336283185840708,0.4566929133858268
ridge,0.723596256684492,0.875,0.572192513368984,0.5960591133004927,0.7400866596638656,0.8529411764705882,0.6272321428571428,0.6431535269709544,0.6412768647281921,0.9285714285714286,0.35398230088495575,0.41732283464566927
