,all,all,all,all,no revasc,no revasc,no revasc,no revasc,with revasc,with revasc,with revasc,with revasc
,Test AUC,Sensitivity,Specificity,Accuracy,Test AUC,Sensitivity,Specificity,Accuracy,Test AUC,Sensitivity,Specificity,Accuracy
lasso,0.7023052464228935,0.8235294117647058,0.5810810810810811,0.5878489326765188,0.6906002702181047,0.7272727272727273,0.653927813163482,0.6556016597510373,0.6487603305785123,1.0,0.2975206611570248,0.33070866141732286
linreg,0.7251093004769475,0.8235294117647058,0.6266891891891893,0.632183908045977,0.7128932638486779,0.7272727272727273,0.6985138004246285,0.6991701244813278,0.6735537190082644,1.0,0.3471074380165289,0.3779527559055118
SVR10,0.6295210651828298,0.8823529411764706,0.37668918918918914,0.39080459770114945,0.6668596795985331,0.9090909090909091,0.42462845010615713,0.43568464730290457,0.5117079889807163,0.8333333333333334,0.1900826446280992,0.2204724409448819
ridge,0.7251093004769475,0.8235294117647058,0.6266891891891893,0.632183908045977,0.7128932638486779,0.7272727272727273,0.6985138004246285,0.6991701244813278,0.6735537190082644,1.0,0.3471074380165289,0.3779527559055118
