,all,all,all,all,no revasc,no revasc,no revasc,no revasc,with revasc,with revasc,with revasc,with revasc
,Test AUC,Sensitivity,Specificity,Accuracy,Test AUC,Sensitivity,Specificity,Accuracy,Test AUC,Sensitivity,Specificity,Accuracy
lasso,0.7099303135888502,0.7142857142857143,0.705574912891986,0.7060755336617406,0.7196498905908096,0.68,0.7592997811816192,0.7551867219917012,0.6478632478632479,0.8,0.49572649572649574,0.5196850393700787
linreg,0.7411149825783971,0.9142857142857143,0.5679442508710801,0.5878489326765188,0.772910284463895,0.92,0.6258205689277899,0.6410788381742739,0.620940170940171,0.9,0.3418803418803419,0.3858267716535433
SVR10,0.6209059233449477,0.7714285714285715,0.47038327526132406,0.4876847290640394,0.6217943107221007,0.76,0.48358862144420134,0.4979253112033195,0.6094017094017095,0.8,0.41880341880341876,0.44881889763779526
ridge,0.7242160278745644,0.8857142857142857,0.5627177700348431,0.5812807881773399,0.7496280087527352,0.88,0.6192560175054704,0.6327800829875518,0.620940170940171,0.9,0.3418803418803419,0.3858267716535433
