,all,all,all,all,no revasc,no revasc,no revasc,no revasc,with revasc,with revasc,with revasc,with revasc
,Test AUC,Sensitivity,Specificity,Accuracy,Test AUC,Sensitivity,Specificity,Accuracy,Test AUC,Sensitivity,Specificity,Accuracy
lasso,0.7538327526132403,0.8857142857142857,0.6219512195121951,0.6371100164203612,0.7712035010940919,0.84,0.7024070021881839,0.7095435684647303,0.6538461538461539,1.0,0.3076923076923077,0.36220472440944884
linreg,0.7945993031358884,0.9428571428571428,0.6463414634146342,0.6633825944170771,0.8166739606126915,0.92,0.7133479212253829,0.7240663900414938,0.6923076923076923,1.0,0.3846153846153846,0.4330708661417323
SVR10,0.662369337979094,0.8857142857142857,0.4390243902439024,0.46469622331691296,0.7086652078774617,0.96,0.4573304157549234,0.483402489626556,0.5337606837606838,0.7,0.36752136752136755,0.3937007874015748
ridge,0.7888501742160279,0.9714285714285714,0.6062717770034843,0.6272577996715928,0.8158862144420131,0.96,0.6717724288840263,0.6867219917012448,0.6752136752136753,1.0,0.3504273504273504,0.4015748031496063
