,all,all,all,all,no revasc,no revasc,no revasc,no revasc,with revasc,with revasc,with revasc,with revasc
,Test AUC,Sensitivity,Specificity,Accuracy,Test AUC,Sensitivity,Specificity,Accuracy,Test AUC,Sensitivity,Specificity,Accuracy
lasso,0.5755919854280509,0.3333333333333333,0.8178506375227687,0.7701149425287356,0.5916431613295725,0.3170731707317073,0.8662131519274376,0.8195020746887967,0.49439571150097467,0.0,1.0,0.8503937007874016
linreg,0.6127049180327869,0.4166666666666667,0.8087431693989071,0.7701149425287356,0.6157568718544328,0.3902439024390244,0.8412698412698413,0.8029045643153527,0.5748050682261209,0.47368421052631576,0.6759259259259259,0.6456692913385826
SVR10,0.522632058287796,0.31666666666666665,0.7285974499089254,0.6880131362889984,0.534400752170787,0.36585365853658536,0.7029478458049887,0.6742738589211619,0.5219298245614035,0.21052631578947367,0.8333333333333334,0.7401574803149606
ridge,0.6312386156648452,0.5666666666666667,0.6958105646630237,0.6830870279146142,0.6367734085504122,0.5365853658536586,0.7369614512471656,0.7199170124481328,0.5796783625730995,0.631578947368421,0.5277777777777778,0.5433070866141733
