,all,all,all,all,no revasc,no revasc,no revasc,no revasc,with revasc,with revasc,with revasc,with revasc
,Test AUC,Sensitivity,Specificity,Accuracy,Test AUC,Sensitivity,Specificity,Accuracy,Test AUC,Sensitivity,Specificity,Accuracy
lasso,0.6815953654188949,0.75,0.6131907308377897,0.6239737274220033,0.6846113445378151,0.7352941176470589,0.6339285714285714,0.6410788381742739,0.6583438685208596,0.7857142857142857,0.5309734513274336,0.5590551181102362
linreg,0.6886697860962567,0.6875,0.6898395721925134,0.6896551724137931,0.69202993697479,0.6764705882352942,0.7075892857142857,0.7053941908713693,0.6668773704171935,0.7142857142857143,0.6194690265486726,0.6299212598425197
SVR10,0.58673128342246,0.6458333333333334,0.5276292335115864,0.5369458128078818,0.5833771008403361,0.6176470588235294,0.5491071428571428,0.553941908713693,0.5783817951959546,0.7142857142857143,0.4424778761061947,0.47244094488188976
ridge,0.6886697860962567,0.6875,0.6898395721925134,0.6896551724137931,0.69202993697479,0.6764705882352942,0.7075892857142857,0.7053941908713693,0.6668773704171935,0.7142857142857143,0.6194690265486726,0.6299212598425197
