,all,all,all,all,no revasc,no revasc,no revasc,no revasc,with revasc,with revasc,with revasc,with revasc
,Test AUC,Sensitivity,Specificity,Accuracy,Test AUC,Sensitivity,Specificity,Accuracy,Test AUC,Sensitivity,Specificity,Accuracy
lasso,0.7401403743315509,0.7708333333333334,0.7094474153297683,0.7142857142857143,0.7277442226890757,0.6764705882352942,0.7790178571428572,0.7717842323651453,0.7168141592920354,1.0,0.4336283185840708,0.49606299212598426
linreg,0.7575200534759358,0.9375,0.5775401069518716,0.6059113300492611,0.7717305672268908,0.9117647058823529,0.6316964285714286,0.6514522821576764,0.6814159292035398,1.0,0.36283185840707965,0.4330708661417323
SVR10,0.6981951871657754,0.7083333333333334,0.6880570409982174,0.6896551724137931,0.6717436974789915,0.6470588235294118,0.6964285714285714,0.6929460580912863,0.7560050568900127,0.8571428571428571,0.6548672566371682,0.6771653543307087
ridge,0.7557375222816399,0.9375,0.5739750445632799,0.6026272577996716,0.7706144957983193,0.9117647058823529,0.6294642857142857,0.6493775933609959,0.6769911504424779,1.0,0.35398230088495575,0.4251968503937008
