,all,all,all,all,no revasc,no revasc,no revasc,no revasc,with revasc,with revasc,with revasc,with revasc
,Test AUC,Sensitivity,Specificity,Accuracy,Test AUC,Sensitivity,Specificity,Accuracy,Test AUC,Sensitivity,Specificity,Accuracy
lasso,0.6635979446699185,0.719626168224299,0.6075697211155379,0.6272577996715928,0.6583022388059702,0.6375,0.6791044776119404,0.6721991701244814,0.6414814814814814,0.9629629629629629,0.31999999999999995,0.4566929133858268
linreg,0.6813866031202293,0.5420560747663551,0.8207171314741035,0.7717569786535303,0.6728233830845772,0.475,0.8706467661691543,0.8049792531120332,0.6803703703703703,0.7407407407407407,0.62,0.6456692913385826
SVR10,0.6066854079011059,0.5420560747663551,0.6713147410358566,0.6486042692939245,0.6083644278606966,0.5625,0.6542288557213931,0.6390041493775933,0.6107407407407408,0.48148148148148145,0.74,0.6850393700787402
ridge,0.6813866031202293,0.5420560747663551,0.8207171314741035,0.7717569786535303,0.6728233830845772,0.475,0.8706467661691543,0.8049792531120332,0.6803703703703703,0.7407407407407407,0.62,0.6456692913385826
