,all,all,all,all,no revasc,no revasc,no revasc,no revasc,with revasc,with revasc,with revasc,with revasc
,Test AUC,Sensitivity,Specificity,Accuracy,Test AUC,Sensitivity,Specificity,Accuracy,Test AUC,Sensitivity,Specificity,Accuracy
lasso,0.7018493150684932,0.64,0.7636986301369864,0.7586206896551724,0.6948134092346615,0.5294117647058824,0.8602150537634409,0.8485477178423236,0.6307773109243697,0.875,0.38655462184873945,0.41732283464566927
linreg,0.7401369863013699,0.72,0.7602739726027398,0.7586206896551724,0.7156230234029096,0.5882352941176471,0.843010752688172,0.8340248962655602,0.7184873949579832,1.0,0.4369747899159664,0.47244094488188976
SVR10,0.524417808219178,0.28,0.7688356164383562,0.7487684729064039,0.547438330170778,0.35294117647058826,0.7419354838709677,0.7282157676348547,0.4994747899159664,0.0,1.0,0.937007874015748
ridge,0.7401369863013699,0.72,0.7602739726027398,0.7586206896551724,0.7156230234029096,0.5882352941176471,0.843010752688172,0.8340248962655602,0.7184873949579832,1.0,0.4369747899159664,0.47244094488188976
