,all,all,all,all,no revasc,no revasc,no revasc,no revasc,with revasc,with revasc,with revasc,with revasc
,Test AUC,Sensitivity,Specificity,Accuracy,Test AUC,Sensitivity,Specificity,Accuracy,Test AUC,Sensitivity,Specificity,Accuracy
lasso,0.6668150684931508,0.76,0.5736301369863014,0.5812807881773399,0.6418089816571789,0.6470588235294118,0.6365591397849462,0.6369294605809128,0.6638655462184874,1.0,0.32773109243697474,0.3700787401574803
linreg,0.7261986301369863,0.8,0.6523972602739726,0.6584564860426929,0.7120809614168249,0.7058823529411765,0.7182795698924731,0.7178423236514523,0.6974789915966386,1.0,0.39495798319327735,0.4330708661417323
SVR10,0.4991438356164384,0.0,1.0,0.9589490968801314,0.5,0.0,1.0,0.9647302904564315,0.4957983193277311,0.0,1.0,0.937007874015748
ridge,0.7270547945205481,0.8,0.654109589041096,0.6600985221674877,0.7131562302340292,0.7058823529411765,0.7204301075268817,0.7199170124481328,0.6974789915966386,1.0,0.39495798319327735,0.4330708661417323
