,all,all,all,all,no revasc,no revasc,no revasc,no revasc,with revasc,with revasc,with revasc,with revasc
,Test AUC,Sensitivity,Specificity,Accuracy,Test AUC,Sensitivity,Specificity,Accuracy,Test AUC,Sensitivity,Specificity,Accuracy
lasso,0.7121129326047358,0.7666666666666667,0.6575591985428051,0.6683087027914614,0.7218627288313699,0.7317073170731707,0.7120181405895691,0.7136929460580913,0.6386452241715399,0.8421052631578947,0.43518518518518523,0.49606299212598426
linreg,0.7383879781420764,0.75,0.7267759562841529,0.729064039408867,0.7601349482882584,0.7560975609756098,0.764172335600907,0.7634854771784232,0.655458089668616,0.7368421052631579,0.5740740740740741,0.5984251968503937
SVR10,0.6154826958105646,0.5333333333333333,0.697632058287796,0.6814449917898193,0.6410320225651236,0.5609756097560976,0.7210884353741497,0.7074688796680498,0.5377680311890838,0.47368421052631576,0.6018518518518519,0.5826771653543307
ridge,0.7374772313296903,0.75,0.7249544626593807,0.7274220032840722,0.7590011614401858,0.7560975609756098,0.7619047619047619,0.7614107883817427,0.655458089668616,0.7368421052631579,0.5740740740740741,0.5984251968503937
