,all,all,all,all,no revasc,no revasc,no revasc,no revasc,with revasc,with revasc,with revasc,with revasc
,Test AUC,Sensitivity,Specificity,Accuracy,Test AUC,Sensitivity,Specificity,Accuracy,Test AUC,Sensitivity,Specificity,Accuracy
lasso,0.7400696864111499,0.8285714285714286,0.6515679442508711,0.6617405582922824,0.7555798687089715,0.8,0.711159737417943,0.7157676348547718,0.6594017094017093,0.9,0.41880341880341876,0.4566929133858268
linreg,0.7236933797909407,0.7714285714285715,0.6759581881533101,0.6814449917898193,0.7366739606126914,0.76,0.7133479212253829,0.7157676348547718,0.664957264957265,0.8,0.5299145299145299,0.5511811023622047
SVR10,0.6104529616724739,0.9142857142857143,0.3066202090592335,0.3415435139573071,0.6372428884026258,0.92,0.3544857768052516,0.38381742738589214,0.5098290598290598,0.9,0.11965811965811968,0.18110236220472442
ridge,0.7236933797909407,0.7714285714285715,0.6759581881533101,0.6814449917898193,0.7366739606126914,0.76,0.7133479212253829,0.7157676348547718,0.664957264957265,0.8,0.5299145299145299,0.5511811023622047
