,all,all,all,all,no revasc,no revasc,no revasc,no revasc,with revasc,with revasc,with revasc,with revasc
,Test AUC,Sensitivity,Specificity,Accuracy,Test AUC,Sensitivity,Specificity,Accuracy,Test AUC,Sensitivity,Specificity,Accuracy
lasso,0.6546362819937136,0.6470588235294118,0.6622137404580153,0.6600985221674877,0.6687403993855606,0.6612903225806451,0.6761904761904762,0.6742738589211619,0.607232441471572,0.6086956521739131,0.6057692307692308,0.6062992125984252
linreg,0.6576448136506512,0.7294117647058823,0.5858778625954199,0.6059113300492611,0.6847158218125959,0.7741935483870968,0.5952380952380952,0.6182572614107884,0.5783862876254181,0.6086956521739131,0.5480769230769231,0.5590551181102362
SVR10,0.5740458015267175,0.4,0.7480916030534351,0.6995073891625616,0.5858678955453149,0.41935483870967744,0.7523809523809524,0.7095435684647303,0.5392976588628763,0.34782608695652173,0.7307692307692308,0.6614173228346457
ridge,0.6576448136506512,0.7294117647058823,0.5858778625954199,0.6059113300492611,0.6847158218125959,0.7741935483870968,0.5952380952380952,0.6182572614107884,0.5783862876254181,0.6086956521739131,0.5480769230769231,0.5590551181102362
