,all,all,all,all,no revasc,no revasc,no revasc,no revasc,with revasc,with revasc,with revasc,with revasc
,Test AUC,Sensitivity,Specificity,Accuracy,Test AUC,Sensitivity,Specificity,Accuracy,Test AUC,Sensitivity,Specificity,Accuracy
lasso,0.665274064171123,0.4375,0.893048128342246,0.8571428571428571,0.607799369747899,0.2647058823529412,0.9508928571428571,0.9024896265560166,0.7604298356510745,0.8571428571428571,0.663716814159292,0.6850393700787402
linreg,0.591744652406417,0.2708333333333333,0.9126559714795008,0.8620689655172413,0.5739233193277311,0.20588235294117646,0.9419642857142857,0.8900414937759336,0.6125158027812895,0.42857142857142855,0.7964601769911505,0.7559055118110236
SVR10,0.5208333333333334,0.041666666666666664,1.0,0.9244663382594417,0.5147058823529411,0.029411764705882353,1.0,0.9315352697095436,0.5357142857142857,0.07142857142857142,1.0,0.8976377952755905
ridge,0.5926359180035651,0.2708333333333333,0.9144385026737968,0.8637110016420362,0.5750393907563025,0.20588235294117646,0.9441964285714286,0.8921161825726142,0.6125158027812895,0.42857142857142855,0.7964601769911505,0.7559055118110236
