,all,all,all,all,no revasc,no revasc,no revasc,no revasc,with revasc,with revasc,with revasc,with revasc
,Test AUC,Sensitivity,Specificity,Accuracy,Test AUC,Sensitivity,Specificity,Accuracy,Test AUC,Sensitivity,Specificity,Accuracy
lasso,0.7599303135888502,0.8857142857142857,0.6341463414634146,0.6486042692939245,0.7766739606126913,0.84,0.7133479212253829,0.7199170124481328,0.6623931623931624,1.0,0.32478632478632474,0.3779527559055118
linreg,0.7806620209059234,0.9428571428571428,0.6184668989547039,0.6371100164203612,0.8191684901531727,0.96,0.6783369803063457,0.6929460580912863,0.6423076923076922,0.9,0.3846153846153846,0.4251968503937008
SVR10,0.6303135888501742,0.4,0.8606271777003485,0.8341543513957307,0.6431072210065645,0.4,0.886214442013129,0.8609958506224067,0.5803418803418803,0.4,0.7606837606837606,0.7322834645669292
ridge,0.7815331010452962,0.9428571428571428,0.6202090592334495,0.638752052545156,0.8202625820568927,0.96,0.6805251641137855,0.6950207468879668,0.6423076923076922,0.9,0.3846153846153846,0.4251968503937008
