,all,all,all,all,no revasc,no revasc,no revasc,no revasc,with revasc,with revasc,with revasc,with revasc
,Test AUC,Sensitivity,Specificity,Accuracy,Test AUC,Sensitivity,Specificity,Accuracy,Test AUC,Sensitivity,Specificity,Accuracy
lasso,0.6467494507949512,0.6261682242990654,0.6673306772908367,0.6600985221674877,0.6581467661691542,0.575,0.7412935323383085,0.7136929460580913,0.5738888888888889,0.7777777777777778,0.37,0.4566929133858268
linreg,0.6740980005212794,0.6728971962616822,0.6752988047808766,0.6748768472906403,0.6619402985074627,0.6,0.7238805970149254,0.7033195020746889,0.6844444444444444,0.8888888888888888,0.48,0.5669291338582677
SVR10,0.5495494656886473,0.2803738317757009,0.8187250996015936,0.7241379310344828,0.5579912935323385,0.3125,0.8034825870646767,0.7219917012448133,0.5325925925925925,0.18518518518518517,0.88,0.7322834645669292
ridge,0.6596231894850505,0.5981308411214953,0.7211155378486056,0.6995073891625616,0.6530783582089552,0.5375,0.7686567164179104,0.7302904564315352,0.6538888888888889,0.7777777777777778,0.53,0.5826771653543307
