,all,all,all,all,no revasc,no revasc,no revasc,no revasc,with revasc,with revasc,with revasc,with revasc
,Test AUC,Sensitivity,Specificity,Accuracy,Test AUC,Sensitivity,Specificity,Accuracy,Test AUC,Sensitivity,Specificity,Accuracy
lasso,0.6945993031358886,0.7428571428571429,0.6463414634146342,0.6518883415435139,0.6966739606126916,0.68,0.7133479212253829,0.7116182572614108,0.6423076923076922,0.9,0.3846153846153846,0.4251968503937008
linreg,0.7148083623693381,0.8285714285714286,0.6010452961672474,0.6141215106732348,0.7315098468271335,0.8,0.6630196936542669,0.6701244813278008,0.6294871794871795,0.9,0.3589743589743589,0.4015748031496063
SVR10,0.6313588850174217,0.4857142857142857,0.7770034843205575,0.7602627257799671,0.6494967177242889,0.52,0.7789934354485777,0.7655601659751037,0.5846153846153845,0.4,0.7692307692307692,0.7401574803149606
ridge,0.7148083623693381,0.8285714285714286,0.6010452961672474,0.6141215106732348,0.7315098468271335,0.8,0.6630196936542669,0.6701244813278008,0.6294871794871795,0.9,0.3589743589743589,0.4015748031496063
