,all,all,all,all,no revasc,no revasc,no revasc,no revasc,with revasc,with revasc,with revasc,with revasc
,Test AUC,Sensitivity,Specificity,Accuracy,Test AUC,Sensitivity,Specificity,Accuracy,Test AUC,Sensitivity,Specificity,Accuracy
lasso,0.5638515105502906,0.30985915492957744,0.8178438661710037,0.7586206896551724,0.5728703703703704,0.28,0.8657407407407407,0.8049792531120332,0.5017969451931716,0.38095238095238093,0.6226415094339622,0.5826771653543307
linreg,0.602387559558092,0.39436619718309857,0.8104089219330854,0.7619047619047619,0.6124537037037037,0.38,0.8449074074074074,0.7966804979253111,0.5491913746630728,0.42857142857142855,0.6698113207547169,0.6299212598425197
SVR10,0.5351850882245144,0.3380281690140845,0.7323420074349443,0.6863711001642037,0.5541666666666666,0.4,0.7083333333333333,0.6763485477178424,0.5103324348607368,0.19047619047619047,0.8301886792452831,0.7244094488188977
ridge,0.6161186449552333,0.5352112676056338,0.6970260223048328,0.6781609195402298,0.6192129629629629,0.5,0.7384259259259259,0.7136929460580913,0.573674752920036,0.6190476190476191,0.5283018867924528,0.5433070866141733
