,all,all,all,all,no revasc,no revasc,no revasc,no revasc,with revasc,with revasc,with revasc,with revasc
,Test AUC,Sensitivity,Specificity,Accuracy,Test AUC,Sensitivity,Specificity,Accuracy,Test AUC,Sensitivity,Specificity,Accuracy
lasso,0.6375911896745231,0.5308641975308642,0.7443181818181819,0.715927750410509,0.610790559762792,0.3728813559322034,0.8486997635933806,0.7904564315352697,0.6391774891774892,0.9545454545454546,0.32380952380952377,0.4330708661417323
linreg,0.6570216049382716,0.5432098765432098,0.7708333333333334,0.7405582922824302,0.6458708979444644,0.4406779661016949,0.851063829787234,0.8008298755186722,0.6329004329004329,0.8181818181818182,0.4476190476190476,0.5118110236220472
SVR10,0.51378367003367,0.037037037037037035,0.990530303030303,0.8637110016420362,0.5145850863485194,0.03389830508474576,0.9952718676122931,0.8775933609958506,0.5084415584415585,0.045454545454545456,0.9714285714285714,0.8110236220472441
ridge,0.6570216049382716,0.5432098765432098,0.7708333333333334,0.7405582922824302,0.6458708979444644,0.4406779661016949,0.851063829787234,0.8008298755186722,0.6329004329004329,0.8181818181818182,0.4476190476190476,0.5118110236220472
