,all,all,all,all,no revasc,no revasc,no revasc,no revasc,with revasc,with revasc,with revasc,with revasc
,Test AUC,Sensitivity,Specificity,Accuracy,Test AUC,Sensitivity,Specificity,Accuracy,Test AUC,Sensitivity,Specificity,Accuracy
lasso,0.6806849315068493,0.56,0.8013698630136986,0.7914614121510674,0.6435167615433269,0.4117647058823529,0.875268817204301,0.8589211618257261,0.6938025210084033,0.875,0.5126050420168067,0.5354330708661418
linreg,0.7080821917808219,0.56,0.8561643835616438,0.8440065681444991,0.7163187855787476,0.5294117647058824,0.9032258064516129,0.8900414937759336,0.6486344537815126,0.625,0.6722689075630253,0.6692913385826772
SVR10,0.524041095890411,0.12,0.928082191780822,0.8949096880131363,0.5581277672359267,0.17647058823529413,0.9397849462365592,0.9128630705394191,0.4411764705882353,0.0,1.0,0.937007874015748
ridge,0.7080821917808219,0.56,0.8561643835616438,0.8440065681444991,0.7163187855787476,0.5294117647058824,0.9032258064516129,0.8900414937759336,0.6486344537815126,0.625,0.6722689075630253,0.6692913385826772
