,all,all,all,all,no revasc,no revasc,no revasc,no revasc,with revasc,with revasc,with revasc,with revasc
,Test AUC,Sensitivity,Specificity,Accuracy,Test AUC,Sensitivity,Specificity,Accuracy,Test AUC,Sensitivity,Specificity,Accuracy
lasso,0.725609756097561,0.8571428571428571,0.5940766550522648,0.6091954022988506,0.7482275711159737,0.84,0.6564551422319476,0.6659751037344398,0.6252136752136752,0.9,0.3504273504273504,0.3937007874015748
linreg,0.7385017421602786,0.9142857142857143,0.5627177700348431,0.5829228243021346,0.7652516411378556,0.92,0.6105032822757112,0.6265560165975104,0.638034188034188,0.9,0.37606837606837606,0.41732283464566927
SVR10,0.5261324041811847,0.14285714285714285,0.9094076655052264,0.8653530377668309,0.5238949671772429,0.12,0.9277899343544858,0.8858921161825726,0.5188034188034188,0.2,0.8376068376068376,0.7874015748031497
ridge,0.7393728222996515,0.9142857142857143,0.5644599303135889,0.5845648604269293,0.7685339168490153,0.92,0.6170678336980306,0.6327800829875518,0.6294871794871795,0.9,0.3589743589743589,0.4015748031496063
