,all,all,all,all,no revasc,no revasc,no revasc,no revasc,with revasc,with revasc,with revasc,with revasc
,Test AUC,Sensitivity,Specificity,Accuracy,Test AUC,Sensitivity,Specificity,Accuracy,Test AUC,Sensitivity,Specificity,Accuracy
lasso,0.6072855859901212,0.38823529411764707,0.8263358778625954,0.7651888341543513,0.5847158218125961,0.27419354838709675,0.8952380952380953,0.8153526970954357,0.6218645484949834,0.6956521739130435,0.5480769230769231,0.5748031496062992
linreg,0.5988549618320609,0.4,0.7977099236641221,0.7422003284072249,0.6107526881720431,0.3548387096774194,0.8666666666666667,0.8008298755186722,0.5204849498327759,0.5217391304347826,0.5192307692307692,0.5196850393700787
SVR10,0.5058823529411764,0.011764705882352941,1.0,0.8620689655172413,0.5,0.0,1.0,0.8713692946058091,0.5217391304347826,0.043478260869565216,1.0,0.8267716535433071
ridge,0.5988549618320609,0.4,0.7977099236641221,0.7422003284072249,0.6107526881720431,0.3548387096774194,0.8666666666666667,0.8008298755186722,0.5204849498327759,0.5217391304347826,0.5192307692307692,0.5196850393700787
