,all,all,all,all,no revasc,no revasc,no revasc,no revasc,with revasc,with revasc,with revasc,with revasc
,Test AUC,Sensitivity,Specificity,Accuracy,Test AUC,Sensitivity,Specificity,Accuracy,Test AUC,Sensitivity,Specificity,Accuracy
lasso,0.634024064171123,0.7083333333333334,0.5597147950089126,0.5714285714285714,0.6585477941176471,0.6764705882352942,0.640625,0.6431535269709544,0.5123261694058154,0.7857142857142857,0.23893805309734517,0.2992125984251969
linreg,0.634024064171123,0.7083333333333334,0.5597147950089126,0.5714285714285714,0.6585477941176471,0.6764705882352942,0.640625,0.6431535269709544,0.5123261694058154,0.7857142857142857,0.23893805309734517,0.2992125984251969
SVR10,0.4794451871657754,0.0,1.0,0.9211822660098522,0.4795168067226891,0.0,1.0,0.9294605809128631,0.4819848293299621,0.0,1.0,0.889763779527559
ridge,0.634024064171123,0.7083333333333334,0.5597147950089126,0.5714285714285714,0.6585477941176471,0.6764705882352942,0.640625,0.6431535269709544,0.5123261694058154,0.7857142857142857,0.23893805309734517,0.2992125984251969
