,all,all,all,all,no revasc,no revasc,no revasc,no revasc,with revasc,with revasc,with revasc,with revasc
,Test AUC,Sensitivity,Specificity,Accuracy,Test AUC,Sensitivity,Specificity,Accuracy,Test AUC,Sensitivity,Specificity,Accuracy
lasso,0.649445847362514,0.5432098765432098,0.7556818181818181,0.7274220032840722,0.6239932684216853,0.3898305084745763,0.8581560283687943,0.8008298755186722,0.6487012987012988,0.9545454545454546,0.34285714285714286,0.44881889763779526
linreg,0.6590558361391694,0.6419753086419753,0.6761363636363636,0.6715927750410509,0.6590936410626277,0.559322033898305,0.7588652482269503,0.7344398340248963,0.6032467532467534,0.8636363636363636,0.34285714285714286,0.4330708661417323
SVR10,0.5209034792368126,0.04938271604938271,0.9924242424242424,0.8669950738916257,0.5218776295227792,0.05084745762711865,0.9929078014184397,0.8775933609958506,0.517965367965368,0.045454545454545456,0.9904761904761905,0.8267716535433071
ridge,0.6581088664421998,0.6419753086419753,0.6742424242424243,0.6699507389162561,0.6590936410626277,0.559322033898305,0.7588652482269503,0.7344398340248963,0.5984848484848485,0.8636363636363636,0.33333333333333337,0.4251968503937008
