,all,all,all,all,no revasc,no revasc,no revasc,no revasc,with revasc,with revasc,with revasc,with revasc
,Test AUC,Sensitivity,Specificity,Accuracy,Test AUC,Sensitivity,Specificity,Accuracy,Test AUC,Sensitivity,Specificity,Accuracy
lasso,0.6647945205479452,0.72,0.6095890410958904,0.6141215106732348,0.6328273244781785,0.5882352941176471,0.6774193548387097,0.6742738589211619,0.6722689075630253,1.0,0.3445378151260504,0.3858267716535433
linreg,0.6930479452054794,0.72,0.6660958904109588,0.6683087027914614,0.6880455407969639,0.6470588235294118,0.7290322580645161,0.7261410788381742,0.6475840336134453,0.875,0.4201680672268907,0.44881889763779526
SVR10,0.5515068493150685,0.24,0.863013698630137,0.8374384236453202,0.5782416192283365,0.29411764705882354,0.8623655913978494,0.8423236514522822,0.49527310924369755,0.0,1.0,0.937007874015748
ridge,0.6879794520547945,0.84,0.535958904109589,0.548440065681445,0.6780518659076533,0.7647058823529411,0.5913978494623655,0.5975103734439834,0.6596638655462185,1.0,0.31932773109243695,0.36220472440944884
