,all,all,all,all,no revasc,no revasc,no revasc,no revasc,with revasc,with revasc,with revasc,with revasc
,Test AUC,Sensitivity,Specificity,Accuracy,Test AUC,Sensitivity,Specificity,Accuracy,Test AUC,Sensitivity,Specificity,Accuracy
lasso,0.6059872658897121,0.6542056074766355,0.5577689243027888,0.5747126436781609,0.6208955223880598,0.6,0.6417910447761195,0.6348547717842323,0.5174074074074073,0.8148148148148148,0.21999999999999997,0.3464566929133858
linreg,0.5993874967420039,0.794392523364486,0.4043824701195219,0.4729064039408867,0.6125932835820895,0.7625,0.4626865671641791,0.5124481327800829,0.5294444444444445,0.8888888888888888,0.17000000000000004,0.3228346456692913
SVR10,0.49226458651375804,0.0,1.0,0.8243021346469622,0.4912002487562189,0.0,1.0,0.8340248962655602,0.4964814814814814,0.0,1.0,0.7874015748031497
ridge,0.5993874967420039,0.794392523364486,0.4043824701195219,0.4729064039408867,0.6125932835820895,0.7625,0.4626865671641791,0.5124481327800829,0.5294444444444445,0.8888888888888888,0.17000000000000004,0.3228346456692913
