,all,all,all,all,no revasc,no revasc,no revasc,no revasc,with revasc,with revasc,with revasc,with revasc
,Test AUC,Sensitivity,Specificity,Accuracy,Test AUC,Sensitivity,Specificity,Accuracy,Test AUC,Sensitivity,Specificity,Accuracy
lasso,0.6134259259259259,0.5185185185185185,0.7083333333333333,0.6830870279146142,0.6247946467924832,0.4576271186440678,0.7919621749408984,0.7510373443983402,0.5266233766233765,0.6818181818181818,0.37142857142857144,0.4251968503937008
linreg,0.6419753086419754,0.6172839506172839,0.6666666666666667,0.6600985221674877,0.6524021316664663,0.5932203389830508,0.7115839243498818,0.6970954356846473,0.5837662337662337,0.6818181818181818,0.48571428571428577,0.5196850393700787
SVR10,0.511118125701459,0.8271604938271605,0.19507575757575757,0.2791461412151067,0.5111992627318989,0.847457627118644,0.1749408983451537,0.2572614107883817,0.5244588744588745,0.7727272727272727,0.2761904761904762,0.36220472440944884
ridge,0.6438692480359146,0.6172839506172839,0.6704545454545454,0.6633825944170771,0.6547661978603199,0.5932203389830508,0.7163120567375887,0.7012448132780082,0.5837662337662337,0.6818181818181818,0.48571428571428577,0.5196850393700787
