,all,all,all,all,no revasc,no revasc,no revasc,no revasc,with revasc,with revasc,with revasc,with revasc
,Test AUC,Sensitivity,Specificity,Accuracy,Test AUC,Sensitivity,Specificity,Accuracy,Test AUC,Sensitivity,Specificity,Accuracy
lasso,0.7670547945205479,0.88,0.654109589041096,0.6633825944170771,0.7784313725490197,0.8235294117647058,0.7333333333333334,0.7365145228215768,0.6722689075630253,1.0,0.3445378151260504,0.3858267716535433
linreg,0.7861986301369863,0.92,0.6523972602739726,0.6633825944170771,0.7981657179000633,0.8823529411764706,0.7139784946236559,0.7199170124481328,0.7058823529411764,1.0,0.4117647058823529,0.44881889763779526
SVR10,0.7148287671232876,0.88,0.5496575342465753,0.5632183908045977,0.7336495888678052,0.8823529411764706,0.5849462365591398,0.5954356846473029,0.6433823529411764,0.875,0.4117647058823529,0.4409448818897638
ridge,0.7861986301369863,0.92,0.6523972602739726,0.6633825944170771,0.7992409867172675,0.8823529411764706,0.7161290322580645,0.7219917012448133,0.7016806722689075,1.0,0.40336134453781514,0.4409448818897638
