,all,all,all,all,no revasc,no revasc,no revasc,no revasc,with revasc,with revasc,with revasc,with revasc
,Test AUC,Sensitivity,Specificity,Accuracy,Test AUC,Sensitivity,Specificity,Accuracy,Test AUC,Sensitivity,Specificity,Accuracy
lasso,0.6726088908845981,0.6352941176470588,0.7099236641221374,0.6995073891625616,0.6879416282642089,0.5806451612903226,0.7952380952380953,0.7676348547717843,0.5739966555183946,0.782608695652174,0.3653846153846154,0.4409448818897638
linreg,0.6657835653345308,0.5529411764705883,0.7786259541984732,0.7471264367816092,0.6702380952380952,0.5,0.8404761904761905,0.7966804979253111,0.6122491638795986,0.6956521739130435,0.5288461538461539,0.5590551181102362
SVR10,0.5486192186798383,0.2823529411764706,0.8148854961832062,0.7405582922824302,0.554147465437788,0.3225806451612903,0.7857142857142857,0.7261410788381742,0.5533026755852843,0.17391304347826086,0.9326923076923077,0.7952755905511811
ridge,0.6657835653345308,0.5529411764705883,0.7786259541984732,0.7471264367816092,0.6702380952380952,0.5,0.8404761904761905,0.7966804979253111,0.6122491638795986,0.6956521739130435,0.5288461538461539,0.5590551181102362
