,all,all,all,all,no revasc,no revasc,no revasc,no revasc,with revasc,with revasc,with revasc,with revasc
,Test AUC,Sensitivity,Specificity,Accuracy,Test AUC,Sensitivity,Specificity,Accuracy,Test AUC,Sensitivity,Specificity,Accuracy
lasso,0.7013937282229965,0.6571428571428571,0.7456445993031359,0.7405582922824302,0.6790371991247265,0.52,0.838074398249453,0.8215767634854771,0.6923076923076923,1.0,0.3846153846153846,0.4330708661417323
linreg,0.7054006968641116,0.6285714285714286,0.7822299651567944,0.7733990147783252,0.712472647702407,0.6,0.824945295404814,0.8132780082987552,0.6576923076923077,0.7,0.6153846153846154,0.6220472440944882
SVR10,0.52404181184669,0.5428571428571428,0.505226480836237,0.5073891625615764,0.5130415754923414,0.56,0.46608315098468267,0.470954356846473,0.5790598290598291,0.5,0.6581196581196581,0.6456692913385826
ridge,0.7045296167247387,0.6285714285714286,0.7804878048780488,0.7717569786535303,0.7113785557986871,0.6,0.8227571115973742,0.8112033195020747,0.6576923076923077,0.7,0.6153846153846154,0.6220472440944882
