,all,all,all,all,no revasc,no revasc,no revasc,no revasc,with revasc,with revasc,with revasc,with revasc
,Test AUC,Sensitivity,Specificity,Accuracy,Test AUC,Sensitivity,Specificity,Accuracy,Test AUC,Sensitivity,Specificity,Accuracy
lasso,0.6460606173437092,0.616822429906542,0.6752988047808766,0.6650246305418719,0.6381529850746269,0.5375,0.7388059701492538,0.7053941908713693,0.635925925925926,0.8518518518518519,0.42000000000000004,0.5118110236220472
linreg,0.6681963733849647,0.7009345794392523,0.6354581673306773,0.6469622331691297,0.6657649253731344,0.6375,0.6940298507462687,0.6846473029045643,0.6444444444444444,0.8888888888888888,0.4,0.5039370078740157
SVR10,0.5766653014111778,0.3644859813084112,0.7888446215139442,0.7142857142857143,0.5905161691542289,0.3875,0.7935323383084577,0.7261410788381742,0.5331481481481481,0.2962962962962963,0.77,0.6692913385826772
ridge,0.6681963733849647,0.7009345794392523,0.6354581673306773,0.6469622331691297,0.6657649253731344,0.6375,0.6940298507462687,0.6846473029045643,0.6444444444444444,0.8888888888888888,0.4,0.5039370078740157
