,all,all,all,all,no revasc,no revasc,no revasc,no revasc,with revasc,with revasc,with revasc,with revasc
,Test AUC,Sensitivity,Specificity,Accuracy,Test AUC,Sensitivity,Specificity,Accuracy,Test AUC,Sensitivity,Specificity,Accuracy
lasso,0.6786088276873135,0.7605633802816901,0.5966542750929368,0.6157635467980296,0.6891203703703703,0.7,0.6782407407407407,0.6804979253112033,0.5844564240790656,0.9047619047619048,0.26415094339622647,0.3700787401574803
linreg,0.7036624954186084,0.6619718309859155,0.7453531598513011,0.735632183908046,0.7135185185185186,0.64,0.787037037037037,0.7717842323651453,0.644878706199461,0.7142857142857143,0.5754716981132075,0.5984251968503937
SVR10,0.6367087282056653,0.5633802816901409,0.7100371747211895,0.6929392446633826,0.6480555555555556,0.56,0.7361111111111112,0.7178423236514523,0.5876010781671159,0.5714285714285714,0.6037735849056604,0.5984251968503937
ridge,0.7040551861353997,0.647887323943662,0.7602230483271375,0.7471264367816092,0.710462962962963,0.62,0.8009259259259259,0.7821576763485477,0.6543126684636118,0.7142857142857143,0.5943396226415094,0.6141732283464567
