,all,all,all,all,no revasc,no revasc,no revasc,no revasc,with revasc,with revasc,with revasc,with revasc
,Test AUC,Sensitivity,Specificity,Accuracy,Test AUC,Sensitivity,Specificity,Accuracy,Test AUC,Sensitivity,Specificity,Accuracy
lasso,0.6818493150684932,0.6,0.7636986301369864,0.7569786535303776,0.6359898798228969,0.4117647058823529,0.8602150537634409,0.8443983402489627,0.6932773109243697,1.0,0.38655462184873945,0.4251968503937008
linreg,0.6975684931506849,0.64,0.7551369863013698,0.7504105090311987,0.6915876027830486,0.5294117647058824,0.853763440860215,0.8423236514522822,0.6223739495798319,0.875,0.3697478991596639,0.4015748031496063
SVR10,0.48513698630136987,0.0,1.0,0.9589490968801314,0.5021505376344086,1.0,0.004301075268817178,0.03941908713692946,0.4543067226890756,0.0,1.0,0.937007874015748
ridge,0.6975684931506849,0.64,0.7551369863013698,0.7504105090311987,0.6915876027830486,0.5294117647058824,0.853763440860215,0.8423236514522822,0.6223739495798319,0.875,0.3697478991596639,0.4015748031496063
