,all,all,all,all,no revasc,no revasc,no revasc,no revasc,with revasc,with revasc,with revasc,with revasc
,Test AUC,Sensitivity,Specificity,Accuracy,Test AUC,Sensitivity,Specificity,Accuracy,Test AUC,Sensitivity,Specificity,Accuracy
lasso,0.722036541889483,0.7916666666666666,0.6524064171122994,0.6633825944170771,0.7223608193277311,0.7058823529411765,0.7388392857142857,0.7365145228215768,0.6548672566371682,1.0,0.3097345132743363,0.3858267716535433
linreg,0.7168560606060606,0.6458333333333334,0.7878787878787878,0.7766830870279147,0.737591911764706,0.6470588235294118,0.828125,0.8153526970954357,0.6355878634639696,0.6428571428571429,0.6283185840707964,0.6299212598425197
SVR10,0.6042223707664884,0.2708333333333333,0.9376114081996435,0.8850574712643678,0.5863970588235294,0.23529411764705882,0.9375,0.8879668049792531,0.6475979772439949,0.35714285714285715,0.9380530973451328,0.8740157480314961
ridge,0.7195298573975045,0.6458333333333334,0.7932263814616756,0.7816091954022989,0.7398240546218487,0.6470588235294118,0.8325892857142857,0.8195020746887967,0.6400126422250316,0.6428571428571429,0.6371681415929203,0.6377952755905512
