,all,all,all,all,no revasc,no revasc,no revasc,no revasc,with revasc,with revasc,with revasc,with revasc
,Test AUC,Sensitivity,Specificity,Accuracy,Test AUC,Sensitivity,Specificity,Accuracy,Test AUC,Sensitivity,Specificity,Accuracy
lasso,0.7148083623693381,0.8285714285714286,0.6010452961672474,0.6141215106732348,0.7326039387308534,0.8,0.6652078774617067,0.6721991701244814,0.6252136752136752,0.9,0.3504273504273504,0.3937007874015748
linreg,0.7473867595818815,0.8571428571428571,0.6376306620209059,0.6502463054187192,0.7690153172866521,0.84,0.6980306345733042,0.7053941908713693,0.6508547008547008,0.9,0.4017094017094017,0.4409448818897638
SVR10,0.5939024390243903,0.34285714285714286,0.8449477351916377,0.8160919540229885,0.6012253829321662,0.36,0.8424507658643325,0.8174273858921162,0.5773504273504274,0.3,0.8547008547008547,0.8110236220472441
ridge,0.745644599303136,0.8571428571428571,0.6341463414634146,0.6469622331691297,0.7679212253829322,0.84,0.6958424507658643,0.7033195020746889,0.6465811965811965,0.9,0.3931623931623932,0.4330708661417323
