,all,all,all,all,no revasc,no revasc,no revasc,no revasc,with revasc,with revasc,with revasc,with revasc
,Test AUC,Sensitivity,Specificity,Accuracy,Test AUC,Sensitivity,Specificity,Accuracy,Test AUC,Sensitivity,Specificity,Accuracy
lasso,0.7126122334455668,0.6790123456790124,0.7462121212121212,0.7372742200328407,0.7203790519693873,0.6440677966101694,0.7966903073286052,0.7780082987551867,0.6577922077922078,0.7727272727272727,0.5428571428571429,0.5826771653543307
linreg,0.7253787878787878,0.6666666666666666,0.7840909090909091,0.7684729064039408,0.7454020915975478,0.6610169491525424,0.8297872340425532,0.8091286307053942,0.6409090909090909,0.6818181818181818,0.6,0.6141732283464567
SVR10,0.5615179573512907,0.30864197530864196,0.8143939393939394,0.7471264367816092,0.5772929438634451,0.3389830508474576,0.8156028368794326,0.7572614107883817,0.5183982683982684,0.22727272727272727,0.8095238095238095,0.7086614173228346
ridge,0.7201529180695848,0.654320987654321,0.7859848484848485,0.7684729064039408,0.7284529390551749,0.6271186440677966,0.8297872340425532,0.8049792531120332,0.6683982683982684,0.7272727272727273,0.6095238095238096,0.6299212598425197
