,all,all,all,all,no revasc,no revasc,no revasc,no revasc,with revasc,with revasc,with revasc,with revasc
,Test AUC,Sensitivity,Specificity,Accuracy,Test AUC,Sensitivity,Specificity,Accuracy,Test AUC,Sensitivity,Specificity,Accuracy
lasso,0.6808209853919054,0.647887323943662,0.7137546468401488,0.7060755336617406,0.6712037037037037,0.56,0.7824074074074074,0.7593360995850622,0.6455525606469003,0.8571428571428571,0.4339622641509434,0.5039370078740157
linreg,0.6843290224619089,0.7887323943661971,0.5799256505576208,0.6042692939244664,0.7082870370370371,0.78,0.6365740740740741,0.6514522821576764,0.5792902066486972,0.8095238095238095,0.34905660377358494,0.4251968503937008
SVR10,0.6485418084716478,0.6056338028169014,0.6914498141263941,0.6814449917898193,0.6518518518518519,0.6,0.7037037037037037,0.6929460580912863,0.6302785265049416,0.6190476190476191,0.6415094339622642,0.6377952755905512
ridge,0.6824702864024293,0.7887323943661971,0.5762081784386617,0.6009852216748769,0.7071296296296297,0.78,0.6342592592592593,0.6493775933609959,0.5745732255166218,0.8095238095238095,0.339622641509434,0.41732283464566927
