,all,all,all,all,no revasc,no revasc,no revasc,no revasc,with revasc,with revasc,with revasc,with revasc
,Test AUC,Sensitivity,Specificity,Accuracy,Test AUC,Sensitivity,Specificity,Accuracy,Test AUC,Sensitivity,Specificity,Accuracy
lasso,0.7591095890410959,0.96,0.5582191780821918,0.5747126436781609,0.7942441492726122,0.9411764705882353,0.6473118279569893,0.6576763485477178,0.6050420168067228,1.0,0.2100840336134454,0.25984251968503935
linreg,0.7844178082191782,0.8,0.7688356164383562,0.7701149425287356,0.7888045540796963,0.7647058823529411,0.8129032258064516,0.8112033195020747,0.7358193277310925,0.875,0.5966386554621849,0.6141732283464567
SVR10,0.6483904109589042,0.48,0.8167808219178082,0.8029556650246306,0.6263124604680581,0.4117647058823529,0.8408602150537634,0.8257261410788381,0.6738445378151261,0.625,0.7226890756302521,0.7165354330708661
ridge,0.7844178082191782,0.8,0.7688356164383562,0.7701149425287356,0.7888045540796963,0.7647058823529411,0.8129032258064516,0.8112033195020747,0.7358193277310925,0.875,0.5966386554621849,0.6141732283464567
