,all,all,all,all,no revasc,no revasc,no revasc,no revasc,with revasc,with revasc,with revasc,with revasc
,Test AUC,Sensitivity,Specificity,Accuracy,Test AUC,Sensitivity,Specificity,Accuracy,Test AUC,Sensitivity,Specificity,Accuracy
lasso,0.7779077540106951,0.8125,0.7433155080213903,0.7487684729064039,0.7694327731092437,0.7352941176470589,0.8035714285714286,0.7987551867219918,0.752212389380531,1.0,0.504424778761062,0.5590551181102362
linreg,0.8085450089126559,0.8541666666666666,0.7629233511586453,0.7701149425287356,0.8304884453781513,0.8529411764705882,0.8080357142857143,0.8112033195020747,0.7206068268015171,0.8571428571428571,0.584070796460177,0.6141732283464567
SVR10,0.7105614973262032,0.5833333333333334,0.8377896613190731,0.8177339901477833,0.7454044117647058,0.6470588235294118,0.84375,0.8298755186721992,0.6213653603034133,0.42857142857142855,0.8141592920353982,0.7716535433070866
ridge,0.8079322638146168,0.8333333333333334,0.7825311942959001,0.7865353037766831,0.8224789915966386,0.8235294117647058,0.8214285714285714,0.8215767634854771,0.7427307206068269,0.8571428571428571,0.6283185840707964,0.6535433070866141
