,all,all,all,all,no revasc,no revasc,no revasc,no revasc,with revasc,with revasc,with revasc,with revasc
,Test AUC,Sensitivity,Specificity,Accuracy,Test AUC,Sensitivity,Specificity,Accuracy,Test AUC,Sensitivity,Specificity,Accuracy
lasso,0.6777847923681257,0.8271604938271605,0.5284090909090908,0.5681444991789819,0.7077974115478624,0.7796610169491526,0.635933806146572,0.6535269709543569,0.5248917748917749,0.9545454545454546,0.09523809523809523,0.2440944881889764
linreg,0.7100869809203143,0.9012345679012346,0.5189393939393939,0.5697865353037767,0.7253475978683335,0.864406779661017,0.5862884160756501,0.6203319502074689,0.6238095238095238,1.0,0.24761904761904763,0.3779527559055118
SVR10,0.5247264309764309,0.07407407407407407,0.9753787878787878,0.8555008210180624,0.5329166165805185,0.0847457627118644,0.9810874704491725,0.8713692946058091,0.49891774891774887,0.0,1.0,0.8267716535433071
ridge,0.7100869809203143,0.9012345679012346,0.5189393939393939,0.5697865353037767,0.7253475978683335,0.864406779661017,0.5862884160756501,0.6203319502074689,0.6238095238095238,1.0,0.24761904761904763,0.3779527559055118
