,all,all,all,all,no revasc,no revasc,no revasc,no revasc,with revasc,with revasc,with revasc,with revasc
,Test AUC,Sensitivity,Specificity,Accuracy,Test AUC,Sensitivity,Specificity,Accuracy,Test AUC,Sensitivity,Specificity,Accuracy
lasso,0.7182926829268294,0.8285714285714286,0.60801393728223,0.6206896551724138,0.7424507658643326,0.8,0.6849015317286652,0.6908713692946058,0.6038461538461539,0.9,0.3076923076923077,0.3543307086614173
linreg,0.6810104529616725,0.9142857142857143,0.44773519163763065,0.4745484400656814,0.7138293216630197,0.92,0.5076586433260394,0.529045643153527,0.5568376068376069,0.9,0.2136752136752137,0.2677165354330709
SVR10,0.49860627177700345,0.0,1.0,0.9425287356321839,0.47369803063457333,0.0,1.0,0.9481327800829875,0.5717948717948719,0.4,0.7435897435897436,0.7165354330708661
ridge,0.6810104529616725,0.9142857142857143,0.44773519163763065,0.4745484400656814,0.7138293216630197,0.92,0.5076586433260394,0.529045643153527,0.5568376068376069,0.9,0.2136752136752137,0.2677165354330709
