,all,all,all,all,no revasc,no revasc,no revasc,no revasc,with revasc,with revasc,with revasc,with revasc
,Test AUC,Sensitivity,Specificity,Accuracy,Test AUC,Sensitivity,Specificity,Accuracy,Test AUC,Sensitivity,Specificity,Accuracy
lasso,0.6659510969160689,0.647887323943662,0.6840148698884758,0.6798029556650246,0.6546759259259259,0.52,0.7893518518518519,0.7614107883817427,0.6035489667565139,0.9523809523809523,0.2547169811320755,0.3700787401574803
linreg,0.6893685533273993,0.7746478873239436,0.604089219330855,0.6239737274220033,0.7037499999999999,0.72,0.6875,0.6908713692946058,0.5844564240790656,0.9047619047619048,0.26415094339622647,0.3700787401574803
SVR10,0.497748573223729,0.0,1.0,0.8834154351395731,0.49842592592592594,0.0,1.0,0.8962655601659751,0.5,0.0,1.0,0.8346456692913385
ridge,0.6893685533273993,0.7746478873239436,0.604089219330855,0.6239737274220033,0.7037499999999999,0.72,0.6875,0.6908713692946058,0.5844564240790656,0.9047619047619048,0.26415094339622647,0.3700787401574803
