,all,all,all,all,no revasc,no revasc,no revasc,no revasc,with revasc,with revasc,with revasc,with revasc
,Test AUC,Sensitivity,Specificity,Accuracy,Test AUC,Sensitivity,Specificity,Accuracy,Test AUC,Sensitivity,Specificity,Accuracy
lasso,0.7745429252782193,0.6470588235294118,0.902027027027027,0.8949096880131363,0.7060413047674194,0.45454545454545453,0.9575371549893843,0.946058091286307,0.8429752066115702,1.0,0.6859504132231404,0.7007874015748031
linreg,0.7617249602543721,0.7058823529411765,0.8175675675675675,0.8144499178981938,0.7576722640416907,0.6363636363636364,0.8789808917197452,0.8734439834024896,0.7059228650137742,0.8333333333333334,0.578512396694215,0.5905511811023622
SVR10,0.720637917329094,0.5882352941176471,0.8530405405405406,0.8456486042692939,0.7491796950395677,0.6363636363636364,0.861995753715499,0.8568464730290456,0.659090909090909,0.5,0.8181818181818181,0.8031496062992126
ridge,0.7617249602543721,0.7058823529411765,0.8175675675675675,0.8144499178981938,0.7576722640416907,0.6363636363636364,0.8789808917197452,0.8734439834024896,0.7059228650137742,0.8333333333333334,0.578512396694215,0.5905511811023622
