,all,all,all,all,no revasc,no revasc,no revasc,no revasc,with revasc,with revasc,with revasc,with revasc
,Test AUC,Sensitivity,Specificity,Accuracy,Test AUC,Sensitivity,Specificity,Accuracy,Test AUC,Sensitivity,Specificity,Accuracy
lasso,0.7019870150269647,0.7887323943661971,0.6152416356877324,0.6354679802955665,0.7179629629629629,0.76,0.6759259259259259,0.6846473029045643,0.6125336927223719,0.8571428571428571,0.3679245283018868,0.44881889763779526
linreg,0.7134274045761558,0.8450704225352113,0.5817843866171004,0.6124794745484401,0.7359722222222222,0.84,0.6319444444444444,0.6535269709543569,0.6172506738544474,0.8571428571428571,0.37735849056603776,0.4566929133858268
SVR10,0.5084297607204566,0.8309859154929577,0.18587360594795543,0.26108374384236455,0.5368055555555556,0.9,0.17361111111111116,0.24896265560165975,0.4512578616352201,0.0,1.0,0.8346456692913385
ridge,0.7162155086653752,0.8450704225352113,0.587360594795539,0.6174055829228243,0.7394444444444443,0.84,0.6388888888888888,0.6597510373443983,0.6172506738544474,0.8571428571428571,0.37735849056603776,0.4566929133858268
