,all,all,all,all,no revasc,no revasc,no revasc,no revasc,with revasc,with revasc,with revasc,with revasc
,Test AUC,Sensitivity,Specificity,Accuracy,Test AUC,Sensitivity,Specificity,Accuracy,Test AUC,Sensitivity,Specificity,Accuracy
lasso,0.5759332949369077,0.30985915492957744,0.8420074349442379,0.7799671592775042,0.5967592592592592,0.3,0.8935185185185185,0.8319502074688797,0.4827044025157232,0.0,1.0,0.8346456692913385
linreg,0.5860516257395675,0.38028169014084506,0.79182156133829,0.7438423645320197,0.5785648148148149,0.34,0.8171296296296297,0.7676348547717843,0.5824348607367476,0.47619047619047616,0.6886792452830188,0.6535433070866141
SVR10,0.5712471857165297,0.2112676056338028,0.9312267657992566,0.8472906403940886,0.5833796296296296,0.22,0.9467592592592593,0.8713692946058091,0.5292003593890386,0.19047619047619047,0.8679245283018868,0.7559055118110236
ridge,0.5973480286926017,0.4084507042253521,0.7862453531598513,0.7422003284072249,0.5974074074074074,0.38,0.8148148148148149,0.7697095435684648,0.5730008984725966,0.47619047619047616,0.6698113207547169,0.6377952755905512
