,all,all,all,all,no revasc,no revasc,no revasc,no revasc,with revasc,with revasc,with revasc,with revasc
,Test AUC,Sensitivity,Specificity,Accuracy,Test AUC,Sensitivity,Specificity,Accuracy,Test AUC,Sensitivity,Specificity,Accuracy
lasso,0.6593015341117336,0.6197183098591549,0.6988847583643123,0.6896551724137931,0.6712037037037037,0.56,0.7824074074074074,0.7593360995850622,0.5601976639712489,0.7619047619047619,0.3584905660377359,0.4251968503937008
linreg,0.6594062516362114,0.5492957746478874,0.7695167286245354,0.7438423645320197,0.6655092592592592,0.5,0.8310185185185185,0.7966804979253111,0.5927672955974842,0.6666666666666666,0.5188679245283019,0.5433070866141733
SVR10,0.5549505209696843,0.29577464788732394,0.8141263940520447,0.7536945812807881,0.5735185185185184,0.36,0.787037037037037,0.7427385892116183,0.5336927223719676,0.14285714285714285,0.9245283018867925,0.7952755905511811
ridge,0.6594062516362114,0.5492957746478874,0.7695167286245354,0.7438423645320197,0.6655092592592592,0.5,0.8310185185185185,0.7966804979253111,0.5927672955974842,0.6666666666666666,0.5188679245283019,0.5433070866141733
