,all,all,all,all,no revasc,no revasc,no revasc,no revasc,with revasc,with revasc,with revasc,with revasc
,Test AUC,Sensitivity,Specificity,Accuracy,Test AUC,Sensitivity,Specificity,Accuracy,Test AUC,Sensitivity,Specificity,Accuracy
lasso,0.654496352413019,0.7654320987654321,0.5435606060606061,0.5730706075533661,0.6689706294827102,0.6949152542372882,0.6430260047281324,0.6493775933609959,0.5487012987012987,0.9545454545454546,0.1428571428571429,0.28346456692913385
linreg,0.6880260942760943,0.7037037037037037,0.6723484848484849,0.6765188834154351,0.7127058540689987,0.6949152542372882,0.7304964539007093,0.7261410788381742,0.5826839826839827,0.7272727272727273,0.4380952380952381,0.4881889763779528
SVR10,0.5787037037037036,0.7407407407407407,0.41666666666666663,0.45977011494252873,0.6051608767079377,0.7966101694915254,0.4137115839243499,0.4605809128630705,0.5097402597402598,0.5909090909090909,0.4285714285714286,0.4566929133858268
ridge,0.6714716610549945,0.7160493827160493,0.6268939393939394,0.638752052545156,0.6999038345955042,0.711864406779661,0.6879432624113475,0.6908713692946058,0.5541125541125541,0.7272727272727273,0.38095238095238093,0.4409448818897638
