,all,all,all,all,no revasc,no revasc,no revasc,no revasc,with revasc,with revasc,with revasc,with revasc
,Test AUC,Sensitivity,Specificity,Accuracy,Test AUC,Sensitivity,Specificity,Accuracy,Test AUC,Sensitivity,Specificity,Accuracy
lasso,0.7027523847376789,0.6470588235294118,0.7584459459459459,0.7553366174055829,0.700540436209226,0.5454545454545454,0.8556263269639066,0.8485477178423236,0.6067493112947658,0.8333333333333334,0.3801652892561983,0.4015748031496063
linreg,0.7296303656597776,0.7058823529411765,0.7533783783783784,0.7520525451559934,0.6909862960818375,0.5454545454545454,0.8365180467091295,0.8298755186721992,0.7148760330578512,1.0,0.4297520661157025,0.4566929133858268
SVR10,0.5010930047694754,0.23529411764705882,0.7668918918918919,0.7520525451559934,0.552306504535804,0.36363636363636365,0.7409766454352442,0.7323651452282157,0.43388429752066116,0.0,1.0,0.952755905511811
ridge,0.7296303656597776,0.7058823529411765,0.7533783783783784,0.7520525451559934,0.6909862960818375,0.5454545454545454,0.8365180467091295,0.8298755186721992,0.7148760330578512,1.0,0.4297520661157025,0.4566929133858268
