,all,all,all,all,no revasc,no revasc,no revasc,no revasc,with revasc,with revasc,with revasc,with revasc
,Test AUC,Sensitivity,Specificity,Accuracy,Test AUC,Sensitivity,Specificity,Accuracy,Test AUC,Sensitivity,Specificity,Accuracy
lasso,0.609208027702275,0.616822429906542,0.601593625498008,0.6042692939244664,0.5945895522388059,0.525,0.664179104477612,0.6410788381742739,0.6194444444444445,0.8888888888888888,0.35,0.4645669291338583
linreg,0.6329634732099639,0.5607476635514018,0.7051792828685259,0.6798029556650246,0.6343594527363184,0.5125,0.7562189054726368,0.7157676348547718,0.6018518518518519,0.7037037037037037,0.5,0.5433070866141733
SVR10,0.5793554752950812,0.2523364485981308,0.9063745019920318,0.7914614121510674,0.590205223880597,0.2625,0.917910447761194,0.8091286307053942,0.5411111111111111,0.2222222222222222,0.86,0.7244094488188977
ridge,0.630971441337454,0.5607476635514018,0.701195219123506,0.6765188834154351,0.6331156716417911,0.5125,0.7537313432835822,0.7136929460580913,0.5968518518518519,0.7037037037037037,0.49,0.5354330708661418
