,all,all,all,all,no revasc,no revasc,no revasc,no revasc,with revasc,with revasc,with revasc,with revasc
,Test AUC,Sensitivity,Specificity,Accuracy,Test AUC,Sensitivity,Specificity,Accuracy,Test AUC,Sensitivity,Specificity,Accuracy
lasso,0.6134259259259259,0.5185185185185185,0.7083333333333333,0.6830870279146142,0.6247946467924832,0.4576271186440678,0.7919621749408984,0.7510373443983402,0.5266233766233765,0.6818181818181818,0.37142857142857144,0.4251968503937008
linreg,0.6334876543209876,0.6419753086419753,0.625,0.6272577996715928,0.6541851985414913,0.6440677966101694,0.6643026004728132,0.6618257261410788,0.5515151515151515,0.6363636363636364,0.4666666666666667,0.49606299212598426
SVR10,0.5795103815937149,0.30864197530864196,0.8503787878787878,0.7783251231527094,0.6141363144608727,0.3559322033898305,0.8723404255319149,0.8091286307053942,0.47186147186147187,0.0,1.0,0.8267716535433071
ridge,0.6325406846240178,0.6419753086419753,0.6231060606060606,0.625615763546798,0.6530031654445647,0.6440677966101694,0.6619385342789599,0.6597510373443983,0.5515151515151515,0.6363636363636364,0.4666666666666667,0.49606299212598426
