,all,all,all,all,no revasc,no revasc,no revasc,no revasc,with revasc,with revasc,with revasc,with revasc
,Test AUC,Sensitivity,Specificity,Accuracy,Test AUC,Sensitivity,Specificity,Accuracy,Test AUC,Sensitivity,Specificity,Accuracy
lasso,0.6973794439499451,0.8873239436619719,0.5074349442379182,0.5517241379310345,0.707037037037037,0.84,0.5740740740740741,0.6016597510373444,0.6179245283018868,1.0,0.23584905660377353,0.36220472440944884
linreg,0.7532462432588094,0.8169014084507042,0.6895910780669146,0.7044334975369458,0.7580555555555556,0.78,0.7361111111111112,0.7406639004149378,0.7023809523809523,0.9047619047619048,0.5,0.5669291338582677
SVR10,0.6019555997696215,0.30985915492957744,0.8940520446096655,0.825944170771757,0.6267592592592591,0.36,0.8935185185185185,0.8381742738589212,0.543351302785265,0.19047619047619047,0.8962264150943396,0.7795275590551181
ridge,0.7260458662757212,0.8591549295774648,0.5929368029739777,0.6239737274220033,0.7282870370370369,0.82,0.6365740740740741,0.6556016597510373,0.683737646001797,0.9523809523809523,0.41509433962264153,0.5039370078740157
