,all,all,all,all,no revasc,no revasc,no revasc,no revasc,with revasc,with revasc,with revasc,with revasc
,Test AUC,Sensitivity,Specificity,Accuracy,Test AUC,Sensitivity,Specificity,Accuracy,Test AUC,Sensitivity,Specificity,Accuracy
lasso,0.6508838383838385,0.5555555555555556,0.7462121212121212,0.7208538587848933,0.6387786993629042,0.4406779661016949,0.8368794326241135,0.7883817427385892,0.6222943722943723,0.8636363636363636,0.38095238095238093,0.4645669291338583
linreg,0.6507084736251403,0.43209876543209874,0.8693181818181819,0.8111658456486043,0.6695115598829987,0.4406779661016949,0.8983451536643026,0.8423236514522822,0.5807359307359308,0.4090909090909091,0.7523809523809524,0.6929133858267716
SVR10,0.6181607744107744,0.5185185185185185,0.7178030303030303,0.6912972085385879,0.6531834755779939,0.559322033898305,0.7470449172576832,0.7240663900414938,0.5045454545454545,0.4090909090909091,0.6,0.5669291338582677
ridge,0.6374158249158249,0.4074074074074074,0.8674242424242424,0.80623973727422,0.6537444404375525,0.4067796610169492,0.900709219858156,0.8402489626556017,0.5712121212121213,0.4090909090909091,0.7333333333333334,0.6771653543307087
