,all,all,all,all,no revasc,no revasc,no revasc,no revasc,with revasc,with revasc,with revasc,with revasc
,Test AUC,Sensitivity,Specificity,Accuracy,Test AUC,Sensitivity,Specificity,Accuracy,Test AUC,Sensitivity,Specificity,Accuracy
lasso,0.6133908529741862,0.49382716049382713,0.7329545454545454,0.7011494252873564,0.6098088712585648,0.3898305084745763,0.8297872340425532,0.7759336099585062,0.5577922077922077,0.7727272727272727,0.34285714285714286,0.41732283464566927
linreg,0.617283950617284,0.5679012345679012,0.6666666666666667,0.6535303776683087,0.6238129582882558,0.4745762711864407,0.7730496453900709,0.7365145228215768,0.5281385281385282,0.8181818181818182,0.23809523809523814,0.33858267716535434
SVR10,0.6516203703703703,0.7407407407407407,0.5625,0.5862068965517241,0.6809913050446768,0.711864406779661,0.6501182033096926,0.6576763485477178,0.5138528138528139,0.8181818181818182,0.20952380952380956,0.31496062992125984
ridge,0.617283950617284,0.5679012345679012,0.6666666666666667,0.6535303776683087,0.6238129582882558,0.4745762711864407,0.7730496453900709,0.7365145228215768,0.5281385281385282,0.8181818181818182,0.23809523809523814,0.33858267716535434
