,all,all,all,all,no revasc,no revasc,no revasc,no revasc,with revasc,with revasc,with revasc,with revasc
,Test AUC,Sensitivity,Specificity,Accuracy,Test AUC,Sensitivity,Specificity,Accuracy,Test AUC,Sensitivity,Specificity,Accuracy
lasso,0.7013538159371493,0.7530864197530864,0.6496212121212122,0.6633825944170771,0.697139079216252,0.6779661016949152,0.7163120567375887,0.7116182572614108,0.6677489177489178,0.9545454545454546,0.38095238095238093,0.48031496062992124
linreg,0.7041245791245792,0.7037037037037037,0.7045454545454546,0.7044334975369458,0.7050126217093401,0.6440677966101694,0.7659574468085106,0.7510373443983402,0.6603896103896105,0.8636363636363636,0.4571428571428572,0.5275590551181102
SVR10,0.525357744107744,0.18518518518518517,0.865530303030303,0.7750410509031199,0.5343190287294146,0.2033898305084746,0.8652482269503546,0.7842323651452282,0.5015151515151515,0.13636363636363635,0.8666666666666667,0.7401574803149606
ridge,0.7076318742985409,0.8395061728395061,0.5757575757575757,0.6108374384236454,0.7139079216251953,0.7966101694915254,0.6312056737588653,0.6514522821576764,0.6534632034632035,0.9545454545454546,0.35238095238095235,0.4566929133858268
