,all,all,all,all,no revasc,no revasc,no revasc,no revasc,with revasc,with revasc,with revasc,with revasc
,Test AUC,Sensitivity,Specificity,Accuracy,Test AUC,Sensitivity,Specificity,Accuracy,Test AUC,Sensitivity,Specificity,Accuracy
lasso,0.6314324202963628,0.5529411764705883,0.7099236641221374,0.6880131362889984,0.6428571428571429,0.5,0.7857142857142857,0.7489626556016598,0.5497491638795987,0.6956521739130435,0.40384615384615385,0.4566929133858268
linreg,0.661304445442299,0.7176470588235294,0.6049618320610687,0.6206896551724138,0.7040322580645162,0.7580645161290323,0.65,0.6639004149377593,0.5158862876254181,0.6086956521739131,0.42307692307692313,0.4566929133858268
SVR10,0.5582959137853615,0.43529411764705883,0.6812977099236641,0.6469622331691297,0.5776497695852535,0.4838709677419355,0.6714285714285715,0.6473029045643154,0.5127508361204013,0.30434782608695654,0.7211538461538461,0.6456692913385826
ridge,0.6670296362819937,0.7176470588235294,0.616412213740458,0.6305418719211823,0.7111751152073733,0.7580645161290323,0.6642857142857144,0.6763485477178424,0.5158862876254181,0.6086956521739131,0.42307692307692313,0.4566929133858268
