,all,all,all,all,no revasc,no revasc,no revasc,no revasc,with revasc,with revasc,with revasc,with revasc
,Test AUC,Sensitivity,Specificity,Accuracy,Test AUC,Sensitivity,Specificity,Accuracy,Test AUC,Sensitivity,Specificity,Accuracy
lasso,0.7162658982511924,0.6470588235294118,0.785472972972973,0.7816091954022989,0.7079714340860838,0.5454545454545454,0.8704883227176221,0.8630705394190872,0.643939393939394,0.8333333333333334,0.4545454545454546,0.47244094488188976
linreg,0.7081180445151033,0.5294117647058824,0.8868243243243243,0.8768472906403941,0.691179309013704,0.45454545454545453,0.9278131634819533,0.91701244813278,0.696969696969697,0.6666666666666666,0.7272727272727273,0.7244094488188977
SVR10,0.7103537360890302,0.6470588235294118,0.7736486486486487,0.7701149425287356,0.7058482918355531,0.5454545454545454,0.8662420382165605,0.8589211618257261,0.6232782369146006,0.8333333333333334,0.4132231404958677,0.4330708661417323
ridge,0.7072734499205087,0.5294117647058824,0.8851351351351351,0.8752052545155994,0.691179309013704,0.45454545454545453,0.9278131634819533,0.91701244813278,0.6928374655647382,0.6666666666666666,0.71900826446281,0.7165354330708661
