,all,all,all,all,no revasc,no revasc,no revasc,no revasc,with revasc,with revasc,with revasc,with revasc
,Test AUC,Sensitivity,Specificity,Accuracy,Test AUC,Sensitivity,Specificity,Accuracy,Test AUC,Sensitivity,Specificity,Accuracy
lasso,0.6350267379679144,0.5,0.7700534759358288,0.7487684729064039,0.5936843487394958,0.3235294117647059,0.8638392857142857,0.8257261410788381,0.6634007585335019,0.9285714285714286,0.3982300884955752,0.4566929133858268
linreg,0.6409870766488414,0.5208333333333334,0.7611408199643493,0.7422003284072249,0.6197478991596639,0.38235294117647056,0.8571428571428572,0.8236514522821576,0.6188369152970923,0.8571428571428571,0.38053097345132747,0.4330708661417323
SVR10,0.48362299465240643,0.0,1.0,0.9211822660098522,0.4864101890756303,0.0,1.0,0.9294605809128631,0.4819848293299621,0.0,1.0,0.889763779527559
ridge,0.6409870766488414,0.5208333333333334,0.7611408199643493,0.7422003284072249,0.6197478991596639,0.38235294117647056,0.8571428571428572,0.8236514522821576,0.6188369152970923,0.8571428571428571,0.38053097345132747,0.4330708661417323
