,all,all,all,all,no revasc,no revasc,no revasc,no revasc,with revasc,with revasc,with revasc,with revasc
,Test AUC,Sensitivity,Specificity,Accuracy,Test AUC,Sensitivity,Specificity,Accuracy,Test AUC,Sensitivity,Specificity,Accuracy
lasso,0.744039661319073,0.8125,0.6755793226381461,0.6863711001642037,0.7426470588235294,0.7352941176470589,0.75,0.7489626556016598,0.6902654867256637,1.0,0.38053097345132747,0.44881889763779526
linreg,0.7537878787878788,0.75,0.7575757575757576,0.7569786535303776,0.7750131302521008,0.7352941176470589,0.8147321428571428,0.8091286307053942,0.6583438685208596,0.7857142857142857,0.5309734513274336,0.5590551181102362
SVR10,0.6940730837789661,0.4166666666666667,0.9714795008912656,0.9277504105090312,0.6777836134453782,0.38235294117647056,0.9732142857142857,0.9315352697095436,0.7323008849557522,0.5,0.9646017699115044,0.9133858267716536
ridge,0.7546791443850267,0.75,0.7593582887700535,0.7586206896551724,0.7738970588235294,0.7352941176470589,0.8125,0.8070539419087137,0.6671934260429835,0.7857142857142857,0.5486725663716814,0.5748031496062992
