,all,all,all,all,no revasc,no revasc,no revasc,no revasc,with revasc,with revasc,with revasc,with revasc
,Test AUC,Sensitivity,Specificity,Accuracy,Test AUC,Sensitivity,Specificity,Accuracy,Test AUC,Sensitivity,Specificity,Accuracy
lasso,0.7282229965156795,0.8571428571428571,0.5993031358885017,0.6141215106732348,0.7326039387308534,0.8,0.6652078774617067,0.6721991701244814,0.670940170940171,1.0,0.3418803418803419,0.3937007874015748
linreg,0.7327526132404182,0.8,0.6655052264808362,0.6732348111658456,0.770109409190372,0.84,0.700218818380744,0.7074688796680498,0.614957264957265,0.7,0.5299145299145299,0.5433070866141733
SVR10,0.6158536585365854,0.5714285714285714,0.6602787456445993,0.6551724137931034,0.6369803063457331,0.6,0.6739606126914661,0.6701244813278008,0.5534188034188035,0.5,0.6068376068376069,0.5984251968503937
ridge,0.7327526132404182,0.8,0.6655052264808362,0.6732348111658456,0.770109409190372,0.84,0.700218818380744,0.7074688796680498,0.614957264957265,0.7,0.5299145299145299,0.5433070866141733
