,all,all,all,all,no revasc,no revasc,no revasc,no revasc,with revasc,with revasc,with revasc,with revasc
,Test AUC,Sensitivity,Specificity,Accuracy,Test AUC,Sensitivity,Specificity,Accuracy,Test AUC,Sensitivity,Specificity,Accuracy
lasso,0.6737908180362662,0.6822429906542056,0.6653386454183268,0.6683087027914614,0.6694029850746268,0.6,0.7388059701492538,0.7157676348547718,0.6479629629629631,0.9259259259259259,0.37,0.4881889763779528
linreg,0.6826711844211937,0.7757009345794392,0.5896414342629481,0.6223316912972086,0.6996268656716418,0.75,0.6492537313432836,0.6659751037344398,0.6009259259259259,0.8518518518518519,0.35,0.4566929133858268
SVR10,0.6168038127862382,0.4766355140186916,0.7569721115537849,0.7077175697865353,0.606747512437811,0.4125,0.8009950248756219,0.7365145228215768,0.6233333333333333,0.6666666666666666,0.5800000000000001,0.5984251968503937
ridge,0.6815355400826599,0.5981308411214953,0.7649402390438247,0.735632183908046,0.6717039800995025,0.525,0.818407960199005,0.7697095435684648,0.6824074074074075,0.8148148148148148,0.55,0.6062992125984252
