,all,all,all,all,no revasc,no revasc,no revasc,no revasc,with revasc,with revasc,with revasc,with revasc
,Test AUC,Sensitivity,Specificity,Accuracy,Test AUC,Sensitivity,Specificity,Accuracy,Test AUC,Sensitivity,Specificity,Accuracy
lasso,0.6911989223170183,0.7411764705882353,0.6412213740458015,0.6551724137931034,0.684216589861751,0.6612903225806451,0.7071428571428571,0.7012448132780082,0.6657608695652174,0.9565217391304348,0.375,0.48031496062992124
linreg,0.7102828917826672,0.7411764705882353,0.6793893129770993,0.6880131362889984,0.7170122887864824,0.6935483870967742,0.7404761904761905,0.7344398340248963,0.651128762541806,0.8695652173913043,0.4326923076923077,0.5118110236220472
SVR10,0.5174337674000898,0.3764705882352941,0.6583969465648856,0.6190476190476191,0.5337557603686637,0.4032258064516129,0.6642857142857144,0.6307053941908713,0.46948160535117056,0.0,1.0,0.8188976377952756
ridge,0.7102828917826672,0.7411764705882353,0.6793893129770993,0.6880131362889984,0.7170122887864824,0.6935483870967742,0.7404761904761905,0.7344398340248963,0.651128762541806,0.8695652173913043,0.4326923076923077,0.5118110236220472
