,all,all,all,all,no revasc,no revasc,no revasc,no revasc,with revasc,with revasc,with revasc,with revasc
,Test AUC,Sensitivity,Specificity,Accuracy,Test AUC,Sensitivity,Specificity,Accuracy,Test AUC,Sensitivity,Specificity,Accuracy
lasso,0.7278297682709448,0.9583333333333334,0.49732620320855614,0.5336617405582923,0.7540703781512605,0.9411764705882353,0.5669642857142857,0.5933609958506224,0.6106194690265487,1.0,0.22123893805309736,0.30708661417322836
linreg,0.7857063279857398,0.8958333333333334,0.6755793226381461,0.6929392446633826,0.788077731092437,0.8529411764705882,0.7232142857142857,0.7323651452282157,0.7433628318584071,1.0,0.48672566371681414,0.5433070866141733
SVR10,0.6105169340463458,0.3333333333333333,0.8877005347593583,0.8440065681444991,0.6184348739495799,0.35294117647058826,0.8839285714285714,0.8464730290456431,0.5941845764854613,0.2857142857142857,0.9026548672566371,0.8346456692913385
ridge,0.747994652406417,0.9166666666666666,0.5793226381461676,0.6059113300492611,0.7536764705882353,0.8823529411764706,0.625,0.6431535269709544,0.6991150442477876,1.0,0.3982300884955752,0.4645669291338583
