,all,all,all,all,no revasc,no revasc,no revasc,no revasc,with revasc,with revasc,with revasc,with revasc
,Test AUC,Sensitivity,Specificity,Accuracy,Test AUC,Sensitivity,Specificity,Accuracy,Test AUC,Sensitivity,Specificity,Accuracy
lasso,0.6833219178082193,0.68,0.6866438356164384,0.6863711001642037,0.6586337760910816,0.5882352941176471,0.7290322580645161,0.7240663900414938,0.6980042016806722,0.875,0.5210084033613445,0.5433070866141733
linreg,0.7085273972602739,0.84,0.577054794520548,0.5878489326765188,0.7203668564199873,0.8235294117647058,0.6172043010752688,0.6244813278008299,0.6475840336134453,0.875,0.4201680672268907,0.44881889763779526
SVR10,0.4965753424657534,0.0,1.0,0.9589490968801314,0.4956989247311828,0.0,1.0,0.9647302904564315,0.5,0.0,1.0,0.937007874015748
ridge,0.7085273972602739,0.84,0.577054794520548,0.5878489326765188,0.7203668564199873,0.8235294117647058,0.6172043010752688,0.6244813278008299,0.6475840336134453,0.875,0.4201680672268907,0.44881889763779526
