,all,all,all,all,no revasc,no revasc,no revasc,no revasc,with revasc,with revasc,with revasc,with revasc
,Test AUC,Sensitivity,Specificity,Accuracy,Test AUC,Sensitivity,Specificity,Accuracy,Test AUC,Sensitivity,Specificity,Accuracy
lasso,0.6805455770094297,0.7294117647058823,0.6316793893129771,0.645320197044335,0.702457757296467,0.7096774193548387,0.6952380952380952,0.6970954356846473,0.5788043478260869,0.782608695652174,0.375,0.44881889763779526
linreg,0.6881903906600807,0.6588235294117647,0.7175572519083969,0.7093596059113301,0.702342549923195,0.6451612903225806,0.7595238095238095,0.7448132780082988,0.6218645484949834,0.6956521739130435,0.5480769230769231,0.5748031496062992
SVR10,0.6651212393354289,0.7176470588235294,0.6125954198473282,0.6272577996715928,0.696505376344086,0.7096774193548387,0.6833333333333333,0.6867219917012448,0.5330267558528428,0.7391304347826086,0.32692307692307687,0.4015748031496063
ridge,0.6881903906600807,0.6588235294117647,0.7175572519083969,0.7093596059113301,0.702342549923195,0.6451612903225806,0.7595238095238095,0.7448132780082988,0.6218645484949834,0.6956521739130435,0.5480769230769231,0.5748031496062992
