,all,all,all,all,no revasc,no revasc,no revasc,no revasc,with revasc,with revasc,with revasc,with revasc
,Test AUC,Sensitivity,Specificity,Accuracy,Test AUC,Sensitivity,Specificity,Accuracy,Test AUC,Sensitivity,Specificity,Accuracy
lasso,0.7015679442508711,0.7428571428571429,0.6602787456445993,0.6650246305418719,0.7043326039387309,0.68,0.7286652078774617,0.7261410788381742,0.6465811965811965,0.9,0.3931623931623932,0.4330708661417323
linreg,0.728397212543554,0.8,0.6567944250871081,0.6650246305418719,0.7399562363238512,0.76,0.7199124726477024,0.7219917012448133,0.655128205128205,0.9,0.41025641025641024,0.44881889763779526
SVR10,0.528397212543554,0.11428571428571428,0.9425087108013938,0.8949096880131363,0.5203063457330417,0.08,0.9606126914660832,0.9149377593360996,0.5358974358974359,0.2,0.8717948717948718,0.8188976377952756
ridge,0.728397212543554,0.8,0.6567944250871081,0.6650246305418719,0.7399562363238512,0.76,0.7199124726477024,0.7219917012448133,0.655128205128205,0.9,0.41025641025641024,0.44881889763779526
