,all,all,all,all,no revasc,no revasc,no revasc,no revasc,with revasc,with revasc,with revasc,with revasc
,Test AUC,Sensitivity,Specificity,Accuracy,Test AUC,Sensitivity,Specificity,Accuracy,Test AUC,Sensitivity,Specificity,Accuracy
lasso,0.674390243902439,0.6571428571428571,0.6916376306620209,0.6896551724137931,0.6733916849015318,0.64,0.7067833698030634,0.7033195020746889,0.6662393162393162,0.7,0.6324786324786325,0.6377952755905512
linreg,0.6947735191637631,0.6857142857142857,0.7038327526132404,0.7027914614121511,0.702144420131291,0.68,0.724288840262582,0.7219917012448133,0.661965811965812,0.7,0.6239316239316239,0.6299212598425197
SVR10,0.624390243902439,0.7714285714285715,0.4773519163763066,0.4942528735632184,0.6294529540481401,0.76,0.4989059080962801,0.5124481327800829,0.5965811965811967,0.8,0.3931623931623932,0.4251968503937008
ridge,0.6947735191637631,0.6857142857142857,0.7038327526132404,0.7027914614121511,0.702144420131291,0.68,0.724288840262582,0.7219917012448133,0.661965811965812,0.7,0.6239316239316239,0.6299212598425197
