,all,all,all,all,no revasc,no revasc,no revasc,no revasc,with revasc,with revasc,with revasc,with revasc
,Test AUC,Sensitivity,Specificity,Accuracy,Test AUC,Sensitivity,Specificity,Accuracy,Test AUC,Sensitivity,Specificity,Accuracy
lasso,0.6800973767885533,0.5882352941176471,0.7719594594594594,0.7668308702791461,0.6824937270797145,0.5454545454545454,0.8195329087048833,0.8132780082987552,0.6267217630853994,0.6666666666666666,0.5867768595041323,0.5905511811023622
linreg,0.777027027027027,1.0,0.5540540540540541,0.5665024630541872,0.8014861995753715,1.0,0.6029723991507431,0.6120331950207469,0.6818181818181819,1.0,0.36363636363636365,0.3937007874015748
SVR10,0.7204888712241653,0.6470588235294118,0.7939189189189189,0.7898193760262726,0.8082416521906969,0.8181818181818182,0.7983014861995754,0.7987551867219918,0.5550964187327823,0.3333333333333333,0.7768595041322314,0.7559055118110236
ridge,0.777027027027027,1.0,0.5540540540540541,0.5665024630541872,0.8014861995753715,1.0,0.6029723991507431,0.6120331950207469,0.6818181818181819,1.0,0.36363636363636365,0.3937007874015748
