,all,all,all,all,no revasc,no revasc,no revasc,no revasc,with revasc,with revasc,with revasc,with revasc
,Test AUC,Sensitivity,Specificity,Accuracy,Test AUC,Sensitivity,Specificity,Accuracy,Test AUC,Sensitivity,Specificity,Accuracy
lasso,0.729931506849315,0.84,0.6198630136986301,0.6288998357963875,0.7221378874130298,0.7647058823529411,0.6795698924731183,0.6825726141078838,0.6932773109243697,1.0,0.38655462184873945,0.4251968503937008
linreg,0.751027397260274,0.8,0.702054794520548,0.7060755336617406,0.7533206831119544,0.7647058823529411,0.7419354838709677,0.7427385892116183,0.710609243697479,0.875,0.546218487394958,0.5669291338582677
SVR10,0.4982191780821918,0.0,1.0,0.9589490968801314,0.48956356736242884,0.0,1.0,0.9647302904564315,0.5341386554621849,0.875,0.19327731092436973,0.23622047244094488
ridge,0.7493150684931507,0.8,0.6986301369863014,0.7027914614121511,0.7500948766603415,0.7647058823529411,0.7354838709677419,0.7365145228215768,0.7148109243697479,0.875,0.5546218487394958,0.5748031496062992
