,all,all,all,all,no revasc,no revasc,no revasc,no revasc,with revasc,with revasc,with revasc,with revasc
,Test AUC,Sensitivity,Specificity,Accuracy,Test AUC,Sensitivity,Specificity,Accuracy,Test AUC,Sensitivity,Specificity,Accuracy
lasso,0.6753887638096235,0.676056338028169,0.6747211895910781,0.6748768472906403,0.6745833333333334,0.62,0.7291666666666667,0.7178423236514523,0.6311769991015275,0.8095238095238095,0.4528301886792453,0.5118110236220472
linreg,0.7114246819205194,0.8169014084507042,0.6059479553903346,0.6305418719211823,0.7287037037037037,0.8,0.6574074074074074,0.6721991701244814,0.6266846361185984,0.8571428571428571,0.39622641509433965,0.47244094488188976
SVR10,0.502434682444107,0.11267605633802817,0.8921933085501859,0.8013136288998358,0.4998148148148149,0.0,1.0,0.8962655601659751,0.5193171608265948,0.09523809523809523,0.9433962264150944,0.8031496062992126
ridge,0.7114246819205194,0.8169014084507042,0.6059479553903346,0.6305418719211823,0.7287037037037037,0.8,0.6574074074074074,0.6721991701244814,0.6266846361185984,0.8571428571428571,0.39622641509433965,0.47244094488188976
