,all,all,all,all,no revasc,no revasc,no revasc,no revasc,with revasc,with revasc,with revasc,with revasc
,Test AUC,Sensitivity,Specificity,Accuracy,Test AUC,Sensitivity,Specificity,Accuracy,Test AUC,Sensitivity,Specificity,Accuracy
lasso,0.6841329966329966,0.6296296296296297,0.7386363636363636,0.7241379310344828,0.7079576872220218,0.5932203389830508,0.8226950354609929,0.7946058091286307,0.5636363636363636,0.7272727272727273,0.4,0.4566929133858268
linreg,0.6775392817059483,0.654320987654321,0.7007575757575757,0.6945812807881774,0.6989021116320071,0.6271186440677966,0.7706855791962175,0.7531120331950207,0.5731601731601732,0.7272727272727273,0.419047619047619,0.47244094488188976
SVR10,0.5923470819304153,0.345679012345679,0.8390151515151515,0.7733990147783252,0.5816203870657531,0.3050847457627119,0.8581560283687943,0.7904564315352697,0.6082251082251082,0.45454545454545453,0.7619047619047619,0.7086614173228346
ridge,0.6775392817059483,0.654320987654321,0.7007575757575757,0.6945812807881774,0.6989021116320071,0.6271186440677966,0.7706855791962175,0.7531120331950207,0.5731601731601732,0.7272727272727273,0.419047619047619,0.47244094488188976
