,all,all,all,all,no revasc,no revasc,no revasc,no revasc,with revasc,with revasc,with revasc,with revasc
,Test AUC,Sensitivity,Specificity,Accuracy,Test AUC,Sensitivity,Specificity,Accuracy,Test AUC,Sensitivity,Specificity,Accuracy
lasso,0.6706892680736416,0.7058823529411765,0.6354961832061068,0.645320197044335,0.6690092165898617,0.6451612903225806,0.6928571428571428,0.6867219917012448,0.6367056856187291,0.8695652173913043,0.40384615384615385,0.4881889763779528
linreg,0.683105074090705,0.6352941176470588,0.7309160305343512,0.7175697865353038,0.7004992319508448,0.6129032258064516,0.7880952380952381,0.7655601659751037,0.5978260869565217,0.6956521739130435,0.5,0.5354330708661418
SVR10,0.5221486304445442,0.7294117647058823,0.31488549618320616,0.3727422003284072,0.5129032258064516,0.7258064516129032,0.30000000000000004,0.35477178423236516,0.5570652173913043,0.7391304347826086,0.375,0.4409448818897638
ridge,0.6792882801975753,0.6352941176470588,0.7232824427480916,0.7110016420361248,0.69573732718894,0.6129032258064516,0.7785714285714286,0.7572614107883817,0.5978260869565217,0.6956521739130435,0.5,0.5354330708661418
