,all,all,all,all,no revasc,no revasc,no revasc,no revasc,with revasc,with revasc,with revasc,with revasc
,Test AUC,Sensitivity,Specificity,Accuracy,Test AUC,Sensitivity,Specificity,Accuracy,Test AUC,Sensitivity,Specificity,Accuracy
lasso,0.7065095398428732,0.7160493827160493,0.696969696969697,0.6995073891625616,0.7111231317866731,0.6610169491525424,0.7612293144208038,0.7489626556016598,0.6508658008658009,0.8636363636363636,0.4380952380952381,0.5118110236220472
linreg,0.732077721661055,0.7160493827160493,0.7481060606060606,0.7438423645320197,0.7505309131706535,0.6949152542372882,0.8061465721040189,0.7925311203319502,0.6435064935064935,0.7727272727272727,0.5142857142857142,0.5590551181102362
SVR10,0.508557800224467,0.024691358024691357,0.9924242424242424,0.8637110016420362,0.5037464438834796,0.01694915254237288,0.9905437352245863,0.8713692946058091,0.5227272727272727,0.045454545454545456,1.0,0.8346456692913385
ridge,0.7315867003367004,0.7037037037037037,0.759469696969697,0.7520525451559934,0.756441078655287,0.6949152542372882,0.817966903073286,0.8029045643153527,0.6255411255411255,0.7272727272727273,0.5238095238095238,0.5590551181102362
