,all,all,all,all,no revasc,no revasc,no revasc,no revasc,with revasc,with revasc,with revasc,with revasc
,Test AUC,Sensitivity,Specificity,Accuracy,Test AUC,Sensitivity,Specificity,Accuracy,Test AUC,Sensitivity,Specificity,Accuracy
lasso,0.7419786096256685,0.8333333333333334,0.6506238859180036,0.6650246305418719,0.742844012605042,0.7647058823529411,0.7209821428571428,0.7240663900414938,0.6858407079646018,1.0,0.37168141592920356,0.4409448818897638
linreg,0.7921680035650623,0.8125,0.7718360071301248,0.7750410509031199,0.789719012605042,0.7647058823529411,0.8147321428571428,0.8112033195020747,0.7651706700379268,0.9285714285714286,0.6017699115044248,0.6377952755905512
SVR10,0.6531862745098038,0.5416666666666666,0.7647058823529411,0.7471264367816092,0.640625,0.5,0.78125,0.7614107883817427,0.6709860935524652,0.6428571428571429,0.6991150442477876,0.6929133858267716
ridge,0.786541889483066,0.8333333333333334,0.7397504456327986,0.7471264367816092,0.7865677521008403,0.7941176470588235,0.7790178571428572,0.7800829875518672,0.7563211125158028,0.9285714285714286,0.584070796460177,0.6220472440944882
