,all,all,all,all,no revasc,no revasc,no revasc,no revasc,with revasc,with revasc,with revasc,with revasc
,Test AUC,Sensitivity,Specificity,Accuracy,Test AUC,Sensitivity,Specificity,Accuracy,Test AUC,Sensitivity,Specificity,Accuracy
lasso,0.7317971380471381,0.8518518518518519,0.6117424242424243,0.6436781609195402,0.7410946828545097,0.7966101694915254,0.6855791962174941,0.6991701244813278,0.6571428571428571,1.0,0.3142857142857143,0.4330708661417323
linreg,0.7585578002244668,0.691358024691358,0.8257575757575757,0.8078817733990148,0.7605681772648957,0.6440677966101694,0.8770685579196218,0.8485477178423236,0.7186147186147187,0.8181818181818182,0.6190476190476191,0.6535433070866141
SVR10,0.6590558361391694,0.6419753086419753,0.6761363636363636,0.6715927750410509,0.6687702848900108,0.6779661016949152,0.6595744680851063,0.6618257261410788,0.6441558441558441,0.5454545454545454,0.7428571428571429,0.7086614173228346
ridge,0.7585578002244668,0.691358024691358,0.8257575757575757,0.8078817733990148,0.7605681772648957,0.6440677966101694,0.8770685579196218,0.8485477178423236,0.7186147186147187,0.8181818181818182,0.6190476190476191,0.6535433070866141
