,all,all,all,all,no revasc,no revasc,no revasc,no revasc,with revasc,with revasc,with revasc,with revasc
,Test AUC,Sensitivity,Specificity,Accuracy,Test AUC,Sensitivity,Specificity,Accuracy,Test AUC,Sensitivity,Specificity,Accuracy
lasso,0.6058383289272815,0.5981308411214953,0.6135458167330677,0.6108374384236454,0.5845771144278608,0.5,0.6691542288557214,0.6410788381742739,0.6394444444444445,0.8888888888888888,0.39,0.49606299212598426
linreg,0.6484343001824479,0.6355140186915887,0.6613545816733069,0.6568144499178982,0.6394589552238806,0.5625,0.7164179104477613,0.6908713692946058,0.6459259259259259,0.8518518518518519,0.43999999999999995,0.5275590551181102
SVR10,0.5751386975462636,0.2897196261682243,0.8605577689243028,0.7602627257799671,0.5791044776119403,0.3,0.8582089552238806,0.7655601659751037,0.5646296296296297,0.25925925925925924,0.87,0.7401574803149606
ridge,0.6464422683099379,0.6355140186915887,0.6573705179282869,0.6535303776683087,0.6382151741293531,0.5625,0.7139303482587065,0.6887966804979253,0.6409259259259259,0.8518518518518519,0.43000000000000005,0.5196850393700787
