,all,all,all,all,no revasc,no revasc,no revasc,no revasc,with revasc,with revasc,with revasc,with revasc
,Test AUC,Sensitivity,Specificity,Accuracy,Test AUC,Sensitivity,Specificity,Accuracy,Test AUC,Sensitivity,Specificity,Accuracy
lasso,0.6322951739618405,0.4691358024691358,0.7954545454545454,0.7520525451559934,0.60073326120928,0.3220338983050847,0.8794326241134752,0.8112033195020747,0.6603896103896105,0.8636363636363636,0.4571428571428572,0.5275590551181102
linreg,0.5899971941638609,0.35802469135802467,0.821969696969697,0.7602627257799671,0.5958047842288737,0.3050847457627119,0.8865248226950355,0.8153526970954357,0.530952380952381,0.5,0.5619047619047619,0.5511811023622047
SVR10,0.539983164983165,0.14814814814814814,0.9318181818181819,0.8275862068965517,0.5551949352886966,0.1694915254237288,0.9408983451536643,0.8464730290456431,0.49307359307359305,0.0,1.0,0.8267716535433071
ridge,0.5881032547699214,0.35802469135802467,0.8181818181818181,0.7569786535303776,0.594622751131947,0.3050847457627119,0.884160756501182,0.8132780082987552,0.5261904761904762,0.5,0.5523809523809524,0.5433070866141733
