,all,all,all,all,no revasc,no revasc,no revasc,no revasc,with revasc,with revasc,with revasc,with revasc
,Test AUC,Sensitivity,Specificity,Accuracy,Test AUC,Sensitivity,Specificity,Accuracy,Test AUC,Sensitivity,Specificity,Accuracy
lasso,0.6276855196038277,0.4485981308411215,0.8067729083665338,0.7438423645320197,0.6191231343283582,0.3875,0.8507462686567164,0.7738589211618258,0.6298148148148149,0.6296296296296297,0.63,0.6299212598425197
linreg,0.6339501805860669,0.6822429906542056,0.5856573705179282,0.6026272577996716,0.6359141791044776,0.6375,0.6343283582089552,0.6348547717842323,0.6024074074074074,0.8148148148148148,0.39,0.48031496062992124
SVR10,0.5659418401161707,0.32710280373831774,0.8047808764940239,0.7208538587848933,0.5729788557213931,0.3375,0.8084577114427861,0.7302904564315352,0.5431481481481482,0.2962962962962963,0.79,0.6850393700787402
ridge,0.6339501805860669,0.6822429906542056,0.5856573705179282,0.6026272577996716,0.6359141791044776,0.6375,0.6343283582089552,0.6348547717842323,0.6024074074074074,0.8148148148148148,0.39,0.48031496062992124
