,all,all,all,all,no revasc,no revasc,no revasc,no revasc,with revasc,with revasc,with revasc,with revasc
,Test AUC,Sensitivity,Specificity,Accuracy,Test AUC,Sensitivity,Specificity,Accuracy,Test AUC,Sensitivity,Specificity,Accuracy
lasso,0.680208801077683,0.8470588235294118,0.5133587786259541,0.5599343185550082,0.6927803379416282,0.7903225806451613,0.5952380952380952,0.6203319502074689,0.5913461538461539,1.0,0.1826923076923077,0.33070866141732286
linreg,0.7236304445442299,0.8117647058823529,0.6354961832061068,0.6600985221674877,0.7359062980030722,0.7741935483870968,0.6976190476190476,0.7074688796680498,0.6488294314381271,0.9130434782608695,0.3846153846153846,0.48031496062992124
SVR10,0.629546475078581,0.4117647058823529,0.8473282442748091,0.7865353037766831,0.6435483870967743,0.3870967741935484,0.9,0.8340248962655602,0.5564381270903009,0.4782608695652174,0.6346153846153846,0.6062992125984252
ridge,0.7226762460709476,0.8117647058823529,0.633587786259542,0.6584564860426929,0.7359062980030722,0.7741935483870968,0.6976190476190476,0.7074688796680498,0.6440217391304348,0.9130434782608695,0.375,0.47244094488188976
