,all,all,all,all,no revasc,no revasc,no revasc,no revasc,with revasc,with revasc,with revasc,with revasc
,Test AUC,Sensitivity,Specificity,Accuracy,Test AUC,Sensitivity,Specificity,Accuracy,Test AUC,Sensitivity,Specificity,Accuracy
lasso,0.6670309653916211,0.6,0.7340619307832423,0.7208538587848933,0.6401471157568719,0.43902439024390244,0.8412698412698413,0.8070539419087137,0.6218323586744638,0.9473684210526315,0.2962962962962963,0.3937007874015748
linreg,0.6597449908925319,0.6,0.7194899817850637,0.7077175697865353,0.6330678612908578,0.4634146341463415,0.8027210884353742,0.7738589211618258,0.6371832358674465,0.8947368421052632,0.37962962962962965,0.4566929133858268
SVR10,0.4925774134790528,0.0,1.0,0.9014778325123153,0.5,0.0,1.0,0.9149377593360996,0.4783138401559454,0.0,1.0,0.8503937007874016
ridge,0.6632513661202185,0.5833333333333334,0.7431693989071038,0.7274220032840722,0.6432719429235109,0.4634146341463415,0.8231292517006803,0.7925311203319502,0.6293859649122807,0.8421052631578947,0.41666666666666663,0.48031496062992124
