,all,all,all,all,no revasc,no revasc,no revasc,no revasc,with revasc,with revasc,with revasc,with revasc
,Test AUC,Sensitivity,Specificity,Accuracy,Test AUC,Sensitivity,Specificity,Accuracy,Test AUC,Sensitivity,Specificity,Accuracy
lasso,0.666256830601093,0.6166666666666667,0.7158469945355191,0.7060755336617406,0.637603008683148,0.4634146341463415,0.8117913832199546,0.7821576763485477,0.6357212475633528,0.9473684210526315,0.32407407407407407,0.41732283464566927
linreg,0.6778688524590164,0.7,0.6557377049180328,0.6600985221674877,0.7020076323212212,0.6829268292682927,0.7210884353741497,0.7178423236514523,0.5628654970760234,0.7368421052631579,0.38888888888888884,0.4409448818897638
SVR10,0.6126138433515482,0.5166666666666667,0.7085610200364298,0.6896551724137931,0.6095625241966706,0.5365853658536586,0.6825396825396826,0.6701244813278008,0.6442495126705653,0.47368421052631576,0.8148148148148149,0.7637795275590551
ridge,0.6778688524590164,0.7,0.6557377049180328,0.6600985221674877,0.7020076323212212,0.6829268292682927,0.7210884353741497,0.7178423236514523,0.5628654970760234,0.7368421052631579,0.38888888888888884,0.4409448818897638
