,all,all,all,all,no revasc,no revasc,no revasc,no revasc,with revasc,with revasc,with revasc,with revasc
,Test AUC,Sensitivity,Specificity,Accuracy,Test AUC,Sensitivity,Specificity,Accuracy,Test AUC,Sensitivity,Specificity,Accuracy
lasso,0.6447460718294051,0.5679012345679012,0.7215909090909092,0.7011494252873564,0.6208478583163041,0.423728813559322,0.817966903073286,0.7697095435684648,0.643939393939394,0.9545454545454546,0.33333333333333337,0.4409448818897638
linreg,0.6372404601571269,0.6172839506172839,0.6571969696969697,0.6518883415435139,0.6691509396161398,0.6101694915254238,0.7281323877068557,0.7136929460580913,0.5038961038961038,0.6363636363636364,0.37142857142857144,0.41732283464566927
SVR10,0.5968013468013469,0.48148148148148145,0.7121212121212122,0.6814449917898193,0.598208919341267,0.5084745762711864,0.6879432624113475,0.6659751037344398,0.6093073593073594,0.4090909090909091,0.8095238095238095,0.7401574803149606
ridge,0.6372404601571269,0.6172839506172839,0.6571969696969697,0.6518883415435139,0.6691509396161398,0.6101694915254238,0.7281323877068557,0.7136929460580913,0.5038961038961038,0.6363636363636364,0.37142857142857144,0.41732283464566927
