,all,all,all,all,no revasc,no revasc,no revasc,no revasc,with revasc,with revasc,with revasc,with revasc
,Test AUC,Sensitivity,Specificity,Accuracy,Test AUC,Sensitivity,Specificity,Accuracy,Test AUC,Sensitivity,Specificity,Accuracy
lasso,0.7334699453551914,0.8166666666666667,0.6502732240437159,0.6666666666666666,0.7397267850229523,0.7560975609756098,0.7233560090702948,0.7261410788381742,0.6496101364522416,0.9473684210526315,0.35185185185185186,0.4409448818897638
linreg,0.7637067395264117,0.95,0.5774134790528234,0.6141215106732348,0.791936286709806,0.9512195121951219,0.6326530612244898,0.6597510373443983,0.6496101364522416,0.9473684210526315,0.35185185185185186,0.4409448818897638
SVR10,0.6752276867030965,0.6,0.7504553734061931,0.735632183908046,0.6651180797522261,0.5365853658536586,0.7936507936507937,0.7717842323651453,0.655458089668616,0.7368421052631579,0.5740740740740741,0.5984251968503937
ridge,0.777959927140255,0.8,0.75591985428051,0.7602627257799671,0.7828106852497096,0.7560975609756098,0.8095238095238095,0.8049792531120332,0.7158869395711501,0.8947368421052632,0.537037037037037,0.5905511811023622
