,all,all,all,all,no revasc,no revasc,no revasc,no revasc,with revasc,with revasc,with revasc,with revasc
,Test AUC,Sensitivity,Specificity,Accuracy,Test AUC,Sensitivity,Specificity,Accuracy,Test AUC,Sensitivity,Specificity,Accuracy
lasso,0.6293610604311725,0.5794392523364486,0.6792828685258965,0.6617405582922824,0.6355721393034826,0.5,0.7711442786069651,0.7261410788381742,0.5624074074074075,0.8148148148148148,0.31000000000000005,0.41732283464566927
linreg,0.6432215064973751,0.6728971962616822,0.6135458167330677,0.6239737274220033,0.6683146766169155,0.6625,0.6741293532338308,0.6721991701244814,0.5368518518518519,0.7037037037037037,0.37,0.4409448818897638
SVR10,0.5505547901850542,0.1588785046728972,0.9422310756972112,0.8045977011494253,0.5414179104477612,0.15,0.9328358208955224,0.8029045643153527,0.5825925925925926,0.18518518518518517,0.98,0.8110236220472441
ridge,0.6452135383698849,0.6728971962616822,0.6175298804780877,0.6272577996715928,0.6695584577114428,0.6625,0.6766169154228856,0.6742738589211619,0.5418518518518518,0.7037037037037037,0.38,0.44881889763779526
