,all,all,all,all,no revasc,no revasc,no revasc,no revasc,with revasc,with revasc,with revasc,with revasc
,Test AUC,Sensitivity,Specificity,Accuracy,Test AUC,Sensitivity,Specificity,Accuracy,Test AUC,Sensitivity,Specificity,Accuracy
lasso,0.7475609756097561,0.6571428571428571,0.837979094076655,0.8275862068965517,0.7085776805251641,0.52,0.8971553610503282,0.8775933609958506,0.8034188034188035,1.0,0.6068376068376069,0.6377952755905512
linreg,0.7649825783972125,0.6571428571428571,0.872822299651568,0.8604269293924466,0.7762363238512036,0.64,0.912472647702407,0.8983402489626556,0.7089743589743589,0.7,0.717948717948718,0.7165354330708661
SVR10,0.7649825783972125,0.8,0.7299651567944251,0.7339901477832512,0.79417943107221,0.84,0.7483588621444202,0.7531120331950207,0.6790598290598291,0.7,0.6581196581196581,0.6614173228346457
ridge,0.7641114982578396,0.6571428571428571,0.8710801393728222,0.8587848932676518,0.7762363238512036,0.64,0.912472647702407,0.8983402489626556,0.7047008547008546,0.7,0.7094017094017093,0.7086614173228346
