,all,all,all,all,no revasc,no revasc,no revasc,no revasc,with revasc,with revasc,with revasc,with revasc
,Test AUC,Sensitivity,Specificity,Accuracy,Test AUC,Sensitivity,Specificity,Accuracy,Test AUC,Sensitivity,Specificity,Accuracy
lasso,0.6693322109988777,0.8765432098765432,0.46212121212121215,0.5172413793103449,0.6977601474536202,0.8305084745762712,0.5650118203309693,0.5975103734439834,0.5238095238095238,1.0,0.04761904761904767,0.2125984251968504
linreg,0.6650182379349046,0.8395061728395061,0.490530303030303,0.5369458128078818,0.6961774251712947,0.7966101694915254,0.5957446808510638,0.6203319502074689,0.5106060606060606,0.9545454545454546,0.06666666666666665,0.2204724409448819
SVR10,0.667368125701459,0.8271604938271605,0.5075757575757576,0.5500821018062397,0.7018872460632287,0.7796610169491526,0.624113475177305,0.6431535269709544,0.49632034632034633,0.0,1.0,0.8267716535433071
ridge,0.6650182379349046,0.8395061728395061,0.490530303030303,0.5369458128078818,0.6961774251712947,0.7966101694915254,0.5957446808510638,0.6203319502074689,0.5106060606060606,0.9545454545454546,0.06666666666666665,0.2204724409448819
