,all,all,all,all,no revasc,no revasc,no revasc,no revasc,with revasc,with revasc,with revasc,with revasc
,Test AUC,Sensitivity,Specificity,Accuracy,Test AUC,Sensitivity,Specificity,Accuracy,Test AUC,Sensitivity,Specificity,Accuracy
lasso,0.7075774584643018,0.7529411764705882,0.6622137404580153,0.6748768472906403,0.7170122887864824,0.6935483870967742,0.7404761904761905,0.7344398340248963,0.6295986622073578,0.9130434782608695,0.34615384615384615,0.44881889763779526
linreg,0.7357207004939381,0.788235294117647,0.6832061068702291,0.6978653530377669,0.7492703533026114,0.7580645161290323,0.7404761904761905,0.7427385892116183,0.6607441471571905,0.8695652173913043,0.45192307692307687,0.5275590551181102
SVR10,0.5721486304445442,0.32941176470588235,0.8148854961832062,0.7471264367816092,0.5807219662058372,0.3709677419354839,0.7904761904761904,0.7365145228215768,0.5654264214046822,0.21739130434782608,0.9134615384615384,0.7874015748031497
ridge,0.7264930399640772,0.8117647058823529,0.6412213740458015,0.6650246305418719,0.7439708141321044,0.7903225806451613,0.6976190476190476,0.7095435684647303,0.6415133779264213,0.8695652173913043,0.41346153846153844,0.49606299212598426
