,all,all,all,all,no revasc,no revasc,no revasc,no revasc,with revasc,with revasc,with revasc,with revasc
,Test AUC,Sensitivity,Specificity,Accuracy,Test AUC,Sensitivity,Specificity,Accuracy,Test AUC,Sensitivity,Specificity,Accuracy
lasso,0.6987328767123289,0.68,0.7174657534246576,0.715927750410509,0.6797596457938013,0.5294117647058824,0.8301075268817204,0.8195020746887967,0.6386554621848739,1.0,0.2773109243697479,0.3228346456692913
linreg,0.7127397260273972,0.72,0.7054794520547945,0.7060755336617406,0.7213788741302971,0.6470588235294118,0.7956989247311828,0.7904564315352697,0.6139705882352942,0.875,0.3529411764705882,0.3858267716535433
SVR10,0.4808561643835616,0.0,1.0,0.9589490968801314,0.5,0.0,1.0,0.9647302904564315,0.4417016806722689,0.0,1.0,0.937007874015748
ridge,0.7247260273972602,0.72,0.7294520547945205,0.729064039408867,0.7310562934851359,0.6470588235294118,0.8150537634408602,0.8091286307053942,0.6349789915966386,0.875,0.39495798319327735,0.4251968503937008
