,all,all,all,all,no revasc,no revasc,no revasc,no revasc,with revasc,with revasc,with revasc,with revasc
,Test AUC,Sensitivity,Specificity,Accuracy,Test AUC,Sensitivity,Specificity,Accuracy,Test AUC,Sensitivity,Specificity,Accuracy
lasso,0.7202090592334495,0.7714285714285715,0.6689895470383276,0.6748768472906403,0.728402625820569,0.68,0.7768052516411379,0.7717842323651453,0.6239316239316239,1.0,0.24786324786324787,0.30708661417322836
linreg,0.7506968641114982,0.9142857142857143,0.5871080139372822,0.6059113300492611,0.776980306345733,0.88,0.6739606126914661,0.6846473029045643,0.6239316239316239,1.0,0.24786324786324787,0.30708661417322836
SVR10,0.6088850174216028,0.42857142857142855,0.7891986062717771,0.7684729064039408,0.5880962800875272,0.36,0.8161925601750547,0.7925311203319502,0.6418803418803419,0.6,0.6837606837606838,0.6771653543307087
ridge,0.7506968641114982,0.9142857142857143,0.5871080139372822,0.6059113300492611,0.776980306345733,0.88,0.6739606126914661,0.6846473029045643,0.6239316239316239,1.0,0.24786324786324787,0.30708661417322836
