,all,all,all,all,no revasc,no revasc,no revasc,no revasc,with revasc,with revasc,with revasc,with revasc
,Test AUC,Sensitivity,Specificity,Accuracy,Test AUC,Sensitivity,Specificity,Accuracy,Test AUC,Sensitivity,Specificity,Accuracy
lasso,0.6894589133363269,0.6823529411764706,0.6965648854961832,0.6945812807881774,0.6924347158218125,0.5967741935483871,0.7880952380952381,0.7634854771784232,0.6199832775919731,0.9130434782608695,0.32692307692307687,0.4330708661417323
linreg,0.6862819937135158,0.6588235294117647,0.7137404580152672,0.7060755336617406,0.6933563748079876,0.6129032258064516,0.7738095238095238,0.7531120331950207,0.62688127090301,0.782608695652174,0.47115384615384615,0.5275590551181102
SVR10,0.5315783565334531,0.43529411764705883,0.6278625954198473,0.6009852216748769,0.5402073732718894,0.5161290322580645,0.5642857142857143,0.558091286307054,0.5510033444816054,0.21739130434782608,0.8846153846153846,0.7637795275590551
ridge,0.6813538392456219,0.6470588235294118,0.7156488549618321,0.7060755336617406,0.6852918586789555,0.5967741935483871,0.7738095238095238,0.7510373443983402,0.6316889632107023,0.782608695652174,0.4807692307692307,0.5354330708661418
