,all,all,all,all,no revasc,no revasc,no revasc,no revasc,with revasc,with revasc,with revasc,with revasc
,Test AUC,Sensitivity,Specificity,Accuracy,Test AUC,Sensitivity,Specificity,Accuracy,Test AUC,Sensitivity,Specificity,Accuracy
lasso,0.6233756562534907,0.7009345794392523,0.545816733067729,0.5730706075533661,0.6358830845771144,0.625,0.6467661691542288,0.6431535269709544,0.532962962962963,0.9259259259259259,0.14,0.30708661417322836
linreg,0.650733514539971,0.6261682242990654,0.6752988047808766,0.6666666666666666,0.6669154228855722,0.6,0.7338308457711442,0.7116182572614108,0.5718518518518518,0.7037037037037037,0.43999999999999995,0.49606299212598426
SVR10,0.5699724466619502,0.719626168224299,0.42031872509960155,0.4729064039408867,0.5752176616915423,0.7375,0.4129353233830846,0.46680497925311204,0.5583333333333333,0.6666666666666666,0.44999999999999996,0.49606299212598426
ridge,0.6315020292661131,0.6355140186915887,0.6274900398406374,0.6288998357963875,0.6507773631840796,0.6125,0.6890547263681592,0.6763485477178424,0.5418518518518518,0.7037037037037037,0.38,0.44881889763779526
