,all,all,all,all,no revasc,no revasc,no revasc,no revasc,with revasc,with revasc,with revasc,with revasc
,Test AUC,Sensitivity,Specificity,Accuracy,Test AUC,Sensitivity,Specificity,Accuracy,Test AUC,Sensitivity,Specificity,Accuracy
lasso,0.6494773519163762,0.5428571428571428,0.7560975609756098,0.7438423645320197,0.6412253829321661,0.44,0.8424507658643325,0.8215767634854771,0.6094017094017095,0.8,0.41880341880341876,0.44881889763779526
linreg,0.7137630662020906,0.6,0.8275261324041812,0.8144499178981938,0.6932603938730854,0.52,0.8665207877461707,0.8485477178423236,0.7376068376068377,0.8,0.6752136752136753,0.6850393700787402
SVR10,0.5679442508710801,0.5714285714285714,0.5644599303135889,0.5648604269293924,0.5535229759299781,0.56,0.5470459518599562,0.5477178423236515,0.6162393162393163,0.6,0.6324786324786325,0.6299212598425197
ridge,0.7163763066202091,0.6,0.8327526132404182,0.819376026272578,0.7143544857768053,0.56,0.8687089715536105,0.8526970954356846,0.6961538461538461,0.7,0.6923076923076923,0.6929133858267716
