,all,all,all,all,no revasc,no revasc,no revasc,no revasc,with revasc,with revasc,with revasc,with revasc
,Test AUC,Sensitivity,Specificity,Accuracy,Test AUC,Sensitivity,Specificity,Accuracy,Test AUC,Sensitivity,Specificity,Accuracy
lasso,0.7620209059233449,0.9142857142857143,0.6097560975609756,0.6272577996715928,0.7846389496717725,0.88,0.6892778993435449,0.6991701244813278,0.6495726495726496,1.0,0.2991452991452992,0.3543307086614173
linreg,0.7831010452961673,0.8571428571428571,0.7090592334494774,0.7175697865353038,0.7916849015317287,0.8,0.7833698030634573,0.7842323651452282,0.7094017094017093,1.0,0.41880341880341876,0.4645669291338583
SVR10,0.5609756097560975,0.2857142857142857,0.8362369337979094,0.8045977011494253,0.5521663019693654,0.24,0.8643326039387309,0.8319502074688797,0.5632478632478632,0.4,0.7264957264957265,0.7007874015748031
ridge,0.7822299651567943,0.8571428571428571,0.7073170731707317,0.715927750410509,0.7905908096280088,0.8,0.7811816192560175,0.7821576763485477,0.7094017094017093,1.0,0.41880341880341876,0.4645669291338583
