,all,all,all,all,no revasc,no revasc,no revasc,no revasc,with revasc,with revasc,with revasc,with revasc
,Test AUC,Sensitivity,Specificity,Accuracy,Test AUC,Sensitivity,Specificity,Accuracy,Test AUC,Sensitivity,Specificity,Accuracy
lasso,0.7797909407665504,0.8,0.759581881533101,0.7619047619047619,0.7935667396061269,0.76,0.8271334792122538,0.8236514522821576,0.6978632478632478,0.9,0.49572649572649574,0.5275590551181102
linreg,0.8134146341463414,0.9142857142857143,0.7125435540069687,0.7241379310344828,0.8218380743982494,0.88,0.7636761487964989,0.7697095435684648,0.7564102564102564,1.0,0.5128205128205128,0.5511811023622047
SVR10,0.7867595818815332,0.8,0.7735191637630662,0.7750410509031199,0.7880962800875274,0.76,0.8161925601750547,0.8132780082987552,0.7534188034188035,0.9,0.6068376068376069,0.6299212598425197
ridge,0.8177700348432055,0.9142857142857143,0.7212543554006969,0.7323481116584565,0.8273085339168489,0.88,0.774617067833698,0.7800829875518672,0.7564102564102564,1.0,0.5128205128205128,0.5511811023622047
