,all,all,all,all,no revasc,no revasc,no revasc,no revasc,with revasc,with revasc,with revasc,with revasc
,Test AUC,Sensitivity,Specificity,Accuracy,Test AUC,Sensitivity,Specificity,Accuracy,Test AUC,Sensitivity,Specificity,Accuracy
lasso,0.593623709025595,0.29411764705882354,0.8931297709923665,0.8095238095238095,0.564900153609831,0.1774193548387097,0.9523809523809523,0.8526970954356846,0.6312709030100335,0.6086956521739131,0.6538461538461539,0.6456692913385826
linreg,0.5888527166591828,0.29411764705882354,0.883587786259542,0.8013136288998358,0.584062980030722,0.24193548387096775,0.9261904761904762,0.8381742738589212,0.5731605351170569,0.43478260869565216,0.7115384615384616,0.6614173228346457
SVR10,0.456174225415357,0.0,1.0,0.8604269293924466,0.43356374807987713,0.0,1.0,0.8713692946058091,0.5827759197324415,0.43478260869565216,0.7307692307692308,0.6771653543307087
ridge,0.5888527166591828,0.29411764705882354,0.883587786259542,0.8013136288998358,0.584062980030722,0.24193548387096775,0.9261904761904762,0.8381742738589212,0.5731605351170569,0.43478260869565216,0.7115384615384616,0.6614173228346457
