,all,all,all,all,no revasc,no revasc,no revasc,no revasc,with revasc,with revasc,with revasc,with revasc
,Test AUC,Sensitivity,Specificity,Accuracy,Test AUC,Sensitivity,Specificity,Accuracy,Test AUC,Sensitivity,Specificity,Accuracy
lasso,0.6241243825774584,0.5058823529411764,0.7423664122137404,0.7093596059113301,0.6012288786482335,0.3548387096774194,0.8476190476190476,0.7842323651452282,0.615175585284281,0.9130434782608695,0.3173076923076923,0.4251968503937008
linreg,0.6433655141445891,0.5176470588235295,0.7690839694656488,0.7339901477832512,0.6346774193548388,0.41935483870967744,0.85,0.7946058091286307,0.6124581939799332,0.782608695652174,0.4423076923076923,0.5039370078740157
SVR10,0.5128760664571173,0.03529411764705882,0.9904580152671756,0.8571428571428571,0.5137480798771121,0.03225806451612903,0.9952380952380953,0.8713692946058091,0.5073160535117057,0.043478260869565216,0.9711538461538461,0.8031496062992126
ridge,0.6433655141445891,0.5176470588235295,0.7690839694656488,0.7339901477832512,0.6346774193548388,0.41935483870967744,0.85,0.7946058091286307,0.6124581939799332,0.782608695652174,0.4423076923076923,0.5039370078740157
