,all,all,all,all,no revasc,no revasc,no revasc,no revasc,with revasc,with revasc,with revasc,with revasc
,Test AUC,Sensitivity,Specificity,Accuracy,Test AUC,Sensitivity,Specificity,Accuracy,Test AUC,Sensitivity,Specificity,Accuracy
lasso,0.6607021310016231,0.8028169014084507,0.5185873605947955,0.5517241379310345,0.6813425925925926,0.74,0.6226851851851851,0.6348547717842323,0.5233602875112309,0.9523809523809523,0.09433962264150941,0.23622047244094488
linreg,0.6983088119796849,0.8873239436619719,0.5092936802973977,0.5533661740558292,0.707037037037037,0.84,0.5740740740740741,0.6016597510373444,0.6226415094339622,1.0,0.24528301886792447,0.3700787401574803
SVR10,0.5142284936384103,0.056338028169014086,0.9721189591078067,0.8653530377668309,0.518425925925926,0.06,0.9768518518518519,0.8817427385892116,0.5002246181491465,0.047619047619047616,0.9528301886792453,0.8031496062992126
ridge,0.6983088119796849,0.8873239436619719,0.5092936802973977,0.5533661740558292,0.707037037037037,0.84,0.5740740740740741,0.6016597510373444,0.6226415094339622,1.0,0.24528301886792447,0.3700787401574803
