,all,all,all,all,no revasc,no revasc,no revasc,no revasc,with revasc,with revasc,with revasc,with revasc
,Test AUC,Sensitivity,Specificity,Accuracy,Test AUC,Sensitivity,Specificity,Accuracy,Test AUC,Sensitivity,Specificity,Accuracy
lasso,0.6602739726027398,0.8,0.5205479452054795,0.5320197044334976,0.6475648323845669,0.7058823529411765,0.589247311827957,0.5933609958506224,0.6260504201680672,1.0,0.25210084033613445,0.2992125984251969
linreg,0.6519520547945206,0.72,0.5839041095890412,0.5894909688013136,0.6199240986717267,0.5882352941176471,0.6516129032258065,0.6493775933609959,0.6596638655462185,1.0,0.31932773109243695,0.36220472440944884
SVR10,0.5214726027397261,0.12,0.922945205479452,0.8899835796387521,0.5308665401644529,0.11764705882352941,0.9440860215053763,0.9149377593360996,0.48266806722689076,0.0,1.0,0.937007874015748
ridge,0.6510958904109589,0.72,0.5821917808219178,0.5878489326765188,0.6188488298545225,0.5882352941176471,0.6494623655913978,0.6473029045643154,0.6596638655462185,1.0,0.31932773109243695,0.36220472440944884
