,all,all,all,all,no revasc,no revasc,no revasc,no revasc,with revasc,with revasc,with revasc,with revasc
,Test AUC,Sensitivity,Specificity,Accuracy,Test AUC,Sensitivity,Specificity,Accuracy,Test AUC,Sensitivity,Specificity,Accuracy
lasso,0.6666211293260473,0.8833333333333333,0.44990892531876137,0.49261083743842365,0.6890105635750234,0.8292682926829268,0.5487528344671202,0.5726141078838174,0.5231481481481481,1.0,0.04629629629629628,0.1889763779527559
linreg,0.6629781420765027,0.8833333333333333,0.4426229508196722,0.4860426929392447,0.6966705381339529,0.8536585365853658,0.5396825396825398,0.5663900414937759,0.4968323586744639,0.0,1.0,0.8503937007874016
SVR10,0.6389344262295084,0.6166666666666667,0.6612021857923498,0.6568144499178982,0.6239975665062774,0.4634146341463415,0.7845804988662132,0.7572614107883817,0.5523879142300194,0.9473684210526315,0.15740740740740744,0.2755905511811024
ridge,0.6629781420765027,0.8833333333333333,0.4426229508196722,0.4860426929392447,0.6966705381339529,0.8536585365853658,0.5396825396825398,0.5663900414937759,0.4968323586744639,0.0,1.0,0.8503937007874016
