,all,all,all,all,no revasc,no revasc,no revasc,no revasc,with revasc,with revasc,with revasc,with revasc
,Test AUC,Sensitivity,Specificity,Accuracy,Test AUC,Sensitivity,Specificity,Accuracy,Test AUC,Sensitivity,Specificity,Accuracy
lasso,0.7144599303135888,0.9428571428571428,0.48606271777003485,0.5123152709359606,0.7378993435448579,0.92,0.5557986870897156,0.5746887966804979,0.6068376068376069,1.0,0.2136752136752137,0.2755905511811024
linreg,0.7738675958188154,0.8857142857142857,0.662020905923345,0.6748768472906403,0.7755798687089714,0.84,0.711159737417943,0.7178423236514523,0.7350427350427351,1.0,0.4700854700854701,0.5118110236220472
SVR10,0.5979094076655053,0.3142857142857143,0.8815331010452961,0.8489326765188834,0.5987308533916849,0.32,0.8774617067833698,0.8485477178423236,0.5987179487179487,0.3,0.8974358974358975,0.8503937007874016
ridge,0.7411149825783971,0.9142857142857143,0.5679442508710801,0.5878489326765188,0.7474398249452955,0.88,0.6148796498905909,0.6286307053941909,0.6923076923076923,1.0,0.3846153846153846,0.4330708661417323
