,all,all,all,all,no revasc,no revasc,no revasc,no revasc,with revasc,with revasc,with revasc,with revasc
,Test AUC,Sensitivity,Specificity,Accuracy,Test AUC,Sensitivity,Specificity,Accuracy,Test AUC,Sensitivity,Specificity,Accuracy
lasso,0.5965909090909091,0.375,0.8181818181818181,0.7832512315270936,0.6106223739495799,0.35294117647058826,0.8683035714285714,0.8319502074688797,0.5240202275600506,0.42857142857142855,0.6194690265486726,0.5984251968503937
linreg,0.6529634581105169,0.625,0.6809269162210339,0.6765188834154351,0.6410189075630252,0.5588235294117647,0.7232142857142857,0.7116182572614108,0.6494943109987358,0.7857142857142857,0.5132743362831859,0.5433070866141733
SVR10,0.5267936720142602,0.7291666666666666,0.32442067736185387,0.3563218390804598,0.5049238445378151,0.7352941176470589,0.2745535714285714,0.3070539419087137,0.6182048040455119,0.7142857142857143,0.5221238938053097,0.5433070866141733
ridge,0.6529634581105169,0.625,0.6809269162210339,0.6765188834154351,0.6410189075630252,0.5588235294117647,0.7232142857142857,0.7116182572614108,0.6494943109987358,0.7857142857142857,0.5132743362831859,0.5433070866141733
