,all,all,all,all,no revasc,no revasc,no revasc,no revasc,with revasc,with revasc,with revasc,with revasc
,Test AUC,Sensitivity,Specificity,Accuracy,Test AUC,Sensitivity,Specificity,Accuracy,Test AUC,Sensitivity,Specificity,Accuracy
lasso,0.7292223707664884,0.8541666666666666,0.6042780748663101,0.6239737274220033,0.7443539915966386,0.8235294117647058,0.6651785714285714,0.6763485477178424,0.6457016434892542,0.9285714285714286,0.36283185840707965,0.4251968503937008
linreg,0.7322303921568627,0.8958333333333334,0.5686274509803921,0.5944170771756979,0.7503282563025209,0.8823529411764706,0.6183035714285714,0.6369294605809128,0.650126422250316,0.9285714285714286,0.37168141592920356,0.4330708661417323
SVR10,0.5206662210338681,0.8541666666666666,0.1871657754010695,0.23973727422003285,0.5418198529411764,0.9117647058823529,0.171875,0.22406639004149378,0.4810366624525917,0.0,1.0,0.889763779527559
ridge,0.7349041889483067,0.8958333333333334,0.5739750445632799,0.5993431855500821,0.7536764705882353,0.8823529411764706,0.625,0.6431535269709544,0.650126422250316,0.9285714285714286,0.37168141592920356,0.4330708661417323
