,all,all,all,all,no revasc,no revasc,no revasc,no revasc,with revasc,with revasc,with revasc,with revasc
,Test AUC,Sensitivity,Specificity,Accuracy,Test AUC,Sensitivity,Specificity,Accuracy,Test AUC,Sensitivity,Specificity,Accuracy
lasso,0.7295008912655973,0.8333333333333334,0.625668449197861,0.6420361247947455,0.7417279411764706,0.7647058823529411,0.71875,0.7219917012448133,0.6283185840707964,1.0,0.2566371681415929,0.33858267716535434
linreg,0.7324532085561497,0.8125,0.6524064171122994,0.6650246305418719,0.742844012605042,0.7647058823529411,0.7209821428571428,0.7240663900414938,0.6545512010113781,0.9285714285714286,0.38053097345132747,0.4409448818897638
SVR10,0.5276849376114082,0.0625,0.9928698752228164,0.9195402298850575,0.5418855042016807,0.08823529411764706,0.9955357142857143,0.9315352697095436,0.4911504424778761,0.0,1.0,0.889763779527559
ridge,0.7324532085561497,0.8125,0.6524064171122994,0.6650246305418719,0.742844012605042,0.7647058823529411,0.7209821428571428,0.7240663900414938,0.6545512010113781,0.9285714285714286,0.38053097345132747,0.4409448818897638
