,all,all,all,all,no revasc,no revasc,no revasc,no revasc,with revasc,with revasc,with revasc,with revasc
,Test AUC,Sensitivity,Specificity,Accuracy,Test AUC,Sensitivity,Specificity,Accuracy,Test AUC,Sensitivity,Specificity,Accuracy
lasso,0.622822299651568,0.42857142857142855,0.8170731707317074,0.7947454844006568,0.6321663019693654,0.4,0.8643326039387309,0.8402489626556017,0.5662393162393162,0.5,0.6324786324786325,0.6220472440944882
linreg,0.6444250871080139,0.4857142857142857,0.8031358885017421,0.7848932676518884,0.6379431072210066,0.44,0.8358862144420132,0.8153526970954357,0.6376068376068377,0.6,0.6752136752136753,0.6692913385826772
SVR10,0.5355400696864112,0.34285714285714286,0.7282229965156795,0.7060755336617406,0.530109409190372,0.36,0.700218818380744,0.6825726141078838,0.5688034188034189,0.3,0.8376068376068376,0.7952755905511811
ridge,0.6583623693379791,0.6285714285714286,0.6881533101045296,0.6847290640394089,0.6654266958424508,0.6,0.7308533916849016,0.7240663900414938,0.6106837606837606,0.7,0.5213675213675213,0.5354330708661418
