,all,all,all,all,no revasc,no revasc,no revasc,no revasc,with revasc,with revasc,with revasc,with revasc
,Test AUC,Sensitivity,Specificity,Accuracy,Test AUC,Sensitivity,Specificity,Accuracy,Test AUC,Sensitivity,Specificity,Accuracy
lasso,0.695216049382716,0.7654320987654321,0.625,0.6436781609195402,0.6973394238089513,0.6949152542372882,0.6997635933806147,0.6991701244813278,0.6391774891774892,0.9545454545454546,0.32380952380952377,0.4330708661417323
linreg,0.7225378787878788,0.6666666666666666,0.7784090909090909,0.7635467980295566,0.7321993829386545,0.6440677966101694,0.8203309692671394,0.7987551867219918,0.6683982683982684,0.7272727272727273,0.6095238095238096,0.6299212598425197
SVR10,0.613145342312009,0.32098765432098764,0.9053030303030303,0.8275862068965517,0.6121529029931483,0.288135593220339,0.9361702127659575,0.8568464730290456,0.5950216450216451,0.4090909090909091,0.780952380952381,0.7165354330708661
ridge,0.7225378787878788,0.6666666666666666,0.7784090909090909,0.7635467980295566,0.7321993829386545,0.6440677966101694,0.8203309692671394,0.7987551867219918,0.6683982683982684,0.7272727272727273,0.6095238095238096,0.6299212598425197
