,all,all,all,all,no revasc,no revasc,no revasc,no revasc,with revasc,with revasc,with revasc,with revasc
,Test AUC,Sensitivity,Specificity,Accuracy,Test AUC,Sensitivity,Specificity,Accuracy,Test AUC,Sensitivity,Specificity,Accuracy
lasso,0.7017421602787457,0.8285714285714286,0.5749128919860627,0.5894909688013136,0.7158862144420132,0.76,0.6717724288840263,0.6763485477178424,0.5982905982905983,1.0,0.19658119658119655,0.25984251968503935
linreg,0.7667247386759583,0.8,0.7334494773519165,0.7372742200328407,0.7571553610503282,0.72,0.7943107221006565,0.7904564315352697,0.7478632478632479,1.0,0.49572649572649574,0.5354330708661418
SVR10,0.5242160278745644,0.05714285714285714,0.9912891986062717,0.9376026272577996,0.5356236323851203,0.08,0.9912472647702407,0.9439834024896265,0.49572649572649574,0.0,1.0,0.9212598425196851
ridge,0.7675958188153309,0.8,0.735191637630662,0.7389162561576355,0.7582494529540481,0.72,0.7964989059080962,0.7925311203319502,0.7478632478632479,1.0,0.49572649572649574,0.5354330708661418
