,all,all,all,all,no revasc,no revasc,no revasc,no revasc,with revasc,with revasc,with revasc,with revasc
,Test AUC,Sensitivity,Specificity,Accuracy,Test AUC,Sensitivity,Specificity,Accuracy,Test AUC,Sensitivity,Specificity,Accuracy
lasso,0.7007741347905283,0.7166666666666667,0.6848816029143898,0.6880131362889984,0.7167468613461645,0.6829268292682927,0.7505668934240363,0.7448132780082988,0.6030701754385965,0.7894736842105263,0.41666666666666663,0.47244094488188976
linreg,0.7092440801457195,0.75,0.668488160291439,0.6765188834154351,0.7451191858857364,0.7804878048780488,0.7097505668934241,0.7157676348547718,0.5921052631578947,0.6842105263157895,0.5,0.5275590551181102
SVR10,0.5859289617486338,0.48333333333333334,0.6885245901639344,0.6683087027914614,0.6217576461478901,0.5609756097560976,0.6825396825396826,0.6721991701244814,0.5143762183235868,0.3157894736842105,0.712962962962963,0.6535433070866141
ridge,0.7173041894353371,0.7333333333333333,0.7012750455373407,0.7044334975369458,0.7499308666556053,0.7560975609756098,0.7437641723356009,0.7448132780082988,0.6059941520467836,0.6842105263157895,0.5277777777777778,0.5511811023622047
