,all,all,all,all,no revasc,no revasc,no revasc,no revasc,with revasc,with revasc,with revasc,with revasc
,Test AUC,Sensitivity,Specificity,Accuracy,Test AUC,Sensitivity,Specificity,Accuracy,Test AUC,Sensitivity,Specificity,Accuracy
lasso,0.5521558625311838,0.2616822429906542,0.8426294820717132,0.7405582922824302,0.5665111940298508,0.2375,0.8955223880597015,0.7863070539419087,0.48166666666666663,0.0,1.0,0.7874015748031497
linreg,0.5769724838961909,0.35514018691588783,0.798804780876494,0.7208538587848933,0.5679415422885572,0.3125,0.8233830845771144,0.7385892116182573,0.5907407407407407,0.48148148148148145,0.7,0.6535433070866141
SVR10,0.5785921733626243,0.21495327102803738,0.9422310756972112,0.8144499178981938,0.5701181592039801,0.1875,0.9527363184079602,0.8257261410788381,0.5981481481481482,0.2962962962962963,0.9,0.7716535433070866
ridge,0.5833302304799494,0.37383177570093457,0.7928286852589641,0.7192118226600985,0.5791977611940299,0.3375,0.8208955223880597,0.7406639004149378,0.5807407407407407,0.48148148148148145,0.6799999999999999,0.6377952755905512
