,all,all,all,all,no revasc,no revasc,no revasc,no revasc,with revasc,with revasc,with revasc,with revasc
,Test AUC,Sensitivity,Specificity,Accuracy,Test AUC,Sensitivity,Specificity,Accuracy,Test AUC,Sensitivity,Specificity,Accuracy
lasso,0.7555147058823529,0.8235294117647058,0.6875,0.6912972085385879,0.7553561088592936,0.7272727272727273,0.7834394904458599,0.7821576763485477,0.6570247933884297,1.0,0.31404958677685946,0.3464566929133858
linreg,0.7290341812400636,0.9411764705882353,0.5168918918918919,0.5287356321839081,0.7464775139934375,0.9090909090909091,0.583864118895966,0.5912863070539419,0.628099173553719,1.0,0.25619834710743805,0.29133858267716534
SVR10,0.5755663751987282,0.17647058823529413,0.9746621621621622,0.9523809523809523,0.5316541208260953,0.09090909090909091,0.9723991507430998,0.9522821576763485,0.6584022038567493,0.3333333333333333,0.9834710743801653,0.952755905511811
ridge,0.6914745627980922,0.7647058823529411,0.6182432432432432,0.6223316912972086,0.6653155761436017,0.6363636363636364,0.694267515923567,0.6929460580912863,0.6611570247933884,1.0,0.3223140495867769,0.3543307086614173
