,all,all,all,all,no revasc,no revasc,no revasc,no revasc,with revasc,with revasc,with revasc,with revasc
,Test AUC,Sensitivity,Specificity,Accuracy,Test AUC,Sensitivity,Specificity,Accuracy,Test AUC,Sensitivity,Specificity,Accuracy
lasso,0.6635701275045538,0.7333333333333333,0.5938069216757742,0.6075533661740559,0.7025883524141364,0.7317073170731707,0.6734693877551021,0.6784232365145229,0.5026803118908382,0.7368421052631579,0.2685185185185185,0.33858267716535434
linreg,0.6629326047358834,0.7666666666666667,0.5591985428051002,0.5796387520525451,0.6921077374039046,0.7560975609756098,0.6281179138321995,0.6390041493775933,0.5336257309941521,0.7894736842105263,0.2777777777777778,0.3543307086614173
SVR10,0.6579234972677597,0.6,0.7158469945355191,0.7044334975369458,0.6795807753995908,0.5609756097560976,0.7981859410430839,0.7780082987551867,0.5319200779727096,0.6842105263157895,0.37962962962962965,0.4251968503937008
ridge,0.6629326047358834,0.7666666666666667,0.5591985428051002,0.5796387520525451,0.6921077374039046,0.7560975609756098,0.6281179138321995,0.6390041493775933,0.5336257309941521,0.7894736842105263,0.2777777777777778,0.3543307086614173
