,all,all,all,all,no revasc,no revasc,no revasc,no revasc,with revasc,with revasc,with revasc,with revasc
,Test AUC,Sensitivity,Specificity,Accuracy,Test AUC,Sensitivity,Specificity,Accuracy,Test AUC,Sensitivity,Specificity,Accuracy
lasso,0.7182604735883424,0.85,0.5865209471766849,0.6124794745484401,0.7258448094685028,0.7804878048780488,0.6712018140589568,0.6804979253112033,0.6203703703703703,1.0,0.2407407407407407,0.3543307086614173
linreg,0.733879781420765,0.8666666666666667,0.6010928961748634,0.6272577996715928,0.754770200763232,0.8292682926829268,0.6802721088435374,0.6929460580912863,0.6125730994152045,0.9473684210526315,0.2777777777777778,0.3779527559055118
SVR10,0.5580601092896175,0.4166666666666667,0.6994535519125683,0.6715927750410509,0.5602013162988774,0.3902439024390244,0.7301587301587302,0.7012448132780082,0.5238791423001949,0.47368421052631576,0.5740740740740741,0.5590551181102362
ridge,0.7329690346083789,0.8666666666666667,0.5992714025500911,0.625615763546798,0.7536364139151595,0.8292682926829268,0.6780045351473922,0.6908713692946058,0.6125730994152045,0.9473684210526315,0.2777777777777778,0.3779527559055118
