,all,all,all,all,no revasc,no revasc,no revasc,no revasc,with revasc,with revasc,with revasc,with revasc
,Test AUC,Sensitivity,Specificity,Accuracy,Test AUC,Sensitivity,Specificity,Accuracy,Test AUC,Sensitivity,Specificity,Accuracy
lasso,0.5966757741347906,0.35,0.843351548269581,0.7947454844006568,0.6174437254576628,0.34146341463414637,0.8934240362811792,0.8464730290456431,0.5036549707602339,0.3684210526315789,0.6388888888888888,0.5984251968503937
linreg,0.6045081967213115,0.4166666666666667,0.7923497267759563,0.7553366174055829,0.5910900945744151,0.36585365853658536,0.8163265306122449,0.7780082987551867,0.6103801169590642,0.5263157894736842,0.6944444444444444,0.6692913385826772
SVR10,0.5820582877959928,0.23333333333333334,0.930783242258652,0.8620689655172413,0.5947403351584536,0.24390243902439024,0.9455782312925171,0.8858921161825726,0.5404483430799221,0.21052631578947367,0.8703703703703703,0.7716535433070866
ridge,0.6184426229508196,0.45,0.7868852459016393,0.7536945812807881,0.6143465516287816,0.4146341463414634,0.8140589569160998,0.7800829875518672,0.6011208576998051,0.5263157894736842,0.6759259259259259,0.6535433070866141
