,all,all,all,all,no revasc,no revasc,no revasc,no revasc,with revasc,with revasc,with revasc,with revasc
,Test AUC,Sensitivity,Specificity,Accuracy,Test AUC,Sensitivity,Specificity,Accuracy,Test AUC,Sensitivity,Specificity,Accuracy
lasso,0.5903219395866455,0.35294117647058826,0.8277027027027027,0.8144499178981938,0.606446631924339,0.36363636363636365,0.8492569002123143,0.8381742738589212,0.5385674931129476,0.3333333333333333,0.743801652892562,0.7244094488188977
linreg,0.6351848171701112,0.6470588235294118,0.6233108108108107,0.6239737274220033,0.6007527504342791,0.5454545454545454,0.6560509554140128,0.6535269709543569,0.6646005509641874,0.8333333333333334,0.49586776859504134,0.5118110236220472
SVR10,0.6246025437201908,0.8235294117647058,0.42567567567567566,0.4367816091954023,0.5918741555684232,0.7272727272727273,0.4564755838641189,0.46265560165975106,0.6528925619834711,1.0,0.30578512396694213,0.33858267716535434
ridge,0.6351848171701112,0.6470588235294118,0.6233108108108107,0.6239737274220033,0.6007527504342791,0.5454545454545454,0.6560509554140128,0.6535269709543569,0.6646005509641874,0.8333333333333334,0.49586776859504134,0.5118110236220472
