,all,all,all,all,no revasc,no revasc,no revasc,no revasc,with revasc,with revasc,with revasc,with revasc
,Test AUC,Sensitivity,Specificity,Accuracy,Test AUC,Sensitivity,Specificity,Accuracy,Test AUC,Sensitivity,Specificity,Accuracy
lasso,0.7244137519872813,0.7647058823529411,0.6841216216216216,0.6863711001642037,0.696101138776298,0.6363636363636364,0.7558386411889597,0.7531120331950207,0.7024793388429752,1.0,0.4049586776859504,0.4330708661417323
linreg,0.7761824324324325,1.0,0.5523648648648649,0.5648604269293924,0.8036093418259023,1.0,0.6072186836518046,0.6161825726141079,0.6694214876033058,1.0,0.33884297520661155,0.3700787401574803
SVR10,0.71681240063593,0.7647058823529411,0.6689189189189189,0.6715927750410509,0.7044006948465549,0.7272727272727273,0.6815286624203822,0.6825726141078838,0.7265840220385674,0.8333333333333334,0.6198347107438016,0.6299212598425197
ridge,0.7744932432432432,1.0,0.5489864864864865,0.5615763546798029,0.802547770700637,1.0,0.6050955414012739,0.6141078838174274,0.6652892561983471,1.0,0.3305785123966942,0.36220472440944884
