,all,all,all,all,no revasc,no revasc,no revasc,no revasc,with revasc,with revasc,with revasc,with revasc
,Test AUC,Sensitivity,Specificity,Accuracy,Test AUC,Sensitivity,Specificity,Accuracy,Test AUC,Sensitivity,Specificity,Accuracy
lasso,0.5880556802873822,0.3058823529411765,0.8702290076335878,0.7914614121510674,0.5610599078341014,0.1935483870967742,0.9285714285714286,0.8340248962655602,0.6216555183946488,0.6086956521739131,0.6346153846153846,0.6299212598425197
linreg,0.5890098787606646,0.3058823529411765,0.8721374045801527,0.7931034482758621,0.5942396313364054,0.27419354838709675,0.9142857142857143,0.8319502074688797,0.5466137123745819,0.391304347826087,0.7019230769230769,0.6456692913385826
SVR10,0.5799506061966772,0.27058823529411763,0.8893129770992366,0.8029556650246306,0.5966205837173579,0.27419354838709675,0.919047619047619,0.8360995850622407,0.5150501672240803,0.2608695652173913,0.7692307692307692,0.6771653543307087
ridge,0.5890098787606646,0.3058823529411765,0.8721374045801527,0.7931034482758621,0.5942396313364054,0.27419354838709675,0.9142857142857143,0.8319502074688797,0.5466137123745819,0.391304347826087,0.7019230769230769,0.6456692913385826
