,all,all,all,all,no revasc,no revasc,no revasc,no revasc,with revasc,with revasc,with revasc,with revasc
,Test AUC,Sensitivity,Specificity,Accuracy,Test AUC,Sensitivity,Specificity,Accuracy,Test AUC,Sensitivity,Specificity,Accuracy
lasso,0.666775747421331,0.7183098591549296,0.6152416356877324,0.6272577996715928,0.6568055555555556,0.64,0.6736111111111112,0.6701244813278008,0.6410601976639712,0.9047619047619048,0.37735849056603776,0.4645669291338583
linreg,0.709277972668726,0.7605633802816901,0.6579925650557621,0.6699507389162561,0.7176388888888889,0.72,0.7152777777777778,0.7157676348547718,0.6408355795148248,0.8571428571428571,0.42452830188679247,0.49606299212598426
SVR10,0.5894811246662128,0.323943661971831,0.8550185873605948,0.7931034482758621,0.595925925925926,0.34,0.8518518518518519,0.7987551867219918,0.5768194070080862,0.2857142857142857,0.8679245283018868,0.7716535433070866
ridge,0.7074192366092465,0.7605633802816901,0.654275092936803,0.6666666666666666,0.7164814814814815,0.72,0.712962962962963,0.7136929460580913,0.6361185983827493,0.8571428571428571,0.41509433962264153,0.4881889763779528
