,all,all,all,all,no revasc,no revasc,no revasc,no revasc,with revasc,with revasc,with revasc,with revasc
,Test AUC,Sensitivity,Specificity,Accuracy,Test AUC,Sensitivity,Specificity,Accuracy,Test AUC,Sensitivity,Specificity,Accuracy
lasso,0.7013920071845532,0.6470588235294118,0.7557251908396947,0.7405582922824302,0.6894009216589863,0.5645161290322581,0.8142857142857143,0.7821576763485477,0.6943979933110367,0.8695652173913043,0.5192307692307692,0.5826771653543307
linreg,0.716816344858554,0.6588235294117647,0.7748091603053435,0.7586206896551724,0.7425499231950844,0.6612903225806451,0.8238095238095238,0.8029045643153527,0.6145484949832776,0.6521739130434783,0.5769230769230769,0.5905511811023622
SVR10,0.6462393354288279,0.4470588235294118,0.8454198473282443,0.7898193760262726,0.6588709677419354,0.46774193548387094,0.85,0.8008298755186722,0.6091137123745819,0.391304347826087,0.8269230769230769,0.7480314960629921
ridge,0.7145936237090256,0.6352941176470588,0.7938931297709924,0.7717569786535303,0.7416282642089094,0.6451612903225806,0.8380952380952381,0.8132780082987552,0.6120401337792643,0.6086956521739131,0.6153846153846154,0.6141732283464567
