,all,all,all,all,no revasc,no revasc,no revasc,no revasc,with revasc,with revasc,with revasc,with revasc
,Test AUC,Sensitivity,Specificity,Accuracy,Test AUC,Sensitivity,Specificity,Accuracy,Test AUC,Sensitivity,Specificity,Accuracy
lasso,0.7041811846689896,0.7428571428571429,0.6655052264808362,0.6699507389162561,0.7054266958424509,0.68,0.7308533916849016,0.7282157676348547,0.655128205128205,0.9,0.41025641025641024,0.44881889763779526
linreg,0.7428571428571429,0.7714285714285715,0.7142857142857143,0.7175697865353038,0.7662144420131292,0.76,0.7724288840262582,0.7717842323651453,0.6435897435897436,0.8,0.4871794871794872,0.5118110236220472
SVR10,0.49477351916376305,0.0,1.0,0.9425287356321839,0.49452954048140046,0.0,1.0,0.9481327800829875,0.49572649572649574,0.0,1.0,0.9212598425196851
ridge,0.7489547038327526,0.7714285714285715,0.7264808362369338,0.729064039408867,0.7716849015317286,0.76,0.7833698030634573,0.7821576763485477,0.6521367521367522,0.8,0.5042735042735043,0.5275590551181102
