,all,all,all,all,no revasc,no revasc,no revasc,no revasc,with revasc,with revasc,with revasc,with revasc
,Test AUC,Sensitivity,Specificity,Accuracy,Test AUC,Sensitivity,Specificity,Accuracy,Test AUC,Sensitivity,Specificity,Accuracy
lasso,0.6460597215985631,0.5764705882352941,0.7156488549618321,0.6962233169129721,0.6246159754224271,0.45161290322580644,0.7976190476190477,0.7531120331950207,0.6488294314381271,0.9130434782608695,0.3846153846153846,0.48031496062992124
linreg,0.6531993713515942,0.6823529411764706,0.6240458015267176,0.632183908045977,0.6630568356374809,0.6451612903225806,0.680952380952381,0.6763485477178424,0.5884197324414715,0.782608695652174,0.3942307692307693,0.4645669291338583
SVR10,0.5826672653794341,0.18823529411764706,0.9770992366412213,0.8669950738916257,0.5860599078341013,0.1935483870967742,0.9785714285714285,0.8775933609958506,0.5725334448160535,0.17391304347826086,0.9711538461538461,0.8267716535433071
ridge,0.6531993713515942,0.6823529411764706,0.6240458015267176,0.632183908045977,0.6630568356374809,0.6451612903225806,0.680952380952381,0.6763485477178424,0.5884197324414715,0.782608695652174,0.3942307692307693,0.4645669291338583
