,all,all,all,all,no revasc,no revasc,no revasc,no revasc,with revasc,with revasc,with revasc,with revasc
,Test AUC,Sensitivity,Specificity,Accuracy,Test AUC,Sensitivity,Specificity,Accuracy,Test AUC,Sensitivity,Specificity,Accuracy
lasso,0.6080684852610084,0.323943661971831,0.8921933085501859,0.825944170771757,0.5699074074074074,0.2,0.9398148148148148,0.8630705394190872,0.6585804132973945,0.6190476190476191,0.6981132075471699,0.6850393700787402
linreg,0.5966280957118174,0.2676056338028169,0.9256505576208178,0.8489326765188834,0.5822222222222222,0.22,0.9444444444444444,0.8692946058091287,0.6150044923629829,0.38095238095238093,0.8490566037735849,0.7716535433070866
SVR10,0.5988533431069689,0.5211267605633803,0.6765799256505576,0.6584564860426929,0.6122685185185184,0.5,0.724537037037037,0.7012448132780082,0.5262803234501348,0.5714285714285714,0.4811320754716981,0.49606299212598426
ridge,0.5966280957118174,0.2676056338028169,0.9256505576208178,0.8489326765188834,0.5822222222222222,0.22,0.9444444444444444,0.8692946058091287,0.6150044923629829,0.38095238095238093,0.8490566037735849,0.7716535433070866
