,all,all,all,all,no revasc,no revasc,no revasc,no revasc,with revasc,with revasc,with revasc,with revasc
,Test AUC,Sensitivity,Specificity,Accuracy,Test AUC,Sensitivity,Specificity,Accuracy,Test AUC,Sensitivity,Specificity,Accuracy
lasso,0.7278745644599303,0.8285714285714286,0.627177700348432,0.638752052545156,0.7446389496717725,0.8,0.6892778993435449,0.6950207468879668,0.6423076923076922,0.9,0.3846153846153846,0.4251968503937008
linreg,0.7554006968641114,0.8,0.7108013937282229,0.715927750410509,0.7763676148796499,0.8,0.7527352297592997,0.7551867219917012,0.6735042735042736,0.8,0.5470085470085471,0.5669291338582677
SVR10,0.501219512195122,0.8857142857142857,0.11672473867595823,0.16091954022988506,0.48814004376367615,0.0,1.0,0.9481327800829875,0.5482905982905983,0.9,0.19658119658119655,0.25196850393700787
ridge,0.7536585365853659,0.8,0.7073170731707317,0.7126436781609196,0.7730853391684902,0.8,0.7461706783369804,0.7489626556016598,0.6777777777777778,0.8,0.5555555555555556,0.5748031496062992
