,all,all,all,all,no revasc,no revasc,no revasc,no revasc,with revasc,with revasc,with revasc,with revasc
,Test AUC,Sensitivity,Specificity,Accuracy,Test AUC,Sensitivity,Specificity,Accuracy,Test AUC,Sensitivity,Specificity,Accuracy
lasso,0.708879781420765,0.8166666666666667,0.6010928961748634,0.6223316912972086,0.7091145401249931,0.7560975609756098,0.6621315192743764,0.6701244813278008,0.6496101364522416,0.9473684210526315,0.35185185185185186,0.4409448818897638
linreg,0.731375227686703,0.7833333333333333,0.6794171220400729,0.6896551724137931,0.7377357447043859,0.7317073170731707,0.7437641723356009,0.7427385892116183,0.6557017543859649,0.8947368421052632,0.41666666666666663,0.4881889763779528
SVR10,0.4990892531876138,0.0,1.0,0.9014778325123153,0.5,0.0,1.0,0.9149377593360996,0.49537037037037035,0.0,1.0,0.8503937007874016
ridge,0.7322859744990892,0.7833333333333333,0.6812386156648451,0.6912972085385879,0.7388695315524584,0.7317073170731707,0.746031746031746,0.7448132780082988,0.6557017543859649,0.8947368421052632,0.41666666666666663,0.4881889763779528
