,all,all,all,all,no revasc,no revasc,no revasc,no revasc,with revasc,with revasc,with revasc,with revasc
,Test AUC,Sensitivity,Specificity,Accuracy,Test AUC,Sensitivity,Specificity,Accuracy,Test AUC,Sensitivity,Specificity,Accuracy
lasso,0.7159246575342466,0.8,0.6318493150684932,0.638752052545156,0.7077798861480078,0.7058823529411765,0.7096774193548387,0.7095435684647303,0.6638655462184874,1.0,0.32773109243697474,0.3700787401574803
linreg,0.7250342465753423,0.76,0.6900684931506849,0.6929392446633826,0.706325110689437,0.6470588235294118,0.7655913978494624,0.7614107883817427,0.6974789915966386,1.0,0.39495798319327735,0.4330708661417323
SVR10,0.4871575342465753,0.0,1.0,0.9589490968801314,0.4870967741935484,0.0,1.0,0.9647302904564315,0.48739495798319327,0.0,1.0,0.937007874015748
ridge,0.7250342465753423,0.76,0.6900684931506849,0.6929392446633826,0.706325110689437,0.6470588235294118,0.7655913978494624,0.7614107883817427,0.6974789915966386,1.0,0.39495798319327735,0.4330708661417323
