,all,all,all,all,no revasc,no revasc,no revasc,no revasc,with revasc,with revasc,with revasc,with revasc
,Test AUC,Sensitivity,Specificity,Accuracy,Test AUC,Sensitivity,Specificity,Accuracy,Test AUC,Sensitivity,Specificity,Accuracy
lasso,0.6353474003874549,0.4788732394366197,0.79182156133829,0.7553366174055829,0.5975,0.32,0.875,0.8174273858921162,0.6549865229110512,0.8571428571428571,0.4528301886792453,0.5196850393700787
linreg,0.5929498926645373,0.36619718309859156,0.8197026022304833,0.7668308702791461,0.5909722222222222,0.3,0.8819444444444444,0.8215767634854771,0.5449236298292902,0.5238095238095238,0.5660377358490566,0.5590551181102362
SVR10,0.5430781716320227,0.15492957746478872,0.9312267657992566,0.8407224958949097,0.5599074074074073,0.18,0.9398148148148148,0.8609958506224067,0.49573225516621744,0.0,1.0,0.8346456692913385
ridge,0.5910911566050578,0.36619718309859156,0.8159851301115242,0.7635467980295566,0.5898148148148149,0.3,0.8796296296296297,0.8195020746887967,0.5402066486972147,0.5238095238095238,0.5566037735849056,0.5511811023622047
