,all,all,all,all,no revasc,no revasc,no revasc,no revasc,with revasc,with revasc,with revasc,with revasc
,Test AUC,Sensitivity,Specificity,Accuracy,Test AUC,Sensitivity,Specificity,Accuracy,Test AUC,Sensitivity,Specificity,Accuracy
lasso,0.6579140269124039,0.8028169014084507,0.5130111524163569,0.5467980295566502,0.6790277777777778,0.74,0.6180555555555556,0.6307053941908713,0.5186433063791553,0.9523809523809523,0.08490566037735847,0.2283464566929134
linreg,0.6824702864024293,0.7887323943661971,0.5762081784386617,0.6009852216748769,0.7040740740740741,0.76,0.6481481481481481,0.6597510373443983,0.5700808625336927,0.8571428571428571,0.28301886792452835,0.3779527559055118
SVR10,0.49613854128488405,0.0,1.0,0.8834154351395731,0.5046296296296297,1.0,0.0092592592592593,0.11203319502074689,0.4853998203054807,0.0,1.0,0.8346456692913385
ridge,0.6824702864024293,0.7887323943661971,0.5762081784386617,0.6009852216748769,0.7040740740740741,0.76,0.6481481481481481,0.6597510373443983,0.5700808625336927,0.8571428571428571,0.28301886792452835,0.3779527559055118
