,all,all,all,all,no revasc,no revasc,no revasc,no revasc,with revasc,with revasc,with revasc,with revasc
,Test AUC,Sensitivity,Specificity,Accuracy,Test AUC,Sensitivity,Specificity,Accuracy,Test AUC,Sensitivity,Specificity,Accuracy
lasso,0.6937471935339021,0.7176470588235294,0.6698473282442747,0.6765188834154351,0.7193932411674347,0.6935483870967742,0.7452380952380953,0.7385892116182573,0.5739966555183946,0.782608695652174,0.3653846153846154,0.4409448818897638
linreg,0.7133026493039963,0.7529411764705882,0.6736641221374046,0.6847290640394089,0.7086789554531491,0.6935483870967742,0.7238095238095238,0.7199170124481328,0.6920986622073579,0.9130434782608695,0.47115384615384615,0.5511811023622047
SVR10,0.5554557700942973,0.29411764705882354,0.816793893129771,0.7438423645320197,0.5612903225806452,0.3225806451612903,0.8,0.7385892116182573,0.5510033444816054,0.21739130434782608,0.8846153846153846,0.7637795275590551
ridge,0.7087000449034576,0.6941176470588235,0.7232824427480916,0.7192118226600985,0.7175499231950845,0.6612903225806451,0.7738095238095238,0.7593360995850622,0.6509197324414715,0.782608695652174,0.5192307692307692,0.5669291338582677
