,all,all,all,all,no revasc,no revasc,no revasc,no revasc,with revasc,with revasc,with revasc,with revasc
,Test AUC,Sensitivity,Specificity,Accuracy,Test AUC,Sensitivity,Specificity,Accuracy,Test AUC,Sensitivity,Specificity,Accuracy
lasso,0.6339806915132464,0.5294117647058824,0.7385496183206106,0.7093596059113301,0.6173579109062981,0.3870967741935484,0.8476190476190476,0.7883817427385892,0.6055602006688963,0.9130434782608695,0.29807692307692313,0.4094488188976378
linreg,0.6468567579703637,0.5647058823529412,0.7290076335877862,0.7060755336617406,0.6422043010752688,0.46774193548387094,0.8166666666666667,0.7717842323651453,0.6005434782608696,0.8260869565217391,0.375,0.4566929133858268
SVR10,0.495071845532106,0.0,1.0,0.8604269293924466,0.5,0.0,1.0,0.8713692946058091,0.4830685618729097,0.0,1.0,0.8188976377952756
ridge,0.6465424337674001,0.5411764705882353,0.7519083969465649,0.722495894909688,0.6436635944700462,0.45161290322580644,0.8357142857142857,0.7863070539419087,0.5980351170568562,0.782608695652174,0.41346153846153844,0.48031496062992124
