,all,all,all,all,no revasc,no revasc,no revasc,no revasc,with revasc,with revasc,with revasc,with revasc
,Test AUC,Sensitivity,Specificity,Accuracy,Test AUC,Sensitivity,Specificity,Accuracy,Test AUC,Sensitivity,Specificity,Accuracy
lasso,0.6718835616438357,0.64,0.7037671232876712,0.7011494252873564,0.6410499683744465,0.5294117647058824,0.7526881720430108,0.7448132780082988,0.6938025210084033,0.875,0.5126050420168067,0.5354330708661418
linreg,0.7107191780821919,0.68,0.7414383561643836,0.7389162561576355,0.6855154965211891,0.5882352941176471,0.7827956989247312,0.7759336099585062,0.7274159663865546,0.875,0.5798319327731092,0.5984251968503937
SVR10,0.6032534246575342,0.4,0.8065068493150684,0.7898193760262726,0.6080328905755851,0.4117647058823529,0.8043010752688172,0.7904564315352697,0.595063025210084,0.375,0.8151260504201681,0.7874015748031497
ridge,0.7124315068493151,0.68,0.7448630136986301,0.7422003284072249,0.6876660341555978,0.5882352941176471,0.7870967741935484,0.7800829875518672,0.7274159663865546,0.875,0.5798319327731092,0.5984251968503937
