,all,all,all,all,no revasc,no revasc,no revasc,no revasc,with revasc,with revasc,with revasc,with revasc
,Test AUC,Sensitivity,Specificity,Accuracy,Test AUC,Sensitivity,Specificity,Accuracy,Test AUC,Sensitivity,Specificity,Accuracy
lasso,0.6440346083788708,0.6833333333333333,0.6047358834244081,0.6124794745484401,0.6787788286046126,0.7317073170731707,0.6258503401360545,0.6348547717842323,0.5487329434697856,0.5789473684210527,0.5185185185185186,0.5275590551181102
linreg,0.6467213114754098,0.5666666666666667,0.7267759562841529,0.7110016420361248,0.6812952823405786,0.6097560975609756,0.7528344671201814,0.7406639004149378,0.5470272904483431,0.47368421052631576,0.6203703703703703,0.5984251968503937
SVR10,0.6230418943533698,0.5666666666666667,0.6794171220400729,0.6683087027914614,0.6384879154913998,0.5853658536585366,0.691609977324263,0.6825726141078838,0.5779727095516569,0.5263157894736842,0.6296296296296297,0.6141732283464567
ridge,0.6467213114754098,0.5666666666666667,0.7267759562841529,0.7110016420361248,0.6812952823405786,0.6097560975609756,0.7528344671201814,0.7406639004149378,0.5470272904483431,0.47368421052631576,0.6203703703703703,0.5984251968503937
