,all,all,all,all,no revasc,no revasc,no revasc,no revasc,with revasc,with revasc,with revasc,with revasc
,Test AUC,Sensitivity,Specificity,Accuracy,Test AUC,Sensitivity,Specificity,Accuracy,Test AUC,Sensitivity,Specificity,Accuracy
lasso,0.7143175035342164,0.7464788732394366,0.6821561338289963,0.6896551724137931,0.7084722222222223,0.66,0.7569444444444444,0.7468879668049793,0.6648697214734951,0.9523809523809523,0.37735849056603776,0.47244094488188976
linreg,0.7523168752290696,0.8169014084507042,0.6877323420074349,0.7027914614121511,0.7638425925925925,0.78,0.7476851851851851,0.7510373443983402,0.6740790655884995,0.9047619047619048,0.44339622641509435,0.5196850393700787
SVR10,0.6496544321692235,0.7323943661971831,0.5669144981412639,0.5862068965517241,0.6832407407407407,0.76,0.6064814814814814,0.6224066390041494,0.5361635220125786,0.6666666666666666,0.4056603773584906,0.44881889763779526
ridge,0.7523168752290696,0.8169014084507042,0.6877323420074349,0.7027914614121511,0.765,0.78,0.75,0.7531120331950207,0.6693620844564241,0.9047619047619048,0.4339622641509434,0.5118110236220472
