,all,all,all,all,no revasc,no revasc,no revasc,no revasc,with revasc,with revasc,with revasc,with revasc
,Test AUC,Sensitivity,Specificity,Accuracy,Test AUC,Sensitivity,Specificity,Accuracy,Test AUC,Sensitivity,Specificity,Accuracy
lasso,0.7118466898954704,0.8,0.6236933797909407,0.6338259441707718,0.7246389496717724,0.76,0.6892778993435449,0.6929460580912863,0.6337606837606837,0.9,0.36752136752136755,0.4094488188976378
linreg,0.7379790940766551,0.8,0.6759581881533101,0.6830870279146142,0.7454266958424508,0.76,0.7308533916849016,0.7323651452282157,0.6807692307692308,0.9,0.46153846153846156,0.49606299212598426
SVR10,0.6466898954703832,0.7428571428571429,0.5505226480836236,0.5615763546798029,0.6663457330415756,0.72,0.6126914660831511,0.6182572614107884,0.5538461538461539,0.8,0.3076923076923077,0.3464566929133858
ridge,0.7379790940766551,0.8,0.6759581881533101,0.6830870279146142,0.7454266958424508,0.76,0.7308533916849016,0.7323651452282157,0.6807692307692308,0.9,0.46153846153846156,0.49606299212598426
