,all,all,all,all,no revasc,no revasc,no revasc,no revasc,with revasc,with revasc,with revasc,with revasc
,Test AUC,Sensitivity,Specificity,Accuracy,Test AUC,Sensitivity,Specificity,Accuracy,Test AUC,Sensitivity,Specificity,Accuracy
lasso,0.6819937135159407,0.6235294117647059,0.7404580152671756,0.7241379310344828,0.7022273425499231,0.5806451612903226,0.8238095238095238,0.7925311203319502,0.5714882943143813,0.7391304347826086,0.40384615384615385,0.4645669291338583
linreg,0.6746744499326448,0.6470588235294118,0.7022900763358779,0.6945812807881774,0.6921658986175114,0.6129032258064516,0.7714285714285715,0.7510373443983402,0.5811036789297659,0.7391304347826086,0.42307692307692313,0.48031496062992124
SVR10,0.5835990121239335,0.32941176470588235,0.8377862595419847,0.7668308702791461,0.5737327188940092,0.2903225806451613,0.8571428571428572,0.7842323651452282,0.5971989966555183,0.43478260869565216,0.7596153846153846,0.7007874015748031
ridge,0.6746744499326448,0.6470588235294118,0.7022900763358779,0.6945812807881774,0.6921658986175114,0.6129032258064516,0.7714285714285715,0.7510373443983402,0.5811036789297659,0.7391304347826086,0.42307692307692313,0.48031496062992124
