,all,all,all,all,no revasc,no revasc,no revasc,no revasc,with revasc,with revasc,with revasc,with revasc
,Test AUC,Sensitivity,Specificity,Accuracy,Test AUC,Sensitivity,Specificity,Accuracy,Test AUC,Sensitivity,Specificity,Accuracy
lasso,0.644534013478795,0.5420560747663551,0.7470119521912351,0.7110016420361248,0.6279539800995024,0.4375,0.818407960199005,0.7551867219917012,0.6559259259259259,0.8518518518518519,0.45999999999999996,0.5433070866141733
linreg,0.6468332278363182,0.5327102803738317,0.7609561752988048,0.7208538587848933,0.6567164179104478,0.5,0.8134328358208955,0.7614107883817427,0.5898148148148149,0.6296296296296297,0.55,0.5669291338582677
SVR10,0.5683899914361247,0.37383177570093457,0.7629482071713147,0.6945812807881774,0.5906094527363185,0.425,0.7562189054726368,0.7012448132780082,0.5061111111111112,0.2222222222222222,0.79,0.6692913385826772
ridge,0.6448411959638083,0.5327102803738317,0.7569721115537849,0.7175697865353038,0.654228855721393,0.5,0.8084577114427861,0.7572614107883817,0.5898148148148149,0.6296296296296297,0.55,0.5669291338582677
