,all,all,all,all,no revasc,no revasc,no revasc,no revasc,with revasc,with revasc,with revasc,with revasc
,Test AUC,Sensitivity,Specificity,Accuracy,Test AUC,Sensitivity,Specificity,Accuracy,Test AUC,Sensitivity,Specificity,Accuracy
lasso,0.6239559946115851,0.5647058823529412,0.6832061068702291,0.6666666666666666,0.6210445468509985,0.45161290322580644,0.7904761904761904,0.7468879668049793,0.5597826086956521,0.8695652173913043,0.25,0.36220472440944884
linreg,0.6244274809160306,0.6,0.6488549618320612,0.6420361247947455,0.6498463901689708,0.5806451612903226,0.719047619047619,0.7012448132780082,0.5087792642140468,0.6521739130434783,0.3653846153846154,0.41732283464566927
SVR10,0.5697799730579255,0.2235294117647059,0.916030534351145,0.819376026272578,0.5700460829493087,0.22580645161290322,0.9142857142857143,0.8257261410788381,0.5702341137123746,0.21739130434782608,0.9230769230769231,0.7952755905511811
ridge,0.6234732824427481,0.6,0.6469465648854962,0.6403940886699507,0.6498463901689708,0.5806451612903226,0.719047619047619,0.7012448132780082,0.5039715719063544,0.6521739130434783,0.3557692307692307,0.4094488188976378
