,all,all,all,all,no revasc,no revasc,no revasc,no revasc,with revasc,with revasc,with revasc,with revasc
,Test AUC,Sensitivity,Specificity,Accuracy,Test AUC,Sensitivity,Specificity,Accuracy,Test AUC,Sensitivity,Specificity,Accuracy
lasso,0.6615109427609428,0.7037037037037037,0.6193181818181819,0.6305418719211823,0.6528028208518653,0.6271186440677966,0.6784869976359338,0.6721991701244814,0.645021645021645,0.9090909090909091,0.38095238095238093,0.47244094488188976
linreg,0.7018097643097643,0.7407407407407407,0.6628787878787878,0.6732348111658456,0.7079777216812918,0.6949152542372882,0.7210401891252955,0.7178423236514523,0.6461038961038962,0.8636363636363636,0.4285714285714286,0.5039370078740157
SVR10,0.5894710998877666,0.32098765432098764,0.8579545454545454,0.7865353037766831,0.5973875065111993,0.3389830508474576,0.8557919621749409,0.7925311203319502,0.5696969696969697,0.2727272727272727,0.8666666666666667,0.7637795275590551
ridge,0.699915824915825,0.7407407407407407,0.6590909090909092,0.6699507389162561,0.7067956885843651,0.6949152542372882,0.718676122931442,0.7157676348547718,0.6413419913419913,0.8636363636363636,0.419047619047619,0.49606299212598426
