,all,all,all,all,no revasc,no revasc,no revasc,no revasc,with revasc,with revasc,with revasc,with revasc
,Test AUC,Sensitivity,Specificity,Accuracy,Test AUC,Sensitivity,Specificity,Accuracy,Test AUC,Sensitivity,Specificity,Accuracy
lasso,0.6123543210336225,0.5514018691588785,0.6733067729083666,0.6518883415435139,0.6081778606965176,0.4875,0.7288557213930349,0.6887966804979253,0.5953703703703703,0.7407407407407407,0.44999999999999996,0.5118110236220472
linreg,0.6335685296198383,0.6635514018691588,0.603585657370518,0.6141215106732348,0.6333644278606966,0.6125,0.6542288557213931,0.6473029045643154,0.6074074074074074,0.8148148148148148,0.4,0.4881889763779528
SVR10,0.49095207953233794,0.0,1.0,0.8243021346469622,0.4878109452736319,0.0,1.0,0.8340248962655602,0.507037037037037,0.07407407407407407,0.94,0.7559055118110236
ridge,0.6335685296198383,0.6635514018691588,0.603585657370518,0.6141215106732348,0.6333644278606966,0.6125,0.6542288557213931,0.6473029045643154,0.6074074074074074,0.8148148148148148,0.4,0.4881889763779528
