,all,all,all,all,no revasc,no revasc,no revasc,no revasc,with revasc,with revasc,with revasc,with revasc
,Test AUC,Sensitivity,Specificity,Accuracy,Test AUC,Sensitivity,Specificity,Accuracy,Test AUC,Sensitivity,Specificity,Accuracy
lasso,0.7428698752228164,0.8333333333333334,0.6524064171122994,0.6666666666666666,0.7439600840336134,0.7647058823529411,0.7232142857142857,0.7261410788381742,0.6858407079646018,1.0,0.37168141592920356,0.4409448818897638
linreg,0.7863747771836006,0.9791666666666666,0.5935828877005347,0.6239737274220033,0.8145351890756303,0.9705882352941176,0.6584821428571428,0.6804979253112033,0.668141592920354,1.0,0.33628318584070793,0.4094488188976378
SVR10,0.6663324420677361,0.625,0.7076648841354723,0.7011494252873564,0.69202993697479,0.6764705882352942,0.7075892857142857,0.7053941908713693,0.6039823008849556,0.5,0.7079646017699115,0.6850393700787402
ridge,0.7845922459893049,0.9791666666666666,0.590017825311943,0.6206896551724138,0.8123030462184875,0.9705882352941176,0.6540178571428572,0.6763485477178424,0.668141592920354,1.0,0.33628318584070793,0.4094488188976378
