,all,all,all,all,no revasc,no revasc,no revasc,no revasc,with revasc,with revasc,with revasc,with revasc
,Test AUC,Sensitivity,Specificity,Accuracy,Test AUC,Sensitivity,Specificity,Accuracy,Test AUC,Sensitivity,Specificity,Accuracy
lasso,0.6999663224068253,0.611764705882353,0.7881679389312977,0.7635467980295566,0.7105606758832564,0.5806451612903226,0.8404761904761905,0.8070539419087137,0.6362876254180602,0.6956521739130435,0.5769230769230769,0.5984251968503937
linreg,0.7163111809609339,0.8352941176470589,0.5973282442748091,0.6305418719211823,0.7294162826420891,0.8064516129032258,0.6523809523809524,0.6721991701244814,0.6440217391304348,0.9130434782608695,0.375,0.47244094488188976
SVR10,0.5733834755276156,0.5647058823529412,0.58206106870229,0.5796387520525451,0.5837173579109063,0.5483870967741935,0.6190476190476191,0.6099585062240664,0.5206939799331104,0.6086956521739131,0.4326923076923077,0.4645669291338583
ridge,0.7163111809609339,0.8352941176470589,0.5973282442748091,0.6305418719211823,0.7294162826420891,0.8064516129032258,0.6523809523809524,0.6721991701244814,0.6440217391304348,0.9130434782608695,0.375,0.47244094488188976
