,all,all,all,all,no revasc,no revasc,no revasc,no revasc,with revasc,with revasc,with revasc,with revasc
,Test AUC,Sensitivity,Specificity,Accuracy,Test AUC,Sensitivity,Specificity,Accuracy,Test AUC,Sensitivity,Specificity,Accuracy
lasso,0.6851706331387516,0.6470588235294118,0.7232824427480916,0.7126436781609196,0.6786866359447004,0.5645161290322581,0.7928571428571428,0.7634854771784232,0.6559364548494984,0.8695652173913043,0.4423076923076923,0.5196850393700787
linreg,0.6684553210597216,0.7529411764705882,0.583969465648855,0.6075533661740559,0.6923963133640553,0.7419354838709677,0.6428571428571428,0.6556016597510373,0.56438127090301,0.782608695652174,0.34615384615384615,0.4251968503937008
SVR10,0.6218904355635384,0.5529411764705883,0.6908396946564885,0.6715927750410509,0.626574500768049,0.5483870967741935,0.7047619047619047,0.6846473029045643,0.5999163879598661,0.5652173913043478,0.6346153846153846,0.6220472440944882
ridge,0.6665469241131567,0.7529411764705882,0.5801526717557253,0.6042692939244664,0.6912058371735791,0.7419354838709677,0.6404761904761904,0.6535269709543569,0.5595735785953178,0.782608695652174,0.33653846153846156,0.41732283464566927
