,all,all,all,all,no revasc,no revasc,no revasc,no revasc,with revasc,with revasc,with revasc,with revasc
,Test AUC,Sensitivity,Specificity,Accuracy,Test AUC,Sensitivity,Specificity,Accuracy,Test AUC,Sensitivity,Specificity,Accuracy
lasso,0.6701884052574747,0.7009345794392523,0.6394422310756972,0.6502463054187192,0.6632151741293533,0.6125,0.7139303482587065,0.6970954356846473,0.6514814814814814,0.9629629629629629,0.33999999999999997,0.47244094488188976
linreg,0.672264214171352,0.6074766355140186,0.7370517928286853,0.7142857142857143,0.6592350746268657,0.5125,0.8059701492537313,0.7572614107883817,0.6744444444444444,0.8888888888888888,0.45999999999999996,0.5511811023622047
SVR10,0.5608128234724653,0.27102803738317754,0.850597609561753,0.7487684729064039,0.5727922885572139,0.2625,0.8830845771144279,0.7800829875518672,0.5081481481481481,0.2962962962962963,0.72,0.6299212598425197
ridge,0.671268198235097,0.6074766355140186,0.7350597609561753,0.7126436781609196,0.6579912935323383,0.5125,0.8034825870646767,0.7551867219917012,0.6744444444444444,0.8888888888888888,0.45999999999999996,0.5511811023622047
