,all,all,all,all,no revasc,no revasc,no revasc,no revasc,with revasc,with revasc,with revasc,with revasc
,Test AUC,Sensitivity,Specificity,Accuracy,Test AUC,Sensitivity,Specificity,Accuracy,Test AUC,Sensitivity,Specificity,Accuracy
lasso,0.6706739526411658,0.6,0.7413479052823315,0.7274220032840722,0.6424146894530169,0.43902439024390244,0.8458049886621315,0.8112033195020747,0.6310916179337231,0.9473684210526315,0.31481481481481477,0.4094488188976378
linreg,0.6732695810564664,0.5833333333333334,0.7632058287795993,0.7454844006568144,0.6523422377080913,0.4634146341463415,0.8412698412698413,0.8091286307053942,0.6432748538011696,0.8421052631578947,0.4444444444444444,0.5039370078740157
SVR10,0.5019581056466301,0.016666666666666666,0.9872495446265938,0.8916256157635468,0.4954648526077097,0.0,1.0,0.9149377593360996,0.5124269005847953,0.05263157894736842,0.9722222222222222,0.8346456692913385
ridge,0.6732695810564664,0.5833333333333334,0.7632058287795993,0.7454844006568144,0.6523422377080913,0.4634146341463415,0.8412698412698413,0.8091286307053942,0.6432748538011696,0.8421052631578947,0.4444444444444444,0.5039370078740157
