,all,all,all,all,no revasc,no revasc,no revasc,no revasc,with revasc,with revasc,with revasc,with revasc
,Test AUC,Sensitivity,Specificity,Accuracy,Test AUC,Sensitivity,Specificity,Accuracy,Test AUC,Sensitivity,Specificity,Accuracy
lasso,0.637945205479452,0.68,0.595890410958904,0.5993431855500821,0.6321315623023404,0.6470588235294118,0.6172043010752688,0.6182572614107884,0.6313025210084033,0.75,0.5126050420168067,0.5275590551181102
linreg,0.6773287671232877,0.68,0.6746575342465753,0.6748768472906403,0.7002530044275775,0.7058823529411765,0.6946236559139785,0.6950207468879668,0.6108193277310925,0.625,0.5966386554621849,0.5984251968503937
SVR10,0.5802739726027398,0.64,0.5205479452054795,0.5254515599343186,0.5955724225173941,0.6470588235294118,0.5440860215053763,0.5477178423236515,0.5267857142857143,0.625,0.4285714285714286,0.4409448818897638
ridge,0.6773287671232877,0.68,0.6746575342465753,0.6748768472906403,0.7002530044275775,0.7058823529411765,0.6946236559139785,0.6950207468879668,0.6108193277310925,0.625,0.5966386554621849,0.5984251968503937
