,all,all,all,all,no revasc,no revasc,no revasc,no revasc,with revasc,with revasc,with revasc,with revasc
,Test AUC,Sensitivity,Specificity,Accuracy,Test AUC,Sensitivity,Specificity,Accuracy,Test AUC,Sensitivity,Specificity,Accuracy
lasso,0.6579703637180063,0.6823529411764706,0.633587786259542,0.6403940886699507,0.6799923195084485,0.6290322580645161,0.730952380952381,0.7178423236514523,0.5332357859531773,0.8260869565217391,0.24038461538461542,0.3464566929133858
linreg,0.6595644364616075,0.6588235294117647,0.6603053435114503,0.6600985221674877,0.6904377880184331,0.6451612903225806,0.7357142857142858,0.7240663900414938,0.5257107023411371,0.6956521739130435,0.3557692307692307,0.41732283464566927
SVR10,0.5138302649303997,0.03529411764705882,0.9923664122137404,0.8587848932676518,0.5218125960061444,0.04838709677419355,0.9952380952380953,0.8734439834024896,0.49038461538461536,0.0,1.0,0.8188976377952756
ridge,0.6595644364616075,0.6588235294117647,0.6603053435114503,0.6600985221674877,0.6904377880184331,0.6451612903225806,0.7357142857142858,0.7240663900414938,0.5257107023411371,0.6956521739130435,0.3557692307692307,0.41732283464566927
