,all,all,all,all,no revasc,no revasc,no revasc,no revasc,with revasc,with revasc,with revasc,with revasc
,Test AUC,Sensitivity,Specificity,Accuracy,Test AUC,Sensitivity,Specificity,Accuracy,Test AUC,Sensitivity,Specificity,Accuracy
lasso,0.617716051681126,0.5700934579439252,0.6653386454183268,0.6486042692939245,0.6181281094527363,0.4875,0.7487562189054726,0.7053941908713693,0.5724074074074074,0.8148148148148148,0.32999999999999996,0.4330708661417323
linreg,0.6080723833637413,0.4392523364485981,0.7768924302788844,0.7175697865353038,0.6341728855721392,0.4375,0.8308457711442786,0.7655601659751037,0.5022222222222222,0.4444444444444444,0.56,0.5354330708661418
SVR10,0.5404363852999219,0.22429906542056074,0.8565737051792829,0.7454844006568144,0.5490671641791045,0.225,0.8731343283582089,0.7655601659751037,0.5061111111111112,0.2222222222222222,0.79,0.6692913385826772
ridge,0.6194102096287746,0.45794392523364486,0.7808764940239044,0.7241379310344828,0.6466728855721392,0.4625,0.8308457711442786,0.7697095435684648,0.5122222222222222,0.4444444444444444,0.5800000000000001,0.5511811023622047
