,all,all,all,all,no revasc,no revasc,no revasc,no revasc,with revasc,with revasc,with revasc,with revasc
,Test AUC,Sensitivity,Specificity,Accuracy,Test AUC,Sensitivity,Specificity,Accuracy,Test AUC,Sensitivity,Specificity,Accuracy
lasso,0.6716757741347906,0.8333333333333334,0.5100182149362478,0.541871921182266,0.6975001382666888,0.7804878048780488,0.6145124716553287,0.6286307053941909,0.5153508771929824,0.9473684210526315,0.08333333333333337,0.2125984251968504
linreg,0.6850637522768671,0.8,0.5701275045537341,0.5927750410509032,0.7111055804435595,0.7804878048780488,0.6417233560090703,0.6535269709543569,0.5599415204678362,0.8421052631578947,0.2777777777777778,0.36220472440944884
SVR10,0.49335154826958105,0.0,1.0,0.9014778325123153,0.5045351473922903,1.0,0.009070294784580546,0.09336099585062241,0.47977582846003897,0.0,1.0,0.8503937007874016
ridge,0.6850637522768671,0.8,0.5701275045537341,0.5927750410509032,0.7111055804435595,0.7804878048780488,0.6417233560090703,0.6535269709543569,0.5599415204678362,0.8421052631578947,0.2777777777777778,0.36220472440944884
