,all,all,all,all,no revasc,no revasc,no revasc,no revasc,with revasc,with revasc,with revasc,with revasc
,Test AUC,Sensitivity,Specificity,Accuracy,Test AUC,Sensitivity,Specificity,Accuracy,Test AUC,Sensitivity,Specificity,Accuracy
lasso,0.6841463414634148,0.6,0.7682926829268293,0.7586206896551724,0.6721663019693656,0.48,0.8643326039387309,0.8443983402489627,0.6465811965811965,0.9,0.3931623931623932,0.4330708661417323
linreg,0.7412891986062718,0.7142857142857143,0.7682926829268293,0.7651888341543513,0.725601750547046,0.6,0.8512035010940919,0.8381742738589212,0.7222222222222222,1.0,0.4444444444444444,0.4881889763779528
SVR10,0.5278745644599303,0.2857142857142857,0.7700348432055749,0.7422003284072249,0.5519912472647702,0.36,0.7439824945295405,0.7240663900414938,0.4858974358974359,0.0,1.0,0.9212598425196851
ridge,0.7412891986062718,0.7142857142857143,0.7682926829268293,0.7651888341543513,0.725601750547046,0.6,0.8512035010940919,0.8381742738589212,0.7222222222222222,1.0,0.4444444444444444,0.4881889763779528
