,all,all,all,all,no revasc,no revasc,no revasc,no revasc,with revasc,with revasc,with revasc,with revasc
,Test AUC,Sensitivity,Specificity,Accuracy,Test AUC,Sensitivity,Specificity,Accuracy,Test AUC,Sensitivity,Specificity,Accuracy
lasso,0.7120547945205481,0.52,0.904109589041096,0.8883415435139573,0.6255534471853258,0.29411764705882354,0.956989247311828,0.9336099585062241,0.8487394957983193,1.0,0.6974789915966386,0.7165354330708661
linreg,0.7309589041095891,0.64,0.821917808219178,0.8144499178981938,0.7360531309297914,0.5882352941176471,0.8838709677419355,0.8734439834024896,0.6649159663865546,0.75,0.5798319327731092,0.5905511811023622
SVR10,0.7089383561643836,0.56,0.8578767123287672,0.8456486042692939,0.7274509803921569,0.5882352941176471,0.8666666666666667,0.8568464730290456,0.6617647058823529,0.5,0.8235294117647058,0.8031496062992126
ridge,0.7309589041095891,0.64,0.821917808219178,0.8144499178981938,0.7360531309297914,0.5882352941176471,0.8838709677419355,0.8734439834024896,0.6649159663865546,0.75,0.5798319327731092,0.5905511811023622
