,all,all,all,all,no revasc,no revasc,no revasc,no revasc,with revasc,with revasc,with revasc,with revasc
,Test AUC,Sensitivity,Specificity,Accuracy,Test AUC,Sensitivity,Specificity,Accuracy,Test AUC,Sensitivity,Specificity,Accuracy
lasso,0.6896917808219178,0.84,0.5393835616438356,0.5517241379310345,0.7214421252371916,0.8235294117647058,0.6193548387096774,0.6265560165975104,0.5509453781512605,0.875,0.22689075630252098,0.2677165354330709
linreg,0.6896917808219178,0.84,0.5393835616438356,0.5517241379310345,0.7214421252371916,0.8235294117647058,0.6193548387096774,0.6265560165975104,0.5509453781512605,0.875,0.22689075630252098,0.2677165354330709
SVR10,0.4825684931506849,0.0,1.0,0.9589490968801314,0.47381404174573055,0.0,1.0,0.9647302904564315,0.5,0.0,1.0,0.937007874015748
ridge,0.6896917808219178,0.84,0.5393835616438356,0.5517241379310345,0.7214421252371916,0.8235294117647058,0.6193548387096774,0.6265560165975104,0.5509453781512605,0.875,0.22689075630252098,0.2677165354330709
