,all,all,all,all,no revasc,no revasc,no revasc,no revasc,with revasc,with revasc,with revasc,with revasc
,Test AUC,Sensitivity,Specificity,Accuracy,Test AUC,Sensitivity,Specificity,Accuracy,Test AUC,Sensitivity,Specificity,Accuracy
lasso,0.6534373527409812,0.5633802816901409,0.7434944237918215,0.722495894909688,0.6236111111111111,0.4,0.8472222222222222,0.8008298755186722,0.6365678346810422,0.9523809523809523,0.3207547169811321,0.4251968503937008
linreg,0.6575475155767319,0.5492957746478874,0.7657992565055762,0.7405582922824302,0.6424537037037037,0.44,0.8449074074074074,0.8029045643153527,0.6264600179694519,0.8095238095238095,0.44339622641509435,0.5039370078740157
SVR10,0.5005366773129484,0.014084507042253521,0.9869888475836431,0.8735632183908046,0.49537037037037035,0.0,1.0,0.8962655601659751,0.5096585804132975,0.047619047619047616,0.9716981132075472,0.8188976377952756
ridge,0.6575475155767319,0.5492957746478874,0.7657992565055762,0.7405582922824302,0.6424537037037037,0.44,0.8449074074074074,0.8029045643153527,0.6264600179694519,0.8095238095238095,0.44339622641509435,0.5039370078740157
