,all,all,all,all,no revasc,no revasc,no revasc,no revasc,with revasc,with revasc,with revasc,with revasc
,Test AUC,Sensitivity,Specificity,Accuracy,Test AUC,Sensitivity,Specificity,Accuracy,Test AUC,Sensitivity,Specificity,Accuracy
lasso,0.6461350858249246,0.6448598130841121,0.647410358565737,0.6469622331691297,0.6382151741293531,0.5625,0.7139303482587065,0.6887966804979253,0.6344444444444444,0.8888888888888888,0.38,0.4881889763779528
linreg,0.6619968723237889,0.616822429906542,0.7071713147410359,0.6912972085385879,0.6518345771144279,0.5375,0.7661691542288558,0.7282157676348547,0.6609259259259259,0.8518518518518519,0.47,0.5511811023622047
SVR10,0.5220519789998883,0.17757009345794392,0.8665338645418327,0.7454844006568144,0.5265858208955224,0.1875,0.8656716417910448,0.7531120331950207,0.509074074074074,0.14814814814814814,0.87,0.7165354330708661
ridge,0.6683453103473954,0.7570093457943925,0.5796812749003983,0.6108374384236454,0.6671641791044776,0.7,0.6343283582089552,0.6452282157676349,0.642962962962963,0.9259259259259259,0.36,0.48031496062992124
