,all,all,all,all,no revasc,no revasc,no revasc,no revasc,with revasc,with revasc,with revasc,with revasc
,Test AUC,Sensitivity,Specificity,Accuracy,Test AUC,Sensitivity,Specificity,Accuracy,Test AUC,Sensitivity,Specificity,Accuracy
lasso,0.7249128919860627,0.8,0.6498257839721254,0.6584564860426929,0.7265207877461708,0.72,0.7330415754923414,0.7323651452282157,0.6623931623931624,1.0,0.32478632478632474,0.3779527559055118
linreg,0.7858885017421603,0.8,0.7717770034843205,0.7733990147783252,0.8091903719912472,0.8,0.8183807439824945,0.8174273858921162,0.6948717948717948,0.8,0.5897435897435898,0.6062992125984252
SVR10,0.689198606271777,0.5142857142857142,0.8641114982578397,0.8440065681444991,0.677636761487965,0.48,0.87527352297593,0.8547717842323651,0.7102564102564103,0.6,0.8205128205128205,0.8031496062992126
ridge,0.7858885017421603,0.8,0.7717770034843205,0.7733990147783252,0.8070021881838074,0.8,0.8140043763676149,0.8132780082987552,0.7034188034188035,0.8,0.6068376068376069,0.6220472440944882
