,all,all,all,all,no revasc,no revasc,no revasc,no revasc,with revasc,with revasc,with revasc,with revasc
,Test AUC,Sensitivity,Specificity,Accuracy,Test AUC,Sensitivity,Specificity,Accuracy,Test AUC,Sensitivity,Specificity,Accuracy
lasso,0.6442550505050505,0.5555555555555556,0.7329545454545454,0.7093596059113301,0.6518010978883679,0.5423728813559322,0.7612293144208038,0.7344398340248963,0.604978354978355,0.5909090909090909,0.6190476190476191,0.6141732283464567
linreg,0.637030022446689,0.4691358024691358,0.8049242424242424,0.7602627257799671,0.6582922626918299,0.4915254237288136,0.8250591016548463,0.7842323651452282,0.5664502164502164,0.4090909090909091,0.7238095238095238,0.6692913385826772
SVR10,0.5098905723905723,0.9629629629629629,0.05681818181818177,0.17733990147783252,0.5005809993188284,0.9491525423728814,0.05200945626477538,0.16182572614107885,0.5380952380952381,1.0,0.07619047619047614,0.23622047244094488
ridge,0.637030022446689,0.4691358024691358,0.8049242424242424,0.7602627257799671,0.6582922626918299,0.4915254237288136,0.8250591016548463,0.7842323651452282,0.5664502164502164,0.4090909090909091,0.7238095238095238,0.6692913385826772
