,all,all,all,all,no revasc,no revasc,no revasc,no revasc,with revasc,with revasc,with revasc,with revasc
,Test AUC,Sensitivity,Specificity,Accuracy,Test AUC,Sensitivity,Specificity,Accuracy,Test AUC,Sensitivity,Specificity,Accuracy
lasso,0.5879278900112233,0.5679012345679012,0.6079545454545454,0.6026272577996716,0.5842248667708458,0.5254237288135594,0.6430260047281324,0.6286307053941909,0.5742424242424242,0.6818181818181818,0.4666666666666667,0.5039370078740157
linreg,0.5992915263748596,0.5679012345679012,0.6306818181818181,0.6223316912972086,0.6033377409143726,0.5423728813559322,0.6643026004728132,0.6493775933609959,0.5658008658008657,0.6363636363636364,0.49523809523809526,0.5196850393700787
SVR10,0.5296717171717171,0.5555555555555556,0.5037878787878788,0.5106732348111659,0.5046279600913571,0.4915254237288136,0.5177304964539007,0.5145228215767634,0.5874458874458874,0.7272727272727273,0.4476190476190476,0.49606299212598426
ridge,0.5992915263748596,0.5679012345679012,0.6306818181818181,0.6223316912972086,0.6033377409143726,0.5423728813559322,0.6643026004728132,0.6493775933609959,0.5658008658008657,0.6363636363636364,0.49523809523809526,0.5196850393700787
