,all,all,all,all,no revasc,no revasc,no revasc,no revasc,with revasc,with revasc,with revasc,with revasc
,Test AUC,Sensitivity,Specificity,Accuracy,Test AUC,Sensitivity,Specificity,Accuracy,Test AUC,Sensitivity,Specificity,Accuracy
lasso,0.720339825119237,0.7058823529411765,0.7347972972972974,0.7339901477832512,0.6931094383323683,0.5454545454545454,0.8407643312101911,0.8340248962655602,0.6611570247933884,1.0,0.3223140495867769,0.3543307086614173
linreg,0.704441573926868,0.6470588235294118,0.7618243243243243,0.7586206896551724,0.6962941517081644,0.5454545454545454,0.8471337579617835,0.8402489626556017,0.6315426997245179,0.8333333333333334,0.4297520661157025,0.44881889763779526
SVR10,0.5844097774244834,0.35294117647058826,0.8158783783783784,0.8029556650246306,0.5769156533487744,0.2727272727272727,0.881104033970276,0.8672199170124482,0.5309917355371901,0.5,0.5619834710743802,0.5590551181102362
ridge,0.7052861685214626,0.6470588235294118,0.7635135135135135,0.7602627257799671,0.6962941517081644,0.5454545454545454,0.8471337579617835,0.8402489626556017,0.6356749311294766,0.8333333333333334,0.4380165289256198,0.4566929133858268
