,all,all,all,all,no revasc,no revasc,no revasc,no revasc,with revasc,with revasc,with revasc,with revasc
,Test AUC,Sensitivity,Specificity,Accuracy,Test AUC,Sensitivity,Specificity,Accuracy,Test AUC,Sensitivity,Specificity,Accuracy
lasso,0.7747386759581881,0.8857142857142857,0.6637630662020906,0.6765188834154351,0.7919912472647702,0.84,0.7439824945295405,0.7489626556016598,0.6752136752136753,1.0,0.3504273504273504,0.4015748031496063
linreg,0.8033101045296167,0.9428571428571428,0.6637630662020906,0.6798029556650246,0.823238512035011,0.92,0.7264770240700219,0.7365145228215768,0.7094017094017093,1.0,0.41880341880341876,0.4645669291338583
SVR10,0.6912891986062718,0.8285714285714286,0.554006968641115,0.5697865353037767,0.7154048140043763,0.84,0.5908096280087527,0.6037344398340249,0.6051282051282052,0.8,0.41025641025641024,0.4409448818897638
ridge,0.8033101045296167,0.9428571428571428,0.6637630662020906,0.6798029556650246,0.8243326039387308,0.92,0.7286652078774617,0.7385892116182573,0.7051282051282051,1.0,0.41025641025641024,0.4566929133858268
