,all,all,all,all,no revasc,no revasc,no revasc,no revasc,with revasc,with revasc,with revasc,with revasc
,Test AUC,Sensitivity,Specificity,Accuracy,Test AUC,Sensitivity,Specificity,Accuracy,Test AUC,Sensitivity,Specificity,Accuracy
lasso,0.6772655007949127,0.7058823529411765,0.6486486486486487,0.6502463054187192,0.6844238563983787,0.6363636363636364,0.7324840764331211,0.7302904564315352,0.5778236914600552,0.8333333333333334,0.3223140495867769,0.3464566929133858
linreg,0.7208863275039745,0.8235294117647058,0.6182432432432432,0.6239737274220033,0.7012159814707586,0.7272727272727273,0.6751592356687899,0.6763485477178424,0.6983471074380165,1.0,0.39669421487603307,0.4251968503937008
SVR10,0.5240461049284579,0.17647058823529413,0.8716216216216216,0.8522167487684729,0.5112912565141865,0.18181818181818182,0.8407643312101911,0.8257261410788381,0.5792011019283747,0.16666666666666666,0.9917355371900827,0.952755905511811
ridge,0.7191971383147854,0.8235294117647058,0.6148648648648649,0.6206896551724138,0.7001544103454932,0.7272727272727273,0.6730360934182591,0.6742738589211619,0.6942148760330579,1.0,0.38842975206611574,0.41732283464566927
