,all,all,all,all,no revasc,no revasc,no revasc,no revasc,with revasc,with revasc,with revasc,with revasc
,Test AUC,Sensitivity,Specificity,Accuracy,Test AUC,Sensitivity,Specificity,Accuracy,Test AUC,Sensitivity,Specificity,Accuracy
lasso,0.658594690821509,0.8450704225352113,0.47211895910780666,0.5155993431855501,0.6781944444444443,0.78,0.5763888888888888,0.5975103734439834,0.5235849056603774,1.0,0.047169811320754707,0.2047244094488189
linreg,0.6563432640452379,0.8591549295774648,0.45353159851301117,0.5008210180623974,0.6766203703703704,0.8,0.5532407407407407,0.578838174273859,0.5235849056603774,1.0,0.047169811320754707,0.2047244094488189
SVR10,0.6247316613435259,0.49295774647887325,0.7565055762081785,0.7257799671592775,0.6005555555555556,0.34,0.8611111111111112,0.8070539419087137,0.59366576819407,0.8571428571428571,0.33018867924528306,0.41732283464566927
ridge,0.6563432640452379,0.8591549295774648,0.45353159851301117,0.5008210180623974,0.6766203703703704,0.8,0.5532407407407407,0.578838174273859,0.5235849056603774,1.0,0.047169811320754707,0.2047244094488189
