,all,all,all,all,no revasc,no revasc,no revasc,no revasc,with revasc,with revasc,with revasc,with revasc
,Test AUC,Sensitivity,Specificity,Accuracy,Test AUC,Sensitivity,Specificity,Accuracy,Test AUC,Sensitivity,Specificity,Accuracy
lasso,0.6208267090620031,0.6470588235294118,0.5945945945945945,0.5960591133004927,0.5531750627292029,0.45454545454545453,0.6518046709129512,0.6473029045643154,0.6859504132231404,1.0,0.371900826446281,0.4015748031496063
linreg,0.6681240063593005,0.6470588235294118,0.6891891891891893,0.6880131362889984,0.6442771665701602,0.5454545454545454,0.743099787685775,0.7385892116182573,0.65633608815427,0.8333333333333334,0.47933884297520657,0.49606299212598426
SVR10,0.5982710651828298,0.8823529411764706,0.31418918918918914,0.33004926108374383,0.5587724377533295,0.8181818181818182,0.2993630573248408,0.3112033195020747,0.6859504132231404,1.0,0.371900826446281,0.4015748031496063
ridge,0.6344892686804452,0.5882352941176471,0.6807432432432432,0.6781609195402298,0.5935147654892878,0.45454545454545453,0.7324840764331211,0.7261410788381742,0.65633608815427,0.8333333333333334,0.47933884297520657,0.49606299212598426
