,all,all,all,all,no revasc,no revasc,no revasc,no revasc,with revasc,with revasc,with revasc,with revasc
,Test AUC,Sensitivity,Specificity,Accuracy,Test AUC,Sensitivity,Specificity,Accuracy,Test AUC,Sensitivity,Specificity,Accuracy
lasso,0.6997260273972603,0.92,0.4794520547945206,0.4975369458128079,0.7218216318785577,0.8823529411764706,0.5612903225806452,0.5726141078838174,0.5798319327731092,1.0,0.15966386554621848,0.2125984251968504
linreg,0.6528082191780822,0.72,0.5856164383561644,0.5911330049261084,0.6471853257432005,0.6470588235294118,0.6473118279569893,0.6473029045643154,0.6097689075630253,0.875,0.3445378151260504,0.3779527559055118
SVR10,0.6935273972602741,0.56,0.827054794520548,0.8160919540229885,0.6729285262492093,0.47058823529411764,0.875268817204301,0.8609958506224067,0.694327731092437,0.75,0.6386554621848739,0.6456692913385826
ridge,0.6519520547945206,0.72,0.5839041095890412,0.5894909688013136,0.6471853257432005,0.6470588235294118,0.6473118279569893,0.6473029045643154,0.6055672268907564,0.875,0.33613445378151263,0.3700787401574803
