,all,all,all,all,no revasc,no revasc,no revasc,no revasc,with revasc,with revasc,with revasc,with revasc
,Test AUC,Sensitivity,Specificity,Accuracy,Test AUC,Sensitivity,Specificity,Accuracy,Test AUC,Sensitivity,Specificity,Accuracy
lasso,0.655410866636731,0.7764705882352941,0.5343511450381679,0.5681444991789819,0.6643625192012289,0.7096774193548387,0.6190476190476191,0.6307053941908713,0.5744147157190636,0.9565217391304348,0.1923076923076923,0.33070866141732286
linreg,0.6814997754827122,0.7294117647058823,0.633587786259542,0.6469622331691297,0.7048387096774194,0.7096774193548387,0.7,0.7012448132780082,0.5739966555183946,0.782608695652174,0.3653846153846154,0.4409448818897638
SVR10,0.5082285585990122,0.25882352941176473,0.7576335877862596,0.6880131362889984,0.5273041474654377,0.2903225806451613,0.7642857142857142,0.7033195020746889,0.4523411371237458,0.0,1.0,0.8188976377952756
ridge,0.6814997754827122,0.7294117647058823,0.633587786259542,0.6469622331691297,0.7048387096774194,0.7096774193548387,0.7,0.7012448132780082,0.5739966555183946,0.782608695652174,0.3653846153846154,0.4409448818897638
