,all,all,all,all,no revasc,no revasc,no revasc,no revasc,with revasc,with revasc,with revasc,with revasc
,Test AUC,Sensitivity,Specificity,Accuracy,Test AUC,Sensitivity,Specificity,Accuracy,Test AUC,Sensitivity,Specificity,Accuracy
lasso,0.6279299506061966,0.5764705882352941,0.6793893129770993,0.6650246305418719,0.6267281105990784,0.46774193548387094,0.7857142857142857,0.7448132780082988,0.5597826086956521,0.8695652173913043,0.25,0.36220472440944884
linreg,0.6398405927256399,0.6823529411764706,0.5973282442748091,0.6091954022988506,0.6481182795698924,0.6129032258064516,0.6833333333333333,0.6742738589211619,0.5597826086956521,0.8695652173913043,0.25,0.36220472440944884
SVR10,0.5479793444095196,0.3058823529411765,0.7900763358778626,0.722495894909688,0.5373655913978495,0.25806451612903225,0.8166666666666667,0.7448132780082988,0.5587374581939799,0.43478260869565216,0.6826923076923077,0.6377952755905512
ridge,0.6398405927256399,0.6823529411764706,0.5973282442748091,0.6091954022988506,0.6481182795698924,0.6129032258064516,0.6833333333333333,0.6742738589211619,0.5597826086956521,0.8695652173913043,0.25,0.36220472440944884
