,all,all,all,all,no revasc,no revasc,no revasc,no revasc,with revasc,with revasc,with revasc,with revasc
,Test AUC,Sensitivity,Specificity,Accuracy,Test AUC,Sensitivity,Specificity,Accuracy,Test AUC,Sensitivity,Specificity,Accuracy
lasso,0.6867465753424659,0.68,0.6934931506849316,0.6929392446633826,0.681214421252372,0.5882352941176471,0.7741935483870968,0.7676348547717843,0.6265756302521008,0.875,0.37815126050420167,0.4094488188976378
linreg,0.7656506849315068,0.92,0.6113013698630136,0.6239737274220033,0.7942441492726122,0.9411764705882353,0.6473118279569893,0.6576763485477178,0.6727941176470589,0.875,0.47058823529411764,0.49606299212598426
SVR10,0.6612328767123288,0.48,0.8424657534246576,0.8275862068965517,0.6937381404174573,0.5294117647058824,0.8580645161290322,0.8464730290456431,0.5782563025210083,0.375,0.7815126050420168,0.7559055118110236
ridge,0.7647945205479452,0.92,0.6095890410958904,0.6223316912972086,0.793168880455408,0.9411764705882353,0.6451612903225806,0.6556016597510373,0.6727941176470589,0.875,0.47058823529411764,0.49606299212598426
