,all,all,all,all,no revasc,no revasc,no revasc,no revasc,with revasc,with revasc,with revasc,with revasc
,Test AUC,Sensitivity,Specificity,Accuracy,Test AUC,Sensitivity,Specificity,Accuracy,Test AUC,Sensitivity,Specificity,Accuracy
lasso,0.6657103825136612,0.55,0.7814207650273224,0.7586206896551724,0.6370222885902328,0.4146341463414634,0.8594104308390023,0.8215767634854771,0.6525341130604289,0.8421052631578947,0.4629629629629629,0.5196850393700787
linreg,0.7198998178506376,0.7166666666666667,0.7231329690346084,0.722495894909688,0.714755821027598,0.6585365853658537,0.7709750566893424,0.7614107883817427,0.6849415204678362,0.8421052631578947,0.5277777777777778,0.5748031496062992
SVR10,0.6251366120218579,0.26666666666666666,0.9836065573770492,0.9129720853858785,0.6262098335269067,0.2682926829268293,0.9841269841269842,0.9232365145228216,0.6223196881091617,0.2631578947368421,0.9814814814814815,0.8740157480314961
ridge,0.7217213114754099,0.7166666666666667,0.7267759562841529,0.7257799671592775,0.7170233947237432,0.6585365853658537,0.7755102040816326,0.7655601659751037,0.6849415204678362,0.8421052631578947,0.5277777777777778,0.5748031496062992
