,all,all,all,all,no revasc,no revasc,no revasc,no revasc,with revasc,with revasc,with revasc,with revasc
,Test AUC,Sensitivity,Specificity,Accuracy,Test AUC,Sensitivity,Specificity,Accuracy,Test AUC,Sensitivity,Specificity,Accuracy
lasso,0.7549682034976153,0.7058823529411765,0.8040540540540541,0.8013136288998358,0.7079714340860838,0.5454545454545454,0.8704883227176221,0.8630705394190872,0.7727272727272727,1.0,0.5454545454545454,0.5669291338582677
linreg,0.7382253577106518,0.6470588235294118,0.8293918918918919,0.8243021346469622,0.7122177185871453,0.5454545454545454,0.8789808917197452,0.8713692946058091,0.7348484848484849,0.8333333333333334,0.6363636363636364,0.6456692913385826
SVR10,0.5848569157392687,0.17647058823529413,0.9932432432432432,0.9704433497536946,0.5887859486585602,0.18181818181818182,0.9957537154989384,0.9771784232365145,0.575068870523416,0.16666666666666666,0.9834710743801653,0.9448818897637795
ridge,0.7382253577106518,0.6470588235294118,0.8293918918918919,0.8243021346469622,0.7122177185871453,0.5454545454545454,0.8789808917197452,0.8713692946058091,0.7348484848484849,0.8333333333333334,0.6363636363636364,0.6456692913385826
