,all,all,all,all,no revasc,no revasc,no revasc,no revasc,with revasc,with revasc,with revasc,with revasc
,Test AUC,Sensitivity,Specificity,Accuracy,Test AUC,Sensitivity,Specificity,Accuracy,Test AUC,Sensitivity,Specificity,Accuracy
lasso,0.7961672473867595,0.8571428571428571,0.735191637630662,0.7422003284072249,0.8004376367614879,0.8,0.8008752735229759,0.8008298755186722,0.7393162393162394,1.0,0.4786324786324786,0.5196850393700787
linreg,0.804006968641115,0.8571428571428571,0.7508710801393728,0.7569786535303776,0.8404376367614879,0.88,0.8008752735229759,0.8049792531120332,0.6777777777777778,0.8,0.5555555555555556,0.5748031496062992
SVR10,0.7500000000000001,0.7142857142857143,0.7857142857142857,0.7816091954022989,0.7702844638949672,0.72,0.8205689277899344,0.8153526970954357,0.6747863247863248,0.7,0.6495726495726496,0.6535433070866141
ridge,0.8146341463414635,0.9428571428571428,0.686411149825784,0.7011494252873564,0.8298030634573303,0.92,0.7396061269146608,0.7489626556016598,0.7393162393162394,1.0,0.4786324786324786,0.5196850393700787
