,all,all,all,all,no revasc,no revasc,no revasc,no revasc,with revasc,with revasc,with revasc,with revasc
,Test AUC,Sensitivity,Specificity,Accuracy,Test AUC,Sensitivity,Specificity,Accuracy,Test AUC,Sensitivity,Specificity,Accuracy
lasso,0.7019870150269647,0.7887323943661971,0.6152416356877324,0.6354679802955665,0.7179629629629629,0.76,0.6759259259259259,0.6846473029045643,0.6125336927223719,0.8571428571428571,0.3679245283018868,0.44881889763779526
linreg,0.7152861406356353,0.8450704225352113,0.5855018587360594,0.6157635467980296,0.7359722222222222,0.84,0.6319444444444444,0.6535269709543569,0.6266846361185984,0.8571428571428571,0.39622641509433965,0.47244094488188976
SVR10,0.5426854809152312,0.16901408450704225,0.9163568773234201,0.8292282430213465,0.5475925925925926,0.16,0.9351851851851852,0.8547717842323651,0.5150494159928123,0.19047619047619047,0.839622641509434,0.7322834645669292
ridge,0.7162155086653752,0.8450704225352113,0.587360594795539,0.6174055829228243,0.7394444444444443,0.84,0.6388888888888888,0.6597510373443983,0.6172506738544474,0.8571428571428571,0.37735849056603776,0.4566929133858268
