,all,all,all,all,no revasc,no revasc,no revasc,no revasc,with revasc,with revasc,with revasc,with revasc
,Test AUC,Sensitivity,Specificity,Accuracy,Test AUC,Sensitivity,Specificity,Accuracy,Test AUC,Sensitivity,Specificity,Accuracy
lasso,0.7077346205657835,0.7647058823529411,0.6507633587786259,0.6666666666666666,0.7018049155145929,0.6774193548387096,0.7261904761904762,0.7199170124481328,0.6730769230769231,1.0,0.34615384615384615,0.4645669291338583
linreg,0.7191850022451729,0.7647058823529411,0.6736641221374046,0.6863711001642037,0.7238863287250386,0.7096774193548387,0.7380952380952381,0.7344398340248963,0.663252508361204,0.9130434782608695,0.41346153846153844,0.5039370078740157
SVR10,0.5733610237988325,0.7058823529411765,0.44083969465648853,0.47783251231527096,0.5926651305683565,0.7258064516129032,0.45952380952380956,0.49377593360995853,0.5087792642140468,0.6521739130434783,0.3653846153846154,0.41732283464566927
ridge,0.7236304445442299,0.8117647058823529,0.6354961832061068,0.6600985221674877,0.7185867895545315,0.7419354838709677,0.6952380952380952,0.7012448132780082,0.6971153846153846,1.0,0.3942307692307693,0.5039370078740157
