,all,all,all,all,no revasc,no revasc,no revasc,no revasc,with revasc,with revasc,with revasc,with revasc
,Test AUC,Sensitivity,Specificity,Accuracy,Test AUC,Sensitivity,Specificity,Accuracy,Test AUC,Sensitivity,Specificity,Accuracy
lasso,0.695068493150685,0.76,0.6301369863013699,0.6354679802955665,0.6740670461733079,0.6470588235294118,0.7010752688172043,0.6991701244813278,0.6764705882352942,1.0,0.3529411764705882,0.3937007874015748
linreg,0.7651027397260274,0.96,0.5702054794520548,0.5862068965517241,0.7877925363693865,0.9411764705882353,0.6344086021505376,0.6452282157676349,0.6596638655462185,1.0,0.31932773109243695,0.36220472440944884
SVR10,0.6884589041095891,0.68,0.696917808219178,0.6962233169129721,0.7002530044275775,0.7058823529411765,0.6946236559139785,0.6950207468879668,0.6654411764705882,0.625,0.7058823529411764,0.7007874015748031
ridge,0.7633904109589041,0.96,0.5667808219178082,0.5829228243021346,0.7856419987349779,0.9411764705882353,0.6301075268817204,0.6410788381742739,0.6596638655462185,1.0,0.31932773109243695,0.36220472440944884
