,all,all,all,all,no revasc,no revasc,no revasc,no revasc,with revasc,with revasc,with revasc,with revasc
,Test AUC,Sensitivity,Specificity,Accuracy,Test AUC,Sensitivity,Specificity,Accuracy,Test AUC,Sensitivity,Specificity,Accuracy
lasso,0.7105057932263814,0.8541666666666666,0.5668449197860963,0.5894909688013136,0.7365414915966386,0.8235294117647058,0.6495535714285714,0.6618257261410788,0.5837547408343868,0.9285714285714286,0.23893805309734517,0.31496062992125984
linreg,0.7441510695187166,0.9375,0.5508021390374331,0.5812807881773399,0.7830882352941175,0.9411764705882353,0.625,0.6473029045643154,0.5926042983565107,0.9285714285714286,0.2566371681415929,0.33070866141732286
SVR10,0.49910873440285203,0.0,1.0,0.9211822660098522,0.49888392857142855,0.0,1.0,0.9294605809128631,0.5,0.0,1.0,0.889763779527559
ridge,0.7441510695187166,0.9375,0.5508021390374331,0.5812807881773399,0.7830882352941175,0.9411764705882353,0.625,0.6473029045643154,0.5926042983565107,0.9285714285714286,0.2566371681415929,0.33070866141732286
