,all,all,all,all,no revasc,no revasc,no revasc,no revasc,with revasc,with revasc,with revasc,with revasc
,Test AUC,Sensitivity,Specificity,Accuracy,Test AUC,Sensitivity,Specificity,Accuracy,Test AUC,Sensitivity,Specificity,Accuracy
lasso,0.6921220400728597,0.8833333333333333,0.5009107468123861,0.5385878489326765,0.7048835794480394,0.8292682926829268,0.5804988662131519,0.6016597510373444,0.587962962962963,1.0,0.17592592592592593,0.2992125984251969
linreg,0.7161657559198542,0.8166666666666667,0.6156648451730419,0.6354679802955665,0.728112383164648,0.7804878048780488,0.6757369614512472,0.6846473029045643,0.6325536062378168,0.8947368421052632,0.37037037037037035,0.44881889763779526
SVR10,0.6356102003642987,0.43333333333333335,0.8378870673952641,0.7980295566502463,0.6517615176151761,0.4146341463414634,0.8888888888888888,0.8485477178423236,0.5516569200779726,0.47368421052631576,0.6296296296296297,0.6062992125984252
ridge,0.7152550091074681,0.8166666666666667,0.6138433515482695,0.6338259441707718,0.728112383164648,0.7804878048780488,0.6757369614512472,0.6846473029045643,0.6279239766081872,0.8947368421052632,0.36111111111111116,0.4409448818897638
