,all,all,all,all,no revasc,no revasc,no revasc,no revasc,with revasc,with revasc,with revasc,with revasc
,Test AUC,Sensitivity,Specificity,Accuracy,Test AUC,Sensitivity,Specificity,Accuracy,Test AUC,Sensitivity,Specificity,Accuracy
lasso,0.6429352146263911,0.5882352941176471,0.6976351351351351,0.6945812807881774,0.6009457633661456,0.45454545454545453,0.7473460721868366,0.7406639004149378,0.668732782369146,0.8333333333333334,0.5041322314049587,0.5196850393700787
linreg,0.6909280604133545,0.6470588235294118,0.7347972972972974,0.7323481116584565,0.6612623045744065,0.5454545454545454,0.7770700636942676,0.7717842323651453,0.7017906336088154,0.8333333333333334,0.5702479338842975,0.5826771653543307
SVR10,0.6381657392686804,0.47058823529411764,0.8057432432432432,0.7963875205254516,0.6750627292028566,0.5454545454545454,0.8046709129511678,0.7987551867219918,0.571625344352617,0.3333333333333333,0.8099173553719008,0.7874015748031497
ridge,0.6926172496025438,0.6470588235294118,0.7381756756756757,0.735632183908046,0.6633854468249373,0.5454545454545454,0.7813163481953291,0.7759336099585062,0.7017906336088154,0.8333333333333334,0.5702479338842975,0.5826771653543307
