,all,all,all,all,no revasc,no revasc,no revasc,no revasc,with revasc,with revasc,with revasc,with revasc
,Test AUC,Sensitivity,Specificity,Accuracy,Test AUC,Sensitivity,Specificity,Accuracy,Test AUC,Sensitivity,Specificity,Accuracy
lasso,0.6291386083052749,0.5802469135802469,0.678030303030303,0.6650246305418719,0.6297231237728894,0.4745762711864407,0.7848699763593381,0.7468879668049793,0.5556277056277057,0.8636363636363636,0.24761904761904763,0.3543307086614173
linreg,0.636854657687991,0.6790123456790124,0.5946969696969697,0.6059113300492611,0.6455102776776055,0.6101694915254238,0.6808510638297872,0.6721991701244814,0.5556277056277057,0.8636363636363636,0.24761904761904763,0.3543307086614173
SVR10,0.5492073512906847,0.30864197530864196,0.7897727272727273,0.7257799671592775,0.5349200625075129,0.2542372881355932,0.8156028368794326,0.7468879668049793,0.5701298701298702,0.45454545454545453,0.6857142857142857,0.6456692913385826
ridge,0.636854657687991,0.6790123456790124,0.5946969696969697,0.6059113300492611,0.6455102776776055,0.6101694915254238,0.6808510638297872,0.6721991701244814,0.5556277056277057,0.8636363636363636,0.24761904761904763,0.3543307086614173
