,all,all,all,all,no revasc,no revasc,no revasc,no revasc,with revasc,with revasc,with revasc,with revasc
,Test AUC,Sensitivity,Specificity,Accuracy,Test AUC,Sensitivity,Specificity,Accuracy,Test AUC,Sensitivity,Specificity,Accuracy
lasso,0.6767123287671234,0.6,0.7534246575342466,0.7471264367816092,0.6546489563567364,0.47058823529411764,0.8387096774193549,0.8257261410788381,0.6475840336134453,0.875,0.4201680672268907,0.44881889763779526
linreg,0.7726712328767122,0.72,0.8253424657534246,0.8210180623973727,0.7253004427577483,0.5882352941176471,0.8623655913978494,0.8526970954356846,0.8403361344537815,1.0,0.680672268907563,0.7007874015748031
SVR10,0.6233904109589041,0.68,0.5667808219178082,0.5714285714285714,0.5977229601518026,0.6470588235294118,0.5483870967741935,0.5518672199170125,0.694327731092437,0.75,0.6386554621848739,0.6456692913385826
ridge,0.7752397260273972,0.72,0.8304794520547945,0.825944170771757,0.7557874762808349,0.6470588235294118,0.864516129032258,0.8568464730290456,0.7862394957983193,0.875,0.6974789915966386,0.7086614173228346
