,all,all,all,all,no revasc,no revasc,no revasc,no revasc,with revasc,with revasc,with revasc,with revasc
,Test AUC,Sensitivity,Specificity,Accuracy,Test AUC,Sensitivity,Specificity,Accuracy,Test AUC,Sensitivity,Specificity,Accuracy
lasso,0.721609589041096,0.76,0.6832191780821918,0.6863711001642037,0.7149272612270715,0.6470588235294118,0.7827956989247312,0.7780082987551867,0.6470588235294117,1.0,0.2941176470588235,0.33858267716535434
linreg,0.7107876712328767,0.8,0.6215753424657534,0.6288998357963875,0.698102466793169,0.7058823529411765,0.6903225806451613,0.6908713692946058,0.6764705882352942,1.0,0.3529411764705882,0.3937007874015748
SVR10,0.5031164383561644,0.96,0.046232876712328785,0.08374384236453201,0.510752688172043,1.0,0.021505376344086002,0.056016597510373446,0.5089285714285715,0.875,0.1428571428571429,0.1889763779527559
ridge,0.7107876712328767,0.8,0.6215753424657534,0.6288998357963875,0.698102466793169,0.7058823529411765,0.6903225806451613,0.6908713692946058,0.6764705882352942,1.0,0.3529411764705882,0.3937007874015748
