,all,all,all,all,no revasc,no revasc,no revasc,no revasc,with revasc,with revasc,with revasc,with revasc
,Test AUC,Sensitivity,Specificity,Accuracy,Test AUC,Sensitivity,Specificity,Accuracy,Test AUC,Sensitivity,Specificity,Accuracy
lasso,0.6920126708204617,0.7464788732394366,0.637546468401487,0.6502463054187192,0.7280555555555556,0.72,0.7361111111111112,0.7344398340248963,0.5226864330637915,0.8095238095238095,0.23584905660377353,0.33070866141732286
linreg,0.6965809728258024,0.5492957746478874,0.8438661710037174,0.8095238095238095,0.6786574074074074,0.48,0.8773148148148148,0.8360995850622407,0.7109164420485176,0.7142857142857143,0.7075471698113207,0.7086614173228346
SVR10,0.5813000680663909,0.4507042253521127,0.7118959107806692,0.6814449917898193,0.5925925925925926,0.5,0.6851851851851851,0.6659751037344398,0.5770440251572327,0.3333333333333333,0.8207547169811321,0.7401574803149606
ridge,0.6965809728258024,0.5492957746478874,0.8438661710037174,0.8095238095238095,0.6786574074074074,0.48,0.8773148148148148,0.8360995850622407,0.7109164420485176,0.7142857142857143,0.7075471698113207,0.7086614173228346
