,all,all,all,all,no revasc,no revasc,no revasc,no revasc,with revasc,with revasc,with revasc,with revasc
,Test AUC,Sensitivity,Specificity,Accuracy,Test AUC,Sensitivity,Specificity,Accuracy,Test AUC,Sensitivity,Specificity,Accuracy
lasso,0.6826111360574766,0.7411764705882353,0.6240458015267176,0.6403940886699507,0.6887096774193547,0.6774193548387096,0.7,0.6970954356846473,0.615175585284281,0.9130434782608695,0.3173076923076923,0.4251968503937008
linreg,0.7060058374494835,0.6352941176470588,0.7767175572519084,0.7569786535303776,0.7159754224270353,0.6129032258064516,0.819047619047619,0.7925311203319502,0.6507107023411371,0.6956521739130435,0.6057692307692308,0.6220472440944882
SVR10,0.612067804220925,0.3176470588235294,0.9064885496183206,0.8243021346469622,0.6049539170506912,0.27419354838709675,0.9357142857142857,0.8506224066390041,0.6116220735785953,0.43478260869565216,0.7884615384615384,0.7244094488188977
ridge,0.7060058374494835,0.6352941176470588,0.7767175572519084,0.7569786535303776,0.7159754224270353,0.6129032258064516,0.819047619047619,0.7925311203319502,0.6507107023411371,0.6956521739130435,0.6057692307692308,0.6220472440944882
