,all,all,all,all,no revasc,no revasc,no revasc,no revasc,with revasc,with revasc,with revasc,with revasc
,Test AUC,Sensitivity,Specificity,Accuracy,Test AUC,Sensitivity,Specificity,Accuracy,Test AUC,Sensitivity,Specificity,Accuracy
lasso,0.610136955545577,0.4588235294117647,0.7614503816793893,0.7192118226600985,0.6135176651305683,0.4032258064516129,0.8238095238095238,0.7697095435684648,0.5591555183946488,0.6086956521739131,0.5096153846153846,0.5275590551181102
linreg,0.6459025594970814,0.5647058823529412,0.7270992366412214,0.7044334975369458,0.6563364055299539,0.5483870967741935,0.7642857142857142,0.7365145228215768,0.592809364548495,0.6086956521739131,0.5769230769230769,0.5826771653543307
SVR10,0.5818365514144588,0.4117647058823529,0.7519083969465649,0.7044334975369458,0.6148233486943164,0.46774193548387094,0.7619047619047619,0.7240663900414938,0.4862040133779264,0.0,1.0,0.8188976377952756
ridge,0.6449483610237988,0.5647058823529412,0.7251908396946565,0.7027914614121511,0.6551459293394777,0.5483870967741935,0.7619047619047619,0.7344398340248963,0.592809364548495,0.6086956521739131,0.5769230769230769,0.5826771653543307
