,all,all,all,all,no revasc,no revasc,no revasc,no revasc,with revasc,with revasc,with revasc,with revasc
,Test AUC,Sensitivity,Specificity,Accuracy,Test AUC,Sensitivity,Specificity,Accuracy,Test AUC,Sensitivity,Specificity,Accuracy
lasso,0.7339041095890411,0.8,0.6678082191780822,0.6732348111658456,0.741113219481341,0.7058823529411765,0.7763440860215054,0.7738589211618258,0.6218487394957983,1.0,0.24369747899159666,0.29133858267716534
linreg,0.7784931506849315,0.92,0.636986301369863,0.6486042692939245,0.8222011385199242,0.9411764705882353,0.7032258064516129,0.7116182572614108,0.6265756302521008,0.875,0.37815126050420167,0.4094488188976378
SVR10,0.6754794520547945,0.44,0.910958904109589,0.8916256157635468,0.6901328273244782,0.47058823529411764,0.9096774193548387,0.8941908713692946,0.6454831932773109,0.375,0.9159663865546218,0.8818897637795275
ridge,0.7776369863013698,0.92,0.6352739726027397,0.6469622331691297,0.8222011385199242,0.9411764705882353,0.7032258064516129,0.7116182572614108,0.6223739495798319,0.875,0.3697478991596639,0.4015748031496063
