,all,all,all,all,no revasc,no revasc,no revasc,no revasc,with revasc,with revasc,with revasc,with revasc
,Test AUC,Sensitivity,Specificity,Accuracy,Test AUC,Sensitivity,Specificity,Accuracy,Test AUC,Sensitivity,Specificity,Accuracy
lasso,0.5836374129649625,0.3644859813084112,0.8027888446215139,0.7257799671592775,0.566542288557214,0.25,0.8830845771144279,0.7780082987551867,0.5918518518518519,0.7037037037037037,0.48,0.5275590551181102
linreg,0.5830323565550881,0.2616822429906542,0.9043824701195219,0.7914614121510674,0.5713930348258707,0.2,0.9427860696517413,0.8195020746887967,0.5972222222222222,0.4444444444444444,0.75,0.6850393700787402
SVR10,0.588003127676211,0.38317757009345793,0.7928286852589641,0.7208538587848933,0.579042288557214,0.275,0.8830845771144279,0.7821576763485477,0.5668518518518519,0.7037037037037037,0.43000000000000005,0.4881889763779528
ridge,0.582036340618833,0.2616822429906542,0.9023904382470119,0.7898193760262726,0.5713930348258707,0.2,0.9427860696517413,0.8195020746887967,0.5922222222222222,0.4444444444444444,0.74,0.6771653543307087
