,all,all,all,all,no revasc,no revasc,no revasc,no revasc,with revasc,with revasc,with revasc,with revasc
,Test AUC,Sensitivity,Specificity,Accuracy,Test AUC,Sensitivity,Specificity,Accuracy,Test AUC,Sensitivity,Specificity,Accuracy
lasso,0.7182589786756454,0.654320987654321,0.7821969696969697,0.7651888341543513,0.7272709059582482,0.6271186440677966,0.8274231678486997,0.8029045643153527,0.6636363636363637,0.7272727272727273,0.6,0.6220472440944882
linreg,0.7254840067340067,0.7407407407407407,0.7102272727272727,0.7142857142857143,0.7341827944063789,0.711864406779661,0.7565011820330969,0.7510373443983402,0.670995670995671,0.8181818181818182,0.5238095238095238,0.5748031496062992
SVR10,0.5023498877665544,0.9876543209876543,0.017045454545454586,0.14614121510673234,0.49743558921344716,0.0,1.0,0.8775933609958506,0.519047619047619,1.0,0.03809523809523807,0.2047244094488189
ridge,0.724537037037037,0.7407407407407407,0.7083333333333333,0.7126436781609196,0.7341827944063789,0.711864406779661,0.7565011820330969,0.7510373443983402,0.6662337662337663,0.8181818181818182,0.5142857142857142,0.5669291338582677
