,all,all,all,all,no revasc,no revasc,no revasc,no revasc,with revasc,with revasc,with revasc,with revasc
,Test AUC,Sensitivity,Specificity,Accuracy,Test AUC,Sensitivity,Specificity,Accuracy,Test AUC,Sensitivity,Specificity,Accuracy
lasso,0.6562303547373148,0.6235294117647059,0.6889312977099237,0.6798029556650246,0.6568740399385561,0.5161290322580645,0.7976190476190477,0.7614107883817427,0.5815217391304348,0.9130434782608695,0.25,0.3700787401574803
linreg,0.7023237539290524,0.788235294117647,0.616412213740458,0.6403940886699507,0.72215821812596,0.7419354838709677,0.7023809523809523,0.7074688796680498,0.5911371237458194,0.9130434782608695,0.2692307692307693,0.3858267716535433
SVR10,0.49634036820835203,0.0,1.0,0.8604269293924466,0.49615975422427033,0.0,1.0,0.8713692946058091,0.5,0.0,1.0,0.8188976377952756
ridge,0.7023237539290524,0.788235294117647,0.616412213740458,0.6403940886699507,0.72215821812596,0.7419354838709677,0.7023809523809523,0.7074688796680498,0.5911371237458194,0.9130434782608695,0.2692307692307693,0.3858267716535433
