,all,all,all,all,no revasc,no revasc,no revasc,no revasc,with revasc,with revasc,with revasc,with revasc
,Test AUC,Sensitivity,Specificity,Accuracy,Test AUC,Sensitivity,Specificity,Accuracy,Test AUC,Sensitivity,Specificity,Accuracy
lasso,0.6879025079847112,0.7605633802816901,0.6152416356877324,0.632183908045977,0.6749074074074075,0.66,0.6898148148148149,0.6867219917012448,0.6556603773584906,1.0,0.3113207547169812,0.4251968503937008
linreg,0.7287947012932614,0.7605633802816901,0.6970260223048328,0.7044334975369458,0.7319444444444444,0.7,0.7638888888888888,0.7572614107883817,0.6646451033243486,0.9047619047619048,0.42452830188679247,0.5039370078740157
SVR10,0.5459579035551599,0.7183098591549296,0.37360594795539037,0.41379310344827586,0.5189814814814815,0.7,0.3379629629629629,0.3755186721991701,0.6403863432165319,0.7619047619047619,0.5188679245283019,0.5590551181102362
ridge,0.7402743599141317,0.9154929577464789,0.5650557620817844,0.6059113300492611,0.7559722222222222,0.88,0.6319444444444444,0.6576763485477178,0.6462264150943396,1.0,0.2924528301886793,0.4094488188976378
