,all,all,all,all,no revasc,no revasc,no revasc,no revasc,with revasc,with revasc,with revasc,with revasc
,Test AUC,Sensitivity,Specificity,Accuracy,Test AUC,Sensitivity,Specificity,Accuracy,Test AUC,Sensitivity,Specificity,Accuracy
lasso,0.6746632240682532,0.7176470588235294,0.6316793893129771,0.6436781609195402,0.7027265745007681,0.6935483870967742,0.7119047619047619,0.7095435684647303,0.5451505016722408,0.782608695652174,0.3076923076923077,0.3937007874015748
linreg,0.6660529860799282,0.8588235294117647,0.4732824427480916,0.5270935960591133,0.6952764976958525,0.8548387096774194,0.5357142857142857,0.5767634854771784,0.5453595317725752,0.8695652173913043,0.22115384615384615,0.33858267716535434
SVR10,0.4935900314324203,0.0,1.0,0.8604269293924466,0.4865591397849463,0.0,1.0,0.8713692946058091,0.522366220735786,0.30434782608695654,0.7403846153846154,0.6614173228346457
ridge,0.6660529860799282,0.8588235294117647,0.4732824427480916,0.5270935960591133,0.6952764976958525,0.8548387096774194,0.5357142857142857,0.5767634854771784,0.5453595317725752,0.8695652173913043,0.22115384615384615,0.33858267716535434
