,all,all,all,all,no revasc,no revasc,no revasc,no revasc,with revasc,with revasc,with revasc,with revasc
,Test AUC,Sensitivity,Specificity,Accuracy,Test AUC,Sensitivity,Specificity,Accuracy,Test AUC,Sensitivity,Specificity,Accuracy
lasso,0.6447850672810095,0.5070422535211268,0.7825278810408922,0.7504105090311987,0.6093981481481481,0.36,0.8587962962962963,0.8070539419087137,0.6644204851752021,0.8571428571428571,0.4716981132075472,0.5354330708661418
linreg,0.6934394470914708,0.6619718309859155,0.724907063197026,0.7175697865353038,0.6865740740740741,0.6,0.7731481481481481,0.7551867219917012,0.6689128481581312,0.8095238095238095,0.5283018867924528,0.5748031496062992
SVR10,0.6043117440703701,0.22535211267605634,0.983271375464684,0.8949096880131363,0.6018981481481481,0.22,0.9837962962962963,0.9045643153526971,0.6096136567834681,0.23809523809523808,0.9811320754716981,0.8582677165354331
ridge,0.6952981831509503,0.6619718309859155,0.7286245353159851,0.7208538587848933,0.6888888888888889,0.6,0.7777777777777778,0.7593360995850622,0.6689128481581312,0.8095238095238095,0.5283018867924528,0.5748031496062992
