,all,all,all,all,no revasc,no revasc,no revasc,no revasc,with revasc,with revasc,with revasc,with revasc
,Test AUC,Sensitivity,Specificity,Accuracy,Test AUC,Sensitivity,Specificity,Accuracy,Test AUC,Sensitivity,Specificity,Accuracy
lasso,0.6315671306690616,0.7058823529411765,0.5572519083969465,0.5779967159277504,0.6601382488479262,0.6774193548387096,0.6428571428571428,0.6473029045643154,0.49707357859531776,0.0,1.0,0.8188976377952756
linreg,0.6326560395150427,0.8588235294117647,0.4064885496183206,0.4696223316912972,0.6514976958525346,0.8387096774193549,0.4642857142857143,0.5124481327800829,0.5430602006688963,0.9130434782608695,0.17307692307692313,0.30708661417322836
SVR10,0.48696677144140094,0.0,1.0,0.8604269293924466,0.4853302611367128,0.0,1.0,0.8713692946058091,0.49268394648829433,0.0,1.0,0.8188976377952756
ridge,0.6326560395150427,0.8588235294117647,0.4064885496183206,0.4696223316912972,0.6514976958525346,0.8387096774193549,0.4642857142857143,0.5124481327800829,0.5430602006688963,0.9130434782608695,0.17307692307692313,0.30708661417322836
