,all,all,all,all,no revasc,no revasc,no revasc,no revasc,with revasc,with revasc,with revasc,with revasc
,Test AUC,Sensitivity,Specificity,Accuracy,Test AUC,Sensitivity,Specificity,Accuracy,Test AUC,Sensitivity,Specificity,Accuracy
lasso,0.699041095890411,0.72,0.678082191780822,0.6798029556650246,0.7041745730550284,0.6470588235294118,0.7612903225806451,0.7572614107883817,0.6139705882352942,0.875,0.3529411764705882,0.3858267716535433
linreg,0.6524315068493151,0.56,0.7448630136986301,0.7372742200328407,0.6385199240986718,0.47058823529411764,0.8064516129032258,0.7946058091286307,0.6271008403361344,0.75,0.5042016806722689,0.5196850393700787
SVR10,0.5423972602739726,0.28,0.8047945205479452,0.7832512315270936,0.5646426312460469,0.35294117647058826,0.7763440860215054,0.7614107883817427,0.5204831932773109,0.125,0.9159663865546218,0.8661417322834646
ridge,0.6524315068493151,0.56,0.7448630136986301,0.7372742200328407,0.6385199240986718,0.47058823529411764,0.8064516129032258,0.7946058091286307,0.6271008403361344,0.75,0.5042016806722689,0.5196850393700787
