,all,all,all,all,no revasc,no revasc,no revasc,no revasc,with revasc,with revasc,with revasc,with revasc
,Test AUC,Sensitivity,Specificity,Accuracy,Test AUC,Sensitivity,Specificity,Accuracy,Test AUC,Sensitivity,Specificity,Accuracy
lasso,0.7202540106951871,0.7916666666666666,0.6488413547237077,0.6600985221674877,0.731486344537815,0.7352941176470589,0.7276785714285714,0.7282157676348547,0.6324273072060682,0.9285714285714286,0.33628318584070793,0.4015748031496063
linreg,0.7288324420677361,0.75,0.7076648841354723,0.7110016420361248,0.7299763655462185,0.6764705882352942,0.7834821428571428,0.7759336099585062,0.6678255372945638,0.9285714285714286,0.4070796460176991,0.4645669291338583
SVR10,0.50924688057041,0.041666666666666664,0.9768270944741533,0.90311986863711,0.5024290966386554,0.029411764705882353,0.9754464285714286,0.9087136929460581,0.5268647281921618,0.07142857142857142,0.9823008849557522,0.8818897637795275
ridge,0.7288324420677361,0.75,0.7076648841354723,0.7110016420361248,0.7299763655462185,0.6764705882352942,0.7834821428571428,0.7759336099585062,0.6678255372945638,0.9285714285714286,0.4070796460176991,0.4645669291338583
