,all,all,all,all,no revasc,no revasc,no revasc,no revasc,with revasc,with revasc,with revasc,with revasc
,Test AUC,Sensitivity,Specificity,Accuracy,Test AUC,Sensitivity,Specificity,Accuracy,Test AUC,Sensitivity,Specificity,Accuracy
lasso,0.6693322109988777,0.8765432098765432,0.46212121212121215,0.5172413793103449,0.6989421805505468,0.8305084745762712,0.5673758865248226,0.5995850622406639,0.519047619047619,1.0,0.03809523809523807,0.2047244094488189
linreg,0.6759609988776655,0.8765432098765432,0.47537878787878785,0.5287356321839081,0.7060343791321072,0.8305084745762712,0.5815602836879432,0.6120331950207469,0.5238095238095238,1.0,0.04761904761904767,0.2125984251968504
SVR10,0.5310044893378226,0.16049382716049382,0.9015151515151515,0.8029556650246306,0.5510678366790881,0.22033898305084745,0.8817966903073287,0.8008298755186722,0.49047619047619045,0.0,1.0,0.8267716535433071
ridge,0.6759609988776655,0.8765432098765432,0.47537878787878785,0.5287356321839081,0.7060343791321072,0.8305084745762712,0.5815602836879432,0.6120331950207469,0.5238095238095238,1.0,0.04761904761904767,0.2125984251968504
