,all,all,all,all,no revasc,no revasc,no revasc,no revasc,with revasc,with revasc,with revasc,with revasc
,Test AUC,Sensitivity,Specificity,Accuracy,Test AUC,Sensitivity,Specificity,Accuracy,Test AUC,Sensitivity,Specificity,Accuracy
lasso,0.5714786756453424,0.32098765432098764,0.821969696969697,0.7553366174055829,0.5790559762792002,0.288135593220339,0.8699763593380615,0.7987551867219918,0.5188311688311689,0.4090909090909091,0.6285714285714286,0.5905511811023622
linreg,0.597608024691358,0.38271604938271603,0.8125,0.7553366174055829,0.6011339503946788,0.3559322033898305,0.8463356973995272,0.7863070539419087,0.5653679653679654,0.45454545454545453,0.6761904761904762,0.6377952755905512
SVR10,0.5331439393939393,0.3333333333333333,0.7329545454545454,0.6798029556650246,0.5495251833153024,0.3898305084745763,0.7092198581560284,0.6701244813278008,0.5051948051948052,0.18181818181818182,0.8285714285714285,0.7165354330708661
ridge,0.6229306958473625,0.5432098765432098,0.7026515151515151,0.6814449917898193,0.6265777136675081,0.5084745762711864,0.7446808510638299,0.7157676348547718,0.5848484848484848,0.6363636363636364,0.5333333333333333,0.5511811023622047
