,all,all,all,all,no revasc,no revasc,no revasc,no revasc,with revasc,with revasc,with revasc,with revasc
,Test AUC,Sensitivity,Specificity,Accuracy,Test AUC,Sensitivity,Specificity,Accuracy,Test AUC,Sensitivity,Specificity,Accuracy
lasso,0.6370004490345756,0.5411764705882353,0.732824427480916,0.7060755336617406,0.637826420890937,0.5161290322580645,0.7595238095238095,0.7282157676348547,0.6168478260869565,0.6086956521739131,0.625,0.6220472440944882
linreg,0.6320835204310732,0.4588235294117647,0.8053435114503817,0.7569786535303776,0.6457757296466973,0.46774193548387094,0.8238095238095238,0.7780082987551867,0.5827759197324415,0.43478260869565216,0.7307692307692308,0.6771653543307087
SVR10,0.5109788953749439,0.9647058823529412,0.057251908396946605,0.1839080459770115,0.5019969278033795,0.9516129032258065,0.05238095238095242,0.16804979253112035,0.5384615384615384,1.0,0.07692307692307687,0.2440944881889764
ridge,0.6320835204310732,0.4588235294117647,0.8053435114503817,0.7569786535303776,0.6457757296466973,0.46774193548387094,0.8238095238095238,0.7780082987551867,0.5827759197324415,0.43478260869565216,0.7307692307692308,0.6771653543307087
