,all,all,all,all,no revasc,no revasc,no revasc,no revasc,with revasc,with revasc,with revasc,with revasc
,Test AUC,Sensitivity,Specificity,Accuracy,Test AUC,Sensitivity,Specificity,Accuracy,Test AUC,Sensitivity,Specificity,Accuracy
lasso,0.6946175192418451,0.6197183098591549,0.7695167286245354,0.7520525451559934,0.6962499999999999,0.58,0.8125,0.7883817427385892,0.6543126684636118,0.7142857142857143,0.5943396226415094,0.6141732283464567
linreg,0.708597308759621,0.7183098591549296,0.6988847583643123,0.7011494252873564,0.7115277777777779,0.68,0.7430555555555556,0.7365145228215768,0.6641958670260557,0.8095238095238095,0.5188679245283019,0.5669291338582677
SVR10,0.5013220587465312,0.9859154929577465,0.016728624535315983,0.1297208538587849,0.495787037037037,0.0,1.0,0.8962655601659751,0.5188679245283019,1.0,0.037735849056603765,0.1968503937007874
ridge,0.7076679407298813,0.7183098591549296,0.6970260223048328,0.6995073891625616,0.7115277777777779,0.68,0.7430555555555556,0.7365145228215768,0.6594788858939802,0.8095238095238095,0.5094339622641509,0.5590551181102362
