,all,all,all,all,no revasc,no revasc,no revasc,no revasc,with revasc,with revasc,with revasc,with revasc
,Test AUC,Sensitivity,Specificity,Accuracy,Test AUC,Sensitivity,Specificity,Accuracy,Test AUC,Sensitivity,Specificity,Accuracy
lasso,0.6553060413354532,0.7058823529411765,0.6047297297297297,0.6075533661740559,0.6092453194364023,0.5454545454545454,0.6730360934182591,0.6701244813278008,0.6694214876033058,1.0,0.33884297520661155,0.3700787401574803
linreg,0.6831776629570748,0.7058823529411765,0.660472972972973,0.6617405582922824,0.6801775718973171,0.6363636363636364,0.7239915074309979,0.7219917012448133,0.6232782369146006,0.8333333333333334,0.4132231404958677,0.4330708661417323
SVR10,0.5786466613672496,0.29411764705882354,0.8631756756756757,0.8472906403940886,0.6128160586759314,0.36363636363636365,0.861995753715499,0.8506224066390041,0.5172176308539945,0.16666666666666666,0.8677685950413223,0.8346456692913385
ridge,0.7072237678855325,0.8823529411764706,0.5320945945945945,0.541871921182266,0.703146110789423,0.8181818181818182,0.5881104033970276,0.5933609958506224,0.6570247933884297,1.0,0.31404958677685946,0.3464566929133858
