,all,all,all,all,no revasc,no revasc,no revasc,no revasc,with revasc,with revasc,with revasc,with revasc
,Test AUC,Sensitivity,Specificity,Accuracy,Test AUC,Sensitivity,Specificity,Accuracy,Test AUC,Sensitivity,Specificity,Accuracy
lasso,0.712121212121212,0.6666666666666666,0.7575757575757576,0.7504105090311987,0.7094931722689076,0.6176470588235294,0.8013392857142857,0.7883817427385892,0.6848925410872313,0.7857142857142857,0.584070796460177,0.6062992125984252
linreg,0.7172459893048129,0.75,0.6844919786096257,0.6896551724137931,0.7178965336134454,0.7058823529411765,0.7299107142857143,0.7282157676348547,0.6807838179519596,0.8571428571428571,0.504424778761062,0.5433070866141733
SVR10,0.49760472370766484,0.0,1.0,0.9211822660098522,0.49087447478991597,0.0,1.0,0.9294605809128631,0.5176991150442478,1.0,0.03539823008849563,0.14173228346456693
ridge,0.716354723707665,0.75,0.6827094474153298,0.6880131362889984,0.7178965336134454,0.7058823529411765,0.7299107142857143,0.7282157676348547,0.6763590391908976,0.8571428571428571,0.49557522123893805,0.5354330708661418
