,all,all,all,all,no revasc,no revasc,no revasc,no revasc,with revasc,with revasc,with revasc,with revasc
,Test AUC,Sensitivity,Specificity,Accuracy,Test AUC,Sensitivity,Specificity,Accuracy,Test AUC,Sensitivity,Specificity,Accuracy
lasso,0.6871080139372823,0.4857142857142857,0.8885017421602788,0.8653530377668309,0.6293654266958425,0.32,0.9387308533916849,0.9066390041493776,0.7961538461538462,0.9,0.6923076923076923,0.7086614173228346
linreg,0.7036585365853658,0.4857142857142857,0.921602787456446,0.896551724137931,0.6704595185995623,0.4,0.9409190371991247,0.9128630705394191,0.7730769230769231,0.7,0.8461538461538461,0.8346456692913385
SVR10,0.7149825783972125,0.7714285714285715,0.6585365853658536,0.6650246305418719,0.749015317286652,0.8,0.6980306345733042,0.7033195020746889,0.6021367521367521,0.7,0.5042735042735043,0.5196850393700787
ridge,0.6759581881533101,0.42857142857142855,0.9233449477351916,0.8949096880131363,0.6315536105032823,0.32,0.9431072210065645,0.9107883817427386,0.7730769230769231,0.7,0.8461538461538461,0.8346456692913385
