,all,all,all,all,no revasc,no revasc,no revasc,no revasc,with revasc,with revasc,with revasc,with revasc
,Test AUC,Sensitivity,Specificity,Accuracy,Test AUC,Sensitivity,Specificity,Accuracy,Test AUC,Sensitivity,Specificity,Accuracy
lasso,0.736759581881533,0.7714285714285715,0.7020905923344948,0.7060755336617406,0.7349671772428885,0.68,0.7899343544857769,0.7842323651452282,0.6794871794871795,1.0,0.3589743589743589,0.4094488188976378
linreg,0.7628919860627177,0.9142857142857143,0.6114982578397212,0.6288998357963875,0.7736980306345733,0.88,0.6673960612691466,0.6784232365145229,0.6965811965811965,1.0,0.3931623931623932,0.4409448818897638
SVR10,0.7181184668989545,0.45714285714285713,0.9790940766550522,0.9490968801313628,0.7301531728665208,0.48,0.9803063457330415,0.9543568464730291,0.6871794871794871,0.4,0.9743589743589743,0.9291338582677166
ridge,0.7628919860627177,0.9142857142857143,0.6114982578397212,0.6288998357963875,0.7736980306345733,0.88,0.6673960612691466,0.6784232365145229,0.6965811965811965,1.0,0.3931623931623932,0.4409448818897638
