,all,all,all,all,no revasc,no revasc,no revasc,no revasc,with revasc,with revasc,with revasc,with revasc
,Test AUC,Sensitivity,Specificity,Accuracy,Test AUC,Sensitivity,Specificity,Accuracy,Test AUC,Sensitivity,Specificity,Accuracy
lasso,0.668926807364167,0.788235294117647,0.549618320610687,0.5829228243021346,0.6819508448540706,0.7258064516129032,0.638095238095238,0.6493775933609959,0.5744147157190636,0.9565217391304348,0.1923076923076923,0.33070866141732286
linreg,0.7013807813201616,0.7176470588235294,0.6851145038167938,0.6896551724137931,0.6963901689708141,0.6451612903225806,0.7476190476190476,0.7344398340248963,0.6728678929765886,0.9130434782608695,0.4326923076923077,0.5196850393700787
SVR10,0.5942523574315223,0.3411764705882353,0.8473282442748091,0.7766830870279147,0.5790322580645162,0.25806451612903225,0.9,0.8174273858921162,0.5999163879598661,0.5652173913043478,0.6346153846153846,0.6220472440944882
ridge,0.7013807813201616,0.7176470588235294,0.6851145038167938,0.6896551724137931,0.6963901689708141,0.6451612903225806,0.7476190476190476,0.7344398340248963,0.6728678929765886,0.9130434782608695,0.4326923076923077,0.5196850393700787
