,all,all,all,all,no revasc,no revasc,no revasc,no revasc,with revasc,with revasc,with revasc,with revasc
,Test AUC,Sensitivity,Specificity,Accuracy,Test AUC,Sensitivity,Specificity,Accuracy,Test AUC,Sensitivity,Specificity,Accuracy
lasso,0.5568287597274453,0.27102803738317754,0.8426294820717132,0.7422003284072249,0.556592039800995,0.25,0.8631840796019901,0.7614107883817427,0.5466666666666666,0.3333333333333333,0.76,0.6692913385826772
linreg,0.5843914063372677,0.5233644859813084,0.6454183266932271,0.6239737274220033,0.5833022388059703,0.4875,0.6791044776119404,0.6473029045643154,0.5698148148148149,0.6296296296296297,0.51,0.5354330708661418
SVR10,0.5272275384443534,0.6261682242990654,0.4282868525896414,0.4630541871921182,0.5238495024875621,0.5875,0.46019900497512434,0.48132780082987553,0.5203703703703704,0.7407407407407407,0.30000000000000004,0.3937007874015748
ridge,0.5843914063372677,0.5233644859813084,0.6454183266932271,0.6239737274220033,0.5833022388059703,0.4875,0.6791044776119404,0.6473029045643154,0.5698148148148149,0.6296296296296297,0.51,0.5354330708661418
