,all,all,all,all,no revasc,no revasc,no revasc,no revasc,with revasc,with revasc,with revasc,with revasc
,Test AUC,Sensitivity,Specificity,Accuracy,Test AUC,Sensitivity,Specificity,Accuracy,Test AUC,Sensitivity,Specificity,Accuracy
lasso,0.6207654851039321,0.5352112676056338,0.7063197026022305,0.6863711001642037,0.6346759259259259,0.48,0.7893518518518519,0.7572614107883817,0.5172955974842767,0.6666666666666666,0.3679245283018868,0.41732283464566927
linreg,0.6486857950678047,0.6338028169014085,0.6635687732342008,0.6600985221674877,0.6641666666666667,0.62,0.7083333333333333,0.6991701244813278,0.5738993710691823,0.6666666666666666,0.4811320754716981,0.5118110236220472
SVR10,0.5051049793182889,0.8169014084507042,0.19330855018587356,0.2660098522167488,0.5068055555555555,0.84,0.17361111111111116,0.24273858921161826,0.5177448337825696,0.7619047619047619,0.2735849056603774,0.3543307086614173
ridge,0.6505445311272842,0.6338028169014085,0.6672862453531598,0.6633825944170771,0.6664814814814816,0.62,0.712962962962963,0.7033195020746889,0.5738993710691823,0.6666666666666666,0.4811320754716981,0.5118110236220472
