,all,all,all,all,no revasc,no revasc,no revasc,no revasc,with revasc,with revasc,with revasc,with revasc
,Test AUC,Sensitivity,Specificity,Accuracy,Test AUC,Sensitivity,Specificity,Accuracy,Test AUC,Sensitivity,Specificity,Accuracy
lasso,0.6836007130124777,0.6666666666666666,0.7005347593582888,0.6978653530377669,0.680672268907563,0.6470588235294118,0.7142857142857143,0.7095435684647303,0.6801517067003793,0.7142857142857143,0.6460176991150443,0.6535433070866141
linreg,0.6889483065953654,0.6666666666666666,0.7112299465240641,0.7077175697865353,0.7043067226890757,0.6764705882352942,0.7321428571428572,0.7282157676348547,0.6355878634639696,0.6428571428571429,0.6283185840707964,0.6299212598425197
SVR10,0.6269496434937611,0.7708333333333334,0.4830659536541889,0.5057471264367817,0.6345850840336134,0.7647058823529411,0.5044642857142857,0.5228215767634855,0.5919721871049304,0.7857142857142857,0.3982300884955752,0.4409448818897638
ridge,0.6889483065953654,0.6666666666666666,0.7112299465240641,0.7077175697865353,0.7043067226890757,0.6764705882352942,0.7321428571428572,0.7282157676348547,0.6355878634639696,0.6428571428571429,0.6283185840707964,0.6299212598425197
