,all,all,all,all,no revasc,no revasc,no revasc,no revasc,with revasc,with revasc,with revasc,with revasc
,Test AUC,Sensitivity,Specificity,Accuracy,Test AUC,Sensitivity,Specificity,Accuracy,Test AUC,Sensitivity,Specificity,Accuracy
lasso,0.6144038954919107,0.5633802816901409,0.6654275092936803,0.6535303776683087,0.6242592592592593,0.48,0.7685185185185185,0.7385892116182573,0.5035938903863432,0.7619047619047619,0.24528301886792447,0.33070866141732286
linreg,0.6106864233729515,0.5633802816901409,0.6579925650557621,0.6469622331691297,0.6196296296296296,0.48,0.7592592592592593,0.7302904564315352,0.5035938903863432,0.7619047619047619,0.24528301886792447,0.33070866141732286
SVR10,0.6208702026284098,0.4647887323943662,0.7769516728624535,0.7405582922824302,0.5851851851851853,0.3,0.8703703703703703,0.8112033195020747,0.6266846361185984,0.8571428571428571,0.39622641509433965,0.47244094488188976
ridge,0.6106864233729515,0.5633802816901409,0.6579925650557621,0.6469622331691297,0.6196296296296296,0.48,0.7592592592592593,0.7302904564315352,0.5035938903863432,0.7619047619047619,0.24528301886792447,0.33070866141732286
