,all,all,all,all,no revasc,no revasc,no revasc,no revasc,with revasc,with revasc,with revasc,with revasc
,Test AUC,Sensitivity,Specificity,Accuracy,Test AUC,Sensitivity,Specificity,Accuracy,Test AUC,Sensitivity,Specificity,Accuracy
lasso,0.6565606731950702,0.5700934579439252,0.7430278884462151,0.7126436781609196,0.6455223880597016,0.5,0.791044776119403,0.7427385892116183,0.663888888888889,0.7777777777777778,0.55,0.5984251968503937
linreg,0.6691272294001562,0.5514018691588785,0.7868525896414342,0.7454844006568144,0.6566853233830846,0.4875,0.8258706467661692,0.7697095435684648,0.6853703703703704,0.7407407407407407,0.63,0.6535433070866141
SVR10,0.5748222065010984,0.4205607476635514,0.7290836653386454,0.6748768472906403,0.56318407960199,0.4,0.7263681592039801,0.6721991701244814,0.6107407407407408,0.48148148148148145,0.74,0.6850393700787402
ridge,0.6691272294001562,0.5514018691588785,0.7868525896414342,0.7454844006568144,0.6566853233830846,0.4875,0.8258706467661692,0.7697095435684648,0.6853703703703704,0.7407407407407407,0.63,0.6535433070866141
