,all,all,all,all,no revasc,no revasc,no revasc,no revasc,with revasc,with revasc,with revasc,with revasc
,Test AUC,Sensitivity,Specificity,Accuracy,Test AUC,Sensitivity,Specificity,Accuracy,Test AUC,Sensitivity,Specificity,Accuracy
lasso,0.7226369863013699,0.56,0.8852739726027398,0.8719211822660099,0.6442125237191652,0.35294117647058826,0.935483870967742,0.9149377593360996,0.8445378151260504,1.0,0.6890756302521008,0.7086614173228346
linreg,0.741472602739726,0.56,0.922945205479452,0.9080459770114943,0.675774826059456,0.4117647058823529,0.9397849462365592,0.921161825726141,0.8660714285714286,0.875,0.8571428571428572,0.8582677165354331
SVR10,0.7573287671232876,0.84,0.6746575342465753,0.6814449917898193,0.7414927261227071,0.7647058823529411,0.7182795698924731,0.7199170124481328,0.7521008403361344,1.0,0.5042016806722689,0.5354330708661418
ridge,0.741472602739726,0.56,0.922945205479452,0.9080459770114943,0.675774826059456,0.4117647058823529,0.9397849462365592,0.921161825726141,0.8660714285714286,0.875,0.8571428571428572,0.8582677165354331
