,all,all,all,all,no revasc,no revasc,no revasc,no revasc,with revasc,with revasc,with revasc,with revasc
,Test AUC,Sensitivity,Specificity,Accuracy,Test AUC,Sensitivity,Specificity,Accuracy,Test AUC,Sensitivity,Specificity,Accuracy
lasso,0.6959699146834306,0.7411764705882353,0.6507633587786259,0.6633825944170771,0.6889784946236558,0.6612903225806451,0.7166666666666667,0.7095435684647303,0.6705685618729097,0.9565217391304348,0.3846153846153846,0.4881889763779528
linreg,0.7001122586439156,0.6941176470588235,0.7061068702290076,0.7044334975369458,0.6978494623655913,0.6290322580645161,0.7666666666666666,0.7489626556016598,0.6655518394648829,0.8695652173913043,0.46153846153846156,0.5354330708661418
SVR10,0.5204872025145936,0.17647058823529413,0.8645038167938931,0.7684729064039408,0.5289170506912443,0.1935483870967742,0.8642857142857143,0.7780082987551867,0.49790969899665555,0.0,1.0,0.8188976377952756
ridge,0.7067691962281096,0.8352941176470589,0.5782442748091603,0.6141215106732348,0.7118279569892473,0.7903225806451613,0.6333333333333333,0.6535269709543569,0.6561454849498327,0.9565217391304348,0.3557692307692307,0.4645669291338583
