,all,all,all,all,no revasc,no revasc,no revasc,no revasc,with revasc,with revasc,with revasc,with revasc
,Test AUC,Sensitivity,Specificity,Accuracy,Test AUC,Sensitivity,Specificity,Accuracy,Test AUC,Sensitivity,Specificity,Accuracy
lasso,0.7251093004769475,0.8235294117647058,0.6266891891891893,0.632183908045977,0.7160779772244742,0.7272727272727273,0.7048832271762209,0.7053941908713693,0.6611570247933884,1.0,0.3223140495867769,0.3543307086614173
linreg,0.7244137519872813,0.7647058823529411,0.6841216216216216,0.6863711001642037,0.6982242810268288,0.6363636363636364,0.7600849256900213,0.7572614107883817,0.6942148760330579,1.0,0.38842975206611574,0.41732283464566927
SVR10,0.4873310810810811,0.0,1.0,0.9720853858784894,0.4872611464968153,0.0,1.0,0.9771784232365145,0.48760330578512395,0.0,1.0,0.952755905511811
ridge,0.7244137519872813,0.7647058823529411,0.6841216216216216,0.6863711001642037,0.6982242810268288,0.6363636363636364,0.7600849256900213,0.7572614107883817,0.6942148760330579,1.0,0.38842975206611574,0.41732283464566927
