,all,all,all,all,no revasc,no revasc,no revasc,no revasc,with revasc,with revasc,with revasc,with revasc
,Test AUC,Sensitivity,Specificity,Accuracy,Test AUC,Sensitivity,Specificity,Accuracy,Test AUC,Sensitivity,Specificity,Accuracy
lasso,0.6561604051085378,0.794392523364486,0.5179282868525896,0.5665024630541872,0.669745024875622,0.7375,0.6019900497512438,0.6244813278008299,0.5714814814814815,0.9629629629629629,0.18000000000000005,0.3464566929133858
linreg,0.7058867334400715,0.7663551401869159,0.6454183266932271,0.6666666666666666,0.7094838308457712,0.7125,0.7064676616915423,0.7074688796680498,0.662962962962963,0.9259259259259259,0.4,0.5118110236220472
SVR10,0.6008768663663105,0.35514018691588783,0.8466135458167331,0.7602627257799671,0.5977611940298507,0.3,0.8955223880597015,0.7966804979253111,0.5842592592592593,0.5185185185185185,0.65,0.6220472440944882
ridge,0.7048907175038165,0.7663551401869159,0.6434262948207171,0.6650246305418719,0.7094838308457712,0.7125,0.7064676616915423,0.7074688796680498,0.657962962962963,0.9259259259259259,0.39,0.5039370078740157
