,all,all,all,all,no revasc,no revasc,no revasc,no revasc,with revasc,with revasc,with revasc,with revasc
,Test AUC,Sensitivity,Specificity,Accuracy,Test AUC,Sensitivity,Specificity,Accuracy,Test AUC,Sensitivity,Specificity,Accuracy
lasso,0.5431174407037018,0.2535211267605634,0.8327137546468402,0.7651888341543513,0.5582407407407407,0.26,0.8564814814814815,0.7946058091286307,0.4869721473495059,0.0,1.0,0.8346456692913385
linreg,0.5854494999738206,0.5352112676056338,0.6356877323420074,0.6239737274220033,0.5956481481481481,0.52,0.6712962962962963,0.6556016597510373,0.5309973045822103,0.5714285714285714,0.49056603773584906,0.5039370078740157
SVR10,0.5376983088119797,0.647887323943662,0.42750929368029744,0.45320197044334976,0.5291666666666667,0.6,0.45833333333333337,0.4730290456431535,0.531895777178796,0.7619047619047619,0.30188679245283023,0.3779527559055118
ridge,0.5854494999738206,0.5352112676056338,0.6356877323420074,0.6239737274220033,0.5956481481481481,0.52,0.6712962962962963,0.6556016597510373,0.5309973045822103,0.5714285714285714,0.49056603773584906,0.5039370078740157
