,all,all,all,all,no revasc,no revasc,no revasc,no revasc,with revasc,with revasc,with revasc,with revasc
,Test AUC,Sensitivity,Specificity,Accuracy,Test AUC,Sensitivity,Specificity,Accuracy,Test AUC,Sensitivity,Specificity,Accuracy
lasso,0.666775747421331,0.7183098591549296,0.6152416356877324,0.6272577996715928,0.6818518518518519,0.66,0.7037037037037037,0.6991701244813278,0.5559299191374664,0.8571428571428571,0.2547169811320755,0.3543307086614173
linreg,0.6627703021100582,0.6619718309859155,0.6635687732342008,0.6633825944170771,0.6857407407407408,0.64,0.7314814814814814,0.7219917012448133,0.5505390835579516,0.7142857142857143,0.3867924528301887,0.4409448818897638
SVR10,0.5463113252002723,0.6056338028169014,0.48698884758364314,0.5008210180623974,0.5272685185185186,0.58,0.4745370370370371,0.4854771784232365,0.6022012578616351,0.6666666666666666,0.5377358490566038,0.5590551181102362
ridge,0.6627703021100582,0.6619718309859155,0.6635687732342008,0.6633825944170771,0.6857407407407408,0.64,0.7314814814814814,0.7219917012448133,0.5505390835579516,0.7142857142857143,0.3867924528301887,0.4409448818897638
