,all,all,all,all,no revasc,no revasc,no revasc,no revasc,with revasc,with revasc,with revasc,with revasc
,Test AUC,Sensitivity,Specificity,Accuracy,Test AUC,Sensitivity,Specificity,Accuracy,Test AUC,Sensitivity,Specificity,Accuracy
lasso,0.593623709025595,0.29411764705882354,0.8931297709923665,0.8095238095238095,0.564900153609831,0.1774193548387097,0.9523809523809523,0.8526970954356846,0.6312709030100335,0.6086956521739131,0.6538461538461539,0.6456692913385826
linreg,0.5638976201167489,0.21176470588235294,0.916030534351145,0.8177339901477833,0.5625192012288787,0.1774193548387097,0.9476190476190476,0.8485477178423236,0.5464046822742475,0.30434782608695654,0.7884615384615384,0.7007874015748031
SVR10,0.5117647058823529,0.023529411764705882,1.0,0.8637110016420362,0.5080645161290323,0.016129032258064516,1.0,0.8734439834024896,0.5217391304347826,0.043478260869565216,1.0,0.8267716535433071
ridge,0.5648518185900314,0.21176470588235294,0.91793893129771,0.819376026272578,0.5637096774193548,0.1774193548387097,0.95,0.8506224066390041,0.5464046822742475,0.30434782608695654,0.7884615384615384,0.7007874015748031
