,all,all,all,all,no revasc,no revasc,no revasc,no revasc,with revasc,with revasc,with revasc,with revasc
,Test AUC,Sensitivity,Specificity,Accuracy,Test AUC,Sensitivity,Specificity,Accuracy,Test AUC,Sensitivity,Specificity,Accuracy
lasso,0.7742160278745643,0.9142857142857143,0.6341463414634146,0.6502463054187192,0.7966739606126914,0.88,0.7133479212253829,0.7219917012448133,0.6623931623931624,1.0,0.32478632478632474,0.3779527559055118
linreg,0.7881533101045296,0.9142857142857143,0.662020905923345,0.6765188834154351,0.8043326039387309,0.88,0.7286652078774617,0.7365145228215768,0.7008547008547008,1.0,0.4017094017094017,0.44881889763779526
SVR10,0.5724738675958189,0.22857142857142856,0.9163763066202091,0.8768472906403941,0.5784245076586434,0.24,0.9168490153172867,0.8817427385892116,0.5572649572649572,0.2,0.9145299145299145,0.8582677165354331
ridge,0.7872822299651567,0.9142857142857143,0.6602787456445993,0.6748768472906403,0.8032385120350108,0.88,0.7264770240700219,0.7344398340248963,0.7008547008547008,1.0,0.4017094017094017,0.44881889763779526
