,all,all,all,all,no revasc,no revasc,no revasc,no revasc,with revasc,with revasc,with revasc,with revasc
,Test AUC,Sensitivity,Specificity,Accuracy,Test AUC,Sensitivity,Specificity,Accuracy,Test AUC,Sensitivity,Specificity,Accuracy
lasso,0.6793260473588342,0.7666666666666667,0.5919854280510017,0.6091954022988506,0.6912504839334107,0.7317073170731707,0.6507936507936508,0.6576763485477178,0.5969785575048733,0.8421052631578947,0.35185185185185186,0.4251968503937008
linreg,0.6834699453551913,0.7166666666666667,0.6502732240437159,0.6568144499178982,0.6986062717770035,0.6829268292682927,0.7142857142857143,0.7116182572614108,0.5891812865497076,0.7894736842105263,0.38888888888888884,0.44881889763779526
SVR10,0.5102914389799637,0.03333333333333333,0.9872495446265938,0.8932676518883416,0.5065261877108568,0.024390243902439025,0.9886621315192744,0.9066390041493776,0.517056530214425,0.05263157894736842,0.9814814814814815,0.84251968503937
ridge,0.6834699453551913,0.7166666666666667,0.6502732240437159,0.6568144499178982,0.6986062717770035,0.6829268292682927,0.7142857142857143,0.7116182572614108,0.5891812865497076,0.7894736842105263,0.38888888888888884,0.44881889763779526
