,all,all,all,all,no revasc,no revasc,no revasc,no revasc,with revasc,with revasc,with revasc,with revasc
,Test AUC,Sensitivity,Specificity,Accuracy,Test AUC,Sensitivity,Specificity,Accuracy,Test AUC,Sensitivity,Specificity,Accuracy
lasso,0.7125634849992146,0.676056338028169,0.7490706319702602,0.7405582922824302,0.7039351851851853,0.6,0.8078703703703703,0.7863070539419087,0.6832884097035041,0.8571428571428571,0.5094339622641509,0.5669291338582677
linreg,0.7528142834703387,0.7323943661971831,0.7732342007434945,0.7684729064039408,0.7797222222222222,0.74,0.8194444444444444,0.8112033195020747,0.6495956873315364,0.7142857142857143,0.5849056603773585,0.6062992125984252
SVR10,0.6684119587412953,0.49295774647887325,0.8438661710037174,0.8029556650246306,0.6836111111111111,0.52,0.8472222222222222,0.8132780082987552,0.6293800539083558,0.42857142857142855,0.8301886792452831,0.7637795275590551
ridge,0.748023456725483,0.704225352112676,0.79182156133829,0.7816091954022989,0.7766666666666666,0.72,0.8333333333333334,0.8215767634854771,0.6446540880503143,0.6666666666666666,0.6226415094339622,0.6299212598425197
