,all,all,all,all,no revasc,no revasc,no revasc,no revasc,with revasc,with revasc,with revasc,with revasc
,Test AUC,Sensitivity,Specificity,Accuracy,Test AUC,Sensitivity,Specificity,Accuracy,Test AUC,Sensitivity,Specificity,Accuracy
lasso,0.7079109589041096,0.76,0.6558219178082192,0.6600985221674877,0.7228336495888678,0.7058823529411765,0.7397849462365591,0.7385892116182573,0.6013655462184874,0.875,0.32773109243697474,0.36220472440944884
linreg,0.7324999999999999,0.84,0.625,0.6338259441707718,0.723213156230234,0.7647058823529411,0.6817204301075268,0.6846473029045643,0.7016806722689075,1.0,0.40336134453781514,0.4409448818897638
SVR10,0.4949315068493151,0.0,1.0,0.9589490968801314,0.47817836812144215,0.0,1.0,0.9647302904564315,0.5582983193277311,0.125,0.9915966386554622,0.937007874015748
ridge,0.7307876712328767,0.84,0.6215753424657534,0.6305418719211823,0.7221378874130298,0.7647058823529411,0.6795698924731183,0.6825726141078838,0.6974789915966386,1.0,0.39495798319327735,0.4330708661417323
