,all,all,all,all,no revasc,no revasc,no revasc,no revasc,with revasc,with revasc,with revasc,with revasc
,Test AUC,Sensitivity,Specificity,Accuracy,Test AUC,Sensitivity,Specificity,Accuracy,Test AUC,Sensitivity,Specificity,Accuracy
lasso,0.6442465753424658,0.72,0.5684931506849316,0.5747126436781609,0.6070208728652752,0.5882352941176471,0.6258064516129032,0.6244813278008299,0.6722689075630253,1.0,0.3445378151260504,0.3858267716535433
linreg,0.6533561643835617,0.68,0.6267123287671232,0.6288998357963875,0.6087919038583175,0.5294117647058824,0.6881720430107527,0.6825726141078838,0.6932773109243697,1.0,0.38655462184873945,0.4251968503937008
SVR10,0.5131506849315068,0.04,0.9863013698630136,0.9474548440065681,0.5240354206198609,0.058823529411764705,0.989247311827957,0.9564315352697096,0.48739495798319327,0.0,1.0,0.937007874015748
ridge,0.6533561643835617,0.68,0.6267123287671232,0.6288998357963875,0.6087919038583175,0.5294117647058824,0.6881720430107527,0.6825726141078838,0.6932773109243697,1.0,0.38655462184873945,0.4251968503937008
