,all,all,all,all,no revasc,no revasc,no revasc,no revasc,with revasc,with revasc,with revasc,with revasc
,Test AUC,Sensitivity,Specificity,Accuracy,Test AUC,Sensitivity,Specificity,Accuracy,Test AUC,Sensitivity,Specificity,Accuracy
lasso,0.6436798383475527,0.5411764705882353,0.7461832061068703,0.7175697865353038,0.63678955453149,0.43548387096774194,0.8380952380952381,0.7863070539419087,0.6005434782608696,0.8260869565217391,0.375,0.4566929133858268
linreg,0.6354288280197575,0.4235294117647059,0.8473282442748091,0.7881773399014779,0.6432795698924731,0.4032258064516129,0.8833333333333333,0.8215767634854771,0.5900919732441471,0.4782608695652174,0.7019230769230769,0.6614173228346457
SVR10,0.5710484957341715,0.24705882352941178,0.8950381679389313,0.8045977011494253,0.5793010752688172,0.24193548387096775,0.9166666666666666,0.8298755186721992,0.5342809364548495,0.2608695652173913,0.8076923076923077,0.7086614173228346
ridge,0.6335204310731927,0.4235294117647059,0.8435114503816794,0.7848932676518884,0.6420890937019968,0.4032258064516129,0.8809523809523809,0.8195020746887967,0.5852842809364549,0.4782608695652174,0.6923076923076923,0.6535433070866141
