,all,all,all,all,no revasc,no revasc,no revasc,no revasc,with revasc,with revasc,with revasc,with revasc
,Test AUC,Sensitivity,Specificity,Accuracy,Test AUC,Sensitivity,Specificity,Accuracy,Test AUC,Sensitivity,Specificity,Accuracy
lasso,0.7342507949125596,0.8823529411764706,0.5861486486486487,0.5944170771756979,0.7403011001737118,0.8181818181818182,0.6624203821656052,0.6659751037344398,0.6446280991735538,1.0,0.2892561983471075,0.3228346456692913
linreg,0.7791633545310017,0.8235294117647058,0.7347972972972974,0.7372742200328407,0.797625940938043,0.8181818181818182,0.7770700636942676,0.7780082987551867,0.7017906336088154,0.8333333333333334,0.5702479338842975,0.5826771653543307
SVR10,0.6778616852146264,0.47058823529411764,0.8851351351351351,0.8735632183908046,0.685871453387377,0.45454545454545453,0.9171974522292994,0.9066390041493776,0.6301652892561983,0.5,0.7603305785123967,0.7480314960629921
ridge,0.7791633545310017,0.8235294117647058,0.7347972972972974,0.7372742200328407,0.797625940938043,0.8181818181818182,0.7770700636942676,0.7780082987551867,0.7017906336088154,0.8333333333333334,0.5702479338842975,0.5826771653543307
