,all,all,all,all,no revasc,no revasc,no revasc,no revasc,with revasc,with revasc,with revasc,with revasc
,Test AUC,Sensitivity,Specificity,Accuracy,Test AUC,Sensitivity,Specificity,Accuracy,Test AUC,Sensitivity,Specificity,Accuracy
lasso,0.6991289198606272,0.6857142857142857,0.7125435540069687,0.7110016420361248,0.6960612691466084,0.6,0.7921225382932167,0.7821576763485477,0.6508547008547008,0.9,0.4017094017094017,0.4409448818897638
linreg,0.6951219512195123,0.7142857142857143,0.6759581881533101,0.6781609195402298,0.7119912472647703,0.68,0.7439824945295405,0.7406639004149378,0.6051282051282052,0.8,0.41025641025641024,0.4409448818897638
SVR10,0.6137630662020905,0.4,0.8275261324041812,0.8029556650246306,0.604507658643326,0.36,0.8490153172866521,0.8236514522821576,0.6217948717948718,0.5,0.7435897435897436,0.7244094488188977
ridge,0.6951219512195123,0.7142857142857143,0.6759581881533101,0.6781609195402298,0.7119912472647703,0.68,0.7439824945295405,0.7406639004149378,0.6051282051282052,0.8,0.41025641025641024,0.4409448818897638
