,all,all,all,all,no revasc,no revasc,no revasc,no revasc,with revasc,with revasc,with revasc,with revasc
,Test AUC,Sensitivity,Specificity,Accuracy,Test AUC,Sensitivity,Specificity,Accuracy,Test AUC,Sensitivity,Specificity,Accuracy
lasso,0.6493031358885016,0.45714285714285713,0.8414634146341463,0.819376026272578,0.6652954048140043,0.44,0.8905908096280087,0.8672199170124482,0.5747863247863249,0.5,0.6495726495726496,0.6377952755905512
linreg,0.6517421602787457,0.5142857142857142,0.7891986062717771,0.7733990147783252,0.6270021881838074,0.44,0.8140043763676149,0.7946058091286307,0.6961538461538461,0.7,0.6923076923076923,0.6929133858267716
SVR10,0.6517421602787457,0.37142857142857144,0.9320557491289199,0.8998357963875205,0.6737417943107221,0.4,0.9474835886214442,0.9190871369294605,0.5858974358974359,0.3,0.8717948717948718,0.8267716535433071
ridge,0.6777003484320557,0.5714285714285714,0.7839721254355401,0.7717569786535303,0.6659080962800874,0.52,0.811816192560175,0.7966804979253111,0.6876068376068377,0.7,0.6752136752136753,0.6771653543307087
