,all,all,all,all,no revasc,no revasc,no revasc,no revasc,with revasc,with revasc,with revasc,with revasc
,Test AUC,Sensitivity,Specificity,Accuracy,Test AUC,Sensitivity,Specificity,Accuracy,Test AUC,Sensitivity,Specificity,Accuracy
lasso,0.6601916330697942,0.5211267605633803,0.7992565055762082,0.7668308702791461,0.673611111111111,0.5,0.8472222222222222,0.8112033195020747,0.5876010781671159,0.5714285714285714,0.6037735849056604,0.5984251968503937
linreg,0.6772867689407821,0.7746478873239436,0.5799256505576208,0.6026272577996716,0.6948148148148148,0.76,0.6296296296296297,0.6431535269709544,0.5934411500449237,0.8095238095238095,0.37735849056603776,0.44881889763779526
SVR10,0.6075710770197392,0.4084507042253521,0.8066914498141264,0.7602627257799671,0.6250925925925925,0.44,0.8101851851851851,0.7717842323651453,0.5628930817610063,0.3333333333333333,0.7924528301886793,0.7165354330708661
ridge,0.6772867689407821,0.7746478873239436,0.5799256505576208,0.6026272577996716,0.6948148148148148,0.76,0.6296296296296297,0.6431535269709544,0.5934411500449237,0.8095238095238095,0.37735849056603776,0.44881889763779526
