,all,all,all,all,no revasc,no revasc,no revasc,no revasc,with revasc,with revasc,with revasc,with revasc
,Test AUC,Sensitivity,Specificity,Accuracy,Test AUC,Sensitivity,Specificity,Accuracy,Test AUC,Sensitivity,Specificity,Accuracy
lasso,0.7144614901303732,0.7746478873239436,0.654275092936803,0.6683087027914614,0.7257407407407407,0.72,0.7314814814814814,0.7302904564315352,0.6221922731356694,0.9047619047619048,0.339622641509434,0.4330708661417323
linreg,0.7520681711084349,0.8591549295774648,0.6449814126394052,0.6699507389162561,0.7818518518518518,0.86,0.7037037037037037,0.7199170124481328,0.6314016172506739,0.8571428571428571,0.4056603773584906,0.48031496062992124
SVR10,0.6757029163830568,0.4647887323943662,0.8866171003717472,0.8374384236453202,0.6848611111111111,0.46,0.9097222222222222,0.8630705394190872,0.6343216531895778,0.47619047619047616,0.7924528301886793,0.7401574803149606
ridge,0.7529975391381748,0.8591549295774648,0.6468401486988847,0.6715927750410509,0.7830092592592592,0.86,0.7060185185185186,0.7219917012448133,0.6314016172506739,0.8571428571428571,0.4056603773584906,0.48031496062992124
