,all,all,all,all,no revasc,no revasc,no revasc,no revasc,with revasc,with revasc,with revasc,with revasc
,Test AUC,Sensitivity,Specificity,Accuracy,Test AUC,Sensitivity,Specificity,Accuracy,Test AUC,Sensitivity,Specificity,Accuracy
lasso,0.7152550091074681,0.8166666666666667,0.6138433515482695,0.6338259441707718,0.7105248603506443,0.7317073170731707,0.6893424036281179,0.6929460580912863,0.6527777777777778,1.0,0.3055555555555556,0.4094488188976378
linreg,0.7553278688524591,0.8166666666666667,0.6939890710382514,0.7060755336617406,0.7578673745921133,0.7560975609756098,0.7596371882086168,0.7593360995850622,0.6866471734892787,0.9473684210526315,0.42592592592592593,0.5039370078740157
SVR10,0.5533697632058288,0.7333333333333333,0.37340619307832423,0.4088669950738916,0.5225927769481776,0.7073170731707317,0.3378684807256236,0.36929460580912865,0.6539961013645225,0.7894736842105263,0.5185185185185186,0.5590551181102362
ridge,0.7638433515482697,0.9666666666666667,0.5610200364298725,0.6009852216748769,0.7896687130136607,0.9512195121951219,0.6281179138321995,0.6556016597510373,0.6435185185185186,1.0,0.2870370370370371,0.3937007874015748
