,all,all,all,all,no revasc,no revasc,no revasc,no revasc,with revasc,with revasc,with revasc,with revasc
,Test AUC,Sensitivity,Specificity,Accuracy,Test AUC,Sensitivity,Specificity,Accuracy,Test AUC,Sensitivity,Specificity,Accuracy
lasso,0.6611497933499646,0.6728971962616822,0.649402390438247,0.6535303776683087,0.6494402985074627,0.575,0.7238805970149254,0.6991701244813278,0.6564814814814814,0.9629629629629629,0.35,0.48031496062992124
linreg,0.6560952451874744,0.6448598130841121,0.6673306772908367,0.6633825944170771,0.6531716417910447,0.575,0.7313432835820896,0.7053941908713693,0.6309259259259259,0.8518518518518519,0.41000000000000003,0.5039370078740157
SVR10,0.5452302937781583,0.6542056074766355,0.4362549800796812,0.4745484400656814,0.5588619402985074,0.6625,0.4552238805970149,0.4896265560165975,0.4948148148148148,0.0,1.0,0.7874015748031497
ridge,0.6662043415124548,0.7009345794392523,0.6314741035856574,0.6436781609195402,0.6582711442786071,0.625,0.691542288557214,0.6804979253112033,0.657962962962963,0.9259259259259259,0.39,0.5039370078740157
