,all,all,all,all,no revasc,no revasc,no revasc,no revasc,with revasc,with revasc,with revasc,with revasc
,Test AUC,Sensitivity,Specificity,Accuracy,Test AUC,Sensitivity,Specificity,Accuracy,Test AUC,Sensitivity,Specificity,Accuracy
lasso,0.6852191214199697,0.6901408450704225,0.6802973977695168,0.6814449917898193,0.6826851851851852,0.62,0.7453703703703703,0.7323651452282157,0.6361185983827493,0.8571428571428571,0.41509433962264153,0.4881889763779528
linreg,0.7054165139536102,0.7323943661971831,0.6784386617100372,0.6847290640394089,0.7203703703703703,0.7,0.7407407407407407,0.7365145228215768,0.617026055705301,0.8095238095238095,0.42452830188679247,0.4881889763779528
SVR10,0.5134431122048274,0.08450704225352113,0.9423791821561338,0.8423645320197044,0.5103240740740741,0.06,0.9606481481481481,0.8672199170124482,0.5053908355795148,0.14285714285714285,0.8679245283018868,0.7480314960629921
ridge,0.7054165139536102,0.7323943661971831,0.6784386617100372,0.6847290640394089,0.7203703703703703,0.7,0.7407407407407407,0.7365145228215768,0.617026055705301,0.8095238095238095,0.42452830188679247,0.4881889763779528
