,all,all,all,all,no revasc,no revasc,no revasc,no revasc,with revasc,with revasc,with revasc,with revasc
,Test AUC,Sensitivity,Specificity,Accuracy,Test AUC,Sensitivity,Specificity,Accuracy,Test AUC,Sensitivity,Specificity,Accuracy
lasso,0.5983356294448375,0.5233644859813084,0.6733067729083666,0.6469622331691297,0.6080534825870647,0.4375,0.7786069651741294,0.7219917012448133,0.5138888888888888,0.7777777777777778,0.25,0.36220472440944884
linreg,0.6000204788323342,0.5327102803738317,0.6673306772908367,0.6436781609195402,0.6105721393034825,0.45,0.7711442786069651,0.7178423236514523,0.5138888888888888,0.7777777777777778,0.25,0.36220472440944884
SVR10,0.5913728264512045,0.40186915887850466,0.7808764940239044,0.7142857142857143,0.5690609452736318,0.2625,0.8756218905472637,0.7738589211618258,0.6074074074074074,0.8148148148148148,0.4,0.4881889763779528
ridge,0.6000204788323342,0.5327102803738317,0.6673306772908367,0.6436781609195402,0.6105721393034825,0.45,0.7711442786069651,0.7178423236514523,0.5138888888888888,0.7777777777777778,0.25,0.36220472440944884
