,all,all,all,all,no revasc,no revasc,no revasc,no revasc,with revasc,with revasc,with revasc,with revasc
,Test AUC,Sensitivity,Specificity,Accuracy,Test AUC,Sensitivity,Specificity,Accuracy,Test AUC,Sensitivity,Specificity,Accuracy
lasso,0.6871584699453552,0.8333333333333334,0.540983606557377,0.5697865353037767,0.6952325645705437,0.7804878048780488,0.6099773242630385,0.6244813278008299,0.6033138401559455,0.9473684210526315,0.2592592592592593,0.36220472440944884
linreg,0.7084699453551913,0.7666666666666667,0.6502732240437159,0.6617405582922824,0.7207289419832975,0.7317073170731707,0.7097505668934241,0.7116182572614108,0.6247563352826511,0.8421052631578947,0.40740740740740744,0.47244094488188976
SVR10,0.6247267759562842,0.55,0.6994535519125683,0.6847290640394089,0.640755489187545,0.5853658536585366,0.6961451247165533,0.6867219917012448,0.5933235867446394,0.47368421052631576,0.712962962962963,0.6771653543307087
ridge,0.7013205828779598,0.7833333333333333,0.6193078324225865,0.6354679802955665,0.7048559261102814,0.7317073170731707,0.6780045351473922,0.6825726141078838,0.6371832358674465,0.8947368421052632,0.37962962962962965,0.4566929133858268
