,all,all,all,all,no revasc,no revasc,no revasc,no revasc,with revasc,with revasc,with revasc,with revasc
,Test AUC,Sensitivity,Specificity,Accuracy,Test AUC,Sensitivity,Specificity,Accuracy,Test AUC,Sensitivity,Specificity,Accuracy
lasso,0.7297909407665505,0.7714285714285715,0.6881533101045296,0.6929392446633826,0.7462144420131291,0.72,0.7724288840262582,0.7697095435684648,0.6294871794871795,0.9,0.3589743589743589,0.4015748031496063
linreg,0.7066202090592334,0.6571428571428571,0.7560975609756098,0.7504105090311987,0.7091903719912473,0.6,0.8183807439824945,0.8070539419087137,0.6564102564102564,0.8,0.5128205128205128,0.5354330708661418
SVR10,0.5613240418118467,0.3142857142857143,0.8083623693379791,0.7799671592775042,0.5905908096280087,0.4,0.7811816192560175,0.7614107883817427,0.5072649572649572,0.1,0.9145299145299145,0.8503937007874016
ridge,0.7066202090592334,0.6571428571428571,0.7560975609756098,0.7504105090311987,0.7091903719912473,0.6,0.8183807439824945,0.8070539419087137,0.6564102564102564,0.8,0.5128205128205128,0.5354330708661418
