,all,all,all,all,no revasc,no revasc,no revasc,no revasc,with revasc,with revasc,with revasc,with revasc
,Test AUC,Sensitivity,Specificity,Accuracy,Test AUC,Sensitivity,Specificity,Accuracy,Test AUC,Sensitivity,Specificity,Accuracy
lasso,0.6702106518282989,0.8235294117647058,0.5168918918918919,0.5254515599343186,0.6566299942096121,0.7272727272727273,0.5859872611464968,0.5892116182572614,0.6239669421487604,1.0,0.2479338842975206,0.28346456692913385
linreg,0.6426371224165343,0.7058823529411765,0.5793918918918919,0.5829228243021346,0.5965064659332175,0.5454545454545454,0.6475583864118897,0.6452282157676349,0.6570247933884297,1.0,0.31404958677685946,0.3464566929133858
SVR10,0.5199721780604133,0.11764705882352941,0.9222972972972973,0.8998357963875205,0.5167921250723798,0.09090909090909091,0.9426751592356688,0.9232365145228216,0.5048209366391185,0.16666666666666666,0.8429752066115702,0.8110236220472441
ridge,0.6417925278219396,0.7058823529411765,0.5777027027027026,0.5812807881773399,0.5954448948079522,0.5454545454545454,0.6454352441613589,0.6431535269709544,0.6570247933884297,1.0,0.31404958677685946,0.3464566929133858
