,all,all,all,all,no revasc,no revasc,no revasc,no revasc,with revasc,with revasc,with revasc,with revasc
,Test AUC,Sensitivity,Specificity,Accuracy,Test AUC,Sensitivity,Specificity,Accuracy,Test AUC,Sensitivity,Specificity,Accuracy
lasso,0.647671568627451,0.6875,0.607843137254902,0.6141215106732348,0.6449579831932772,0.6470588235294118,0.6428571428571428,0.6431535269709544,0.627370417193426,0.7857142857142857,0.4690265486725663,0.5039370078740157
linreg,0.669674688057041,0.7083333333333334,0.6310160427807487,0.6371100164203612,0.6697085084033614,0.6764705882352942,0.6629464285714286,0.6639004149377593,0.6450695322376738,0.7857142857142857,0.504424778761062,0.5354330708661418
SVR10,0.5543114973262031,0.6041666666666666,0.5044563279857397,0.5123152709359606,0.5405724789915967,0.5588235294117647,0.5223214285714286,0.524896265560166,0.5739570164348926,0.7142857142857143,0.4336283185840708,0.4645669291338583
ridge,0.669674688057041,0.7083333333333334,0.6310160427807487,0.6371100164203612,0.6697085084033614,0.6764705882352942,0.6629464285714286,0.6639004149377593,0.6450695322376738,0.7857142857142857,0.504424778761062,0.5354330708661418
