,all,all,all,all,no revasc,no revasc,no revasc,no revasc,with revasc,with revasc,with revasc,with revasc
,Test AUC,Sensitivity,Specificity,Accuracy,Test AUC,Sensitivity,Specificity,Accuracy,Test AUC,Sensitivity,Specificity,Accuracy
lasso,0.5935788055680288,0.5764705882352941,0.6106870229007634,0.6059113300492611,0.5887480798771121,0.532258064516129,0.6452380952380952,0.6307053941908713,0.5834030100334449,0.6956521739130435,0.47115384615384615,0.5118110236220472
linreg,0.5981926358329591,0.5647058823529412,0.6316793893129771,0.6223316912972086,0.5982718894009217,0.532258064516129,0.6642857142857144,0.6473029045643154,0.5760869565217391,0.6521739130434783,0.5,0.5275590551181102
SVR10,0.528378985181859,0.5529411764705883,0.5038167938931297,0.5106732348111659,0.5095238095238095,0.5,0.519047619047619,0.516597510373444,0.5689799331103679,0.6956521739130435,0.4423076923076923,0.4881889763779528
ridge,0.5981926358329591,0.5647058823529412,0.6316793893129771,0.6223316912972086,0.5982718894009217,0.532258064516129,0.6642857142857144,0.6473029045643154,0.5760869565217391,0.6521739130434783,0.5,0.5275590551181102
