,all,all,all,all,no revasc,no revasc,no revasc,no revasc,with revasc,with revasc,with revasc,with revasc
,Test AUC,Sensitivity,Specificity,Accuracy,Test AUC,Sensitivity,Specificity,Accuracy,Test AUC,Sensitivity,Specificity,Accuracy
lasso,0.6022452247086421,0.4953271028037383,0.7091633466135459,0.6715927750410509,0.6104788557213932,0.4125,0.8084577114427861,0.7427385892116183,0.5253703703703704,0.7407407407407407,0.31000000000000005,0.4015748031496063
linreg,0.6470473247198123,0.7383177570093458,0.5557768924302788,0.5878489326765188,0.6484452736318407,0.675,0.6218905472636815,0.6307053941908713,0.607962962962963,0.9259259259259259,0.29000000000000004,0.4251968503937008
SVR10,0.538760844472577,0.09345794392523364,0.9840637450199203,0.8275862068965517,0.5425373134328358,0.1,0.9850746268656716,0.8381742738589212,0.527037037037037,0.07407407407407407,0.98,0.7874015748031497
ridge,0.6361004579811593,0.616822429906542,0.6553784860557769,0.6486042692939245,0.6344216417910449,0.5375,0.7313432835820896,0.6991701244813278,0.6009259259259259,0.8518518518518519,0.35,0.4566929133858268
