,all,all,all,all,no revasc,no revasc,no revasc,no revasc,with revasc,with revasc,with revasc,with revasc
,Test AUC,Sensitivity,Specificity,Accuracy,Test AUC,Sensitivity,Specificity,Accuracy,Test AUC,Sensitivity,Specificity,Accuracy
lasso,0.7428457869634341,0.8235294117647058,0.6621621621621622,0.6666666666666666,0.7489866821077013,0.7272727272727273,0.7707006369426752,0.7697095435684648,0.6198347107438016,1.0,0.23966942148760328,0.2755905511811024
linreg,0.7553656597774245,0.8823529411764706,0.6283783783783784,0.6354679802955665,0.8016792125072381,0.9090909090909091,0.694267515923567,0.6991701244813278,0.6026170798898072,0.8333333333333334,0.371900826446281,0.3937007874015748
SVR10,0.6888414149443562,0.47058823529411764,0.9070945945945946,0.8949096880131363,0.6795020266357846,0.45454545454545453,0.9044585987261147,0.8941908713692946,0.7086776859504134,0.5,0.9173553719008265,0.8976377952755905
ridge,0.7545210651828299,0.8823529411764706,0.6266891891891893,0.6338259441707718,0.8016792125072381,0.9090909090909091,0.694267515923567,0.6991701244813278,0.5984848484848485,0.8333333333333334,0.36363636363636365,0.3858267716535433
