,all,all,all,all,no revasc,no revasc,no revasc,no revasc,with revasc,with revasc,with revasc,with revasc
,Test AUC,Sensitivity,Specificity,Accuracy,Test AUC,Sensitivity,Specificity,Accuracy,Test AUC,Sensitivity,Specificity,Accuracy
lasso,0.6946175192418451,0.6197183098591549,0.7695167286245354,0.7520525451559934,0.6962499999999999,0.58,0.8125,0.7883817427385892,0.6543126684636118,0.7142857142857143,0.5943396226415094,0.6141732283464567
linreg,0.6996963191790146,0.704225352112676,0.6951672862453532,0.6962233169129721,0.7015277777777779,0.66,0.7430555555555556,0.7344398340248963,0.6547619047619048,0.8095238095238095,0.5,0.5511811023622047
SVR10,0.5072909576417614,0.971830985915493,0.04275092936802971,0.1510673234811166,0.5062037037037037,0.98,0.03240740740740744,0.13070539419087138,0.5186433063791553,0.9523809523809523,0.08490566037735847,0.2283464566929134
ridge,0.7076679407298813,0.7183098591549296,0.6970260223048328,0.6995073891625616,0.7115277777777779,0.68,0.7430555555555556,0.7365145228215768,0.6594788858939802,0.8095238095238095,0.5094339622641509,0.5590551181102362
