,all,all,all,all,no revasc,no revasc,no revasc,no revasc,with revasc,with revasc,with revasc,with revasc
,Test AUC,Sensitivity,Specificity,Accuracy,Test AUC,Sensitivity,Specificity,Accuracy,Test AUC,Sensitivity,Specificity,Accuracy
lasso,0.6327121688370004,0.5058823529411764,0.7595419847328244,0.7241379310344828,0.616436251920123,0.3709677419354839,0.861904761904762,0.7987551867219918,0.6078595317725752,0.8695652173913043,0.34615384615384615,0.4409448818897638
linreg,0.6352604400538842,0.4823529411764706,0.7881679389312977,0.7454844006568144,0.62926267281106,0.3870967741935484,0.8714285714285714,0.8091286307053942,0.5955267558528428,0.7391304347826086,0.45192307692307687,0.5039370078740157
SVR10,0.5953637180062865,0.35294117647058826,0.8377862595419847,0.7701149425287356,0.6056067588325652,0.3064516129032258,0.9047619047619048,0.8278008298755186,0.5227842809364548,0.4782608695652174,0.5673076923076923,0.5511811023622047
ridge,0.6362146385271666,0.4823529411764706,0.7900763358778626,0.7471264367816092,0.62926267281106,0.3870967741935484,0.8714285714285714,0.8091286307053942,0.600334448160535,0.7391304347826086,0.46153846153846156,0.5118110236220472
