,all,all,all,all,no revasc,no revasc,no revasc,no revasc,with revasc,with revasc,with revasc,with revasc
,Test AUC,Sensitivity,Specificity,Accuracy,Test AUC,Sensitivity,Specificity,Accuracy,Test AUC,Sensitivity,Specificity,Accuracy
lasso,0.583734750510498,0.5633802816901409,0.604089219330855,0.5993431855500821,0.5794444444444444,0.52,0.6388888888888888,0.6265560165975104,0.5644654088050314,0.6666666666666666,0.46226415094339623,0.49606299212598426
linreg,0.5948871668673753,0.5633802816901409,0.6263940520446096,0.6190476190476191,0.5998611111111112,0.54,0.6597222222222222,0.6473029045643154,0.554806828391734,0.6190476190476191,0.49056603773584906,0.5118110236220472
SVR10,0.5255772553536835,0.5492957746478874,0.5018587360594795,0.5073891625615764,0.49810185185185185,0.0,1.0,0.8962655601659751,0.5788409703504043,0.7142857142857143,0.44339622641509435,0.4881889763779528
ridge,0.5948871668673753,0.5633802816901409,0.6263940520446096,0.6190476190476191,0.5998611111111112,0.54,0.6597222222222222,0.6473029045643154,0.554806828391734,0.6190476190476191,0.49056603773584906,0.5118110236220472
