,all,all,all,all,no revasc,no revasc,no revasc,no revasc,with revasc,with revasc,with revasc,with revasc
,Test AUC,Sensitivity,Specificity,Accuracy,Test AUC,Sensitivity,Specificity,Accuracy,Test AUC,Sensitivity,Specificity,Accuracy
lasso,0.721464474579821,0.6901408450704225,0.7527881040892194,0.7454844006568144,0.7174074074074075,0.62,0.8148148148148149,0.7946058091286307,0.6785714285714286,0.8571428571428571,0.5,0.5590551181102362
linreg,0.745772029949212,0.7183098591549296,0.7732342007434945,0.7668308702791461,0.7708796296296297,0.72,0.8217592592592593,0.8112033195020747,0.644878706199461,0.7142857142857143,0.5754716981132075,0.5984251968503937
SVR10,0.7052332582857742,0.6056338028169014,0.8048327137546468,0.7816091954022989,0.7189814814814817,0.6,0.837962962962963,0.8132780082987552,0.644429469901168,0.6190476190476191,0.6698113207547169,0.6614173228346457
ridge,0.7484554165139536,0.7887323943661971,0.70817843866171,0.7175697865353038,0.7596296296296297,0.76,0.7592592592592593,0.7593360995850622,0.6785714285714286,0.8571428571428571,0.5,0.5590551181102362
