,all,all,all,all,no revasc,no revasc,no revasc,no revasc,with revasc,with revasc,with revasc,with revasc
,Test AUC,Sensitivity,Specificity,Accuracy,Test AUC,Sensitivity,Specificity,Accuracy,Test AUC,Sensitivity,Specificity,Accuracy
lasso,0.7228721033868093,0.7291666666666666,0.7165775401069518,0.7175697865353038,0.7379858193277312,0.7058823529411765,0.7700892857142857,0.7655601659751037,0.6450695322376738,0.7857142857142857,0.504424778761062,0.5354330708661418
linreg,0.7366867201426025,0.8958333333333334,0.5775401069518716,0.6026272577996716,0.758140756302521,0.8823529411764706,0.6339285714285714,0.6514522821576764,0.6412768647281921,0.9285714285714286,0.35398230088495575,0.41732283464566927
SVR10,0.6120766488413547,0.75,0.4741532976827094,0.49589490968801314,0.5951286764705883,0.7058823529411765,0.484375,0.5,0.645385587863464,0.8571428571428571,0.4336283185840708,0.48031496062992124
ridge,0.723596256684492,0.875,0.572192513368984,0.5960591133004927,0.7400866596638656,0.8529411764705882,0.6272321428571428,0.6431535269709544,0.6412768647281921,0.9285714285714286,0.35398230088495575,0.41732283464566927
