,all,all,all,all,no revasc,no revasc,no revasc,no revasc,with revasc,with revasc,with revasc,with revasc
,Test AUC,Sensitivity,Specificity,Accuracy,Test AUC,Sensitivity,Specificity,Accuracy,Test AUC,Sensitivity,Specificity,Accuracy
lasso,0.6968034975653175,0.7746478873239436,0.6189591078066914,0.6371100164203612,0.6960648148148147,0.7,0.6921296296296297,0.6929460580912863,0.6365678346810422,0.9523809523809523,0.3207547169811321,0.4251968503937008
linreg,0.7316875229069585,0.6901408450704225,0.7732342007434945,0.7635467980295566,0.7362500000000001,0.66,0.8125,0.7966804979253111,0.6875561545372866,0.7619047619047619,0.6132075471698113,0.6377952755905512
SVR10,0.6206869469605738,0.3380281690140845,0.9033457249070632,0.8374384236453202,0.6164351851851853,0.3,0.9328703703703703,0.8672199170124482,0.6057951482479783,0.42857142857142855,0.7830188679245282,0.7244094488188977
ridge,0.7316875229069585,0.6901408450704225,0.7732342007434945,0.7635467980295566,0.7362500000000001,0.66,0.8125,0.7966804979253111,0.6875561545372866,0.7619047619047619,0.6132075471698113,0.6377952755905512
