,all,all,all,all,no revasc,no revasc,no revasc,no revasc,with revasc,with revasc,with revasc,with revasc
,Test AUC,Sensitivity,Specificity,Accuracy,Test AUC,Sensitivity,Specificity,Accuracy,Test AUC,Sensitivity,Specificity,Accuracy
lasso,0.7496025437201908,0.8235294117647058,0.6756756756756757,0.6798029556650246,0.7383709708550474,0.7272727272727273,0.7494692144373674,0.7489626556016598,0.6942148760330579,1.0,0.38842975206611574,0.41732283464566927
linreg,0.7977444356120826,0.8235294117647058,0.7719594594594594,0.7733990147783252,0.8135495078170238,0.8181818181818182,0.8089171974522293,0.8091286307053942,0.7307162534435262,0.8333333333333334,0.628099173553719,0.6377952755905512
SVR10,0.7042925278219396,0.7058823529411765,0.7027027027027026,0.7027914614121511,0.6886701408994403,0.6363636363636364,0.7409766454352442,0.7385892116182573,0.6935261707988981,0.8333333333333334,0.5537190082644627,0.5669291338582677
ridge,0.791683227344992,0.8823529411764706,0.7010135135135135,0.7060755336617406,0.8282184906388729,0.9090909090909091,0.7473460721868366,0.7510373443983402,0.6769972451790635,0.8333333333333334,0.5206611570247934,0.5354330708661418
