,all,all,all,all,no revasc,no revasc,no revasc,no revasc,with revasc,with revasc,with revasc,with revasc
,Test AUC,Sensitivity,Specificity,Accuracy,Test AUC,Sensitivity,Specificity,Accuracy,Test AUC,Sensitivity,Specificity,Accuracy
lasso,0.7641096979332272,0.7647058823529411,0.7635135135135135,0.7635467980295566,0.7417486971627099,0.6363636363636364,0.8471337579617835,0.8423236514522822,0.71900826446281,1.0,0.4380165289256198,0.4645669291338583
linreg,0.814785373608903,0.7647058823529411,0.8648648648648649,0.8620689655172413,0.8084346651225632,0.7272727272727273,0.8895966029723992,0.8858921161825726,0.8009641873278237,0.8333333333333334,0.768595041322314,0.7716535433070866
SVR10,0.8005763116057234,0.7058823529411765,0.8952702702702703,0.8899835796387521,0.7714726886701408,0.6363636363636364,0.9065817409766455,0.9004149377593361,0.8422865013774106,0.8333333333333334,0.8512396694214877,0.8503937007874016
ridge,0.7902921303656598,0.7647058823529411,0.8158783783783784,0.8144499178981938,0.7882648137425208,0.7272727272727273,0.8492569002123143,0.8464730290456431,0.759641873278237,0.8333333333333334,0.6859504132231404,0.6929133858267716
