,all,all,all,all,no revasc,no revasc,no revasc,no revasc,with revasc,with revasc,with revasc,with revasc
,Test AUC,Sensitivity,Specificity,Accuracy,Test AUC,Sensitivity,Specificity,Accuracy,Test AUC,Sensitivity,Specificity,Accuracy
lasso,0.6853658536585365,0.9142857142857143,0.4564459930313589,0.4827586206896552,0.7211816192560174,0.88,0.562363238512035,0.578838174273859,0.5213675213675213,1.0,0.042735042735042694,0.11811023622047244
linreg,0.6909407665505226,0.9428571428571428,0.4390243902439024,0.46798029556650245,0.7302407002188185,0.92,0.5404814004376368,0.5601659751037344,0.5213675213675213,1.0,0.042735042735042694,0.11811023622047244
SVR10,0.6433797909407665,0.5428571428571428,0.7439024390243902,0.7323481116584565,0.6266958424507658,0.4,0.8533916849015317,0.8298755186721992,0.6081196581196582,0.9,0.3162393162393162,0.36220472440944884
ridge,0.6909407665505226,0.9428571428571428,0.4390243902439024,0.46798029556650245,0.7302407002188185,0.92,0.5404814004376368,0.5601659751037344,0.5213675213675213,1.0,0.042735042735042694,0.11811023622047244
