,all,all,all,all,no revasc,no revasc,no revasc,no revasc,with revasc,with revasc,with revasc,with revasc
,Test AUC,Sensitivity,Specificity,Accuracy,Test AUC,Sensitivity,Specificity,Accuracy,Test AUC,Sensitivity,Specificity,Accuracy
lasso,0.6435286889823882,0.6635514018691588,0.6235059760956175,0.6305418719211823,0.652021144278607,0.6125,0.691542288557214,0.6784232365145229,0.5824074074074075,0.8148148148148148,0.35,0.44881889763779526
linreg,0.6606936739025208,0.6261682242990654,0.6952191235059761,0.6830870279146142,0.6706778606965175,0.6125,0.7288557213930349,0.7095435684647303,0.6133333333333333,0.6666666666666666,0.56,0.5826771653543307
SVR10,0.5693022303310125,0.4672897196261682,0.6713147410358566,0.6354679802955665,0.5732898009950248,0.4625,0.6840796019900497,0.6473029045643154,0.5507407407407408,0.48148148148148145,0.62,0.5905511811023622
ridge,0.6606936739025208,0.6261682242990654,0.6952191235059761,0.6830870279146142,0.6706778606965175,0.6125,0.7288557213930349,0.7095435684647303,0.6133333333333333,0.6666666666666666,0.56,0.5826771653543307
