,all,all,all,all,no revasc,no revasc,no revasc,no revasc,with revasc,with revasc,with revasc,with revasc
,Test AUC,Sensitivity,Specificity,Accuracy,Test AUC,Sensitivity,Specificity,Accuracy,Test AUC,Sensitivity,Specificity,Accuracy
lasso,0.7399175579322639,0.8541666666666666,0.625668449197861,0.6436781609195402,0.7599789915966386,0.8235294117647058,0.6964285714285714,0.7053941908713693,0.6368520859671303,0.9285714285714286,0.34513274336283184,0.4094488188976378
linreg,0.7577428698752228,0.8541666666666666,0.661319073083779,0.6765188834154351,0.7733718487394958,0.8235294117647058,0.7232142857142857,0.7302904564315352,0.6722503160556258,0.9285714285714286,0.415929203539823,0.47244094488188976
SVR10,0.5267936720142602,0.3958333333333333,0.6577540106951871,0.6371100164203612,0.5520614495798319,0.4411764705882353,0.6629464285714286,0.6473029045643154,0.46144121365360297,0.0,1.0,0.889763779527559
ridge,0.7577428698752228,0.8541666666666666,0.661319073083779,0.6765188834154351,0.7733718487394958,0.8235294117647058,0.7232142857142857,0.7302904564315352,0.6722503160556258,0.9285714285714286,0.415929203539823,0.47244094488188976
