,all,all,all,all,no revasc,no revasc,no revasc,no revasc,with revasc,with revasc,with revasc,with revasc
,Test AUC,Sensitivity,Specificity,Accuracy,Test AUC,Sensitivity,Specificity,Accuracy,Test AUC,Sensitivity,Specificity,Accuracy
lasso,0.6663934426229509,0.6333333333333333,0.6994535519125683,0.6929392446633826,0.662850506056081,0.5365853658536586,0.7891156462585034,0.7676348547717843,0.5877192982456141,0.8421052631578947,0.33333333333333337,0.4094488188976378
linreg,0.7172586520947176,0.6166666666666667,0.8178506375227687,0.7980295566502463,0.7048006194347658,0.5365853658536586,0.873015873015873,0.8443983402489627,0.6910331384015594,0.7894736842105263,0.5925925925925926,0.6220472440944882
SVR10,0.6311930783242259,0.7833333333333333,0.47905282331511845,0.5090311986863711,0.6357225817156131,0.8292682926829268,0.44217687074829937,0.475103734439834,0.6569200779727096,0.6842105263157895,0.6296296296296297,0.6377952755905512
ridge,0.7172586520947176,0.6166666666666667,0.8178506375227687,0.7980295566502463,0.7048006194347658,0.5365853658536586,0.873015873015873,0.8443983402489627,0.6910331384015594,0.7894736842105263,0.5925925925925926,0.6220472440944882
