,all,all,all,all,no revasc,no revasc,no revasc,no revasc,with revasc,with revasc,with revasc,with revasc
,Test AUC,Sensitivity,Specificity,Accuracy,Test AUC,Sensitivity,Specificity,Accuracy,Test AUC,Sensitivity,Specificity,Accuracy
lasso,0.6138902334586885,0.5046728971962616,0.7231075697211156,0.6847290640394089,0.5979477611940299,0.375,0.8208955223880597,0.7468879668049793,0.6094444444444445,0.8888888888888888,0.32999999999999996,0.44881889763779526
linreg,0.615724019808616,0.5700934579439252,0.6613545816733069,0.645320197044335,0.6344216417910449,0.5375,0.7313432835820896,0.6991701244813278,0.5233333333333333,0.6666666666666666,0.38,0.4409448818897638
SVR10,0.5818687865360986,0.4485981308411215,0.7151394422310757,0.6683087027914614,0.5757773631840796,0.4625,0.6890547263681592,0.6514522821576764,0.6137037037037038,0.4074074074074074,0.8200000000000001,0.7322834645669292
ridge,0.615724019808616,0.5700934579439252,0.6613545816733069,0.645320197044335,0.6344216417910449,0.5375,0.7313432835820896,0.6991701244813278,0.5233333333333333,0.6666666666666666,0.38,0.4409448818897638
