,all,all,all,all,no revasc,no revasc,no revasc,no revasc,with revasc,with revasc,with revasc,with revasc
,Test AUC,Sensitivity,Specificity,Accuracy,Test AUC,Sensitivity,Specificity,Accuracy,Test AUC,Sensitivity,Specificity,Accuracy
lasso,0.6471217932010276,0.7663551401869159,0.5278884462151394,0.5697865353037767,0.668407960199005,0.7,0.6368159203980099,0.6473029045643154,0.5264814814814814,0.9629629629629629,0.08999999999999997,0.2755905511811024
linreg,0.6706445247049186,0.7476635514018691,0.593625498007968,0.6206896551724138,0.6833333333333335,0.7,0.6666666666666667,0.6721991701244814,0.5944444444444444,0.8888888888888888,0.30000000000000004,0.4251968503937008
SVR10,0.49594146777376474,0.0,1.0,0.8243021346469622,0.5049751243781094,1.0,0.00995024875621886,0.17427385892116182,0.47444444444444445,0.0,1.0,0.7874015748031497
ridge,0.6706445247049186,0.7476635514018691,0.593625498007968,0.6206896551724138,0.6833333333333335,0.7,0.6666666666666667,0.6721991701244814,0.5944444444444444,0.8888888888888888,0.30000000000000004,0.4251968503937008
