,all,all,all,all,no revasc,no revasc,no revasc,no revasc,with revasc,with revasc,with revasc,with revasc
,Test AUC,Sensitivity,Specificity,Accuracy,Test AUC,Sensitivity,Specificity,Accuracy,Test AUC,Sensitivity,Specificity,Accuracy
lasso,0.6274134790528233,0.43333333333333335,0.8214936247723132,0.7832512315270936,0.6041148166583707,0.3170731707317073,0.891156462585034,0.8423236514522822,0.6106237816764132,0.6842105263157895,0.537037037037037,0.5590551181102362
linreg,0.6313296903460839,0.4666666666666667,0.7959927140255009,0.7635467980295566,0.6248271666390133,0.3902439024390244,0.8594104308390023,0.8195020746887967,0.584307992202729,0.631578947368421,0.537037037037037,0.5511811023622047
SVR10,0.5083333333333333,0.016666666666666666,1.0,0.90311986863711,0.5,0.0,1.0,0.9149377593360996,0.5263157894736842,0.05263157894736842,1.0,0.8582677165354331
ridge,0.6313296903460839,0.4666666666666667,0.7959927140255009,0.7635467980295566,0.6248271666390133,0.3902439024390244,0.8594104308390023,0.8195020746887967,0.584307992202729,0.631578947368421,0.537037037037037,0.5511811023622047
