,all,all,all,all,no revasc,no revasc,no revasc,no revasc,with revasc,with revasc,with revasc,with revasc
,Test AUC,Sensitivity,Specificity,Accuracy,Test AUC,Sensitivity,Specificity,Accuracy,Test AUC,Sensitivity,Specificity,Accuracy
lasso,0.6726290684624018,0.8641975308641975,0.4810606060606061,0.5320197044334976,0.701105902151701,0.8135593220338984,0.5886524822695036,0.6161825726141079,0.5238095238095238,1.0,0.04761904761904767,0.2125984251968504
linreg,0.6693322109988777,0.8765432098765432,0.46212121212121215,0.5172413793103449,0.6977601474536202,0.8305084745762712,0.5650118203309693,0.5975103734439834,0.5238095238095238,1.0,0.04761904761904767,0.2125984251968504
SVR10,0.6133557800224466,0.4691358024691358,0.7575757575757576,0.7192118226600985,0.592459029530793,0.3220338983050847,0.8628841607565012,0.7966804979253111,0.5984848484848485,0.8636363636363636,0.33333333333333337,0.4251968503937008
ridge,0.6693322109988777,0.8765432098765432,0.46212121212121215,0.5172413793103449,0.6977601474536202,0.8305084745762712,0.5650118203309693,0.5975103734439834,0.5238095238095238,1.0,0.04761904761904767,0.2125984251968504
