,all,all,all,all,no revasc,no revasc,no revasc,no revasc,with revasc,with revasc,with revasc,with revasc
,Test AUC,Sensitivity,Specificity,Accuracy,Test AUC,Sensitivity,Specificity,Accuracy,Test AUC,Sensitivity,Specificity,Accuracy
lasso,0.7091438356164383,0.92,0.49828767123287676,0.5155993431855501,0.7422517394054396,0.8823529411764706,0.6021505376344086,0.6120331950207469,0.546218487394958,1.0,0.09243697478991597,0.14960629921259844
linreg,0.720582191780822,0.96,0.4811643835616438,0.5008210180623974,0.7447817836812144,0.9411764705882353,0.5483870967741935,0.5622406639004149,0.6092436974789917,1.0,0.2184873949579832,0.2677165354330709
SVR10,0.5254452054794521,0.08,0.9708904109589042,0.9343185550082101,0.5165085388994307,0.058823529411764705,0.9741935483870968,0.941908713692946,0.5414915966386554,0.125,0.957983193277311,0.905511811023622
ridge,0.720582191780822,0.96,0.4811643835616438,0.5008210180623974,0.7447817836812144,0.9411764705882353,0.5483870967741935,0.5622406639004149,0.6092436974789917,1.0,0.2184873949579832,0.2677165354330709
