,all,all,all,all,no revasc,no revasc,no revasc,no revasc,with revasc,with revasc,with revasc,with revasc
,Test AUC,Sensitivity,Specificity,Accuracy,Test AUC,Sensitivity,Specificity,Accuracy,Test AUC,Sensitivity,Specificity,Accuracy
lasso,0.7449477351916377,0.8,0.6898954703832753,0.6962233169129721,0.7418380743982494,0.72,0.7636761487964989,0.7614107883817427,0.7008547008547008,1.0,0.4017094017094017,0.44881889763779526
linreg,0.8249128919860629,0.8571428571428571,0.7926829268292683,0.7963875205254516,0.8346608315098468,0.84,0.8293216630196937,0.8298755186721992,0.7747863247863248,0.9,0.6495726495726496,0.6692913385826772
SVR10,0.7757839721254356,0.8285714285714286,0.7229965156794425,0.729064039408867,0.7807439824945296,0.8,0.7614879649890591,0.7634854771784232,0.7363247863247863,0.9,0.5726495726495726,0.5984251968503937
ridge,0.8177700348432055,0.9142857142857143,0.7212543554006969,0.7323481116584565,0.8440262582056892,0.92,0.7680525164113785,0.7759336099585062,0.7192307692307692,0.9,0.5384615384615384,0.5669291338582677
