,all,all,all,all,no revasc,no revasc,no revasc,no revasc,with revasc,with revasc,with revasc,with revasc
,Test AUC,Sensitivity,Specificity,Accuracy,Test AUC,Sensitivity,Specificity,Accuracy,Test AUC,Sensitivity,Specificity,Accuracy
lasso,0.7028743315508021,0.625,0.7807486631016043,0.7684729064039408,0.6649816176470589,0.47058823529411764,0.859375,0.8319502074688797,0.7345132743362832,1.0,0.4690265486725663,0.5275590551181102
linreg,0.7445967023172906,0.7708333333333334,0.7183600713012478,0.722495894909688,0.7368697478991597,0.7058823529411765,0.7678571428571428,0.7634854771784232,0.725347661188369,0.9285714285714286,0.5221238938053097,0.5669291338582677
SVR10,0.6586452762923352,0.3333333333333333,0.983957219251337,0.9326765188834154,0.6539522058823529,0.3235294117647059,0.984375,0.9377593360995851,0.6697218710493047,0.35714285714285715,0.9823008849557522,0.9133858267716536
ridge,0.7463792335115865,0.7708333333333334,0.7219251336898396,0.7257799671592775,0.7391018907563026,0.7058823529411765,0.7723214285714286,0.7676348547717843,0.725347661188369,0.9285714285714286,0.5221238938053097,0.5669291338582677
