,all,all,all,all,no revasc,no revasc,no revasc,no revasc,with revasc,with revasc,with revasc,with revasc
,Test AUC,Sensitivity,Specificity,Accuracy,Test AUC,Sensitivity,Specificity,Accuracy,Test AUC,Sensitivity,Specificity,Accuracy
lasso,0.6296791443850268,0.5,0.7593582887700535,0.7389162561576355,0.6130514705882353,0.38235294117647056,0.84375,0.8112033195020747,0.6052465233881164,0.7857142857142857,0.4247787610619469,0.4645669291338583
linreg,0.7096702317290553,0.5833333333333334,0.8360071301247771,0.8160919540229885,0.670561974789916,0.47058823529411764,0.8705357142857143,0.8423236514522822,0.7781289506953224,0.8571428571428571,0.6991150442477876,0.7165354330708661
SVR10,0.5646724598930482,0.5625,0.5668449197860963,0.5665024630541872,0.5539653361344538,0.5588235294117647,0.5491071428571428,0.549792531120332,0.6042983565107458,0.5714285714285714,0.6371681415929203,0.6299212598425197
ridge,0.712344028520499,0.5833333333333334,0.8413547237076648,0.8210180623973727,0.6863839285714286,0.5,0.8727678571428572,0.8464730290456431,0.7512642225031605,0.7857142857142857,0.7168141592920354,0.7244094488188977
