,all,all,all,all,no revasc,no revasc,no revasc,no revasc,with revasc,with revasc,with revasc,with revasc
,Test AUC,Sensitivity,Specificity,Accuracy,Test AUC,Sensitivity,Specificity,Accuracy,Test AUC,Sensitivity,Specificity,Accuracy
lasso,0.7142857142857143,0.7142857142857143,0.7142857142857143,0.7142857142857143,0.7229321663019694,0.68,0.7658643326039387,0.7614107883817427,0.6564102564102564,0.8,0.5128205128205128,0.5354330708661418
linreg,0.7325783972125435,0.7142857142857143,0.7508710801393728,0.7487684729064039,0.7371553610503283,0.68,0.7943107221006565,0.7883817427385892,0.6905982905982906,0.8,0.5811965811965811,0.5984251968503937
SVR10,0.5595818815331011,0.3142857142857143,0.8048780487804879,0.7766830870279147,0.561531728665208,0.32,0.8030634573304157,0.7780082987551867,0.555982905982906,0.3,0.811965811965812,0.7716535433070866
ridge,0.7343205574912892,0.7142857142857143,0.7543554006968641,0.7520525451559934,0.7393435448577681,0.68,0.798687089715536,0.7925311203319502,0.6905982905982906,0.8,0.5811965811965811,0.5984251968503937
