,all,all,all,all,no revasc,no revasc,no revasc,no revasc,with revasc,with revasc,with revasc,with revasc
,Test AUC,Sensitivity,Specificity,Accuracy,Test AUC,Sensitivity,Specificity,Accuracy,Test AUC,Sensitivity,Specificity,Accuracy
lasso,0.5610455374762632,0.2336448598130841,0.8884462151394422,0.7733990147783252,0.5376554726368159,0.1375,0.9378109452736318,0.8049792531120332,0.6042592592592593,0.5185185185185185,0.69,0.6535433070866141
linreg,0.560282235543806,0.19626168224299065,0.9243027888446215,0.7963875205254516,0.5538868159203981,0.1625,0.945273631840796,0.8153526970954357,0.5681481481481481,0.2962962962962963,0.84,0.7244094488188977
SVR10,0.5732862940760324,0.4672897196261682,0.6792828685258965,0.6420361247947455,0.5906716417910447,0.45,0.7313432835820896,0.6846473029045643,0.4942592592592593,0.0,1.0,0.7874015748031497
ridge,0.560282235543806,0.19626168224299065,0.9243027888446215,0.7963875205254516,0.5538868159203981,0.1625,0.945273631840796,0.8153526970954357,0.5681481481481481,0.2962962962962963,0.84,0.7244094488188977
