,all,all,all,all,no revasc,no revasc,no revasc,no revasc,with revasc,with revasc,with revasc,with revasc
,Test AUC,Sensitivity,Specificity,Accuracy,Test AUC,Sensitivity,Specificity,Accuracy,Test AUC,Sensitivity,Specificity,Accuracy
lasso,0.7110628342245989,0.8125,0.6096256684491979,0.625615763546798,0.7316832983193277,0.7647058823529411,0.6986607142857143,0.7033195020746889,0.5926042983565107,0.9285714285714286,0.2566371681415929,0.33070866141732286
linreg,0.7151849376114082,0.7708333333333334,0.6595365418894831,0.6683087027914614,0.7303702731092437,0.7352941176470589,0.7254464285714286,0.7261410788381742,0.6276864728192162,0.8571428571428571,0.3982300884955752,0.44881889763779526
SVR10,0.5775401069518715,0.6666666666666666,0.48841354723707664,0.5024630541871922,0.5781906512605042,0.6764705882352942,0.4799107142857143,0.49377593360995853,0.5824905183312262,0.6428571428571429,0.5221238938053097,0.5354330708661418
ridge,0.7151849376114082,0.7708333333333334,0.6595365418894831,0.6683087027914614,0.7303702731092437,0.7352941176470589,0.7254464285714286,0.7261410788381742,0.6276864728192162,0.8571428571428571,0.3982300884955752,0.44881889763779526
