,all,all,all,all,no revasc,no revasc,no revasc,no revasc,with revasc,with revasc,with revasc,with revasc
,Test AUC,Sensitivity,Specificity,Accuracy,Test AUC,Sensitivity,Specificity,Accuracy,Test AUC,Sensitivity,Specificity,Accuracy
lasso,0.7327526132404182,0.8,0.6655052264808362,0.6732348111658456,0.75527352297593,0.76,0.75054704595186,0.7510373443983402,0.6166666666666667,0.9,0.33333333333333337,0.3779527559055118
linreg,0.745644599303136,0.8571428571428571,0.6341463414634146,0.6469622331691297,0.7457330415754924,0.8,0.6914660831509847,0.6970954356846473,0.7051282051282051,1.0,0.41025641025641024,0.4566929133858268
SVR10,0.5221254355400697,0.17142857142857143,0.872822299651568,0.8325123152709359,0.5212253829321662,0.2,0.8424507658643325,0.8091286307053942,0.5457264957264958,0.1,0.9914529914529915,0.9212598425196851
ridge,0.7439024390243902,0.8571428571428571,0.6306620209059233,0.6436781609195402,0.7446389496717725,0.8,0.6892778993435449,0.6950207468879668,0.7008547008547008,1.0,0.4017094017094017,0.44881889763779526
