,all,all,all,all,no revasc,no revasc,no revasc,no revasc,with revasc,with revasc,with revasc,with revasc
,Test AUC,Sensitivity,Specificity,Accuracy,Test AUC,Sensitivity,Specificity,Accuracy,Test AUC,Sensitivity,Specificity,Accuracy
lasso,0.718351548269581,0.75,0.6867030965391621,0.6929392446633826,0.7303523035230353,0.6829268292682927,0.7777777777777778,0.7697095435684648,0.604775828460039,0.8947368421052632,0.31481481481481477,0.4015748031496063
linreg,0.7191256830601093,0.7333333333333333,0.7049180327868853,0.7077175697865353,0.7224157955865274,0.6829268292682927,0.7619047619047619,0.7551867219917012,0.6571637426900585,0.8421052631578947,0.4722222222222222,0.5275590551181102
SVR10,0.5475409836065575,0.4666666666666667,0.6284153005464481,0.6124794745484401,0.5761296388474089,0.5853658536585366,0.5668934240362812,0.5684647302904564,0.5450779727095517,0.21052631578947367,0.8796296296296297,0.7795275590551181
ridge,0.7209471766848816,0.7333333333333333,0.7085610200364298,0.7110016420361248,0.7235495824346,0.6829268292682927,0.764172335600907,0.7572614107883817,0.661793372319688,0.8421052631578947,0.4814814814814815,0.5354330708661418
