,all,all,all,all,no revasc,no revasc,no revasc,no revasc,with revasc,with revasc,with revasc,with revasc
,Test AUC,Sensitivity,Specificity,Accuracy,Test AUC,Sensitivity,Specificity,Accuracy,Test AUC,Sensitivity,Specificity,Accuracy
lasso,0.6454434046345812,0.5208333333333334,0.7700534759358288,0.7504105090311987,0.6230961134453782,0.38235294117647056,0.8638392857142857,0.8298755186721992,0.6276864728192162,0.8571428571428571,0.3982300884955752,0.44881889763779526
linreg,0.6984180035650623,0.625,0.7718360071301248,0.7602627257799671,0.6763392857142857,0.5,0.8526785714285714,0.8278008298755186,0.6899494310998736,0.9285714285714286,0.4513274336283186,0.5039370078740157
SVR10,0.520443404634581,0.2708333333333333,0.7700534759358288,0.7307060755336617,0.5492384453781513,0.35294117647058826,0.7455357142857143,0.7178423236514523,0.4693426042983565,0.0,1.0,0.889763779527559
ridge,0.6984180035650623,0.625,0.7718360071301248,0.7602627257799671,0.6763392857142857,0.5,0.8526785714285714,0.8278008298755186,0.6899494310998736,0.9285714285714286,0.4513274336283186,0.5039370078740157
