,all,all,all,all,no revasc,no revasc,no revasc,no revasc,with revasc,with revasc,with revasc,with revasc
,Test AUC,Sensitivity,Specificity,Accuracy,Test AUC,Sensitivity,Specificity,Accuracy,Test AUC,Sensitivity,Specificity,Accuracy
lasso,0.6039583224252578,0.3380281690140845,0.8698884758364313,0.8078817733990148,0.5741203703703703,0.22,0.9282407407407407,0.8547717842323651,0.6255615453728661,0.6190476190476191,0.6320754716981132,0.6299212598425197
linreg,0.5889444473532646,0.30985915492957744,0.8680297397769516,0.8029556650246306,0.5837037037037037,0.26,0.9074074074074074,0.8402489626556017,0.5680592991913747,0.42857142857142855,0.7075471698113207,0.6614173228346457
SVR10,0.5761819990575423,0.2676056338028169,0.8847583643122676,0.812807881773399,0.5860185185185185,0.26,0.912037037037037,0.8443983402489627,0.5296495956873315,0.2857142857142857,0.7735849056603774,0.6929133858267716
ridge,0.5889444473532646,0.30985915492957744,0.8680297397769516,0.8029556650246306,0.5837037037037037,0.26,0.9074074074074074,0.8402489626556017,0.5680592991913747,0.42857142857142855,0.7075471698113207,0.6614173228346457
