,all,all,all,all,no revasc,no revasc,no revasc,no revasc,with revasc,with revasc,with revasc,with revasc
,Test AUC,Sensitivity,Specificity,Accuracy,Test AUC,Sensitivity,Specificity,Accuracy,Test AUC,Sensitivity,Specificity,Accuracy
lasso,0.6621071829405163,0.7901234567901234,0.5340909090909092,0.5681444991789819,0.6740994510558159,0.7288135593220338,0.6193853427895981,0.6327800829875518,0.5725108225108225,0.9545454545454546,0.19047619047619047,0.3228346456692913
linreg,0.6937780583613917,0.7530864197530864,0.634469696969697,0.6502463054187192,0.7142885763513243,0.7288135593220338,0.6997635933806147,0.7033195020746889,0.5948051948051949,0.8181818181818182,0.37142857142857144,0.44881889763779526
SVR10,0.5155373176206509,0.2716049382716049,0.759469696969697,0.6945812807881774,0.5355210962856113,0.3050847457627119,0.7659574468085106,0.7095435684647303,0.45757575757575764,0.0,1.0,0.8267716535433071
ridge,0.6937780583613917,0.7530864197530864,0.634469696969697,0.6502463054187192,0.7142885763513243,0.7288135593220338,0.6997635933806147,0.7033195020746889,0.5948051948051949,0.8181818181818182,0.37142857142857144,0.44881889763779526
