,all,all,all,all,no revasc,no revasc,no revasc,no revasc,with revasc,with revasc,with revasc,with revasc
,Test AUC,Sensitivity,Specificity,Accuracy,Test AUC,Sensitivity,Specificity,Accuracy,Test AUC,Sensitivity,Specificity,Accuracy
lasso,0.7132435465768799,0.7901234567901234,0.6363636363636364,0.6568144499178982,0.7117241655647715,0.711864406779661,0.7115839243498818,0.7116182572614108,0.6666666666666667,1.0,0.33333333333333337,0.44881889763779526
linreg,0.7477553310886644,0.7530864197530864,0.7424242424242424,0.7438423645320197,0.7456024361902472,0.6779661016949152,0.8132387706855793,0.7966804979253111,0.7058441558441559,0.9545454545454546,0.4571428571428572,0.5433070866141733
SVR10,0.59375,0.3333333333333333,0.8541666666666666,0.7848932676518884,0.6224105461393596,0.3559322033898305,0.8888888888888888,0.8236514522821576,0.4935064935064935,0.0,1.0,0.8267716535433071
ridge,0.7468083613916947,0.7530864197530864,0.740530303030303,0.7422003284072249,0.7444204030933204,0.6779661016949152,0.8108747044917257,0.7946058091286307,0.7058441558441559,0.9545454545454546,0.4571428571428572,0.5433070866141733
