,all,all,all,all,no revasc,no revasc,no revasc,no revasc,with revasc,with revasc,with revasc,with revasc
,Test AUC,Sensitivity,Specificity,Accuracy,Test AUC,Sensitivity,Specificity,Accuracy,Test AUC,Sensitivity,Specificity,Accuracy
lasso,0.7104280510018214,0.7833333333333333,0.6375227686703097,0.6518883415435139,0.7051324594878602,0.7073170731707317,0.7029478458049887,0.7033195020746889,0.6588693957115008,0.9473684210526315,0.37037037037037035,0.4566929133858268
linreg,0.7127504553734062,0.7333333333333333,0.692167577413479,0.6962233169129721,0.7178806481942371,0.6829268292682927,0.7528344671201814,0.7468879668049793,0.6432748538011696,0.8421052631578947,0.4444444444444444,0.5039370078740157
SVR10,0.5141165755919854,0.16666666666666666,0.8615664845173042,0.7931034482758621,0.5283999778773298,0.1951219512195122,0.8616780045351474,0.8049792531120332,0.48318713450292394,0.0,1.0,0.8503937007874016
ridge,0.7239981785063753,0.8833333333333333,0.5646630236794171,0.5960591133004927,0.7363530778164924,0.8536585365853658,0.6190476190476191,0.6390041493775933,0.644980506822612,0.9473684210526315,0.34259259259259256,0.4330708661417323
