,all,all,all,all,no revasc,no revasc,no revasc,no revasc,with revasc,with revasc,with revasc,with revasc
,Test AUC,Sensitivity,Specificity,Accuracy,Test AUC,Sensitivity,Specificity,Accuracy,Test AUC,Sensitivity,Specificity,Accuracy
lasso,0.6474684538457511,0.5774647887323944,0.7174721189591078,0.7011494252873564,0.6162500000000001,0.42,0.8125,0.7717842323651453,0.6412848158131177,0.9523809523809523,0.33018867924528306,0.4330708661417323
linreg,0.6440389549191057,0.6338028169014085,0.654275092936803,0.6518883415435139,0.6711111111111112,0.62,0.7222222222222222,0.7116182572614108,0.5220125786163522,0.6666666666666666,0.37735849056603776,0.4251968503937008
SVR10,0.5855542174982984,0.4647887323943662,0.7063197026022305,0.6781609195402298,0.5802777777777778,0.48,0.6805555555555556,0.6597510373443983,0.6199460916442049,0.42857142857142855,0.8113207547169812,0.7480314960629921
ridge,0.6440389549191057,0.6338028169014085,0.654275092936803,0.6518883415435139,0.6711111111111112,0.62,0.7222222222222222,0.7116182572614108,0.5220125786163522,0.6666666666666666,0.37735849056603776,0.4251968503937008
