,all,all,all,all,no revasc,no revasc,no revasc,no revasc,with revasc,with revasc,with revasc,with revasc
,Test AUC,Sensitivity,Specificity,Accuracy,Test AUC,Sensitivity,Specificity,Accuracy,Test AUC,Sensitivity,Specificity,Accuracy
lasso,0.6464646464646464,0.4444444444444444,0.8484848484848485,0.7947454844006568,0.6318668109147734,0.3559322033898305,0.9078014184397163,0.8402489626556017,0.6456709956709956,0.6818181818181818,0.6095238095238096,0.6220472440944882
linreg,0.6226851851851851,0.37037037037037035,0.875,0.8078817733990148,0.626938333934367,0.3389830508474576,0.9148936170212766,0.8443983402489627,0.5844155844155845,0.45454545454545453,0.7142857142857143,0.6692913385826772
SVR10,0.625736531986532,0.5185185185185185,0.7329545454545454,0.7044334975369458,0.6579116079657009,0.559322033898305,0.7565011820330969,0.7323651452282157,0.5235930735930736,0.4090909090909091,0.638095238095238,0.5984251968503937
ridge,0.6217382154882154,0.37037037037037035,0.8731060606060606,0.80623973727422,0.626938333934367,0.3389830508474576,0.9148936170212766,0.8443983402489627,0.5796536796536796,0.45454545454545453,0.7047619047619047,0.6614173228346457
