,all,all,all,all,no revasc,no revasc,no revasc,no revasc,with revasc,with revasc,with revasc,with revasc
,Test AUC,Sensitivity,Specificity,Accuracy,Test AUC,Sensitivity,Specificity,Accuracy,Test AUC,Sensitivity,Specificity,Accuracy
lasso,0.5924433108686749,0.42990654205607476,0.7549800796812749,0.6978653530377669,0.5941231343283582,0.3375,0.8507462686567164,0.7655601659751037,0.5368518518518519,0.7037037037037037,0.37,0.4409448818897638
linreg,0.6086867483337677,0.4205607476635514,0.796812749003984,0.7307060755336617,0.6066542288557214,0.375,0.8383084577114428,0.7614107883817427,0.5927777777777777,0.5555555555555556,0.63,0.6141732283464567
SVR10,0.4929906542056075,0.0,1.0,0.8243021346469622,0.4788557213930348,0.0,1.0,0.8340248962655602,0.5572222222222222,0.4444444444444444,0.6699999999999999,0.6220472440944882
ridge,0.6076907323975127,0.4205607476635514,0.7948207171314741,0.729064039408867,0.605410447761194,0.375,0.835820895522388,0.7593360995850622,0.5927777777777777,0.5555555555555556,0.63,0.6141732283464567
