,all,all,all,all,no revasc,no revasc,no revasc,no revasc,with revasc,with revasc,with revasc,with revasc
,Test AUC,Sensitivity,Specificity,Accuracy,Test AUC,Sensitivity,Specificity,Accuracy,Test AUC,Sensitivity,Specificity,Accuracy
lasso,0.6815025252525252,0.7777777777777778,0.5852272727272727,0.6108374384236454,0.6928116360139439,0.711864406779661,0.6737588652482269,0.6784232365145229,0.5915584415584416,0.9545454545454546,0.22857142857142854,0.3543307086614173
linreg,0.7163299663299664,0.6296296296296297,0.803030303030303,0.7799671592775042,0.7197780181912891,0.5932203389830508,0.8463356973995272,0.8153526970954357,0.6779220779220779,0.7272727272727273,0.6285714285714286,0.6456692913385826
SVR10,0.6151445005611672,0.3950617283950617,0.8352272727272727,0.7766830870279147,0.6263573346155388,0.3898305084745763,0.8628841607565012,0.8049792531120332,0.5664502164502164,0.4090909090909091,0.7238095238095238,0.6692913385826772
ridge,0.7163299663299664,0.6296296296296297,0.803030303030303,0.7799671592775042,0.7197780181912891,0.5932203389830508,0.8463356973995272,0.8153526970954357,0.6779220779220779,0.7272727272727273,0.6285714285714286,0.6456692913385826
