,all,all,all,all,no revasc,no revasc,no revasc,no revasc,with revasc,with revasc,with revasc,with revasc
,Test AUC,Sensitivity,Specificity,Accuracy,Test AUC,Sensitivity,Specificity,Accuracy,Test AUC,Sensitivity,Specificity,Accuracy
lasso,0.6979332273449921,0.8823529411764706,0.5135135135135135,0.5238095238095238,0.7148233931673422,0.8181818181818182,0.6114649681528662,0.6161825726141079,0.5661157024793388,1.0,0.1322314049586777,0.1732283464566929
linreg,0.7898449920508744,0.9411764705882353,0.6385135135135135,0.6469622331691297,0.8471337579617835,1.0,0.694267515923567,0.7012448132780082,0.6274104683195593,0.8333333333333334,0.42148760330578516,0.4409448818897638
SVR10,0.6430345786963434,0.8823529411764706,0.40371621621621623,0.41707717569786534,0.6519976838448176,0.9090909090909091,0.39490445859872614,0.4066390041493776,0.6356749311294766,0.8333333333333334,0.4380165289256198,0.4566929133858268
ridge,0.7687301271860095,0.9411764705882353,0.5962837837837838,0.6059113300492611,0.826963906581741,1.0,0.653927813163482,0.6618257261410788,0.6026170798898072,0.8333333333333334,0.371900826446281,0.3937007874015748
