,all,all,all,all,no revasc,no revasc,no revasc,no revasc,with revasc,with revasc,with revasc,with revasc
,Test AUC,Sensitivity,Specificity,Accuracy,Test AUC,Sensitivity,Specificity,Accuracy,Test AUC,Sensitivity,Specificity,Accuracy
lasso,0.6810413354531001,0.8823529411764706,0.4797297297297297,0.4909688013136289,0.703146110789423,0.8181818181818182,0.5881104033970276,0.5933609958506224,0.5289256198347108,1.0,0.05785123966942152,0.10236220472440945
linreg,0.6828795707472177,0.8235294117647058,0.5422297297297297,0.5500821018062397,0.6746767033391237,0.7272727272727273,0.6220806794055201,0.6244813278008299,0.615702479338843,1.0,0.23140495867768596,0.2677165354330709
SVR10,0.5234996025437202,0.058823529411764705,0.9881756756756757,0.9622331691297209,0.4968152866242038,0.0,1.0,0.9771784232365145,0.5668044077134987,0.16666666666666666,0.9669421487603306,0.9291338582677166
ridge,0.6828795707472177,0.8235294117647058,0.5422297297297297,0.5500821018062397,0.6746767033391237,0.7272727272727273,0.6220806794055201,0.6244813278008299,0.615702479338843,1.0,0.23140495867768596,0.2677165354330709
