,all,all,all,all,no revasc,no revasc,no revasc,no revasc,with revasc,with revasc,with revasc,with revasc
,Test AUC,Sensitivity,Specificity,Accuracy,Test AUC,Sensitivity,Specificity,Accuracy,Test AUC,Sensitivity,Specificity,Accuracy
lasso,0.7005209696842766,0.7746478873239436,0.6263940520446096,0.6436781609195402,0.6895370370370372,0.68,0.6990740740740741,0.6970954356846473,0.6650943396226415,1.0,0.33018867924528306,0.4409448818897638
linreg,0.7553536834389234,0.7746478873239436,0.7360594795539033,0.7405582922824302,0.7527777777777778,0.7,0.8055555555555556,0.7946058091286307,0.7026055705300989,0.9523809523809523,0.4528301886792453,0.5354330708661418
SVR10,0.5787213990261271,0.30985915492957744,0.8475836431226766,0.7848932676518884,0.5998148148148149,0.32,0.8796296296296297,0.8215767634854771,0.5013477088948787,0.2857142857142857,0.7169811320754718,0.6456692913385826
ridge,0.7544243154091836,0.7746478873239436,0.7342007434944238,0.7389162561576355,0.7516203703703703,0.7,0.8032407407407407,0.7925311203319502,0.7026055705300989,0.9523809523809523,0.4528301886792453,0.5354330708661418
