,all,all,all,all,no revasc,no revasc,no revasc,no revasc,with revasc,with revasc,with revasc,with revasc
,Test AUC,Sensitivity,Specificity,Accuracy,Test AUC,Sensitivity,Specificity,Accuracy,Test AUC,Sensitivity,Specificity,Accuracy
lasso,0.677031881454872,0.8235294117647058,0.5305343511450382,0.5714285714285714,0.7061443932411674,0.7741935483870968,0.638095238095238,0.6556016597510373,0.5263377926421404,0.9565217391304348,0.09615384615384615,0.25196850393700787
linreg,0.7007184553210597,0.8823529411764706,0.5190839694656488,0.5697865353037767,0.7122119815668202,0.8387096774193549,0.5857142857142856,0.6182572614107884,0.625,1.0,0.25,0.3858267716535433
SVR10,0.522889537494387,0.07058823529411765,0.9751908396946565,0.8489326765188834,0.5307987711213518,0.08064516129032258,0.9809523809523809,0.8651452282157677,0.49770066889632103,0.0,1.0,0.8188976377952756
ridge,0.7007184553210597,0.8823529411764706,0.5190839694656488,0.5697865353037767,0.7122119815668202,0.8387096774193549,0.5857142857142856,0.6182572614107884,0.625,1.0,0.25,0.3858267716535433
