,all,all,all,all,no revasc,no revasc,no revasc,no revasc,with revasc,with revasc,with revasc,with revasc
,Test AUC,Sensitivity,Specificity,Accuracy,Test AUC,Sensitivity,Specificity,Accuracy,Test AUC,Sensitivity,Specificity,Accuracy
lasso,0.7644077901430842,0.6470588235294118,0.8817567567567568,0.8752052545155994,0.6996718780158271,0.45454545454545453,0.9447983014861996,0.9336099585062241,0.8181818181818181,1.0,0.6363636363636364,0.6535433070866141
linreg,0.7601848171701112,0.6470588235294118,0.8733108108108107,0.8669950738916257,0.730264427716657,0.5454545454545454,0.9150743099787686,0.9066390041493776,0.7720385674931131,0.8333333333333334,0.7107438016528926,0.7165354330708661
SVR10,0.5882849761526232,0.8235294117647058,0.35304054054054057,0.36617405582922824,0.6305732484076434,1.0,0.2611464968152867,0.27800829875518673,0.6053719008264464,0.5,0.7107438016528926,0.7007874015748031
ridge,0.7601848171701112,0.6470588235294118,0.8733108108108107,0.8669950738916257,0.730264427716657,0.5454545454545454,0.9150743099787686,0.9066390041493776,0.7720385674931131,0.8333333333333334,0.7107438016528926,0.7165354330708661
