,all,all,all,all,no revasc,no revasc,no revasc,no revasc,with revasc,with revasc,with revasc,with revasc
,Test AUC,Sensitivity,Specificity,Accuracy,Test AUC,Sensitivity,Specificity,Accuracy,Test AUC,Sensitivity,Specificity,Accuracy
lasso,0.6869534976152623,0.8823529411764706,0.49155405405405406,0.5024630541871922,0.7063308241652191,0.8181818181818182,0.5944798301486199,0.5995850622406639,0.5454545454545454,1.0,0.09090909090909094,0.13385826771653545
linreg,0.7079193163751988,0.9411764705882353,0.47466216216216217,0.4876847290640394,0.7252460914881297,0.9090909090909091,0.5414012738853503,0.549792531120332,0.6074380165289256,1.0,0.2148760330578512,0.25196850393700787
SVR10,0.5444654213036566,0.11764705882352941,0.9712837837837838,0.9474548440065681,0.5327156919513607,0.09090909090909091,0.9745222929936306,0.9543568464730291,0.56267217630854,0.16666666666666666,0.9586776859504132,0.9212598425196851
ridge,0.7079193163751988,0.9411764705882353,0.47466216216216217,0.4876847290640394,0.7252460914881297,0.9090909090909091,0.5414012738853503,0.549792531120332,0.6074380165289256,1.0,0.2148760330578512,0.25196850393700787
