,all,all,all,all,no revasc,no revasc,no revasc,no revasc,with revasc,with revasc,with revasc,with revasc
,Test AUC,Sensitivity,Specificity,Accuracy,Test AUC,Sensitivity,Specificity,Accuracy,Test AUC,Sensitivity,Specificity,Accuracy
lasso,0.7428571428571428,0.9142857142857143,0.5714285714285714,0.5911330049261084,0.7704157549234135,0.88,0.6608315098468271,0.6721991701244814,0.6111111111111112,1.0,0.2222222222222222,0.28346456692913385
linreg,0.7337979094076654,0.8857142857142857,0.5818815331010453,0.5993431855500821,0.7515098468271334,0.84,0.6630196936542669,0.6721991701244814,0.6324786324786325,1.0,0.2649572649572649,0.3228346456692913
SVR10,0.5618466898954704,0.42857142857142855,0.6951219512195121,0.6798029556650246,0.6054266958424508,0.48,0.7308533916849016,0.7178423236514523,0.4277777777777778,0.0,1.0,0.9212598425196851
ridge,0.7329268292682927,0.8857142857142857,0.5801393728222997,0.5977011494252874,0.7504157549234135,0.84,0.6608315098468271,0.6701244813278008,0.6324786324786325,1.0,0.2649572649572649,0.3228346456692913
