,all,all,all,all,no revasc,no revasc,no revasc,no revasc,with revasc,with revasc,with revasc,with revasc
,Test AUC,Sensitivity,Specificity,Accuracy,Test AUC,Sensitivity,Specificity,Accuracy,Test AUC,Sensitivity,Specificity,Accuracy
lasso,0.6466749823137358,0.5981308411214953,0.6952191235059761,0.6781609195402298,0.6430348258706468,0.5,0.7860696517412935,0.7385892116182573,0.6094444444444445,0.8888888888888888,0.32999999999999996,0.44881889763779526
linreg,0.6519622444800238,0.5887850467289719,0.7151394422310757,0.6929392446633826,0.6493159203980099,0.525,0.7736318407960199,0.7323651452282157,0.6288888888888888,0.7777777777777778,0.48,0.5433070866141733
SVR10,0.5296943068846112,0.42990654205607476,0.6294820717131474,0.5944170771756979,0.5323383084577115,0.5,0.5646766169154229,0.553941908713693,0.5561111111111112,0.2222222222222222,0.89,0.7480314960629921
ridge,0.6482853632200171,0.5794392523364486,0.7171314741035857,0.6929392446633826,0.6430659203980099,0.5125,0.7736318407960199,0.7302904564315352,0.6338888888888888,0.7777777777777778,0.49,0.5511811023622047
