,all,all,all,all,no revasc,no revasc,no revasc,no revasc,with revasc,with revasc,with revasc,with revasc
,Test AUC,Sensitivity,Specificity,Accuracy,Test AUC,Sensitivity,Specificity,Accuracy,Test AUC,Sensitivity,Specificity,Accuracy
lasso,0.6928082191780822,0.8,0.5856164383561644,0.5944170771756979,0.6819734345351045,0.7058823529411765,0.6580645161290323,0.6597510373443983,0.6512605042016807,1.0,0.3025210084033614,0.3464566929133858
linreg,0.7159246575342466,0.8,0.6318493150684932,0.638752052545156,0.7045540796963947,0.7058823529411765,0.7032258064516129,0.7033195020746889,0.6764705882352942,1.0,0.3529411764705882,0.3937007874015748
SVR10,0.6092123287671233,0.84,0.3784246575342466,0.3973727422003284,0.6246679316888045,0.8235294117647058,0.4258064516129032,0.43983402489626555,0.5341386554621849,0.875,0.19327731092436973,0.23622047244094488
ridge,0.7159246575342466,0.8,0.6318493150684932,0.638752052545156,0.7045540796963947,0.7058823529411765,0.7032258064516129,0.7033195020746889,0.6764705882352942,1.0,0.3529411764705882,0.3937007874015748
