,all,all,all,all,no revasc,no revasc,no revasc,no revasc,with revasc,with revasc,with revasc,with revasc
,Test AUC,Sensitivity,Specificity,Accuracy,Test AUC,Sensitivity,Specificity,Accuracy,Test AUC,Sensitivity,Specificity,Accuracy
lasso,0.6295992714025501,0.36666666666666664,0.8925318761384335,0.8407224958949097,0.5981416957026713,0.24390243902439024,0.9523809523809523,0.8921161825726142,0.6398635477582846,0.631578947368421,0.6481481481481481,0.6456692913385826
linreg,0.5821948998178507,0.25,0.9143897996357013,0.8489326765188834,0.569216304407942,0.1951219512195122,0.9433106575963719,0.8796680497925311,0.5823586744639376,0.3684210526315789,0.7962962962962963,0.7322834645669292
SVR10,0.5166666666666667,0.03333333333333333,1.0,0.9047619047619048,0.5121951219512195,0.024390243902439025,1.0,0.91701244813278,0.5263157894736842,0.05263157894736842,1.0,0.8582677165354331
ridge,0.5831056466302368,0.25,0.9162112932604736,0.8505747126436781,0.5703500912560147,0.1951219512195122,0.9455782312925171,0.8817427385892116,0.5823586744639376,0.3684210526315789,0.7962962962962963,0.7322834645669292
