,all,all,all,all,no revasc,no revasc,no revasc,no revasc,with revasc,with revasc,with revasc,with revasc
,Test AUC,Sensitivity,Specificity,Accuracy,Test AUC,Sensitivity,Specificity,Accuracy,Test AUC,Sensitivity,Specificity,Accuracy
lasso,0.7531299682034975,0.7647058823529411,0.7415540540540541,0.7422003284072249,0.7680949623624783,0.7272727272727273,0.8089171974522293,0.8070539419087137,0.65633608815427,0.8333333333333334,0.47933884297520657,0.49606299212598426
linreg,0.817716613672496,0.9411764705882353,0.6942567567567568,0.7011494252873564,0.8271569195136075,0.9090909090909091,0.7452229299363058,0.7489626556016598,0.7479338842975207,1.0,0.49586776859504134,0.5196850393700787
SVR10,0.6993740063593005,0.6470588235294118,0.7516891891891893,0.7487684729064039,0.6697548735765296,0.5454545454545454,0.7940552016985138,0.7883817427385892,0.7100550964187329,0.8333333333333334,0.5867768595041323,0.5984251968503937
ridge,0.8219395866454688,0.9411764705882353,0.7027027027027026,0.7093596059113301,0.8324647751399344,0.9090909090909091,0.7558386411889597,0.7593360995850622,0.7479338842975207,1.0,0.49586776859504134,0.5196850393700787
