,all,all,all,all,no revasc,no revasc,no revasc,no revasc,with revasc,with revasc,with revasc,with revasc
,Test AUC,Sensitivity,Specificity,Accuracy,Test AUC,Sensitivity,Specificity,Accuracy,Test AUC,Sensitivity,Specificity,Accuracy
lasso,0.7116652637485972,0.6790123456790124,0.7443181818181819,0.735632183908046,0.7203790519693873,0.6440677966101694,0.7966903073286052,0.7780082987551867,0.6530303030303031,0.7727272727272727,0.5333333333333333,0.5748031496062992
linreg,0.7201529180695848,0.654320987654321,0.7859848484848485,0.7684729064039408,0.7284529390551749,0.6271186440677966,0.8297872340425532,0.8049792531120332,0.6683982683982684,0.7272727272727273,0.6095238095238096,0.6299212598425197
SVR10,0.6205106621773289,0.5061728395061729,0.7348484848484849,0.7044334975369458,0.6121929719116881,0.4915254237288136,0.7328605200945626,0.7033195020746889,0.6441558441558441,0.5454545454545454,0.7428571428571429,0.7086614173228346
ridge,0.7201529180695848,0.654320987654321,0.7859848484848485,0.7684729064039408,0.7284529390551749,0.6271186440677966,0.8297872340425532,0.8049792531120332,0.6683982683982684,0.7272727272727273,0.6095238095238096,0.6299212598425197
