,all,all,all,all,no revasc,no revasc,no revasc,no revasc,with revasc,with revasc,with revasc,with revasc
,Test AUC,Sensitivity,Specificity,Accuracy,Test AUC,Sensitivity,Specificity,Accuracy,Test AUC,Sensitivity,Specificity,Accuracy
lasso,0.7066232599910193,0.7529411764705882,0.6603053435114503,0.6732348111658456,0.7065668202764976,0.6774193548387096,0.7357142857142858,0.7282157676348547,0.6561454849498327,0.9565217391304348,0.3557692307692307,0.4645669291338583
linreg,0.7424000898069151,0.788235294117647,0.6965648854961832,0.7093596059113301,0.7334101382488479,0.7096774193548387,0.7571428571428571,0.7510373443983402,0.7259615384615384,1.0,0.45192307692307687,0.5511811023622047
SVR10,0.5969690166142793,0.25882352941176473,0.9351145038167938,0.8407224958949097,0.6049539170506912,0.27419354838709675,0.9357142857142857,0.8506224066390041,0.5750418060200669,0.21739130434782608,0.9326923076923077,0.8031496062992126
ridge,0.7414458913336326,0.788235294117647,0.6946564885496183,0.7077175697865353,0.7322196620583717,0.7096774193548387,0.7547619047619047,0.7489626556016598,0.7259615384615384,1.0,0.45192307692307687,0.5511811023622047
