,all,all,all,all,no revasc,no revasc,no revasc,no revasc,with revasc,with revasc,with revasc,with revasc
,Test AUC,Sensitivity,Specificity,Accuracy,Test AUC,Sensitivity,Specificity,Accuracy,Test AUC,Sensitivity,Specificity,Accuracy
lasso,0.6935540069686411,0.6571428571428571,0.7299651567944251,0.7257799671592775,0.6801312910284463,0.52,0.8402625820568927,0.8236514522821576,0.6495726495726496,1.0,0.2991452991452992,0.3543307086614173
linreg,0.7048780487804878,0.6571428571428571,0.7526132404181185,0.7471264367816092,0.6979431072210066,0.56,0.8358862144420132,0.8215767634854771,0.6636752136752136,0.9,0.4273504273504274,0.4645669291338583
SVR10,0.5081881533101045,0.02857142857142857,0.9878048780487805,0.9326765188834154,0.49562363238512036,0.0,1.0,0.9481327800829875,0.5371794871794872,0.1,0.9743589743589743,0.905511811023622
ridge,0.7048780487804878,0.6571428571428571,0.7526132404181185,0.7471264367816092,0.6979431072210066,0.56,0.8358862144420132,0.8215767634854771,0.6636752136752136,0.9,0.4273504273504274,0.4645669291338583
