,all,all,all,all,no revasc,no revasc,no revasc,no revasc,with revasc,with revasc,with revasc,with revasc
,Test AUC,Sensitivity,Specificity,Accuracy,Test AUC,Sensitivity,Specificity,Accuracy,Test AUC,Sensitivity,Specificity,Accuracy
lasso,0.6076739618406284,0.4691358024691358,0.7462121212121212,0.7093596059113301,0.6249949913851826,0.4745762711864407,0.7754137115839244,0.7385892116182573,0.5415584415584416,0.45454545454545453,0.6285714285714286,0.5984251968503937
linreg,0.6110058922558922,0.48148148148148145,0.740530303030303,0.7060755336617406,0.6348519453459951,0.5084745762711864,0.7612293144208038,0.7302904564315352,0.5331168831168831,0.4090909090909091,0.6571428571428571,0.6141732283464567
SVR10,0.5593434343434344,0.4444444444444444,0.6742424242424243,0.6436781609195402,0.5546540048884081,0.423728813559322,0.6855791962174941,0.6535269709543569,0.5642857142857143,0.5,0.6285714285714286,0.6062992125984252
ridge,0.6110058922558922,0.48148148148148145,0.740530303030303,0.7060755336617406,0.6348519453459951,0.5084745762711864,0.7612293144208038,0.7302904564315352,0.5331168831168831,0.4090909090909091,0.6571428571428571,0.6141732283464567
