,all,all,all,all,no revasc,no revasc,no revasc,no revasc,with revasc,with revasc,with revasc,with revasc
,Test AUC,Sensitivity,Specificity,Accuracy,Test AUC,Sensitivity,Specificity,Accuracy,Test AUC,Sensitivity,Specificity,Accuracy
lasso,0.6354288280197575,0.4235294117647059,0.8473282442748091,0.7881773399014779,0.622926267281106,0.3387096774193548,0.9071428571428571,0.8340248962655602,0.6289715719063546,0.6521739130434783,0.6057692307692308,0.6141732283464567
linreg,0.613493488998653,0.35294117647058826,0.8740458015267176,0.8013136288998358,0.6184331797235023,0.3225806451612903,0.9142857142857143,0.8381742738589212,0.5731605351170569,0.43478260869565216,0.7115384615384616,0.6614173228346457
SVR10,0.633026493039964,0.5294117647058824,0.7366412213740459,0.7077175697865353,0.6620199692780337,0.5645161290322581,0.7595238095238095,0.7344398340248963,0.5395066889632106,0.43478260869565216,0.6442307692307692,0.6062992125984252
ridge,0.6125392905253705,0.35294117647058826,0.8721374045801527,0.7996715927750411,0.6184331797235023,0.3225806451612903,0.9142857142857143,0.8381742738589212,0.5683528428093645,0.43478260869565216,0.7019230769230769,0.6535433070866141
