,all,all,all,all,no revasc,no revasc,no revasc,no revasc,with revasc,with revasc,with revasc,with revasc
,Test AUC,Sensitivity,Specificity,Accuracy,Test AUC,Sensitivity,Specificity,Accuracy,Test AUC,Sensitivity,Specificity,Accuracy
lasso,0.6613825073537626,0.6355140186915887,0.6872509960159363,0.6781609195402298,0.6568407960199005,0.55,0.763681592039801,0.7282157676348547,0.6344444444444444,0.8888888888888888,0.38,0.4881889763779528
linreg,0.6587016420300108,0.6261682242990654,0.6912350597609562,0.6798029556650246,0.6643656716417911,0.575,0.7537313432835822,0.7240663900414938,0.6088888888888888,0.7777777777777778,0.43999999999999995,0.5118110236220472
SVR10,0.5527702275012102,0.24299065420560748,0.8625498007968128,0.7536945812807881,0.5628731343283582,0.275,0.8507462686567164,0.7551867219917012,0.5290740740740741,0.14814814814814814,0.91,0.7480314960629921
ridge,0.6577056260937558,0.6261682242990654,0.6892430278884463,0.6781609195402298,0.6693718905472636,0.5875,0.7512437810945274,0.7240663900414938,0.5903703703703703,0.7407407407407407,0.43999999999999995,0.5039370078740157
