,all,all,all,all,no revasc,no revasc,no revasc,no revasc,with revasc,with revasc,with revasc,with revasc
,Test AUC,Sensitivity,Specificity,Accuracy,Test AUC,Sensitivity,Specificity,Accuracy,Test AUC,Sensitivity,Specificity,Accuracy
lasso,0.6028195193465626,0.4788732394366197,0.7267657992565055,0.6978653530377669,0.5908796296296296,0.36,0.8217592592592593,0.7738589211618258,0.5507637017070979,0.7619047619047619,0.339622641509434,0.4094488188976378
linreg,0.6125451594324312,0.5633802816901409,0.6617100371747212,0.6502463054187192,0.6131018518518518,0.46,0.7662037037037037,0.7344398340248963,0.5226864330637915,0.8095238095238095,0.23584905660377353,0.33070866141732286
SVR10,0.6281349808890517,0.704225352112676,0.5520446096654275,0.5697865353037767,0.648287037037037,0.66,0.6365740740740741,0.6390041493775933,0.5085354896675651,0.8095238095238095,0.2075471698113207,0.30708661417322836
ridge,0.6125451594324312,0.5633802816901409,0.6617100371747212,0.6502463054187192,0.6131018518518518,0.46,0.7662037037037037,0.7344398340248963,0.5226864330637915,0.8095238095238095,0.23584905660377353,0.33070866141732286
