,all,all,all,all,no revasc,no revasc,no revasc,no revasc,with revasc,with revasc,with revasc,with revasc
,Test AUC,Sensitivity,Specificity,Accuracy,Test AUC,Sensitivity,Specificity,Accuracy,Test AUC,Sensitivity,Specificity,Accuracy
lasso,0.593623709025595,0.29411764705882354,0.8931297709923665,0.8095238095238095,0.5589477726574501,0.1774193548387097,0.9404761904761905,0.8423236514522822,0.655309364548495,0.6086956521739131,0.7019230769230769,0.6850393700787402
linreg,0.5872698697799731,0.24705882352941178,0.9274809160305344,0.8325123152709359,0.5786482334869432,0.20967741935483872,0.9476190476190476,0.8526970954356846,0.5969899665551839,0.34782608695652173,0.8461538461538461,0.7559055118110236
SVR10,0.5926358329591378,0.5058823529411764,0.6793893129770993,0.6551724137931034,0.6154761904761905,0.5,0.730952380952381,0.7012448132780082,0.49644648829431437,0.0,1.0,0.8188976377952756
ridge,0.5872698697799731,0.24705882352941178,0.9274809160305344,0.8325123152709359,0.5786482334869432,0.20967741935483872,0.9476190476190476,0.8526970954356846,0.5969899665551839,0.34782608695652173,0.8461538461538461,0.7559055118110236
