,all,all,all,all,no revasc,no revasc,no revasc,no revasc,with revasc,with revasc,with revasc,with revasc
,Test AUC,Sensitivity,Specificity,Accuracy,Test AUC,Sensitivity,Specificity,Accuracy,Test AUC,Sensitivity,Specificity,Accuracy
lasso,0.6822945205479451,0.88,0.4845890410958904,0.5008210180623974,0.6924098671726755,0.8235294117647058,0.5612903225806452,0.5705394190871369,0.592436974789916,1.0,0.18487394957983194,0.23622047244094488
linreg,0.6768493150684931,0.84,0.5136986301369864,0.5270935960591133,0.669449715370019,0.7647058823529411,0.5741935483870968,0.5809128630705395,0.6386554621848739,1.0,0.2773109243697479,0.3228346456692913
SVR10,0.5488698630136987,0.12,0.9777397260273972,0.9425287356321839,0.4881720430107527,0.0,1.0,0.9647302904564315,0.6790966386554621,0.375,0.9831932773109243,0.9448818897637795
ridge,0.6636986301369863,0.8,0.5273972602739726,0.5385878489326765,0.6464895635673625,0.7058823529411765,0.5870967741935484,0.5912863070539419,0.6470588235294117,1.0,0.2941176470588235,0.33858267716535434
