,all,all,all,all,no revasc,no revasc,no revasc,no revasc,with revasc,with revasc,with revasc,with revasc
,Test AUC,Sensitivity,Specificity,Accuracy,Test AUC,Sensitivity,Specificity,Accuracy,Test AUC,Sensitivity,Specificity,Accuracy
lasso,0.6624529917712328,0.6635514018691588,0.6613545816733069,0.6617405582922824,0.6631529850746268,0.5875,0.7388059701492538,0.7136929460580913,0.6194444444444445,0.8888888888888888,0.35,0.4645669291338583
linreg,0.6741724690024946,0.7009345794392523,0.647410358565737,0.6568144499178982,0.6769900497512438,0.65,0.7039800995024876,0.6950207468879668,0.635925925925926,0.8518518518518519,0.42000000000000004,0.5118110236220472
SVR10,0.6104553747626318,0.3364485981308411,0.8844621513944223,0.7881773399014779,0.6102300995024875,0.3125,0.9079601990049752,0.8091286307053942,0.5987037037037037,0.4074074074074074,0.79,0.7086614173228346
ridge,0.6751684849387497,0.7009345794392523,0.649402390438247,0.6584564860426929,0.678233830845771,0.65,0.7064676616915423,0.6970954356846473,0.635925925925926,0.8518518518518519,0.42000000000000004,0.5118110236220472
