,all,all,all,all,no revasc,no revasc,no revasc,no revasc,with revasc,with revasc,with revasc,with revasc
,Test AUC,Sensitivity,Specificity,Accuracy,Test AUC,Sensitivity,Specificity,Accuracy,Test AUC,Sensitivity,Specificity,Accuracy
lasso,0.6627177700348433,0.6285714285714286,0.6968641114982579,0.6929392446633826,0.6694967177242889,0.56,0.7789934354485777,0.7676348547717843,0.588034188034188,0.8,0.37606837606837606,0.4094488188976378
linreg,0.6820557491289199,0.7142857142857143,0.6498257839721254,0.6535303776683087,0.7079212253829321,0.72,0.6958424507658643,0.6970954356846473,0.585042735042735,0.7,0.4700854700854701,0.4881889763779528
SVR10,0.5412891986062718,0.8857142857142857,0.1968641114982579,0.23645320197044334,0.527527352297593,0.88,0.17505470459518602,0.21161825726141079,0.591025641025641,0.9,0.28205128205128205,0.33070866141732286
ridge,0.6837979094076656,0.7142857142857143,0.6533101045296168,0.6568144499178982,0.7101094091903719,0.72,0.700218818380744,0.7012448132780082,0.585042735042735,0.7,0.4700854700854701,0.4881889763779528
