,all,all,all,all,no revasc,no revasc,no revasc,no revasc,with revasc,with revasc,with revasc,with revasc
,Test AUC,Sensitivity,Specificity,Accuracy,Test AUC,Sensitivity,Specificity,Accuracy,Test AUC,Sensitivity,Specificity,Accuracy
lasso,0.6932932263814617,0.875,0.5115864527629234,0.5402298850574713,0.7198004201680672,0.8235294117647058,0.6160714285714286,0.6307053941908713,0.5486725663716814,1.0,0.09734513274336287,0.1968503937007874
linreg,0.7287210338680927,0.9583333333333334,0.4991087344028521,0.535303776683087,0.7540703781512605,0.9411764705882353,0.5669642857142857,0.5933609958506224,0.6150442477876106,1.0,0.23008849557522126,0.31496062992125984
SVR10,0.5169897504456328,0.0625,0.9714795008912656,0.8998357963875205,0.5171349789915967,0.058823529411764705,0.9754464285714286,0.9107883817427386,0.5135903919089759,0.07142857142857142,0.9557522123893806,0.8582677165354331
ridge,0.7287210338680927,0.9583333333333334,0.4991087344028521,0.535303776683087,0.7540703781512605,0.9411764705882353,0.5669642857142857,0.5933609958506224,0.6150442477876106,1.0,0.23008849557522126,0.31496062992125984
