,all,all,all,all,no revasc,no revasc,no revasc,no revasc,with revasc,with revasc,with revasc,with revasc
,Test AUC,Sensitivity,Specificity,Accuracy,Test AUC,Sensitivity,Specificity,Accuracy,Test AUC,Sensitivity,Specificity,Accuracy
lasso,0.646002408503063,0.5633802816901409,0.7286245353159851,0.7093596059113301,0.6473148148148149,0.54,0.7546296296296297,0.7323651452282157,0.6208445642407907,0.6190476190476191,0.6226415094339622,0.6220472440944882
linreg,0.6399942405361537,0.4788732394366197,0.8011152416356877,0.7635467980295566,0.6597222222222221,0.5,0.8194444444444444,0.7863070539419087,0.5774932614555256,0.42857142857142855,0.7264150943396226,0.6771653543307087
SVR10,0.5147259018796796,0.971830985915493,0.05762081784386619,0.16420361247947454,0.5066203703703703,0.96,0.0532407407407407,0.14730290456431536,0.5377358490566038,1.0,0.07547169811320753,0.2283464566929134
ridge,0.6399942405361537,0.4788732394366197,0.8011152416356877,0.7635467980295566,0.6597222222222221,0.5,0.8194444444444444,0.7863070539419087,0.5774932614555256,0.42857142857142855,0.7264150943396226,0.6771653543307087
