,all,all,all,all,no revasc,no revasc,no revasc,no revasc,with revasc,with revasc,with revasc,with revasc
,Test AUC,Sensitivity,Specificity,Accuracy,Test AUC,Sensitivity,Specificity,Accuracy,Test AUC,Sensitivity,Specificity,Accuracy
lasso,0.6938714068799413,0.7464788732394366,0.6412639405204461,0.6535303776683087,0.6830092592592594,0.66,0.7060185185185186,0.7012448132780082,0.6648697214734951,0.9523809523809523,0.37735849056603776,0.47244094488188976
linreg,0.7006256872087545,0.704225352112676,0.6970260223048328,0.6978653530377669,0.6984722222222222,0.64,0.7569444444444444,0.7448132780082988,0.6549865229110512,0.8571428571428571,0.4528301886792453,0.5196850393700787
SVR10,0.5157338080527777,0.16901408450704225,0.862453531598513,0.7816091954022989,0.5317129629629629,0.2,0.8634259259259259,0.7946058091286307,0.4768643306379156,0.0,1.0,0.8346456692913385
ridge,0.7069218283679773,0.8450704225352113,0.5687732342007434,0.6009852216748769,0.7113425925925926,0.8,0.6226851851851851,0.6410788381742739,0.6507187780772686,0.9523809523809523,0.34905660377358494,0.44881889763779526
