,all,all,all,all,no revasc,no revasc,no revasc,no revasc,with revasc,with revasc,with revasc,with revasc
,Test AUC,Sensitivity,Specificity,Accuracy,Test AUC,Sensitivity,Specificity,Accuracy,Test AUC,Sensitivity,Specificity,Accuracy
lasso,0.7192410213243546,0.6790123456790124,0.759469696969697,0.7487684729064039,0.7164322634932083,0.6101694915254238,0.8226950354609929,0.7966804979253111,0.6841991341991343,0.8636363636363636,0.5047619047619047,0.5669291338582677
linreg,0.7277637485970819,0.6790123456790124,0.7765151515151515,0.7635467980295566,0.7526946347718075,0.6779661016949152,0.8274231678486997,0.8091286307053942,0.6266233766233765,0.6818181818181818,0.5714285714285714,0.5905511811023622
SVR10,0.6873597081930416,0.5679012345679012,0.8068181818181819,0.7750410509031199,0.7004647994550627,0.559322033898305,0.8416075650118203,0.8070539419087137,0.6287878787878789,0.5909090909090909,0.6666666666666667,0.6535433070866141
ridge,0.7254840067340067,0.7407407407407407,0.7102272727272727,0.7142857142857143,0.7377288936971591,0.711864406779661,0.7635933806146572,0.7572614107883817,0.6567099567099568,0.8181818181818182,0.49523809523809526,0.5511811023622047
