,all,all,all,all,no revasc,no revasc,no revasc,no revasc,with revasc,with revasc,with revasc,with revasc
,Test AUC,Sensitivity,Specificity,Accuracy,Test AUC,Sensitivity,Specificity,Accuracy,Test AUC,Sensitivity,Specificity,Accuracy
lasso,0.7387978142076502,0.8,0.6775956284153005,0.6896551724137931,0.7422708920966761,0.7317073170731707,0.7528344671201814,0.7510373443983402,0.6588693957115008,0.9473684210526315,0.37037037037037035,0.4566929133858268
linreg,0.7785063752276867,0.8666666666666667,0.6903460837887068,0.7077175697865353,0.8021127150047009,0.8536585365853658,0.7505668934240363,0.7593360995850622,0.6695906432748537,0.8947368421052632,0.4444444444444444,0.5118110236220472
SVR10,0.5891165755919855,0.31666666666666665,0.8615664845173042,0.8078817733990148,0.606963110447431,0.36585365853658536,0.8480725623582767,0.8070539419087137,0.5635964912280702,0.21052631578947367,0.9166666666666666,0.8110236220472441
ridge,0.7775956284153005,0.8666666666666667,0.6885245901639344,0.7060755336617406,0.8131740501078479,0.8780487804878049,0.7482993197278911,0.7593360995850622,0.6432748538011696,0.8421052631578947,0.4444444444444444,0.5039370078740157
