,all,all,all,all,no revasc,no revasc,no revasc,no revasc,with revasc,with revasc,with revasc,with revasc
,Test AUC,Sensitivity,Specificity,Accuracy,Test AUC,Sensitivity,Specificity,Accuracy,Test AUC,Sensitivity,Specificity,Accuracy
lasso,0.5965909090909091,0.375,0.8181818181818181,0.7832512315270936,0.6095063025210085,0.35294117647058826,0.8660714285714286,0.8298755186721992,0.5284450063211125,0.42857142857142855,0.6283185840707964,0.6062992125984252
linreg,0.6555258467023173,0.5,0.8110516934046346,0.7865353037766831,0.6413471638655462,0.4411764705882353,0.8415178571428572,0.8132780082987552,0.6665613147914032,0.6428571428571429,0.6902654867256637,0.6850393700787402
SVR10,0.5311942959001782,0.3333333333333333,0.7290552584670231,0.6978653530377669,0.5269170168067228,0.35294117647058826,0.7008928571428572,0.6763485477178424,0.5632111251580277,0.2857142857142857,0.8407079646017699,0.7795275590551181
ridge,0.6487856506238858,0.6041666666666666,0.6934046345811051,0.6863711001642037,0.6465992647058824,0.5588235294117647,0.734375,0.7219917012448133,0.622629582806574,0.7142857142857143,0.5309734513274336,0.5511811023622047
