,all,all,all,all,no revasc,no revasc,no revasc,no revasc,with revasc,with revasc,with revasc,with revasc
,Test AUC,Sensitivity,Specificity,Accuracy,Test AUC,Sensitivity,Specificity,Accuracy,Test AUC,Sensitivity,Specificity,Accuracy
lasso,0.6687359708193041,0.7901234567901234,0.5473484848484849,0.5796387520525451,0.6823736827343028,0.7288135593220338,0.635933806146572,0.6473029045643154,0.5725108225108225,0.9545454545454546,0.19047619047619047,0.3228346456692913
linreg,0.6989337822671157,0.7160493827160493,0.6818181818181819,0.6863711001642037,0.6943743238369997,0.6440677966101694,0.7446808510638299,0.7323651452282157,0.6688311688311688,0.9090909090909091,0.4285714285714286,0.5118110236220472
SVR10,0.5890151515151515,0.3333333333333333,0.8446969696969697,0.7766830870279147,0.5762912208999479,0.2542372881355932,0.8983451536643026,0.8195020746887967,0.587012987012987,0.5454545454545454,0.6285714285714286,0.6141732283464567
ridge,0.6989337822671157,0.7160493827160493,0.6818181818181819,0.6863711001642037,0.6943743238369997,0.6440677966101694,0.7446808510638299,0.7323651452282157,0.6688311688311688,0.9090909090909091,0.4285714285714286,0.5118110236220472
