,all,all,all,all,no revasc,no revasc,no revasc,no revasc,with revasc,with revasc,with revasc,with revasc
,Test AUC,Sensitivity,Specificity,Accuracy,Test AUC,Sensitivity,Specificity,Accuracy,Test AUC,Sensitivity,Specificity,Accuracy
lasso,0.7016343995510663,0.6172839506172839,0.7859848484848485,0.7635467980295566,0.7162319189005089,0.5932203389830508,0.8392434988179669,0.8091286307053942,0.6266233766233765,0.6818181818181818,0.5714285714285714,0.5905511811023622
linreg,0.7171015712682379,0.8395061728395061,0.5946969696969697,0.6272577996715928,0.7318387626717955,0.8135593220338984,0.6501182033096926,0.6701244813278008,0.6402597402597403,0.9090909090909091,0.37142857142857144,0.4645669291338583
SVR10,0.5746703142536476,0.5679012345679012,0.5814393939393939,0.5796387520525451,0.5893536883439515,0.559322033898305,0.6193853427895981,0.6120331950207469,0.5097402597402598,0.5909090909090909,0.4285714285714286,0.4566929133858268
ridge,0.7171015712682379,0.8395061728395061,0.5946969696969697,0.6272577996715928,0.7318387626717955,0.8135593220338984,0.6501182033096926,0.6701244813278008,0.6402597402597403,0.9090909090909091,0.37142857142857144,0.4645669291338583
