,all,all,all,all,no revasc,no revasc,no revasc,no revasc,with revasc,with revasc,with revasc,with revasc
,Test AUC,Sensitivity,Specificity,Accuracy,Test AUC,Sensitivity,Specificity,Accuracy,Test AUC,Sensitivity,Specificity,Accuracy
lasso,0.6927140255009108,0.7333333333333333,0.6520947176684881,0.6600985221674877,0.7065427797135115,0.6829268292682927,0.7301587301587302,0.7261410788381742,0.5877192982456141,0.8421052631578947,0.33333333333333337,0.4094488188976378
linreg,0.7153460837887068,0.7166666666666667,0.7140255009107468,0.7142857142857143,0.7238261158121786,0.6585365853658537,0.7891156462585034,0.7780082987551867,0.6247563352826511,0.8421052631578947,0.40740740740740744,0.47244094488188976
SVR10,0.5048269581056467,0.03333333333333333,0.97632058287796,0.8834154351395731,0.49972346662242134,0.0,1.0,0.9149377593360996,0.517056530214425,0.05263157894736842,0.9814814814814815,0.84251968503937
ridge,0.7153460837887068,0.7166666666666667,0.7140255009107468,0.7142857142857143,0.7238261158121786,0.6585365853658537,0.7891156462585034,0.7780082987551867,0.6247563352826511,0.8421052631578947,0.40740740740740744,0.47244094488188976
