,all,all,all,all,no revasc,no revasc,no revasc,no revasc,with revasc,with revasc,with revasc,with revasc
,Test AUC,Sensitivity,Specificity,Accuracy,Test AUC,Sensitivity,Specificity,Accuracy,Test AUC,Sensitivity,Specificity,Accuracy
lasso,0.6027106527162378,0.4205607476635514,0.7848605577689243,0.7208538587848933,0.5778296019900498,0.2875,0.8681592039800995,0.7717842323651453,0.6324074074074074,0.8148148148148148,0.44999999999999996,0.5275590551181102
linreg,0.5840190639311911,0.38317757009345793,0.7848605577689243,0.7142857142857143,0.5666355721393035,0.2875,0.845771144278607,0.7531120331950207,0.6033333333333333,0.6666666666666666,0.54,0.5669291338582677
SVR10,0.5304855344975239,0.102803738317757,0.9581673306772909,0.8078817733990148,0.5425995024875622,0.125,0.9601990049751243,0.8215767634854771,0.49351851851851847,0.0,1.0,0.7874015748031497
ridge,0.5830230479949361,0.38317757009345793,0.7828685258964143,0.7126436781609196,0.5666355721393035,0.2875,0.845771144278607,0.7531120331950207,0.5983333333333333,0.6666666666666666,0.53,0.5590551181102362
