,all,all,all,all,no revasc,no revasc,no revasc,no revasc,with revasc,with revasc,with revasc,with revasc
,Test AUC,Sensitivity,Specificity,Accuracy,Test AUC,Sensitivity,Specificity,Accuracy,Test AUC,Sensitivity,Specificity,Accuracy
lasso,0.6142718844249172,0.5233644859813084,0.7051792828685259,0.6732348111658456,0.6079912935323384,0.4125,0.8034825870646767,0.7385892116182573,0.580925925925926,0.8518518518518519,0.31000000000000005,0.4251968503937008
linreg,0.6341084261086495,0.616822429906542,0.651394422310757,0.645320197044335,0.6282027363184081,0.5375,0.7189054726368159,0.6887966804979253,0.615925925925926,0.8518518518518519,0.38,0.48031496062992124
SVR10,0.47686822802248946,0.0,1.0,0.8243021346469622,0.4749689054726368,0.0,1.0,0.8340248962655602,0.49592592592592594,0.0,1.0,0.7874015748031497
ridge,0.6341084261086495,0.616822429906542,0.651394422310757,0.645320197044335,0.6282027363184081,0.5375,0.7189054726368159,0.6887966804979253,0.615925925925926,0.8518518518518519,0.38,0.48031496062992124
