,all,all,all,all,no revasc,no revasc,no revasc,no revasc,with revasc,with revasc,with revasc,with revasc
,Test AUC,Sensitivity,Specificity,Accuracy,Test AUC,Sensitivity,Specificity,Accuracy,Test AUC,Sensitivity,Specificity,Accuracy
lasso,0.6680327868852459,0.8333333333333334,0.5027322404371585,0.535303776683087,0.6963663514186162,0.7804878048780488,0.6122448979591837,0.6265560165975104,0.5014619883040935,0.9473684210526315,0.05555555555555558,0.1889763779527559
linreg,0.70264116575592,0.8333333333333334,0.5719489981785064,0.5977011494252874,0.7156407278358499,0.7804878048780488,0.6507936507936508,0.6618257261410788,0.5986842105263157,0.9473684210526315,0.25,0.3543307086614173
SVR10,0.5019581056466301,0.016666666666666666,0.9872495446265938,0.8916256157635468,0.4965986394557823,0.0,1.0,0.9149377593360996,0.5077972709551657,0.05263157894736842,0.962962962962963,0.8267716535433071
ridge,0.70264116575592,0.8333333333333334,0.5719489981785064,0.5977011494252874,0.7156407278358499,0.7804878048780488,0.6507936507936508,0.6618257261410788,0.5986842105263157,0.9473684210526315,0.25,0.3543307086614173
