,all,all,all,all,no revasc,no revasc,no revasc,no revasc,with revasc,with revasc,with revasc,with revasc
,Test AUC,Sensitivity,Specificity,Accuracy,Test AUC,Sensitivity,Specificity,Accuracy,Test AUC,Sensitivity,Specificity,Accuracy
lasso,0.7175245098039215,0.7291666666666666,0.7058823529411764,0.7077175697865353,0.7121192226890758,0.6764705882352942,0.7477678571428572,0.7427385892116183,0.6984829329962072,0.8571428571428571,0.5398230088495575,0.5748031496062992
linreg,0.7247660427807485,0.8541666666666666,0.5953654188948306,0.6157635467980296,0.7445509453781514,0.8529411764705882,0.6361607142857143,0.6514522821576764,0.645385587863464,0.8571428571428571,0.4336283185840708,0.48031496062992124
SVR10,0.4964349376114082,0.0,1.0,0.9211822660098522,0.4955357142857143,0.0,1.0,0.9294605809128631,0.5,0.0,1.0,0.889763779527559
ridge,0.7247660427807485,0.8541666666666666,0.5953654188948306,0.6157635467980296,0.7445509453781514,0.8529411764705882,0.6361607142857143,0.6514522821576764,0.645385587863464,0.8571428571428571,0.4336283185840708,0.48031496062992124
