,all,all,all,all,no revasc,no revasc,no revasc,no revasc,with revasc,with revasc,with revasc,with revasc
,Test AUC,Sensitivity,Specificity,Accuracy,Test AUC,Sensitivity,Specificity,Accuracy,Test AUC,Sensitivity,Specificity,Accuracy
lasso,0.6597103726986978,0.7411764705882353,0.5782442748091603,0.6009852216748769,0.6684715821812596,0.6774193548387096,0.6595238095238095,0.6618257261410788,0.5815217391304348,0.9130434782608695,0.25,0.3700787401574803
linreg,0.6883251010327796,0.8117647058823529,0.5648854961832062,0.5993431855500821,0.7061443932411674,0.7741935483870968,0.638095238095238,0.6556016597510373,0.5911371237458194,0.9130434782608695,0.2692307692307693,0.3858267716535433
SVR10,0.49904580152671757,0.0,1.0,0.8604269293924466,0.4988095238095238,0.0,1.0,0.8713692946058091,0.5,0.0,1.0,0.8188976377952756
ridge,0.6883251010327796,0.8117647058823529,0.5648854961832062,0.5993431855500821,0.7061443932411674,0.7741935483870968,0.638095238095238,0.6556016597510373,0.5911371237458194,0.9130434782608695,0.2692307692307693,0.3858267716535433
