,all,all,all,all,no revasc,no revasc,no revasc,no revasc,with revasc,with revasc,with revasc,with revasc
,Test AUC,Sensitivity,Specificity,Accuracy,Test AUC,Sensitivity,Specificity,Accuracy,Test AUC,Sensitivity,Specificity,Accuracy
lasso,0.5756511001347103,0.3058823529411765,0.8454198473282443,0.7701149425287356,0.5939708141321045,0.2903225806451613,0.8976190476190476,0.8195020746887967,0.49122073578595316,0.0,1.0,0.8188976377952756
linreg,0.5929726088908845,0.38823529411764707,0.7977099236641221,0.7405582922824302,0.5893241167434716,0.3548387096774194,0.8238095238095238,0.7634854771784232,0.5852842809364549,0.4782608695652174,0.6923076923076923,0.6535433070866141
SVR10,0.5871127076784912,0.23529411764705882,0.9389312977099237,0.8407224958949097,0.5983486943164362,0.24193548387096775,0.9547619047619048,0.8630705394190872,0.5461956521739131,0.21739130434782608,0.875,0.7559055118110236
ridge,0.6018747193533902,0.4117647058823529,0.7919847328244275,0.7389162561576355,0.6042626728110599,0.3870967741935484,0.8214285714285714,0.7655601659751037,0.5756688963210702,0.4782608695652174,0.6730769230769231,0.6377952755905512
