,all,all,all,all,no revasc,no revasc,no revasc,no revasc,with revasc,with revasc,with revasc,with revasc
,Test AUC,Sensitivity,Specificity,Accuracy,Test AUC,Sensitivity,Specificity,Accuracy,Test AUC,Sensitivity,Specificity,Accuracy
lasso,0.7174131016042781,0.9375,0.49732620320855614,0.5320197044334976,0.7460609243697478,0.9117647058823529,0.5803571428571428,0.6037344398340249,0.584070796460177,1.0,0.16814159292035402,0.25984251968503935
linreg,0.7092803030303031,0.8125,0.6060606060606061,0.6223316912972086,0.7318802521008403,0.7941176470588235,0.6696428571428572,0.6784232365145229,0.6055625790139064,0.8571428571428571,0.35398230088495575,0.4094488188976378
SVR10,0.6575868983957219,0.4791666666666667,0.8360071301247771,0.8078817733990148,0.6636685924369747,0.4411764705882353,0.8861607142857143,0.8547717842323651,0.6042983565107458,0.5714285714285714,0.6371681415929203,0.6299212598425197
ridge,0.7083890374331551,0.8125,0.6042780748663101,0.6206896551724138,0.7318802521008403,0.7941176470588235,0.6696428571428572,0.6784232365145229,0.6011378002528445,0.8571428571428571,0.34513274336283184,0.4015748031496063
