,all,all,all,all,no revasc,no revasc,no revasc,no revasc,with revasc,with revasc,with revasc,with revasc
,Test AUC,Sensitivity,Specificity,Accuracy,Test AUC,Sensitivity,Specificity,Accuracy,Test AUC,Sensitivity,Specificity,Accuracy
lasso,0.6270036429872495,0.38333333333333336,0.8706739526411658,0.8226600985221675,0.5989989491731652,0.2682926829268293,0.9297052154195011,0.8734439834024896,0.6306042884990254,0.631578947368421,0.6296296296296297,0.6299212598425197
linreg,0.6004553734061931,0.36666666666666664,0.8342440801457195,0.7881773399014779,0.6018472429622256,0.3170731707317073,0.8866213151927438,0.8381742738589212,0.5470272904483431,0.47368421052631576,0.6203703703703703,0.5984251968503937
SVR10,0.5750455373406193,0.26666666666666666,0.8834244080145719,0.8226600985221675,0.5800011061335103,0.24390243902439024,0.9160997732426304,0.8589211618257261,0.5328947368421053,0.3157894736842105,0.75,0.6850393700787402
ridge,0.6050091074681239,0.36666666666666664,0.843351548269581,0.7963875205254516,0.6018472429622256,0.3170731707317073,0.8866213151927438,0.8381742738589212,0.5701754385964912,0.47368421052631576,0.6666666666666667,0.6377952755905512
