,all,all,all,all,no revasc,no revasc,no revasc,no revasc,with revasc,with revasc,with revasc,with revasc
,Test AUC,Sensitivity,Specificity,Accuracy,Test AUC,Sensitivity,Specificity,Accuracy,Test AUC,Sensitivity,Specificity,Accuracy
lasso,0.650965424337674,0.7294117647058823,0.5725190839694656,0.5944170771756979,0.6860599078341014,0.6935483870967742,0.6785714285714286,0.6804979253112033,0.4851588628762542,0.0,1.0,0.8188976377952756
linreg,0.6492141894925909,0.7411764705882353,0.5572519083969465,0.5829228243021346,0.6846006144393241,0.7096774193548387,0.6595238095238095,0.6659751037344398,0.4851588628762542,0.0,1.0,0.8188976377952756
SVR10,0.48665244723843737,0.0,1.0,0.8604269293924466,0.48863287250384024,0.0,1.0,0.8713692946058091,0.5043896321070234,0.8260869565217391,0.1826923076923077,0.2992125984251969
ridge,0.6492141894925909,0.7411764705882353,0.5572519083969465,0.5829228243021346,0.6846006144393241,0.7096774193548387,0.6595238095238095,0.6659751037344398,0.4851588628762542,0.0,1.0,0.8188976377952756
