,all,all,all,all,no revasc,no revasc,no revasc,no revasc,with revasc,with revasc,with revasc,with revasc
,Test AUC,Sensitivity,Specificity,Accuracy,Test AUC,Sensitivity,Specificity,Accuracy,Test AUC,Sensitivity,Specificity,Accuracy
lasso,0.6471311475409837,0.6166666666666667,0.6775956284153005,0.6715927750410509,0.6350589016094242,0.4878048780487805,0.782312925170068,0.7572614107883817,0.5723684210526316,0.8947368421052632,0.25,0.3464566929133858
linreg,0.6742258652094718,0.7,0.6484517304189436,0.6535303776683087,0.6986062717770035,0.6829268292682927,0.7142857142857143,0.7116182572614108,0.5582358674463938,0.7368421052631579,0.37962962962962965,0.4330708661417323
SVR10,0.590528233151184,0.26666666666666666,0.9143897996357013,0.8505747126436781,0.6032575631878768,0.2926829268292683,0.9138321995464853,0.8609958506224067,0.5635964912280702,0.21052631578947367,0.9166666666666666,0.8110236220472441
ridge,0.6733151183970856,0.7,0.6466302367941712,0.6518883415435139,0.6986062717770035,0.6829268292682927,0.7142857142857143,0.7116182572614108,0.5536062378167641,0.7368421052631579,0.37037037037037035,0.4251968503937008
