,all,all,all,all,no revasc,no revasc,no revasc,no revasc,with revasc,with revasc,with revasc,with revasc
,Test AUC,Sensitivity,Specificity,Accuracy,Test AUC,Sensitivity,Specificity,Accuracy,Test AUC,Sensitivity,Specificity,Accuracy
lasso,0.7144614901303732,0.7746478873239436,0.654275092936803,0.6683087027914614,0.7257407407407407,0.72,0.7314814814814814,0.7302904564315352,0.6221922731356694,0.9047619047619048,0.339622641509434,0.4330708661417323
linreg,0.7537829205717577,0.8309859154929577,0.6765799256505576,0.6945812807881774,0.7768981481481481,0.82,0.7337962962962963,0.7427385892116183,0.6502695417789758,0.8571428571428571,0.44339622641509435,0.5118110236220472
SVR10,0.5990627781559243,0.38028169014084506,0.8178438661710037,0.7668308702791461,0.6169907407407407,0.44,0.7939814814814815,0.7572614107883817,0.5765947888589399,0.23809523809523808,0.9150943396226415,0.8031496062992126
ridge,0.7474213309597361,0.8591549295774648,0.6356877323420074,0.6617405582922824,0.7760648148148147,0.86,0.6921296296296297,0.7095435684647303,0.6314016172506739,0.8571428571428571,0.4056603773584906,0.48031496062992124
