,all,all,all,all,no revasc,no revasc,no revasc,no revasc,with revasc,with revasc,with revasc,with revasc
,Test AUC,Sensitivity,Specificity,Accuracy,Test AUC,Sensitivity,Specificity,Accuracy,Test AUC,Sensitivity,Specificity,Accuracy
lasso,0.7039162112932604,0.7666666666666667,0.6411657559198543,0.6535303776683087,0.702864885791715,0.7073170731707317,0.6984126984126984,0.6991701244813278,0.6510721247563354,0.8947368421052632,0.40740740740740744,0.48031496062992124
linreg,0.7392987249544628,0.75,0.7285974499089254,0.7307060755336617,0.7624025219844035,0.7560975609756098,0.7687074829931972,0.7676348547717843,0.6508284600389864,0.7368421052631579,0.5648148148148149,0.5905511811023622
SVR10,0.5276867030965392,0.9333333333333333,0.12204007285974494,0.2019704433497537,0.5133012554615343,0.926829268292683,0.09977324263038545,0.17012448132780084,0.5801656920077972,0.9473684210526315,0.2129629629629629,0.3228346456692913
ridge,0.7374772313296903,0.75,0.7249544626593807,0.7274220032840722,0.7590011614401858,0.7560975609756098,0.7619047619047619,0.7614107883817427,0.655458089668616,0.7368421052631579,0.5740740740740741,0.5984251968503937
