,all,all,all,all,no revasc,no revasc,no revasc,no revasc,with revasc,with revasc,with revasc,with revasc
,Test AUC,Sensitivity,Specificity,Accuracy,Test AUC,Sensitivity,Specificity,Accuracy,Test AUC,Sensitivity,Specificity,Accuracy
lasso,0.6409222921398519,0.6822429906542056,0.599601593625498,0.6141215106732348,0.6495957711442786,0.6375,0.6616915422885572,0.6576763485477178,0.5824074074074075,0.8148148148148148,0.35,0.44881889763779526
linreg,0.6560952451874744,0.6448598130841121,0.6673306772908367,0.6633825944170771,0.6569962686567165,0.6125,0.7014925373134329,0.6867219917012448,0.6353703703703704,0.7407407407407407,0.53,0.5748031496062992
SVR10,0.4910451651338571,0.0,1.0,0.8243021346469622,0.4897699004975124,0.0,1.0,0.8340248962655602,0.500925925925926,0.8518518518518519,0.15000000000000002,0.2992125984251969
ridge,0.6528000148936961,0.6542056074766355,0.651394422310757,0.6518883415435139,0.6570273631840796,0.625,0.6890547263681592,0.6784232365145229,0.6203703703703703,0.7407407407407407,0.5,0.5511811023622047
