,all,all,all,all,no revasc,no revasc,no revasc,no revasc,with revasc,with revasc,with revasc,with revasc
,Test AUC,Sensitivity,Specificity,Accuracy,Test AUC,Sensitivity,Specificity,Accuracy,Test AUC,Sensitivity,Specificity,Accuracy
lasso,0.679965156794425,0.5428571428571428,0.8170731707317074,0.8013136288998358,0.6442013129102845,0.4,0.888402625820569,0.8630705394190872,0.7192307692307692,0.9,0.5384615384615384,0.5669291338582677
linreg,0.6963414634146342,0.6,0.7926829268292683,0.7816091954022989,0.7099781181619257,0.56,0.8599562363238512,0.8443983402489627,0.614957264957265,0.7,0.5299145299145299,0.5433070866141733
SVR10,0.5142857142857142,0.02857142857142857,1.0,0.9441707717569786,0.5,0.0,1.0,0.9481327800829875,0.55,0.1,1.0,0.9291338582677166
ridge,0.6963414634146342,0.6,0.7926829268292683,0.7816091954022989,0.7099781181619257,0.56,0.8599562363238512,0.8443983402489627,0.614957264957265,0.7,0.5299145299145299,0.5433070866141733
