,all,all,all,all,no revasc,no revasc,no revasc,no revasc,with revasc,with revasc,with revasc,with revasc
,Test AUC,Sensitivity,Specificity,Accuracy,Test AUC,Sensitivity,Specificity,Accuracy,Test AUC,Sensitivity,Specificity,Accuracy
lasso,0.6784730237926796,0.5700934579439252,0.7868525896414342,0.7487684729064039,0.670429104477612,0.5125,0.8283582089552239,0.7759336099585062,0.6803703703703703,0.7407407407407407,0.62,0.6456692913385826
linreg,0.7006832483151506,0.6822429906542056,0.7191235059760956,0.7126436781609196,0.7030783582089553,0.6375,0.7686567164179104,0.7468879668049793,0.6674074074074074,0.8148148148148148,0.52,0.5826771653543307
SVR10,0.5022247458763078,0.9626168224299065,0.041832669322709126,0.20361247947454844,0.5036691542288557,0.975,0.03233830845771146,0.1887966804979253,0.502962962962963,0.9259259259259259,0.07999999999999996,0.25984251968503935
ridge,0.7006832483151506,0.6822429906542056,0.7191235059760956,0.7126436781609196,0.7018345771144279,0.6375,0.7661691542288558,0.7448132780082988,0.6724074074074075,0.8148148148148148,0.53,0.5905511811023622
