,all,all,all,all,no revasc,no revasc,no revasc,no revasc,with revasc,with revasc,with revasc,with revasc
,Test AUC,Sensitivity,Specificity,Accuracy,Test AUC,Sensitivity,Specificity,Accuracy,Test AUC,Sensitivity,Specificity,Accuracy
lasso,0.6867898842871355,0.6338028169014085,0.7397769516728625,0.7274220032840722,0.67625,0.54,0.8125,0.7842323651452282,0.6502695417789758,0.8571428571428571,0.44339622641509435,0.5118110236220472
linreg,0.7021964500759202,0.647887323943662,0.7565055762081785,0.7438423645320197,0.7239351851851852,0.64,0.8078703703703703,0.7904564315352697,0.6069182389937107,0.6666666666666666,0.5471698113207547,0.5669291338582677
SVR10,0.583407508246505,0.4084507042253521,0.758364312267658,0.7175697865353038,0.6373148148148149,0.52,0.7546296296296297,0.7302904564315352,0.4582210242587601,0.0,1.0,0.8346456692913385
ridge,0.7003377140164406,0.647887323943662,0.7527881040892194,0.7405582922824302,0.7216203703703704,0.64,0.8032407407407407,0.7863070539419087,0.6069182389937107,0.6666666666666666,0.5471698113207547,0.5669291338582677
