,all,all,all,all,no revasc,no revasc,no revasc,no revasc,with revasc,with revasc,with revasc,with revasc
,Test AUC,Sensitivity,Specificity,Accuracy,Test AUC,Sensitivity,Specificity,Accuracy,Test AUC,Sensitivity,Specificity,Accuracy
lasso,0.7418032786885247,0.8333333333333334,0.6502732240437159,0.6683087027914614,0.7397267850229523,0.7560975609756098,0.7233560090702948,0.7261410788381742,0.6759259259259259,1.0,0.35185185185185186,0.44881889763779526
linreg,0.7841074681238616,0.8833333333333333,0.6848816029143898,0.7044334975369458,0.7876500193573364,0.8292682926829268,0.746031746031746,0.7531120331950207,0.7175925925925926,1.0,0.43518518518518523,0.5196850393700787
SVR10,0.596903460837887,0.26666666666666666,0.9271402550091075,0.8620689655172413,0.59673137547702,0.2682926829268293,0.9251700680272109,0.8692946058091287,0.5991715399610137,0.2631578947368421,0.9351851851851852,0.8346456692913385
ridge,0.7831967213114753,0.8833333333333333,0.6830601092896175,0.7027914614121511,0.7865162325092637,0.8292682926829268,0.7437641723356009,0.7510373443983402,0.7175925925925926,1.0,0.43518518518518523,0.5196850393700787
