,all,all,all,all,no revasc,no revasc,no revasc,no revasc,with revasc,with revasc,with revasc,with revasc
,Test AUC,Sensitivity,Specificity,Accuracy,Test AUC,Sensitivity,Specificity,Accuracy,Test AUC,Sensitivity,Specificity,Accuracy
lasso,0.6368493150684932,0.76,0.5136986301369864,0.5238095238095238,0.6235294117647059,0.6470588235294118,0.6,0.6016597510373444,0.5882352941176471,1.0,0.17647058823529416,0.2283464566929134
linreg,0.7444863013698629,0.84,0.648972602739726,0.6568144499178982,0.7393421884882986,0.7647058823529411,0.7139784946236559,0.7157676348547718,0.6974789915966386,1.0,0.39495798319327735,0.4330708661417323
SVR10,0.6360958904109589,0.44,0.8321917808219178,0.8160919540229885,0.5900695762175838,0.29411764705882354,0.886021505376344,0.8651452282157677,0.6859243697478992,0.75,0.6218487394957983,0.6299212598425197
ridge,0.7444863013698629,0.84,0.648972602739726,0.6568144499178982,0.7393421884882986,0.7647058823529411,0.7139784946236559,0.7157676348547718,0.6974789915966386,1.0,0.39495798319327735,0.4330708661417323
