,all,all,all,all,no revasc,no revasc,no revasc,no revasc,with revasc,with revasc,with revasc,with revasc
,Test AUC,Sensitivity,Specificity,Accuracy,Test AUC,Sensitivity,Specificity,Accuracy,Test AUC,Sensitivity,Specificity,Accuracy
lasso,0.6828779599271403,0.8666666666666667,0.4990892531876139,0.535303776683087,0.6992146452076765,0.8292682926829268,0.5691609977324263,0.5912863070539419,0.5801656920077972,0.9473684210526315,0.2129629629629629,0.3228346456692913
linreg,0.6904371584699454,0.9,0.4808743169398907,0.5221674876847291,0.6997953653005917,0.8780487804878049,0.5215419501133787,0.5518672199170125,0.6310916179337231,0.9473684210526315,0.31481481481481477,0.4094488188976378
SVR10,0.5485883424408013,0.15,0.9471766848816029,0.8686371100164204,0.5428350201869366,0.12195121951219512,0.963718820861678,0.8921161825726142,0.5450779727095517,0.21052631578947367,0.8796296296296297,0.7795275590551181
ridge,0.6895264116575592,0.9,0.47905282331511845,0.5205254515599343,0.6986615784525192,0.8780487804878049,0.5192743764172336,0.549792531120332,0.6310916179337231,0.9473684210526315,0.31481481481481477,0.4094488188976378
