,all,all,all,all,no revasc,no revasc,no revasc,no revasc,with revasc,with revasc,with revasc,with revasc
,Test AUC,Sensitivity,Specificity,Accuracy,Test AUC,Sensitivity,Specificity,Accuracy,Test AUC,Sensitivity,Specificity,Accuracy
lasso,0.6704545454545455,0.5833333333333334,0.7575757575757576,0.7438423645320197,0.6584821428571429,0.5,0.8169642857142857,0.7946058091286307,0.6539190897597976,0.7857142857142857,0.5221238938053097,0.5511811023622047
linreg,0.6803141711229947,0.6458333333333334,0.714795008912656,0.7093596059113301,0.6838235294117647,0.6176470588235294,0.75,0.7406639004149378,0.6447534766118838,0.7142857142857143,0.5752212389380531,0.5905511811023622
SVR10,0.6243315508021391,0.5,0.7486631016042781,0.729064039408867,0.6408219537815125,0.5294117647058824,0.7522321428571428,0.7365145228215768,0.5815423514538559,0.42857142857142855,0.7345132743362832,0.7007874015748031
ridge,0.6794229055258467,0.6458333333333334,0.7130124777183601,0.7077175697865353,0.6827074579831933,0.6176470588235294,0.7477678571428572,0.7385892116182573,0.6447534766118838,0.7142857142857143,0.5752212389380531,0.5905511811023622
