,all,all,all,all,no revasc,no revasc,no revasc,no revasc,with revasc,with revasc,with revasc,with revasc
,Test AUC,Sensitivity,Specificity,Accuracy,Test AUC,Sensitivity,Specificity,Accuracy,Test AUC,Sensitivity,Specificity,Accuracy
lasso,0.7552397260273972,0.68,0.8304794520547945,0.8243021346469622,0.7098671726755218,0.5294117647058824,0.8903225806451613,0.8775933609958506,0.7983193277310925,1.0,0.5966386554621849,0.6220472440944882
linreg,0.7723630136986301,0.68,0.8647260273972602,0.8571428571428571,0.7751423149905123,0.6470588235294118,0.9032258064516129,0.8941908713692946,0.7321428571428571,0.75,0.7142857142857143,0.7165354330708661
SVR10,0.7395890410958904,0.76,0.7191780821917808,0.7208538587848933,0.7805819101834282,0.8235294117647058,0.7376344086021505,0.7406639004149378,0.6360294117647058,0.625,0.6470588235294117,0.6456692913385826
ridge,0.7715068493150686,0.68,0.863013698630137,0.8555008210180624,0.7751423149905123,0.6470588235294118,0.9032258064516129,0.8941908713692946,0.7279411764705881,0.75,0.7058823529411764,0.7086614173228346
