,all,all,all,all,no revasc,no revasc,no revasc,no revasc,with revasc,with revasc,with revasc,with revasc
,Test AUC,Sensitivity,Specificity,Accuracy,Test AUC,Sensitivity,Specificity,Accuracy,Test AUC,Sensitivity,Specificity,Accuracy
lasso,0.6676487093153759,0.691358024691358,0.6439393939393939,0.6502463054187192,0.6863004367512121,0.6610169491525424,0.7115839243498818,0.7053941908713693,0.5720779220779221,0.7727272727272727,0.37142857142857144,0.4409448818897638
linreg,0.6462191358024691,0.6049382716049383,0.6875,0.6765188834154351,0.6508194093841406,0.559322033898305,0.7423167848699763,0.7199170124481328,0.5969696969696969,0.7272727272727273,0.4666666666666667,0.5118110236220472
SVR10,0.5799312570145904,0.6049382716049383,0.5549242424242424,0.5615763546798029,0.5785150458789117,0.5423728813559322,0.6146572104018913,0.6058091286307054,0.5435064935064935,0.7727272727272727,0.3142857142857143,0.3937007874015748
ridge,0.6462191358024691,0.6049382716049383,0.6875,0.6765188834154351,0.6508194093841406,0.559322033898305,0.7423167848699763,0.7199170124481328,0.5969696969696969,0.7272727272727273,0.4666666666666667,0.5118110236220472
