,all,all,all,all,no revasc,no revasc,no revasc,no revasc,with revasc,with revasc,with revasc,with revasc
,Test AUC,Sensitivity,Specificity,Accuracy,Test AUC,Sensitivity,Specificity,Accuracy,Test AUC,Sensitivity,Specificity,Accuracy
lasso,0.7525,0.88,0.625,0.6354679802955665,0.7633776091081594,0.8235294117647058,0.7032258064516129,0.7074688796680498,0.6596638655462185,1.0,0.31932773109243695,0.36220472440944884
linreg,0.7847945205479452,0.96,0.6095890410958904,0.6239737274220033,0.8344086021505377,1.0,0.6688172043010753,0.6804979253112033,0.6265756302521008,0.875,0.37815126050420167,0.4094488188976378
SVR10,0.6072260273972603,0.36,0.8544520547945206,0.8341543513957307,0.6162555344718532,0.35294117647058826,0.8795698924731182,0.8609958506224067,0.5656512605042016,0.375,0.7563025210084033,0.7322834645669292
ridge,0.7856506849315068,0.96,0.6113013698630136,0.625615763546798,0.8354838709677419,1.0,0.6709677419354838,0.6825726141078838,0.6265756302521008,0.875,0.37815126050420167,0.4094488188976378
