,all,all,all,all,no revasc,no revasc,no revasc,no revasc,with revasc,with revasc,with revasc,with revasc
,Test AUC,Sensitivity,Specificity,Accuracy,Test AUC,Sensitivity,Specificity,Accuracy,Test AUC,Sensitivity,Specificity,Accuracy
lasso,0.6618016650086391,0.5633802816901409,0.7602230483271375,0.7372742200328407,0.6405555555555555,0.42,0.8611111111111112,0.8153526970954357,0.6269092542677448,0.9047619047619048,0.34905660377358494,0.4409448818897638
linreg,0.6536860568616158,0.5211267605633803,0.7862453531598513,0.7553366174055829,0.6328703703703703,0.4,0.8657407407407407,0.8174273858921162,0.6358939802336029,0.8095238095238095,0.46226415094339623,0.5196850393700787
SVR10,0.6003848369024556,0.36619718309859156,0.8345724907063197,0.7799671592775042,0.6102314814814815,0.32,0.900462962962963,0.8402489626556017,0.5211141060197664,0.47619047619047616,0.5660377358490566,0.5511811023622047
ridge,0.6546154248913556,0.5211267605633803,0.7881040892193308,0.7569786535303776,0.6328703703703703,0.4,0.8657407407407407,0.8174273858921162,0.6406109613656783,0.8095238095238095,0.4716981132075472,0.5275590551181102
