,all,all,all,all,no revasc,no revasc,no revasc,no revasc,with revasc,with revasc,with revasc,with revasc
,Test AUC,Sensitivity,Specificity,Accuracy,Test AUC,Sensitivity,Specificity,Accuracy,Test AUC,Sensitivity,Specificity,Accuracy
lasso,0.6114267676767676,0.4444444444444444,0.7784090909090909,0.7339901477832512,0.6105902151700925,0.3559322033898305,0.8652482269503546,0.8029045643153527,0.5551948051948051,0.6818181818181818,0.4285714285714286,0.47244094488188976
linreg,0.6103395061728395,0.345679012345679,0.875,0.8045977011494253,0.5906759626557679,0.2711864406779661,0.9101654846335697,0.8319502074688797,0.6393939393939394,0.5454545454545454,0.7333333333333334,0.7007874015748031
SVR10,0.5747755331088664,0.30864197530864196,0.8409090909090909,0.7701149425287356,0.5790559762792002,0.288135593220339,0.8699763593380615,0.7987551867219918,0.5437229437229438,0.36363636363636365,0.7238095238095238,0.6614173228346457
ridge,0.6103395061728395,0.345679012345679,0.875,0.8045977011494253,0.5906759626557679,0.2711864406779661,0.9101654846335697,0.8319502074688797,0.6393939393939394,0.5454545454545454,0.7333333333333334,0.7007874015748031
