,all,all,all,all,no revasc,no revasc,no revasc,no revasc,with revasc,with revasc,with revasc,with revasc
,Test AUC,Sensitivity,Specificity,Accuracy,Test AUC,Sensitivity,Specificity,Accuracy,Test AUC,Sensitivity,Specificity,Accuracy
lasso,0.6989526411657558,0.7166666666666667,0.6812386156648451,0.6847290640394089,0.7011503788507273,0.6585365853658537,0.7437641723356009,0.7365145228215768,0.6340155945419104,0.8421052631578947,0.42592592592592593,0.4881889763779528
linreg,0.7327868852459016,0.7333333333333333,0.7322404371584699,0.7323481116584565,0.7604114816658372,0.7317073170731707,0.7891156462585034,0.7842323651452282,0.618421052631579,0.7368421052631579,0.5,0.5354330708661418
SVR10,0.5037795992714025,0.016666666666666666,0.9908925318761385,0.8949096880131363,0.4943310657596372,0.0,1.0,0.9149377593360996,0.5263157894736842,0.05263157894736842,1.0,0.8582677165354331
ridge,0.7299180327868853,0.7166666666666667,0.7431693989071038,0.7405582922824302,0.7660804159061999,0.7317073170731707,0.800453514739229,0.7946058091286307,0.5967348927875245,0.6842105263157895,0.5092592592592593,0.5354330708661418
