,all,all,all,all,no revasc,no revasc,no revasc,no revasc,with revasc,with revasc,with revasc,with revasc
,Test AUC,Sensitivity,Specificity,Accuracy,Test AUC,Sensitivity,Specificity,Accuracy,Test AUC,Sensitivity,Specificity,Accuracy
lasso,0.6279812008978676,0.43209876543209874,0.8238636363636364,0.7717569786535303,0.594622751131947,0.3050847457627119,0.884160756501182,0.8132780082987552,0.6768398268398268,0.7727272727272727,0.5809523809523809,0.6141732283464567
linreg,0.593294051627385,0.345679012345679,0.8409090909090909,0.7750410509031199,0.5800376647834274,0.2711864406779661,0.8888888888888888,0.8132780082987552,0.5965367965367965,0.5454545454545454,0.6476190476190475,0.6299212598425197
SVR10,0.5218504489337823,0.04938271604938271,0.9943181818181818,0.8686371100164204,0.5242416957166326,0.05084745762711865,0.9976359338061466,0.8817427385892116,0.5132034632034632,0.045454545454545456,0.9809523809523809,0.8188976377952756
ridge,0.593294051627385,0.345679012345679,0.8409090909090909,0.7750410509031199,0.5800376647834274,0.2711864406779661,0.8888888888888888,0.8132780082987552,0.5965367965367965,0.5454545454545454,0.6476190476190475,0.6299212598425197
