,all,all,all,all,no revasc,no revasc,no revasc,no revasc,with revasc,with revasc,with revasc,with revasc
,Test AUC,Sensitivity,Specificity,Accuracy,Test AUC,Sensitivity,Specificity,Accuracy,Test AUC,Sensitivity,Specificity,Accuracy
lasso,0.6638888888888889,0.8833333333333333,0.4444444444444444,0.4876847290640394,0.6867429898788783,0.8292682926829268,0.5442176870748299,0.5684647302904564,0.5185185185185186,1.0,0.03703703703703709,0.18110236220472442
linreg,0.6646630236794172,0.8666666666666667,0.4626593806921676,0.5024630541871922,0.6858857364083845,0.8048780487804879,0.5668934240362812,0.5871369294605809,0.5185185185185186,1.0,0.03703703703703709,0.18110236220472442
SVR10,0.666575591985428,0.7666666666666667,0.5664845173041895,0.5862068965517241,0.6884021901443506,0.6829268292682927,0.6938775510204082,0.6929460580912863,0.4968323586744639,0.0,1.0,0.8503937007874016
ridge,0.6646630236794172,0.8666666666666667,0.4626593806921676,0.5024630541871922,0.6858857364083845,0.8048780487804879,0.5668934240362812,0.5871369294605809,0.5185185185185186,1.0,0.03703703703703709,0.18110236220472442
