,all,all,all,all,no revasc,no revasc,no revasc,no revasc,with revasc,with revasc,with revasc,with revasc
,Test AUC,Sensitivity,Specificity,Accuracy,Test AUC,Sensitivity,Specificity,Accuracy,Test AUC,Sensitivity,Specificity,Accuracy
lasso,0.700513698630137,0.8,0.601027397260274,0.6091954022988506,0.7006325110689435,0.7647058823529411,0.6365591397849462,0.6410788381742739,0.66859243697479,0.875,0.46218487394957986,0.4881889763779528
linreg,0.7107876712328767,0.8,0.6215753424657534,0.6288998357963875,0.7092346616065781,0.7647058823529411,0.6537634408602151,0.6576763485477178,0.6853991596638656,0.875,0.4957983193277311,0.5196850393700787
SVR10,0.612568493150685,0.72,0.5051369863013699,0.5139573070607554,0.6153067678684377,0.7058823529411765,0.5247311827956989,0.5311203319502075,0.5892857142857143,0.75,0.4285714285714286,0.44881889763779526
ridge,0.7107876712328767,0.8,0.6215753424657534,0.6288998357963875,0.7092346616065781,0.7647058823529411,0.6537634408602151,0.6576763485477178,0.6853991596638656,0.875,0.4957983193277311,0.5196850393700787
