,all,all,all,all,no revasc,no revasc,no revasc,no revasc,with revasc,with revasc,with revasc,with revasc
,Test AUC,Sensitivity,Specificity,Accuracy,Test AUC,Sensitivity,Specificity,Accuracy,Test AUC,Sensitivity,Specificity,Accuracy
lasso,0.712121212121212,0.6666666666666666,0.7575757575757576,0.7504105090311987,0.7094931722689076,0.6176470588235294,0.8013392857142857,0.7883817427385892,0.6848925410872313,0.7857142857142857,0.584070796460177,0.6062992125984252
linreg,0.7050467914438503,0.7291666666666666,0.6809269162210339,0.6847290640394089,0.7031906512605043,0.6764705882352942,0.7299107142857143,0.7261410788381742,0.6719342604298356,0.8571428571428571,0.48672566371681414,0.5275590551181102
SVR10,0.510973707664884,0.9791666666666666,0.04278074866310155,0.11658456486042693,0.5167410714285714,1.0,0.033482142857142905,0.1016597510373444,0.5041087231352718,0.9285714285714286,0.07964601769911506,0.1732283464566929
ridge,0.716354723707665,0.75,0.6827094474153298,0.6880131362889984,0.7178965336134454,0.7058823529411765,0.7299107142857143,0.7282157676348547,0.6763590391908976,0.8571428571428571,0.49557522123893805,0.5354330708661418
