,all,all,all,all,no revasc,no revasc,no revasc,no revasc,with revasc,with revasc,with revasc,with revasc
,Test AUC,Sensitivity,Specificity,Accuracy,Test AUC,Sensitivity,Specificity,Accuracy,Test AUC,Sensitivity,Specificity,Accuracy
lasso,0.7113356164383562,0.76,0.6626712328767124,0.6666666666666666,0.7095509171410499,0.6470588235294118,0.7720430107526881,0.7676348547717843,0.6176470588235294,1.0,0.23529411764705888,0.28346456692913385
linreg,0.7293835616438356,0.88,0.5787671232876712,0.5911330049261084,0.7429475015812776,0.8235294117647058,0.6623655913978495,0.6680497925311203,0.6260504201680672,1.0,0.25210084033613445,0.2992125984251969
SVR10,0.4905821917808219,0.0,1.0,0.9589490968801314,0.4881720430107527,0.0,1.0,0.9647302904564315,0.5,0.0,1.0,0.937007874015748
ridge,0.7293835616438356,0.88,0.5787671232876712,0.5911330049261084,0.7429475015812776,0.8235294117647058,0.6623655913978495,0.6680497925311203,0.6260504201680672,1.0,0.25210084033613445,0.2992125984251969
