,all,all,all,all,no revasc,no revasc,no revasc,no revasc,with revasc,with revasc,with revasc,with revasc
,Test AUC,Sensitivity,Specificity,Accuracy,Test AUC,Sensitivity,Specificity,Accuracy,Test AUC,Sensitivity,Specificity,Accuracy
lasso,0.7518835616438356,0.8,0.7037671232876712,0.7077175697865353,0.7561669829222012,0.7058823529411765,0.8064516129032258,0.8029045643153527,0.6512605042016807,1.0,0.3025210084033614,0.3464566929133858
linreg,0.7819178082191781,0.92,0.6438356164383562,0.6551724137931034,0.825426944971537,0.9411764705882353,0.7096774193548387,0.7178423236514523,0.6307773109243697,0.875,0.38655462184873945,0.41732283464566927
SVR10,0.7118835616438357,0.72,0.7037671232876712,0.7044334975369458,0.7221378874130298,0.7647058823529411,0.6795698924731183,0.6825726141078838,0.7116596638655462,0.625,0.7983193277310925,0.7874015748031497
ridge,0.7819178082191781,0.92,0.6438356164383562,0.6551724137931034,0.825426944971537,0.9411764705882353,0.7096774193548387,0.7178423236514523,0.6307773109243697,0.875,0.38655462184873945,0.41732283464566927
