,all,all,all,all,no revasc,no revasc,no revasc,no revasc,with revasc,with revasc,with revasc,with revasc
,Test AUC,Sensitivity,Specificity,Accuracy,Test AUC,Sensitivity,Specificity,Accuracy,Test AUC,Sensitivity,Specificity,Accuracy
lasso,0.6535551599560186,0.8591549295774648,0.44795539033457255,0.49589490968801314,0.6743055555555557,0.8,0.5486111111111112,0.5746887966804979,0.5188679245283019,1.0,0.037735849056603765,0.1968503937007874
linreg,0.6558065867322896,0.8450704225352113,0.46654275092936803,0.5106732348111659,0.6758796296296297,0.78,0.5717592592592593,0.5933609958506224,0.5188679245283019,1.0,0.037735849056603765,0.1968503937007874
SVR10,0.6505838001989632,0.7323943661971831,0.5687732342007434,0.5878489326765188,0.6683796296296297,0.64,0.6967592592592593,0.6908713692946058,0.4997753818508535,0.0,1.0,0.8346456692913385
ridge,0.6558065867322896,0.8450704225352113,0.46654275092936803,0.5106732348111659,0.6758796296296297,0.78,0.5717592592592593,0.5933609958506224,0.5188679245283019,1.0,0.037735849056603765,0.1968503937007874
