,all,all,all,all,no revasc,no revasc,no revasc,no revasc,with revasc,with revasc,with revasc,with revasc
,Test AUC,Sensitivity,Specificity,Accuracy,Test AUC,Sensitivity,Specificity,Accuracy,Test AUC,Sensitivity,Specificity,Accuracy
lasso,0.6821493624772312,0.6666666666666666,0.697632058287796,0.6945812807881774,0.7082296333167414,0.6341463414634146,0.782312925170068,0.7697095435684648,0.5443469785575049,0.7368421052631579,0.35185185185185186,0.4094488188976378
linreg,0.6750910746812387,0.5833333333333334,0.7668488160291439,0.7487684729064039,0.6954537912726066,0.5609756097560976,0.8299319727891157,0.8070539419087137,0.5704191033138402,0.631578947368421,0.5092592592592593,0.5275590551181102
SVR10,0.5654371584699454,0.31666666666666665,0.8142076502732241,0.7651888341543513,0.5885459875006913,0.3902439024390244,0.7868480725623583,0.7531120331950207,0.5419103313840157,0.15789473684210525,0.9259259259259259,0.8110236220472441
ridge,0.6750910746812387,0.5833333333333334,0.7668488160291439,0.7487684729064039,0.6954537912726066,0.5609756097560976,0.8299319727891157,0.8070539419087137,0.5704191033138402,0.631578947368421,0.5092592592592593,0.5275590551181102
