,all,all,all,all,no revasc,no revasc,no revasc,no revasc,with revasc,with revasc,with revasc,with revasc
,Test AUC,Sensitivity,Specificity,Accuracy,Test AUC,Sensitivity,Specificity,Accuracy,Test AUC,Sensitivity,Specificity,Accuracy
lasso,0.7055749128919862,0.7142857142857143,0.6968641114982579,0.6978653530377669,0.6960612691466084,0.6,0.7921225382932167,0.7821576763485477,0.6623931623931624,1.0,0.32478632478632474,0.3779527559055118
linreg,0.7371080139372822,0.9428571428571428,0.5313588850174216,0.555008210180624,0.7597811816192561,0.92,0.5995623632385121,0.6161825726141079,0.6324786324786325,1.0,0.2649572649572649,0.3228346456692913
SVR10,0.5752613240418119,0.17142857142857143,0.9790940766550522,0.9326765188834154,0.5690590809628009,0.16,0.9781181619256017,0.9356846473029046,0.5914529914529914,0.2,0.9829059829059829,0.9212598425196851
ridge,0.7313588850174216,0.8285714285714286,0.6341463414634146,0.645320197044335,0.7355798687089715,0.76,0.711159737417943,0.7136929460580913,0.6666666666666667,1.0,0.33333333333333337,0.3858267716535433
