,all,all,all,all,no revasc,no revasc,no revasc,no revasc,with revasc,with revasc,with revasc,with revasc
,Test AUC,Sensitivity,Specificity,Accuracy,Test AUC,Sensitivity,Specificity,Accuracy,Test AUC,Sensitivity,Specificity,Accuracy
lasso,0.7365361685214626,0.6470588235294118,0.8260135135135135,0.8210180623973727,0.7534259795406292,0.6363636363636364,0.8704883227176221,0.8651452282157677,0.6597796143250689,0.6666666666666666,0.6528925619834711,0.6535433070866141
linreg,0.8045011923688394,0.8235294117647058,0.785472972972973,0.7865353037766831,0.8177957923180854,0.8181818181818182,0.8174097664543525,0.8174273858921162,0.747245179063361,0.8333333333333334,0.6611570247933884,0.6692913385826772
SVR10,0.703149841017488,0.8235294117647058,0.5827702702702703,0.5894909688013136,0.6829762594093804,0.8181818181818182,0.5477707006369427,0.553941908713693,0.7761707988980717,0.8333333333333334,0.71900826446281,0.7244094488188977
ridge,0.8019674085850556,0.8235294117647058,0.7804054054054054,0.7816091954022989,0.8135495078170238,0.8181818181818182,0.8089171974522293,0.8091286307053942,0.7513774104683195,0.8333333333333334,0.6694214876033058,0.6771653543307087
