,all,all,all,all,no revasc,no revasc,no revasc,no revasc,with revasc,with revasc,with revasc,with revasc
,Test AUC,Sensitivity,Specificity,Accuracy,Test AUC,Sensitivity,Specificity,Accuracy,Test AUC,Sensitivity,Specificity,Accuracy
lasso,0.731283422459893,0.8333333333333334,0.6292335115864527,0.645320197044335,0.7597820378151261,0.7941176470588235,0.7254464285714286,0.7302904564315352,0.5881795195954489,0.9285714285714286,0.24778761061946908,0.3228346456692913
linreg,0.7748440285204992,0.7083333333333334,0.8413547237076648,0.8308702791461412,0.7621454831932772,0.6470588235294118,0.8772321428571429,0.8609958506224067,0.7781289506953224,0.8571428571428571,0.6991150442477876,0.7165354330708661
SVR10,0.6499554367201427,0.5833333333333334,0.7165775401069518,0.7060755336617406,0.6683954831932772,0.6470588235294118,0.6897321428571428,0.6867219917012448,0.6257901390644753,0.42857142857142855,0.8230088495575221,0.7795275590551181
ridge,0.7748440285204992,0.7083333333333334,0.8413547237076648,0.8308702791461412,0.7621454831932772,0.6470588235294118,0.8772321428571429,0.8609958506224067,0.7781289506953224,0.8571428571428571,0.6991150442477876,0.7165354330708661
