,all,all,all,all,no revasc,no revasc,no revasc,no revasc,with revasc,with revasc,with revasc,with revasc
,Test AUC,Sensitivity,Specificity,Accuracy,Test AUC,Sensitivity,Specificity,Accuracy,Test AUC,Sensitivity,Specificity,Accuracy
lasso,0.6689505347593583,0.5625,0.7754010695187166,0.7586206896551724,0.6208639705882353,0.38235294117647056,0.859375,0.8257261410788381,0.7212389380530974,1.0,0.4424778761061947,0.5039370078740157
linreg,0.6838235294117647,0.5833333333333334,0.7843137254901961,0.7684729064039408,0.6582851890756303,0.47058823529411764,0.8459821428571428,0.8195020746887967,0.6984829329962072,0.8571428571428571,0.5398230088495575,0.5748031496062992
SVR10,0.5506350267379678,0.14583333333333334,0.9554367201426025,0.8916256157635468,0.5659138655462185,0.17647058823529413,0.9553571428571429,0.9004149377593361,0.5135903919089759,0.07142857142857142,0.9557522123893806,0.8582677165354331
ridge,0.6829322638146168,0.5833333333333334,0.7825311942959001,0.7668308702791461,0.6582851890756303,0.47058823529411764,0.8459821428571428,0.8195020746887967,0.6940581542351454,0.8571428571428571,0.5309734513274336,0.5669291338582677
