,all,all,all,all,no revasc,no revasc,no revasc,no revasc,with revasc,with revasc,with revasc,with revasc
,Test AUC,Sensitivity,Specificity,Accuracy,Test AUC,Sensitivity,Specificity,Accuracy,Test AUC,Sensitivity,Specificity,Accuracy
lasso,0.7242647058823529,0.8235294117647058,0.625,0.6305418719211823,0.7118316927234125,0.7272727272727273,0.6963906581740977,0.6970954356846473,0.6735537190082644,1.0,0.3471074380165289,0.3779527559055118
linreg,0.752285373608903,0.7647058823529411,0.7398648648648649,0.7405582922824302,0.756417679984559,0.7272727272727273,0.7855626326963907,0.7842323651452282,0.6976584022038569,0.8333333333333334,0.5619834710743802,0.5748031496062992
SVR10,0.6993740063593005,0.6470588235294118,0.7516891891891893,0.7487684729064039,0.7035321366531557,0.6363636363636364,0.7707006369426752,0.7676348547717843,0.6721763085399448,0.6666666666666666,0.6776859504132231,0.6771653543307087
ridge,0.7664944356120825,0.8235294117647058,0.7094594594594594,0.7126436781609196,0.7848870874348582,0.8181818181818182,0.7515923566878981,0.7531120331950207,0.6893939393939394,0.8333333333333334,0.5454545454545454,0.5590551181102362
