,all,all,all,all,no revasc,no revasc,no revasc,no revasc,with revasc,with revasc,with revasc,with revasc
,Test AUC,Sensitivity,Specificity,Accuracy,Test AUC,Sensitivity,Specificity,Accuracy,Test AUC,Sensitivity,Specificity,Accuracy
lasso,0.760138146167558,0.875,0.6452762923351159,0.6633825944170771,0.7733718487394958,0.8235294117647058,0.7232142857142857,0.7302904564315352,0.668141592920354,1.0,0.33628318584070793,0.4094488188976378
linreg,0.7842580213903744,0.9375,0.6310160427807487,0.6551724137931034,0.815454306722689,0.9411764705882353,0.6897321428571428,0.7074688796680498,0.6634007585335019,0.9285714285714286,0.3982300884955752,0.4566929133858268
SVR10,0.6763034759358288,0.4791666666666667,0.8734402852049911,0.8423645320197044,0.6839548319327732,0.47058823529411764,0.8973214285714286,0.8672199170124482,0.6393805309734514,0.5,0.7787610619469026,0.7480314960629921
ridge,0.7851492869875223,0.9375,0.6327985739750446,0.6568144499178982,0.8165703781512605,0.9411764705882353,0.6919642857142857,0.7095435684647303,0.6634007585335019,0.9285714285714286,0.3982300884955752,0.4566929133858268
