,all,all,all,all,no revasc,no revasc,no revasc,no revasc,with revasc,with revasc,with revasc,with revasc
,Test AUC,Sensitivity,Specificity,Accuracy,Test AUC,Sensitivity,Specificity,Accuracy,Test AUC,Sensitivity,Specificity,Accuracy
lasso,0.6368740063593006,0.6470588235294118,0.6266891891891893,0.6272577996715928,0.6377147268867014,0.6363636363636364,0.6390658174097665,0.6390041493775933,0.6225895316804408,0.6666666666666666,0.578512396694215,0.5826771653543307
linreg,0.6274344197138315,0.7058823529411765,0.5489864864864865,0.5533661740558292,0.6407064273306311,0.7272727272727273,0.554140127388535,0.558091286307054,0.5977961432506886,0.6666666666666666,0.5289256198347108,0.5354330708661418
SVR10,0.5110790937996821,0.29411764705882354,0.7280405405405406,0.715927750410509,0.5945763366145532,0.45454545454545453,0.7346072186836519,0.7282157676348547,0.3512396694214876,0.0,1.0,0.952755905511811
ridge,0.6274344197138315,0.7058823529411765,0.5489864864864865,0.5533661740558292,0.6407064273306311,0.7272727272727273,0.554140127388535,0.558091286307054,0.5977961432506886,0.6666666666666666,0.5289256198347108,0.5354330708661418
