,all,all,all,all,no revasc,no revasc,no revasc,no revasc,with revasc,with revasc,with revasc,with revasc
,Test AUC,Sensitivity,Specificity,Accuracy,Test AUC,Sensitivity,Specificity,Accuracy,Test AUC,Sensitivity,Specificity,Accuracy
lasso,0.735,0.72,0.75,0.7487684729064039,0.6984187223276408,0.5882352941176471,0.8086021505376344,0.8008298755186722,0.7605042016806722,1.0,0.5210084033613445,0.5511811023622047
linreg,0.753595890410959,0.8,0.7071917808219178,0.7110016420361248,0.7533206831119544,0.7647058823529411,0.7419354838709677,0.7427385892116183,0.7232142857142857,0.875,0.5714285714285714,0.5905511811023622
SVR10,0.6715753424657535,0.6,0.7431506849315068,0.7372742200328407,0.6661606578115118,0.5882352941176471,0.7440860215053764,0.7385892116182573,0.682247899159664,0.625,0.7394957983193278,0.7322834645669292
ridge,0.7527397260273971,0.8,0.7054794520547945,0.7093596059113301,0.7522454142947501,0.7647058823529411,0.7397849462365591,0.7406639004149378,0.7232142857142857,0.875,0.5714285714285714,0.5905511811023622
