,all,all,all,all,no revasc,no revasc,no revasc,no revasc,with revasc,with revasc,with revasc,with revasc
,Test AUC,Sensitivity,Specificity,Accuracy,Test AUC,Sensitivity,Specificity,Accuracy,Test AUC,Sensitivity,Specificity,Accuracy
lasso,0.6754098360655738,0.7333333333333333,0.6174863387978142,0.6288998357963875,0.713926220894862,0.7317073170731707,0.6961451247165533,0.6991701244813278,0.5165692007797271,0.7368421052631579,0.2962962962962963,0.36220472440944884
linreg,0.6628415300546449,0.8666666666666667,0.4590163934426229,0.49917898193760263,0.6986615784525192,0.8780487804878049,0.5192743764172336,0.549792531120332,0.5275341130604287,0.8421052631578947,0.2129629629629629,0.30708661417322836
SVR10,0.4813752276867031,0.0,1.0,0.9014778325123153,0.4663458879486754,0.0,1.0,0.9149377593360996,0.5282651072124757,0.3157894736842105,0.7407407407407407,0.6771653543307087
ridge,0.6628415300546449,0.8666666666666667,0.4590163934426229,0.49917898193760263,0.6986615784525192,0.8780487804878049,0.5192743764172336,0.549792531120332,0.5275341130604287,0.8421052631578947,0.2129629629629629,0.30708661417322836
