,all,all,all,all,no revasc,no revasc,no revasc,no revasc,with revasc,with revasc,with revasc,with revasc
,Test AUC,Sensitivity,Specificity,Accuracy,Test AUC,Sensitivity,Specificity,Accuracy,Test AUC,Sensitivity,Specificity,Accuracy
lasso,0.7433797909407666,0.8857142857142857,0.6010452961672474,0.6174055829228243,0.7591684901531728,0.84,0.6783369803063457,0.6867219917012448,0.6495726495726496,1.0,0.2991452991452992,0.3543307086614173
linreg,0.8057491289198606,0.8571428571428571,0.7543554006968641,0.7602627257799671,0.818249452954048,0.84,0.7964989059080962,0.7987551867219918,0.7448717948717949,0.9,0.5897435897435898,0.6141732283464567
SVR10,0.6308362369337979,0.37142857142857144,0.8902439024390244,0.8604269293924466,0.6628008752735229,0.4,0.925601750547046,0.8983402489626556,0.5260683760683761,0.3,0.7521367521367521,0.7165354330708661
ridge,0.8057491289198606,0.8571428571428571,0.7543554006968641,0.7602627257799671,0.818249452954048,0.84,0.7964989059080962,0.7987551867219918,0.7448717948717949,0.9,0.5897435897435898,0.6141732283464567
