,all,all,all,all,no revasc,no revasc,no revasc,no revasc,with revasc,with revasc,with revasc,with revasc
,Test AUC,Sensitivity,Specificity,Accuracy,Test AUC,Sensitivity,Specificity,Accuracy,Test AUC,Sensitivity,Specificity,Accuracy
lasso,0.6753887638096235,0.676056338028169,0.6747211895910781,0.6748768472906403,0.6819444444444445,0.6,0.7638888888888888,0.7468879668049793,0.5842318059299192,0.8571428571428571,0.3113207547169812,0.4015748031496063
linreg,0.6832556678360123,0.7605633802816901,0.6059479553903346,0.6239737274220033,0.7221759259259259,0.78,0.6643518518518519,0.6763485477178424,0.5411051212938006,0.7142857142857143,0.3679245283018868,0.4251968503937008
SVR10,0.5927666369967014,0.23943661971830985,0.9460966542750929,0.8637110016420362,0.58875,0.24,0.9375,0.8651452282157677,0.6096136567834681,0.23809523809523808,0.9811320754716981,0.8582677165354331
ridge,0.6851144038954919,0.7605633802816901,0.6096654275092936,0.6272577996715928,0.7233333333333334,0.78,0.6666666666666667,0.6784232365145229,0.545822102425876,0.7142857142857143,0.37735849056603776,0.4330708661417323
