,all,all,all,all,no revasc,no revasc,no revasc,no revasc,with revasc,with revasc,with revasc,with revasc
,Test AUC,Sensitivity,Specificity,Accuracy,Test AUC,Sensitivity,Specificity,Accuracy,Test AUC,Sensitivity,Specificity,Accuracy
lasso,0.706216577540107,0.7083333333333334,0.7040998217468806,0.7044334975369458,0.7085740546218487,0.6470588235294118,0.7700892857142857,0.7614107883817427,0.649810366624526,0.8571428571428571,0.4424778761061947,0.4881889763779528
linreg,0.7208667557932263,0.8125,0.6292335115864527,0.6436781609195402,0.7521664915966386,0.8235294117647058,0.6808035714285714,0.6908713692946058,0.6052465233881164,0.7857142857142857,0.4247787610619469,0.4645669291338583
SVR10,0.5104166666666666,0.020833333333333332,1.0,0.922824302134647,0.5147058823529411,0.029411764705882353,1.0,0.9315352697095436,0.5,0.0,1.0,0.889763779527559
ridge,0.7208667557932263,0.8125,0.6292335115864527,0.6436781609195402,0.7521664915966386,0.8235294117647058,0.6808035714285714,0.6908713692946058,0.6052465233881164,0.7857142857142857,0.4247787610619469,0.4645669291338583
