,all,all,all,all,no revasc,no revasc,no revasc,no revasc,with revasc,with revasc,with revasc,with revasc
,Test AUC,Sensitivity,Specificity,Accuracy,Test AUC,Sensitivity,Specificity,Accuracy,Test AUC,Sensitivity,Specificity,Accuracy
lasso,0.7074977718360071,0.8125,0.6024955436720143,0.6190476190476191,0.7205225840336134,0.7647058823529411,0.6763392857142857,0.6825726141078838,0.6191529709228825,0.9285714285714286,0.3097345132743363,0.3779527559055118
linreg,0.7202540106951871,0.7916666666666666,0.6488413547237077,0.6600985221674877,0.7281381302521008,0.7352941176470589,0.7209821428571428,0.7219917012448133,0.6457016434892542,0.9285714285714286,0.36283185840707965,0.4251968503937008
SVR10,0.576147504456328,0.7708333333333334,0.38146167557932265,0.4121510673234811,0.5819327731092437,0.7352941176470589,0.4285714285714286,0.45020746887966806,0.5259165613147914,0.8571428571428571,0.19469026548672563,0.2677165354330709
ridge,0.7202540106951871,0.7916666666666666,0.6488413547237077,0.6600985221674877,0.7281381302521008,0.7352941176470589,0.7209821428571428,0.7219917012448133,0.6457016434892542,0.9285714285714286,0.36283185840707965,0.4251968503937008
