,all,all,all,all,no revasc,no revasc,no revasc,no revasc,with revasc,with revasc,with revasc,with revasc
,Test AUC,Sensitivity,Specificity,Accuracy,Test AUC,Sensitivity,Specificity,Accuracy,Test AUC,Sensitivity,Specificity,Accuracy
lasso,0.5960998877665545,0.32098765432098764,0.8712121212121212,0.7980295566502463,0.5662339223464358,0.2033898305084746,0.9290780141843972,0.8402489626556017,0.6372294372294371,0.6363636363636364,0.638095238095238,0.6377952755905512
linreg,0.5852272727272727,0.3333333333333333,0.8371212121212122,0.7701149425287356,0.5993508835196538,0.3050847457627119,0.8936170212765957,0.8215767634854771,0.5093073593073594,0.4090909090909091,0.6095238095238096,0.5748031496062992
SVR10,0.58087822671156,0.2716049382716049,0.8901515151515151,0.8078817733990148,0.5989501943342549,0.2711864406779661,0.9267139479905437,0.8464730290456431,0.5077922077922078,0.2727272727272727,0.7428571428571429,0.6614173228346457
ridge,0.5899621212121211,0.3333333333333333,0.8465909090909091,0.7783251231527094,0.5993508835196538,0.3050847457627119,0.8936170212765957,0.8215767634854771,0.5331168831168831,0.4090909090909091,0.6571428571428571,0.6141732283464567
