,all,all,all,all,no revasc,no revasc,no revasc,no revasc,with revasc,with revasc,with revasc,with revasc
,Test AUC,Sensitivity,Specificity,Accuracy,Test AUC,Sensitivity,Specificity,Accuracy,Test AUC,Sensitivity,Specificity,Accuracy
lasso,0.6893939393939394,0.6666666666666666,0.7121212121212122,0.7060755336617406,0.6987017670393078,0.6101694915254238,0.7872340425531915,0.7655601659751037,0.6138528138528139,0.8181818181818182,0.4095238095238095,0.48031496062992124
linreg,0.7291315937149271,0.6419753086419753,0.8162878787878788,0.7931034482758621,0.7402732700244421,0.6271186440677966,0.8534278959810875,0.8257261410788381,0.6742424242424243,0.6818181818181818,0.6666666666666667,0.6692913385826772
SVR10,0.6993195847362516,0.654320987654321,0.7443181818181819,0.7323481116584565,0.7144688864847538,0.6440677966101694,0.7848699763593381,0.7676348547717843,0.6313852813852813,0.6818181818181818,0.5809523809523809,0.5984251968503937
ridge,0.7453703703703703,0.7407407407407407,0.75,0.7487684729064039,0.7627519333253194,0.7288135593220338,0.7966903073286052,0.7883817427385892,0.6673160173160173,0.7727272727272727,0.5619047619047619,0.5984251968503937
