,all,all,all,all,no revasc,no revasc,no revasc,no revasc,with revasc,with revasc,with revasc,with revasc
,Test AUC,Sensitivity,Specificity,Accuracy,Test AUC,Sensitivity,Specificity,Accuracy,Test AUC,Sensitivity,Specificity,Accuracy
lasso,0.6949477351916376,0.7714285714285715,0.6184668989547039,0.6272577996715928,0.7046389496717724,0.72,0.6892778993435449,0.6908713692946058,0.620940170940171,0.9,0.3418803418803419,0.3858267716535433
linreg,0.7085365853658536,0.7428571428571429,0.6742160278745645,0.6781609195402298,0.7298030634573303,0.72,0.7396061269146608,0.7385892116182573,0.6094017094017095,0.8,0.41880341880341876,0.44881889763779526
SVR10,0.531184668989547,0.2,0.8623693379790941,0.8243021346469622,0.5510722100656456,0.24,0.862144420131291,0.8298755186721992,0.48162393162393163,0.0,1.0,0.9212598425196851
ridge,0.7003484320557491,0.8571428571428571,0.5435540069686411,0.5615763546798029,0.7208752735229759,0.84,0.6017505470459519,0.6141078838174274,0.6081196581196582,0.9,0.3162393162393162,0.36220472440944884
