,all,all,all,all,no revasc,no revasc,no revasc,no revasc,with revasc,with revasc,with revasc,with revasc
,Test AUC,Sensitivity,Specificity,Accuracy,Test AUC,Sensitivity,Specificity,Accuracy,Test AUC,Sensitivity,Specificity,Accuracy
lasso,0.6555100182149363,0.75,0.5610200364298725,0.5796387520525451,0.6980532050218461,0.7317073170731707,0.6643990929705215,0.6701244813278008,0.4641812865497076,0.0,1.0,0.8503937007874016
linreg,0.6473132969034608,0.75,0.5446265938069217,0.5648604269293924,0.687849123389193,0.7317073170731707,0.6439909297052154,0.6514522821576764,0.4641812865497076,0.0,1.0,0.8503937007874016
SVR10,0.4894353369763206,0.0,1.0,0.9014778325123153,0.4801449034898512,0.0,1.0,0.9149377593360996,0.5445906432748538,0.8947368421052632,0.19444444444444442,0.2992125984251969
ridge,0.6473132969034608,0.75,0.5446265938069217,0.5648604269293924,0.687849123389193,0.7317073170731707,0.6439909297052154,0.6514522821576764,0.4641812865497076,0.0,1.0,0.8503937007874016
