,all,all,all,all,no revasc,no revasc,no revasc,no revasc,with revasc,with revasc,with revasc,with revasc
,Test AUC,Sensitivity,Specificity,Accuracy,Test AUC,Sensitivity,Specificity,Accuracy,Test AUC,Sensitivity,Specificity,Accuracy
lasso,0.6423961840628507,0.5802469135802469,0.7045454545454546,0.6880131362889984,0.6441078655287094,0.4915254237288136,0.7966903073286052,0.7593360995850622,0.5757575757575758,0.8181818181818182,0.33333333333333337,0.41732283464566927
linreg,0.6764169472502807,0.5308641975308642,0.821969696969697,0.7832512315270936,0.6685298713787716,0.4576271186440678,0.8794326241134752,0.8278008298755186,0.6588744588744588,0.7272727272727273,0.5904761904761905,0.6141732283464567
SVR10,0.5833684062850729,0.691358024691358,0.47537878787878785,0.5041050903119869,0.5746083263212726,0.711864406779661,0.4373522458628841,0.470954356846473,0.6324675324675324,0.6363636363636364,0.6285714285714286,0.6299212598425197
ridge,0.6764169472502807,0.5308641975308642,0.821969696969697,0.7832512315270936,0.6685298713787716,0.4576271186440678,0.8794326241134752,0.8278008298755186,0.6588744588744588,0.7272727272727273,0.5904761904761905,0.6141732283464567
