,all,all,all,all,no revasc,no revasc,no revasc,no revasc,with revasc,with revasc,with revasc,with revasc
,Test AUC,Sensitivity,Specificity,Accuracy,Test AUC,Sensitivity,Specificity,Accuracy,Test AUC,Sensitivity,Specificity,Accuracy
lasso,0.6703524921418949,0.8235294117647058,0.517175572519084,0.5599343185550082,0.7025729646697387,0.7741935483870968,0.6309523809523809,0.6493775933609959,0.5071070234113713,0.9565217391304348,0.05769230769230771,0.2204724409448819
linreg,0.7134485855410867,0.8352941176470589,0.5916030534351144,0.625615763546798,0.7320660522273426,0.7903225806451613,0.6738095238095239,0.6887966804979253,0.6080685618729097,0.9565217391304348,0.2596153846153846,0.3858267716535433
SVR10,0.5060395150426583,0.023529411764705882,0.9885496183206107,0.8538587848932676,0.5056835637480799,0.016129032258064516,0.9952380952380953,0.8692946058091287,0.5025083612040134,0.043478260869565216,0.9615384615384616,0.7952755905511811
ridge,0.7134485855410867,0.8352941176470589,0.5916030534351144,0.625615763546798,0.7320660522273426,0.7903225806451613,0.6738095238095239,0.6887966804979253,0.6080685618729097,0.9565217391304348,0.2596153846153846,0.3858267716535433
