,all,all,all,all,no revasc,no revasc,no revasc,no revasc,with revasc,with revasc,with revasc,with revasc
,Test AUC,Sensitivity,Specificity,Accuracy,Test AUC,Sensitivity,Specificity,Accuracy,Test AUC,Sensitivity,Specificity,Accuracy
lasso,0.7369337979094077,0.8571428571428571,0.6167247386759582,0.6305418719211823,0.7555798687089715,0.8,0.711159737417943,0.7157676348547718,0.6239316239316239,1.0,0.24786324786324787,0.30708661417322836
linreg,0.7357142857142857,0.8285714285714286,0.6428571428571428,0.6535303776683087,0.7566739606126915,0.8,0.7133479212253829,0.7178423236514523,0.6337606837606837,0.9,0.36752136752136755,0.4094488188976378
SVR10,0.5393728222996516,0.08571428571428572,0.9930313588850174,0.9408866995073891,0.5578118161925602,0.12,0.9956236323851203,0.950207468879668,0.49145299145299143,0.0,1.0,0.9212598425196851
ridge,0.7357142857142857,0.8285714285714286,0.6428571428571428,0.6535303776683087,0.7566739606126915,0.8,0.7133479212253829,0.7178423236514523,0.6337606837606837,0.9,0.36752136752136755,0.4094488188976378
