,all,all,all,all,no revasc,no revasc,no revasc,no revasc,with revasc,with revasc,with revasc,with revasc
,Test AUC,Sensitivity,Specificity,Accuracy,Test AUC,Sensitivity,Specificity,Accuracy,Test AUC,Sensitivity,Specificity,Accuracy
lasso,0.7365853658536586,0.8285714285714286,0.6445993031358885,0.6551724137931034,0.7465207877461707,0.76,0.7330415754923414,0.7344398340248963,0.6495726495726496,1.0,0.2991452991452992,0.3543307086614173
linreg,0.7937282229965157,0.8,0.7874564459930313,0.7881773399014779,0.8135667396061269,0.8,0.8271334792122538,0.8257261410788381,0.7162393162393162,0.8,0.6324786324786325,0.6456692913385826
SVR10,0.6552264808362369,0.37142857142857144,0.9390243902439024,0.9064039408866995,0.6293654266958425,0.32,0.9387308533916849,0.9066390041493776,0.72008547008547,0.5,0.9401709401709402,0.905511811023622
ridge,0.7963414634146342,0.8,0.7926829268292683,0.7931034482758621,0.8157549234135668,0.8,0.8315098468271335,0.8298755186721992,0.7205128205128205,0.8,0.641025641025641,0.6535433070866141
