,all,all,all,all,no revasc,no revasc,no revasc,no revasc,with revasc,with revasc,with revasc,with revasc
,Test AUC,Sensitivity,Specificity,Accuracy,Test AUC,Sensitivity,Specificity,Accuracy,Test AUC,Sensitivity,Specificity,Accuracy
lasso,0.7134146341463415,0.7142857142857143,0.7125435540069687,0.7126436781609196,0.7229321663019694,0.68,0.7658643326039387,0.7614107883817427,0.6521367521367522,0.8,0.5042735042735043,0.5275590551181102
linreg,0.7343205574912892,0.7142857142857143,0.7543554006968641,0.7520525451559934,0.7393435448577681,0.68,0.798687089715536,0.7925311203319502,0.6905982905982906,0.8,0.5811965811965811,0.5984251968503937
SVR10,0.6151567944250871,0.5142857142857142,0.7160278745644599,0.7044334975369458,0.6188621444201313,0.52,0.7177242888402626,0.7074688796680498,0.6047008547008546,0.5,0.7094017094017093,0.6929133858267716
ridge,0.7343205574912892,0.7142857142857143,0.7543554006968641,0.7520525451559934,0.7393435448577681,0.68,0.798687089715536,0.7925311203319502,0.6905982905982906,0.8,0.5811965811965811,0.5984251968503937
