,all,all,all,all,no revasc,no revasc,no revasc,no revasc,with revasc,with revasc,with revasc,with revasc
,Test AUC,Sensitivity,Specificity,Accuracy,Test AUC,Sensitivity,Specificity,Accuracy,Test AUC,Sensitivity,Specificity,Accuracy
lasso,0.6905923344947735,0.6285714285714286,0.7526132404181185,0.7454844006568144,0.6659080962800874,0.52,0.811816192560175,0.7966804979253111,0.7106837606837606,0.9,0.5213675213675213,0.5511811023622047
linreg,0.6991289198606272,0.6857142857142857,0.7125435540069687,0.7110016420361248,0.71527352297593,0.68,0.75054704595186,0.7468879668049793,0.632051282051282,0.7,0.5641025641025641,0.5748031496062992
SVR10,0.5813588850174216,0.45714285714285713,0.705574912891986,0.6912972085385879,0.5268271334792122,0.36,0.6936542669584245,0.6763485477178424,0.726068376068376,0.7,0.7521367521367521,0.7480314960629921
ridge,0.6965156794425087,0.6857142857142857,0.7073170731707317,0.7060755336617406,0.7119912472647703,0.68,0.7439824945295405,0.7406639004149378,0.632051282051282,0.7,0.5641025641025641,0.5748031496062992
