,all,all,all,all,no revasc,no revasc,no revasc,no revasc,with revasc,with revasc,with revasc,with revasc
,Test AUC,Sensitivity,Specificity,Accuracy,Test AUC,Sensitivity,Specificity,Accuracy,Test AUC,Sensitivity,Specificity,Accuracy
lasso,0.7219808377896613,0.7291666666666666,0.714795008912656,0.715927750410509,0.7266281512605043,0.6764705882352942,0.7767857142857143,0.7697095435684648,0.6630847029077117,0.8571428571428571,0.4690265486725663,0.5118110236220472
linreg,0.7182486631016043,0.875,0.5614973262032086,0.5862068965517241,0.7276129201680672,0.8235294117647058,0.6316964285714286,0.6452282157676349,0.6415929203539823,1.0,0.2831858407079646,0.36220472440944884
SVR10,0.5172682709447416,0.041666666666666664,0.9928698752228164,0.9178981937602627,0.49776785714285715,0.0,1.0,0.9294605809128631,0.5625790139064475,0.14285714285714285,0.9823008849557522,0.889763779527559
ridge,0.7182486631016043,0.875,0.5614973262032086,0.5862068965517241,0.7276129201680672,0.8235294117647058,0.6316964285714286,0.6452282157676349,0.6415929203539823,1.0,0.2831858407079646,0.36220472440944884
