,all,all,all,all,no revasc,no revasc,no revasc,no revasc,with revasc,with revasc,with revasc,with revasc
,Test AUC,Sensitivity,Specificity,Accuracy,Test AUC,Sensitivity,Specificity,Accuracy,Test AUC,Sensitivity,Specificity,Accuracy
lasso,0.5638515105502906,0.30985915492957744,0.8178438661710037,0.7586206896551724,0.5740277777777778,0.28,0.8680555555555556,0.8070539419087137,0.4970799640610961,0.0,1.0,0.8346456692913385
linreg,0.6246269438190482,0.5633802816901409,0.6858736059479553,0.6715927750410509,0.6245833333333334,0.52,0.7291666666666667,0.7074688796680498,0.5880503144654088,0.6666666666666666,0.5094339622641509,0.5354330708661418
SVR10,0.4819362270275931,0.0,1.0,0.8834154351395731,0.48541666666666666,0.0,1.0,0.8962655601659751,0.5119047619047619,0.5238095238095238,0.5,0.5039370078740157
ridge,0.6246269438190482,0.5633802816901409,0.6858736059479553,0.6715927750410509,0.6245833333333334,0.52,0.7291666666666667,0.7074688796680498,0.5880503144654088,0.6666666666666666,0.5094339622641509,0.5354330708661418
