,all,all,all,all,no revasc,no revasc,no revasc,no revasc,with revasc,with revasc,with revasc,with revasc
,Test AUC,Sensitivity,Specificity,Accuracy,Test AUC,Sensitivity,Specificity,Accuracy,Test AUC,Sensitivity,Specificity,Accuracy
lasso,0.6788706739526413,0.6,0.7577413479052824,0.7422003284072249,0.6614125324926718,0.4634146341463415,0.8594104308390023,0.8257261410788381,0.6186647173489279,0.8947368421052632,0.34259259259259256,0.4251968503937008
linreg,0.6758652094717669,0.5666666666666667,0.7850637522768671,0.7635467980295566,0.6514849842375974,0.43902439024390244,0.8639455782312925,0.8278008298755186,0.6525341130604289,0.8421052631578947,0.4629629629629629,0.5196850393700787
SVR10,0.6078779599271402,0.38333333333333336,0.8324225865209471,0.7881773399014779,0.6330402079530999,0.36585365853658536,0.9002267573696145,0.8547717842323651,0.48830409356725146,0.0,1.0,0.8503937007874016
ridge,0.676775956284153,0.5666666666666667,0.7868852459016393,0.7651888341543513,0.6514849842375974,0.43902439024390244,0.8639455782312925,0.8278008298755186,0.6571637426900585,0.8421052631578947,0.4722222222222222,0.5275590551181102
