,all,all,all,all,no revasc,no revasc,no revasc,no revasc,with revasc,with revasc,with revasc,with revasc
,Test AUC,Sensitivity,Specificity,Accuracy,Test AUC,Sensitivity,Specificity,Accuracy,Test AUC,Sensitivity,Specificity,Accuracy
lasso,0.6618265993265993,0.5925925925925926,0.7310606060606061,0.7126436781609196,0.6535641303041231,0.4915254237288136,0.8156028368794326,0.7759336099585062,0.6270562770562771,0.8636363636363636,0.3904761904761904,0.47244094488188976
linreg,0.6730850168350169,0.5185185185185185,0.8276515151515151,0.7865353037766831,0.6685298713787716,0.4576271186440678,0.8794326241134752,0.8278008298755186,0.6504329004329004,0.6818181818181818,0.6190476190476191,0.6299212598425197
SVR10,0.6133557800224466,0.4691358024691358,0.7575757575757576,0.7192118226600985,0.6141563489201427,0.4576271186440678,0.7706855791962175,0.7323651452282157,0.6023809523809522,0.5,0.7047619047619047,0.6692913385826772
ridge,0.6749789562289562,0.5185185185185185,0.8314393939393939,0.7898193760262726,0.6685298713787716,0.4576271186440678,0.8794326241134752,0.8278008298755186,0.6599567099567099,0.6818181818181818,0.638095238095238,0.6456692913385826
