,all,all,all,all,no revasc,no revasc,no revasc,no revasc,with revasc,with revasc,with revasc,with revasc
,Test AUC,Sensitivity,Specificity,Accuracy,Test AUC,Sensitivity,Specificity,Accuracy,Test AUC,Sensitivity,Specificity,Accuracy
lasso,0.6039583224252578,0.3380281690140845,0.8698884758364313,0.8078817733990148,0.5741203703703703,0.22,0.9282407407407407,0.8547717842323651,0.6255615453728661,0.6190476190476191,0.6320754716981132,0.6299212598425197
linreg,0.5863003298602021,0.3380281690140845,0.8345724907063197,0.7766830870279147,0.5944444444444444,0.3,0.8888888888888888,0.8278008298755186,0.52088948787062,0.42857142857142855,0.6132075471698113,0.5826771653543307
SVR10,0.5691397455364154,0.2535211267605634,0.8847583643122676,0.8111658456486043,0.5794907407407407,0.24,0.9189814814814815,0.8485477178423236,0.515498652291105,0.2857142857142857,0.7452830188679245,0.6692913385826772
ridge,0.5909471700089008,0.3380281690140845,0.8438661710037174,0.7848932676518884,0.5944444444444444,0.3,0.8888888888888888,0.8278008298755186,0.5444743935309974,0.42857142857142855,0.6603773584905661,0.6220472440944882
