,all,all,all,all,no revasc,no revasc,no revasc,no revasc,with revasc,with revasc,with revasc,with revasc
,Test AUC,Sensitivity,Specificity,Accuracy,Test AUC,Sensitivity,Specificity,Accuracy,Test AUC,Sensitivity,Specificity,Accuracy
lasso,0.6992258652094718,0.75,0.6484517304189436,0.6584564860426929,0.7176041148166583,0.7073170731707317,0.727891156462585,0.7261410788381742,0.5830896686159843,0.8421052631578947,0.32407407407407407,0.4015748031496063
linreg,0.7163934426229508,0.7333333333333333,0.6994535519125683,0.7027914614121511,0.7487970798075327,0.7560975609756098,0.7414965986394557,0.7427385892116183,0.6059941520467836,0.6842105263157895,0.5277777777777778,0.5511811023622047
SVR10,0.6488160291438979,0.6,0.697632058287796,0.6880131362889984,0.6918035506885682,0.6829268292682927,0.7006802721088435,0.6991701244813278,0.5531189083820662,0.42105263157894735,0.6851851851851851,0.6456692913385826
ridge,0.7173041894353371,0.7333333333333333,0.7012750455373407,0.7044334975369458,0.7499308666556053,0.7560975609756098,0.7437641723356009,0.7448132780082988,0.6059941520467836,0.6842105263157895,0.5277777777777778,0.5511811023622047
