,all,all,all,all,no revasc,no revasc,no revasc,no revasc,with revasc,with revasc,with revasc,with revasc
,Test AUC,Sensitivity,Specificity,Accuracy,Test AUC,Sensitivity,Specificity,Accuracy,Test AUC,Sensitivity,Specificity,Accuracy
lasso,0.6412887292321509,0.5764705882352941,0.7061068702290076,0.6880131362889984,0.6407450076804917,0.4838709677419355,0.7976190476190477,0.7572614107883817,0.5813127090301003,0.8260869565217391,0.33653846153846156,0.4251968503937008
linreg,0.6700830713964975,0.5176470588235295,0.8225190839694656,0.7799671592775042,0.6570276497695853,0.43548387096774194,0.8785714285714286,0.8215767634854771,0.6676421404682273,0.7391304347826086,0.5961538461538461,0.6220472440944882
SVR10,0.5856084418500225,0.6941176470588235,0.47709923664122134,0.5073891625615764,0.5738863287250384,0.7096774193548387,0.4380952380952381,0.4730290456431535,0.6433946488294313,0.6521739130434783,0.6346153846153846,0.6377952755905512
ridge,0.6700830713964975,0.5176470588235295,0.8225190839694656,0.7799671592775042,0.6570276497695853,0.43548387096774194,0.8785714285714286,0.8215767634854771,0.6676421404682273,0.7391304347826086,0.5961538461538461,0.6220472440944882
