,all,all,all,all,no revasc,no revasc,no revasc,no revasc,with revasc,with revasc,with revasc,with revasc
,Test AUC,Sensitivity,Specificity,Accuracy,Test AUC,Sensitivity,Specificity,Accuracy,Test AUC,Sensitivity,Specificity,Accuracy
lasso,0.6749450794951036,0.616822429906542,0.7330677290836654,0.7126436781609196,0.6680659203980099,0.5625,0.7736318407960199,0.7385892116182573,0.673888888888889,0.7777777777777778,0.5700000000000001,0.6141732283464567
linreg,0.6865807796849983,0.7476635514018691,0.6254980079681275,0.6469622331691297,0.688339552238806,0.7125,0.664179104477612,0.6721991701244814,0.6609259259259259,0.8518518518518519,0.47,0.5511811023622047
SVR10,0.5016848493874967,0.009345794392523364,0.9940239043824701,0.8210180623973727,0.5025186567164178,0.0125,0.9925373134328358,0.8298755186721992,0.5,0.0,1.0,0.7874015748031497
ridge,0.6865807796849983,0.7476635514018691,0.6254980079681275,0.6469622331691297,0.688339552238806,0.7125,0.664179104477612,0.6721991701244814,0.6609259259259259,0.8518518518518519,0.47,0.5511811023622047
