,all,all,all,all,no revasc,no revasc,no revasc,no revasc,with revasc,with revasc,with revasc,with revasc
,Test AUC,Sensitivity,Specificity,Accuracy,Test AUC,Sensitivity,Specificity,Accuracy,Test AUC,Sensitivity,Specificity,Accuracy
lasso,0.7303942199775533,0.8641975308641975,0.5965909090909092,0.632183908045977,0.7436590936410625,0.8135593220338984,0.6737588652482269,0.6908713692946058,0.6428571428571428,1.0,0.2857142857142857,0.4094488188976378
linreg,0.761398709315376,0.691358024691358,0.8314393939393939,0.812807881773399,0.7593861441679689,0.6440677966101694,0.8747044917257684,0.8464730290456431,0.7376623376623378,0.8181818181818182,0.6571428571428571,0.6850393700787402
SVR10,0.6629840067340067,0.4074074074074074,0.9185606060606061,0.8505747126436781,0.6834956124534199,0.423728813559322,0.9432624113475178,0.8796680497925311,0.5913419913419914,0.36363636363636365,0.819047619047619,0.7401574803149606
ridge,0.7571198092031425,0.6790123456790124,0.8352272727272727,0.8144499178981938,0.7532756340906359,0.6271186440677966,0.8794326241134752,0.8485477178423236,0.7376623376623378,0.8181818181818182,0.6571428571428571,0.6850393700787402
