,all,all,all,all,no revasc,no revasc,no revasc,no revasc,with revasc,with revasc,with revasc,with revasc
,Test AUC,Sensitivity,Specificity,Accuracy,Test AUC,Sensitivity,Specificity,Accuracy,Test AUC,Sensitivity,Specificity,Accuracy
lasso,0.6818859300476948,0.8823529411764706,0.48141891891891897,0.49261083743842365,0.6840378305346458,0.8181818181818182,0.5498938428874734,0.5560165975103735,0.6074380165289256,1.0,0.2148760330578512,0.25196850393700787
linreg,0.7383247217806042,0.9411764705882353,0.535472972972973,0.5467980295566502,0.7475390851187029,0.9090909090909091,0.5859872611464968,0.5933609958506224,0.6694214876033058,1.0,0.33884297520661155,0.3700787401574803
SVR10,0.6470091414944356,0.6470588235294118,0.6469594594594594,0.6469622331691297,0.6387762980119668,0.6363636363636364,0.6411889596602973,0.6410788381742739,0.6680440771349861,0.6666666666666666,0.6694214876033058,0.6692913385826772
ridge,0.7374801271860095,0.9411764705882353,0.5337837837837838,0.5451559934318555,0.7464775139934375,0.9090909090909091,0.583864118895966,0.5912863070539419,0.6694214876033058,1.0,0.33884297520661155,0.3700787401574803
