,all,all,all,all,no revasc,no revasc,no revasc,no revasc,with revasc,with revasc,with revasc,with revasc
,Test AUC,Sensitivity,Specificity,Accuracy,Test AUC,Sensitivity,Specificity,Accuracy,Test AUC,Sensitivity,Specificity,Accuracy
lasso,0.6822859744990892,0.6833333333333333,0.6812386156648451,0.6814449917898193,0.673911841159228,0.5609756097560976,0.7868480725623583,0.7676348547717843,0.5986842105263157,0.9473684210526315,0.25,0.3543307086614173
linreg,0.708879781420765,0.8166666666666667,0.6010928961748634,0.6223316912972086,0.7326475305569382,0.7804878048780488,0.6848072562358276,0.6929460580912863,0.5769980506822612,0.8947368421052632,0.2592592592592593,0.3543307086614173
SVR10,0.49922586520947176,0.0,1.0,0.9014778325123153,0.5008572534704939,0.024390243902439025,0.9773242630385488,0.8962655601659751,0.5,0.0,1.0,0.8503937007874016
ridge,0.708879781420765,0.8166666666666667,0.6010928961748634,0.6223316912972086,0.7326475305569382,0.7804878048780488,0.6848072562358276,0.6929460580912863,0.5769980506822612,0.8947368421052632,0.2592592592592593,0.3543307086614173
