,all,all,all,all,no revasc,no revasc,no revasc,no revasc,with revasc,with revasc,with revasc,with revasc
,Test AUC,Sensitivity,Specificity,Accuracy,Test AUC,Sensitivity,Specificity,Accuracy,Test AUC,Sensitivity,Specificity,Accuracy
lasso,0.7096702317290552,0.9166666666666666,0.5026737967914439,0.535303776683087,0.7313550420168067,0.8823529411764706,0.5803571428571428,0.6016597510373444,0.5973451327433628,1.0,0.19469026548672563,0.28346456692913385
linreg,0.7144050802139037,0.8958333333333334,0.5329768270944741,0.5615763546798029,0.7233455882352942,0.8529411764705882,0.59375,0.6120331950207469,0.6460176991150443,1.0,0.2920353982300885,0.3700787401574803
SVR10,0.5422794117647058,0.10416666666666667,0.9803921568627451,0.9113300492610837,0.5193671218487395,0.058823529411764705,0.9799107142857143,0.9149377593360996,0.5982932996207332,0.21428571428571427,0.9823008849557522,0.8976377952755905
ridge,0.699810606060606,0.8541666666666666,0.5454545454545454,0.5697865353037767,0.7153361344537815,0.8235294117647058,0.6071428571428572,0.6224066390041494,0.6147281921618205,0.9285714285714286,0.3008849557522124,0.3700787401574803
