,all,all,all,all,no revasc,no revasc,no revasc,no revasc,with revasc,with revasc,with revasc,with revasc
,Test AUC,Sensitivity,Specificity,Accuracy,Test AUC,Sensitivity,Specificity,Accuracy,Test AUC,Sensitivity,Specificity,Accuracy
lasso,0.6536429872495446,0.6333333333333333,0.6739526411657559,0.6699507389162561,0.6583153586637908,0.5365853658536586,0.780045351473923,0.7593360995850622,0.5414230019493177,0.8421052631578947,0.2407407407407407,0.33070866141732286
linreg,0.6617486338797813,0.7333333333333333,0.5901639344262295,0.6042692939244664,0.67933189535977,0.6829268292682927,0.6757369614512472,0.6763485477178424,0.5414230019493177,0.8421052631578947,0.2407407407407407,0.33070866141732286
SVR10,0.570264116575592,0.35,0.790528233151184,0.7471264367816092,0.5678336375200486,0.3170731707317073,0.81859410430839,0.7759336099585062,0.5484892787524367,0.42105263157894735,0.6759259259259259,0.6377952755905512
ridge,0.6617486338797813,0.7333333333333333,0.5901639344262295,0.6042692939244664,0.67933189535977,0.6829268292682927,0.6757369614512472,0.6763485477178424,0.5414230019493177,0.8421052631578947,0.2407407407407407,0.33070866141732286
