,all,all,all,all,no revasc,no revasc,no revasc,no revasc,with revasc,with revasc,with revasc,with revasc
,Test AUC,Sensitivity,Specificity,Accuracy,Test AUC,Sensitivity,Specificity,Accuracy,Test AUC,Sensitivity,Specificity,Accuracy
lasso,0.7064383561643837,0.68,0.7328767123287672,0.7307060755336617,0.6851359898798228,0.5294117647058824,0.8408602150537634,0.8298755186721992,0.6554621848739496,1.0,0.31092436974789917,0.3543307086614173
linreg,0.7053424657534246,0.76,0.6506849315068493,0.6551724137931034,0.7206831119544592,0.7058823529411765,0.7354838709677419,0.7344398340248963,0.5971638655462185,0.875,0.31932773109243695,0.3543307086614173
SVR10,0.5140068493150686,0.04,0.988013698630137,0.9490968801313628,0.4935483870967742,0.0,1.0,0.9647302904564315,0.5582983193277311,0.125,0.9915966386554622,0.937007874015748
ridge,0.704486301369863,0.76,0.648972602739726,0.6535303776683087,0.7206831119544592,0.7058823529411765,0.7354838709677419,0.7344398340248963,0.5929621848739496,0.875,0.31092436974789917,0.3464566929133858
