,all,all,all,all,no revasc,no revasc,no revasc,no revasc,with revasc,with revasc,with revasc,with revasc
,Test AUC,Sensitivity,Specificity,Accuracy,Test AUC,Sensitivity,Specificity,Accuracy,Test AUC,Sensitivity,Specificity,Accuracy
lasso,0.64222549056112,0.6728971962616822,0.6115537848605578,0.6223316912972086,0.6657649253731344,0.6375,0.6940298507462687,0.6846473029045643,0.5288888888888889,0.7777777777777778,0.28,0.3858267716535433
linreg,0.6553226346948653,0.7289719626168224,0.5816733067729083,0.6075533661740559,0.6771144278606965,0.7,0.6542288557213931,0.6618257261410788,0.5524074074074075,0.8148148148148148,0.29000000000000004,0.4015748031496063
SVR10,0.6205551625274601,0.514018691588785,0.7270916334661355,0.6896551724137931,0.6229788557213931,0.4375,0.8084577114427861,0.7468879668049793,0.5703703703703704,0.7407407407407407,0.4,0.47244094488188976
ridge,0.6553226346948653,0.7289719626168224,0.5816733067729083,0.6075533661740559,0.6771144278606965,0.7,0.6542288557213931,0.6618257261410788,0.5524074074074075,0.8148148148148148,0.29000000000000004,0.4015748031496063
