,all,all,all,all,no revasc,no revasc,no revasc,no revasc,with revasc,with revasc,with revasc,with revasc
,Test AUC,Sensitivity,Specificity,Accuracy,Test AUC,Sensitivity,Specificity,Accuracy,Test AUC,Sensitivity,Specificity,Accuracy
lasso,0.7574086452762925,0.8125,0.7023172905525847,0.7110016420361248,0.7549238445378151,0.7352941176470589,0.7745535714285714,0.7717842323651453,0.7079646017699115,1.0,0.415929203539823,0.48031496062992124
linreg,0.8195187165775402,0.8333333333333334,0.8057040998217468,0.8078817733990148,0.8167016806722689,0.7941176470588235,0.8392857142857143,0.8360995850622407,0.8005689001264222,0.9285714285714286,0.6725663716814159,0.7007874015748031
SVR10,0.7734514260249554,0.8125,0.7344028520499108,0.7405582922824302,0.7673975840336134,0.7647058823529411,0.7700892857142857,0.7697095435684648,0.7607458912768648,0.9285714285714286,0.5929203539823009,0.6299212598425197
ridge,0.8151180926916222,0.8958333333333334,0.7344028520499108,0.7471264367816092,0.8306853991596639,0.8823529411764706,0.7790178571428572,0.7863070539419087,0.743046776232617,0.9285714285714286,0.5575221238938053,0.5984251968503937
