,all,all,all,all,no revasc,no revasc,no revasc,no revasc,with revasc,with revasc,with revasc,with revasc
,Test AUC,Sensitivity,Specificity,Accuracy,Test AUC,Sensitivity,Specificity,Accuracy,Test AUC,Sensitivity,Specificity,Accuracy
lasso,0.6598382114246819,0.6338028169014085,0.6858736059479553,0.6798029556650246,0.6526851851851851,0.56,0.7453703703703703,0.7261410788381742,0.6264600179694519,0.8095238095238095,0.44339622641509435,0.5039370078740157
linreg,0.707170532488612,0.8028169014084507,0.6115241635687733,0.6338259441707718,0.7198611111111111,0.78,0.6597222222222222,0.6721991701244814,0.6361185983827493,0.8571428571428571,0.41509433962264153,0.4881889763779528
SVR10,0.49667521859783237,0.0,1.0,0.8834154351395731,0.49462962962962964,0.0,1.0,0.8962655601659751,0.5,0.0,1.0,0.8346456692913385
ridge,0.707170532488612,0.8028169014084507,0.6115241635687733,0.6338259441707718,0.7198611111111111,0.78,0.6597222222222222,0.6721991701244814,0.6361185983827493,0.8571428571428571,0.41509433962264153,0.4881889763779528
