,all,all,all,all,no revasc,no revasc,no revasc,no revasc,with revasc,with revasc,with revasc,with revasc
,Test AUC,Sensitivity,Specificity,Accuracy,Test AUC,Sensitivity,Specificity,Accuracy,Test AUC,Sensitivity,Specificity,Accuracy
lasso,0.6368740063593006,0.6470588235294118,0.6266891891891893,0.6272577996715928,0.6377147268867014,0.6363636363636364,0.6390658174097665,0.6390041493775933,0.6225895316804408,0.6666666666666666,0.578512396694215,0.5826771653543307
linreg,0.6696641494435612,0.7058823529411765,0.6334459459459459,0.6354679802955665,0.6874155568423085,0.7272727272727273,0.6475583864118897,0.6493775933609959,0.6225895316804408,0.6666666666666666,0.578512396694215,0.5826771653543307
SVR10,0.5212639109697933,0.9411764705882353,0.10135135135135132,0.12479474548440066,0.5520169851380042,1.0,0.10403397027600847,0.12448132780082988,0.46212121212121215,0.0,1.0,0.952755905511811
ridge,0.6696641494435612,0.7058823529411765,0.6334459459459459,0.6354679802955665,0.6874155568423085,0.7272727272727273,0.6475583864118897,0.6493775933609959,0.6225895316804408,0.6666666666666666,0.578512396694215,0.5826771653543307
