,all,all,all,all,no revasc,no revasc,no revasc,no revasc,with revasc,with revasc,with revasc,with revasc
,Test AUC,Sensitivity,Specificity,Accuracy,Test AUC,Sensitivity,Specificity,Accuracy,Test AUC,Sensitivity,Specificity,Accuracy
lasso,0.7258801247771837,0.7708333333333334,0.6809269162210339,0.6880131362889984,0.741530987394958,0.7352941176470589,0.7477678571428572,0.7468879668049793,0.6365360303413401,0.8571428571428571,0.415929203539823,0.4645669291338583
linreg,0.7386920677361852,0.8125,0.6648841354723707,0.6765188834154351,0.7644432773109243,0.8235294117647058,0.7053571428571428,0.7136929460580913,0.6450695322376738,0.7857142857142857,0.504424778761062,0.5354330708661418
SVR10,0.6044451871657754,0.5208333333333334,0.6880570409982174,0.6748768472906403,0.6186974789915967,0.5588235294117647,0.6785714285714286,0.6701244813278008,0.577117572692794,0.42857142857142855,0.7256637168141593,0.6929133858267716
ridge,0.7443181818181818,0.7916666666666666,0.696969696969697,0.7044334975369458,0.7664784663865545,0.7941176470588235,0.7388392857142857,0.7427385892116183,0.6583438685208596,0.7857142857142857,0.5309734513274336,0.5590551181102362
