,all,all,all,all,no revasc,no revasc,no revasc,no revasc,with revasc,with revasc,with revasc,with revasc
,Test AUC,Sensitivity,Specificity,Accuracy,Test AUC,Sensitivity,Specificity,Accuracy,Test AUC,Sensitivity,Specificity,Accuracy
lasso,0.5667144506087799,0.24299065420560748,0.8904382470119522,0.7766830870279147,0.5438743781094527,0.1375,0.9502487562189055,0.8153526970954357,0.6027777777777777,0.5555555555555556,0.65,0.6299212598425197
linreg,0.5402874483374911,0.16822429906542055,0.9123505976095617,0.7816091954022989,0.5413868159203981,0.1375,0.945273631840796,0.8112033195020747,0.5196296296296297,0.25925925925925924,0.78,0.6692913385826772
SVR10,0.5093457943925234,0.018691588785046728,1.0,0.8275862068965517,0.50625,0.0125,1.0,0.8360995850622407,0.5185185185185185,0.037037037037037035,1.0,0.7952755905511811
ridge,0.5412834642737461,0.16822429906542055,0.9143426294820717,0.7832512315270936,0.5426305970149253,0.1375,0.9477611940298507,0.8132780082987552,0.5196296296296297,0.25925925925925924,0.78,0.6692913385826772
