,all,all,all,all,no revasc,no revasc,no revasc,no revasc,with revasc,with revasc,with revasc,with revasc
,Test AUC,Sensitivity,Specificity,Accuracy,Test AUC,Sensitivity,Specificity,Accuracy,Test AUC,Sensitivity,Specificity,Accuracy
lasso,0.7007285974499089,0.6,0.8014571948998178,0.7816091954022989,0.7167192080084066,0.5853658536585366,0.8480725623582767,0.8257261410788381,0.6213450292397661,0.631578947368421,0.6111111111111112,0.6141732283464567
linreg,0.7062841530054644,0.8333333333333334,0.5792349726775956,0.6042692939244664,0.7286931032575631,0.8292682926829268,0.6281179138321995,0.6452282157676349,0.6108674463937622,0.8421052631578947,0.37962962962962965,0.44881889763779526
SVR10,0.6099726775956285,0.4166666666666667,0.8032786885245902,0.7651888341543513,0.6220065261877108,0.43902439024390244,0.8049886621315192,0.7738589211618258,0.5823586744639376,0.3684210526315789,0.7962962962962963,0.7322834645669292
ridge,0.7062841530054644,0.8333333333333334,0.5792349726775956,0.6042692939244664,0.7286931032575631,0.8292682926829268,0.6281179138321995,0.6452282157676349,0.6108674463937622,0.8421052631578947,0.37962962962962965,0.44881889763779526
