,all,all,all,all,no revasc,no revasc,no revasc,no revasc,with revasc,with revasc,with revasc,with revasc
,Test AUC,Sensitivity,Specificity,Accuracy,Test AUC,Sensitivity,Specificity,Accuracy,Test AUC,Sensitivity,Specificity,Accuracy
lasso,0.7029857397504456,0.75,0.6559714795008913,0.6633825944170771,0.6987263655462184,0.6764705882352942,0.7209821428571428,0.7178423236514523,0.6634007585335019,0.9285714285714286,0.3982300884955752,0.4566929133858268
linreg,0.7223707664884136,0.8333333333333334,0.6114081996434937,0.6288998357963875,0.7329963235294117,0.7941176470588235,0.671875,0.6804979253112033,0.650126422250316,0.9285714285714286,0.37168141592920356,0.4330708661417323
SVR10,0.5969251336898397,0.4166666666666667,0.7771836007130125,0.7487684729064039,0.6100971638655462,0.4411764705882353,0.7790178571428572,0.7551867219917012,0.5635271807838179,0.35714285714285715,0.7699115044247787,0.7244094488188977
ridge,0.7223707664884136,0.8333333333333334,0.6114081996434937,0.6288998357963875,0.7329963235294117,0.7941176470588235,0.671875,0.6804979253112033,0.650126422250316,0.9285714285714286,0.37168141592920356,0.4330708661417323
