,all,all,all,all,no revasc,no revasc,no revasc,no revasc,with revasc,with revasc,with revasc,with revasc
,Test AUC,Sensitivity,Specificity,Accuracy,Test AUC,Sensitivity,Specificity,Accuracy,Test AUC,Sensitivity,Specificity,Accuracy
lasso,0.5733700711173995,0.37383177570093457,0.7729083665338645,0.7027914614121511,0.5728233830845771,0.275,0.8706467661691543,0.7717842323651453,0.5233333333333333,0.6666666666666666,0.38,0.4409448818897638
linreg,0.6260751386975463,0.4672897196261682,0.7848605577689243,0.729064039408867,0.6140858208955224,0.3625,0.8656716417910448,0.7821576763485477,0.6188888888888888,0.7777777777777778,0.45999999999999996,0.5275590551181102
SVR10,0.5002885653647093,0.2336448598130841,0.7669322709163346,0.6732348111658456,0.5006529850746269,0.2625,0.7388059701492538,0.6597510373443983,0.514074074074074,0.14814814814814814,0.88,0.7244094488188977
ridge,0.6260751386975463,0.4672897196261682,0.7848605577689243,0.729064039408867,0.6140858208955224,0.3625,0.8656716417910448,0.7821576763485477,0.6188888888888888,0.7777777777777778,0.45999999999999996,0.5275590551181102
