,all,all,all,all,no revasc,no revasc,no revasc,no revasc,with revasc,with revasc,with revasc,with revasc
,Test AUC,Sensitivity,Specificity,Accuracy,Test AUC,Sensitivity,Specificity,Accuracy,Test AUC,Sensitivity,Specificity,Accuracy
lasso,0.6470258136924804,0.5061728395061729,0.7878787878787878,0.7504105090311987,0.619064791441279,0.3728813559322034,0.8652482269503546,0.8049792531120332,0.6699134199134199,0.8636363636363636,0.47619047619047616,0.5433070866141733
linreg,0.685570987654321,0.6419753086419753,0.7291666666666667,0.7175697865353038,0.6866810914773411,0.5932203389830508,0.7801418439716312,0.7572614107883817,0.6482683982683983,0.7727272727272727,0.5238095238095238,0.5669291338582677
SVR10,0.5973625140291807,0.20987654320987653,0.9848484848484849,0.8817733990147784,0.594602716672677,0.2033898305084746,0.9858156028368794,0.8900414937759336,0.604112554112554,0.22727272727272727,0.9809523809523809,0.8503937007874016
ridge,0.6874649270482603,0.6419753086419753,0.7329545454545454,0.7208538587848933,0.6890451576711945,0.5932203389830508,0.7848699763593381,0.7614107883817427,0.6482683982683983,0.7727272727272727,0.5238095238095238,0.5669291338582677
