,all,all,all,all,no revasc,no revasc,no revasc,no revasc,with revasc,with revasc,with revasc,with revasc
,Test AUC,Sensitivity,Specificity,Accuracy,Test AUC,Sensitivity,Specificity,Accuracy,Test AUC,Sensitivity,Specificity,Accuracy
lasso,0.599489890903675,0.45794392523364486,0.7410358565737052,0.6912972085385879,0.5916666666666668,0.35,0.8333333333333334,0.7531120331950207,0.5738888888888889,0.7777777777777778,0.37,0.4566929133858268
linreg,0.6061641285325986,0.34579439252336447,0.8665338645418327,0.7750410509031199,0.6165111940298508,0.3375,0.8955223880597015,0.8029045643153527,0.5601851851851851,0.37037037037037035,0.75,0.6692913385826772
SVR10,0.593206612801132,0.4672897196261682,0.7191235059760956,0.6748768472906403,0.6181281094527363,0.4875,0.7487562189054726,0.7053941908713693,0.5037037037037038,0.4074074074074074,0.6,0.5590551181102362
ridge,0.5958223182038201,0.32710280373831774,0.8645418326693227,0.7701149425287356,0.6052549751243781,0.3125,0.8980099502487562,0.8008298755186722,0.5501851851851852,0.37037037037037035,0.73,0.6535433070866141
