,all,all,all,all,no revasc,no revasc,no revasc,no revasc,with revasc,with revasc,with revasc,with revasc
,Test AUC,Sensitivity,Specificity,Accuracy,Test AUC,Sensitivity,Specificity,Accuracy,Test AUC,Sensitivity,Specificity,Accuracy
lasso,0.6943758419398294,0.7647058823529411,0.6240458015267176,0.6436781609195402,0.703648233486943,0.7096774193548387,0.6976190476190476,0.6991701244813278,0.6199832775919731,0.9130434782608695,0.32692307692307687,0.4330708661417323
linreg,0.7064660978895375,0.7411764705882353,0.6717557251908397,0.6814449917898193,0.7193932411674347,0.6935483870967742,0.7452380952380953,0.7385892116182573,0.6222826086956521,0.8695652173913043,0.375,0.4645669291338583
SVR10,0.5848001796138302,0.7764705882352941,0.39312977099236646,0.4466338259441708,0.5819508448540707,0.7258064516129032,0.4380952380952381,0.475103734439834,0.5622909698996655,0.9130434782608695,0.21153846153846156,0.33858267716535434
ridge,0.7064660978895375,0.7411764705882353,0.6717557251908397,0.6814449917898193,0.7193932411674347,0.6935483870967742,0.7452380952380953,0.7385892116182573,0.6222826086956521,0.8695652173913043,0.375,0.4645669291338583
