,all,all,all,all,no revasc,no revasc,no revasc,no revasc,with revasc,with revasc,with revasc,with revasc
,Test AUC,Sensitivity,Specificity,Accuracy,Test AUC,Sensitivity,Specificity,Accuracy,Test AUC,Sensitivity,Specificity,Accuracy
lasso,0.6697632058287797,0.6,0.7395264116575593,0.7257799671592775,0.6588684254189481,0.4878048780487805,0.8299319727891157,0.8008298755186722,0.6062378167641325,0.8421052631578947,0.37037037037037035,0.4409448818897638
linreg,0.6531876138433516,0.4666666666666667,0.8397085610200364,0.8029556650246306,0.6560201316298877,0.43902439024390244,0.873015873015873,0.8360995850622407,0.6150097465886939,0.5263157894736842,0.7037037037037037,0.6771653543307087
SVR10,0.5971766848816028,0.3,0.8943533697632058,0.8357963875205254,0.6032575631878768,0.2926829268292683,0.9138321995464853,0.8609958506224067,0.5653021442495128,0.3157894736842105,0.8148148148148149,0.7401574803149606
ridge,0.6513661202185793,0.4666666666666667,0.8360655737704918,0.7996715927750411,0.6548863447818152,0.43902439024390244,0.8707482993197279,0.8340248962655602,0.6103801169590642,0.5263157894736842,0.6944444444444444,0.6692913385826772
