,all,all,all,all,no revasc,no revasc,no revasc,no revasc,with revasc,with revasc,with revasc,with revasc
,Test AUC,Sensitivity,Specificity,Accuracy,Test AUC,Sensitivity,Specificity,Accuracy,Test AUC,Sensitivity,Specificity,Accuracy
lasso,0.7326203208556149,0.6666666666666666,0.7985739750445633,0.7881773399014779,0.7306985294117647,0.6176470588235294,0.84375,0.8278008298755186,0.7025916561314792,0.7857142857142857,0.6194690265486726,0.6377952755905512
linreg,0.747103386809269,0.9166666666666666,0.5775401069518716,0.6042692939244664,0.7536764705882353,0.8823529411764706,0.625,0.6431535269709544,0.6946902654867257,1.0,0.3893805309734514,0.4566929133858268
SVR10,0.6528520499108734,0.5,0.8057040998217468,0.7816091954022989,0.6687237394957983,0.5294117647058824,0.8080357142857143,0.7883817427385892,0.6125158027812895,0.42857142857142855,0.7964601769911505,0.7559055118110236
ridge,0.747103386809269,0.9166666666666666,0.5775401069518716,0.6042692939244664,0.7536764705882353,0.8823529411764706,0.625,0.6431535269709544,0.6946902654867257,1.0,0.3893805309734514,0.4566929133858268
