,all,all,all,all,no revasc,no revasc,no revasc,no revasc,with revasc,with revasc,with revasc,with revasc
,Test AUC,Sensitivity,Specificity,Accuracy,Test AUC,Sensitivity,Specificity,Accuracy,Test AUC,Sensitivity,Specificity,Accuracy
lasso,0.6247544893378226,0.49382716049382713,0.7556818181818181,0.7208538587848933,0.6192651360339785,0.3898305084745763,0.8486997635933806,0.7925311203319502,0.5768398268398268,0.7727272727272727,0.38095238095238093,0.44881889763779526
linreg,0.645587822671156,0.49382716049382713,0.7973484848484849,0.7569786535303776,0.6484353087310174,0.4576271186440678,0.8392434988179669,0.7925311203319502,0.6097402597402597,0.5909090909090909,0.6285714285714286,0.6220472440944882
SVR10,0.5121001683501684,0.5185185185185185,0.5056818181818181,0.5073891625615764,0.5137035701406418,0.559322033898305,0.46808510638297873,0.47925311203319504,0.5331168831168831,0.4090909090909091,0.6571428571428571,0.6141732283464567
ridge,0.6446408529741863,0.49382716049382713,0.7954545454545454,0.7553366174055829,0.6472532756340906,0.4576271186440678,0.8368794326241135,0.7904564315352697,0.6097402597402597,0.5909090909090909,0.6285714285714286,0.6220472440944882
