,all,all,all,all,no revasc,no revasc,no revasc,no revasc,with revasc,with revasc,with revasc,with revasc
,Test AUC,Sensitivity,Specificity,Accuracy,Test AUC,Sensitivity,Specificity,Accuracy,Test AUC,Sensitivity,Specificity,Accuracy
lasso,0.6767500916278338,0.7605633802816901,0.5929368029739777,0.6124794745484401,0.6949074074074074,0.7,0.6898148148148149,0.6908713692946058,0.5514375561545373,0.9047619047619048,0.19811320754716977,0.31496062992125984
linreg,0.7064505995078276,0.6619718309859155,0.7509293680297398,0.7405582922824302,0.7050925925925926,0.6,0.8101851851851851,0.7883817427385892,0.6594788858939802,0.8095238095238095,0.5094339622641509,0.5590551181102362
SVR10,0.5174092884444211,0.04225352112676056,0.9925650557620818,0.8817733990147784,0.5153703703703704,0.04,0.9907407407407407,0.8921161825726142,0.5238095238095238,0.047619047619047616,1.0,0.84251968503937
ridge,0.7073799675375674,0.6619718309859155,0.7527881040892194,0.7422003284072249,0.70625,0.6,0.8125,0.7904564315352697,0.6594788858939802,0.8095238095238095,0.5094339622641509,0.5590551181102362
