,all,all,all,all,no revasc,no revasc,no revasc,no revasc,with revasc,with revasc,with revasc,with revasc
,Test AUC,Sensitivity,Specificity,Accuracy,Test AUC,Sensitivity,Specificity,Accuracy,Test AUC,Sensitivity,Specificity,Accuracy
lasso,0.6664223257762186,0.8309859154929577,0.5018587360594795,0.5402298850574713,0.6705092592592593,0.76,0.5810185185185186,0.5995850622406639,0.5896226415094339,1.0,0.17924528301886788,0.31496062992125984
linreg,0.7127467406670507,0.8028169014084507,0.6226765799256506,0.6436781609195402,0.7214351851851851,0.76,0.6828703703703703,0.6908713692946058,0.6410601976639712,0.9047619047619048,0.37735849056603776,0.4645669291338583
SVR10,0.6402429446567882,0.43661971830985913,0.8438661710037174,0.7963875205254516,0.6579166666666666,0.42,0.8958333333333334,0.8464730290456431,0.5541329739442947,0.47619047619047616,0.6320754716981132,0.6062992125984252
ridge,0.7118173726373109,0.8028169014084507,0.620817843866171,0.6420361247947455,0.7214351851851851,0.76,0.6828703703703703,0.6908713692946058,0.6363432165318958,0.9047619047619048,0.3679245283018868,0.4566929133858268
