,all,all,all,all,no revasc,no revasc,no revasc,no revasc,with revasc,with revasc,with revasc,with revasc
,Test AUC,Sensitivity,Specificity,Accuracy,Test AUC,Sensitivity,Specificity,Accuracy,Test AUC,Sensitivity,Specificity,Accuracy
lasso,0.6596539162112932,0.7,0.6193078324225865,0.6272577996715928,0.6549416514573309,0.6341463414634146,0.6757369614512472,0.6721991701244814,0.6154970760233918,0.8421052631578947,0.38888888888888884,0.4566929133858268
linreg,0.6644353369763207,0.6166666666666667,0.7122040072859745,0.7027914614121511,0.6892317902770865,0.6097560975609756,0.7687074829931972,0.7551867219917012,0.5565302144249513,0.631578947368421,0.4814814814814815,0.5039370078740157
SVR10,0.5233151183970857,0.7333333333333333,0.31329690346083794,0.35467980295566504,0.5021846136828715,0.7073170731707317,0.2970521541950113,0.33195020746887965,0.5845516569200779,0.7894736842105263,0.37962962962962965,0.4409448818897638
ridge,0.6607923497267759,0.6166666666666667,0.7049180327868853,0.6962233169129721,0.6846966428847963,0.6097560975609756,0.7596371882086168,0.7468879668049793,0.5565302144249513,0.631578947368421,0.4814814814814815,0.5039370078740157
