,all,all,all,all,no revasc,no revasc,no revasc,no revasc,with revasc,with revasc,with revasc,with revasc
,Test AUC,Sensitivity,Specificity,Accuracy,Test AUC,Sensitivity,Specificity,Accuracy,Test AUC,Sensitivity,Specificity,Accuracy
lasso,0.7071078431372548,0.7083333333333334,0.7058823529411764,0.7060755336617406,0.693671218487395,0.5882352941176471,0.7991071428571428,0.7842323651452282,0.668141592920354,1.0,0.33628318584070793,0.4094488188976378
linreg,0.7283868092691621,0.9166666666666666,0.5401069518716577,0.5697865353037767,0.7447478991596639,0.8823529411764706,0.6071428571428572,0.6265560165975104,0.6371681415929203,1.0,0.2743362831858407,0.3543307086614173
SVR10,0.5631127450980391,0.14583333333333334,0.9803921568627451,0.9146141215106732,0.563484768907563,0.14705882352941177,0.9799107142857143,0.921161825726141,0.5625790139064475,0.14285714285714285,0.9823008849557522,0.889763779527559
ridge,0.72799688057041,0.8125,0.64349376114082,0.6568144499178982,0.7270220588235294,0.7352941176470589,0.71875,0.7199170124481328,0.6725663716814159,1.0,0.34513274336283184,0.41732283464566927
