,all,all,all,all,no revasc,no revasc,no revasc,no revasc,with revasc,with revasc,with revasc,with revasc
,Test AUC,Sensitivity,Specificity,Accuracy,Test AUC,Sensitivity,Specificity,Accuracy,Test AUC,Sensitivity,Specificity,Accuracy
lasso,0.6906194295900178,0.5416666666666666,0.839572192513369,0.8160919540229885,0.6545430672268907,0.4117647058823529,0.8973214285714286,0.8630705394190872,0.733881163084703,0.8571428571428571,0.6106194690265487,0.6377952755905512
linreg,0.6971368092691622,0.5208333333333334,0.8734402852049911,0.8456486042692939,0.7064732142857143,0.5,0.9129464285714286,0.8838174273858921,0.6441213653603034,0.5714285714285714,0.7168141592920354,0.7007874015748031
SVR10,0.6874442959001783,0.6458333333333334,0.7290552584670231,0.722495894909688,0.7279411764705883,0.7058823529411765,0.75,0.7468879668049793,0.5730088495575222,0.5,0.6460176991150443,0.6299212598425197
ridge,0.6962455436720143,0.5208333333333334,0.8716577540106951,0.8440065681444991,0.7064732142857143,0.5,0.9129464285714286,0.8838174273858921,0.6396965865992414,0.5714285714285714,0.7079646017699115,0.6929133858267716
