,all,all,all,all,no revasc,no revasc,no revasc,no revasc,with revasc,with revasc,with revasc,with revasc
,Test AUC,Sensitivity,Specificity,Accuracy,Test AUC,Sensitivity,Specificity,Accuracy,Test AUC,Sensitivity,Specificity,Accuracy
lasso,0.6490393565923223,0.7383177570093458,0.5597609561752988,0.5911330049261084,0.6521766169154231,0.675,0.6293532338308458,0.6369294605809128,0.6029629629629629,0.9259259259259259,0.28,0.41732283464566927
linreg,0.6652083255761999,0.7009345794392523,0.6294820717131474,0.6420361247947455,0.6832400497512439,0.6625,0.7039800995024876,0.6970954356846473,0.5724074074074074,0.8148148148148148,0.32999999999999996,0.4330708661417323
SVR10,0.5315560189149943,0.1308411214953271,0.9322709163346614,0.7914614121510674,0.5401119402985075,0.125,0.9552238805970149,0.8174273858921162,0.49407407407407405,0.0,1.0,0.7874015748031497
ridge,0.6642123096399448,0.7009345794392523,0.6274900398406374,0.6403940886699507,0.6819962686567165,0.6625,0.7014925373134329,0.6950207468879668,0.5724074074074074,0.8148148148148148,0.32999999999999996,0.4330708661417323
