,all,all,all,all,no revasc,no revasc,no revasc,no revasc,with revasc,with revasc,with revasc,with revasc
,Test AUC,Sensitivity,Specificity,Accuracy,Test AUC,Sensitivity,Specificity,Accuracy,Test AUC,Sensitivity,Specificity,Accuracy
lasso,0.7100556438791734,0.7647058823529411,0.6554054054054055,0.6584564860426929,0.6918548542752364,0.6363636363636364,0.7473460721868366,0.7448132780082988,0.6487603305785123,1.0,0.2975206611570248,0.33070866141732286
linreg,0.7193461844197138,0.7647058823529411,0.6739864864864865,0.6765188834154351,0.7309399729781896,0.7272727272727273,0.7346072186836519,0.7344398340248963,0.6356749311294766,0.8333333333333334,0.4380165289256198,0.4566929133858268
SVR10,0.5461049284578696,0.47058823529411764,0.6216216216216216,0.6174055829228243,0.5973750241266165,0.6363636363636364,0.5583864118895966,0.5601659751037344,0.5172176308539945,0.16666666666666666,0.8677685950413223,0.8346456692913385
ridge,0.721035373608903,0.7647058823529411,0.6773648648648649,0.6798029556650246,0.732001544103455,0.7272727272727273,0.7367303609341826,0.7365145228215768,0.6398071625344353,0.8333333333333334,0.44628099173553715,0.4645669291338583
