,all,all,all,all,no revasc,no revasc,no revasc,no revasc,with revasc,with revasc,with revasc,with revasc
,Test AUC,Sensitivity,Specificity,Accuracy,Test AUC,Sensitivity,Specificity,Accuracy,Test AUC,Sensitivity,Specificity,Accuracy
lasso,0.6940615177368659,0.7411764705882353,0.6469465648854962,0.6600985221674877,0.7286482334869432,0.7096774193548387,0.7476190476190476,0.7427385892116183,0.5332357859531773,0.8260869565217391,0.24038461538461542,0.3464566929133858
linreg,0.6766052986079928,0.5058823529411764,0.8473282442748091,0.7996715927750411,0.6582181259600615,0.43548387096774194,0.8809523809523809,0.8236514522821576,0.7035953177257526,0.6956521739130435,0.7115384615384616,0.7086614173228346
SVR10,0.5950269420745398,0.47058823529411764,0.7194656488549618,0.6847290640394089,0.6044930875576037,0.5161290322580645,0.6928571428571428,0.6701244813278008,0.5873745819397993,0.34782608695652173,0.8269230769230769,0.7401574803149606
ridge,0.6766052986079928,0.5058823529411764,0.8473282442748091,0.7996715927750411,0.6582181259600615,0.43548387096774194,0.8809523809523809,0.8236514522821576,0.7035953177257526,0.6956521739130435,0.7115384615384616,0.7086614173228346
