,all,all,all,all,no revasc,no revasc,no revasc,no revasc,with revasc,with revasc,with revasc,with revasc
,Test AUC,Sensitivity,Specificity,Accuracy,Test AUC,Sensitivity,Specificity,Accuracy,Test AUC,Sensitivity,Specificity,Accuracy
lasso,0.708611853832442,0.7291666666666666,0.6880570409982174,0.6912972085385879,0.7210477941176472,0.6764705882352942,0.765625,0.7593360995850622,0.6188369152970923,0.8571428571428571,0.38053097345132747,0.4330708661417323
linreg,0.6888368983957218,0.5416666666666666,0.8360071301247771,0.812807881773399,0.6794905462184875,0.47058823529411764,0.8883928571428571,0.8589211618257261,0.6713021491782554,0.7142857142857143,0.6283185840707964,0.6377952755905512
SVR10,0.6838792335115865,0.6458333333333334,0.7219251336898396,0.715927750410509,0.6972163865546219,0.6176470588235294,0.7767857142857143,0.7655601659751037,0.6093552465233881,0.7142857142857143,0.504424778761062,0.5275590551181102
ridge,0.6888368983957218,0.5416666666666666,0.8360071301247771,0.812807881773399,0.6794905462184875,0.47058823529411764,0.8883928571428571,0.8589211618257261,0.6713021491782554,0.7142857142857143,0.6283185840707964,0.6377952755905512
