,all,all,all,all,no revasc,no revasc,no revasc,no revasc,with revasc,with revasc,with revasc,with revasc
,Test AUC,Sensitivity,Specificity,Accuracy,Test AUC,Sensitivity,Specificity,Accuracy,Test AUC,Sensitivity,Specificity,Accuracy
lasso,0.7190480922098569,0.8823529411764706,0.5557432432432432,0.5648604269293924,0.7307469600463232,0.8181818181818182,0.6433121019108281,0.6473029045643154,0.6074380165289256,1.0,0.2148760330578512,0.25196850393700787
linreg,0.724960254372019,0.8823529411764706,0.5675675675675675,0.5763546798029556,0.732870102296854,0.8181818181818182,0.6475583864118897,0.6514522821576764,0.628099173553719,1.0,0.25619834710743805,0.29133858267716534
SVR10,0.5815779014308426,0.47058823529411764,0.6925675675675675,0.6863711001642037,0.6357845975680372,0.5454545454545454,0.7261146496815287,0.7219917012448133,0.4476584022038568,0.0,1.0,0.952755905511811
ridge,0.7241156597774245,0.8823529411764706,0.5658783783783784,0.5747126436781609,0.7318085311715886,0.8181818181818182,0.6454352441613589,0.6493775933609959,0.628099173553719,1.0,0.25619834710743805,0.29133858267716534
