,all,all,all,all,no revasc,no revasc,no revasc,no revasc,with revasc,with revasc,with revasc,with revasc
,Test AUC,Sensitivity,Specificity,Accuracy,Test AUC,Sensitivity,Specificity,Accuracy,Test AUC,Sensitivity,Specificity,Accuracy
lasso,0.75924688057041,0.875,0.64349376114082,0.6617405582922824,0.7722557773109243,0.8235294117647058,0.7209821428571428,0.7282157676348547,0.668141592920354,1.0,0.33628318584070793,0.4094488188976378
linreg,0.7848150623885919,0.8958333333333334,0.6737967914438503,0.6912972085385879,0.7958902310924371,0.8529411764705882,0.7388392857142857,0.7468879668049793,0.7079646017699115,1.0,0.415929203539823,0.48031496062992124
SVR10,0.6084001782531194,0.2916666666666667,0.9251336898395722,0.8752052545155994,0.6091123949579833,0.29411764705882354,0.9241071428571429,0.8796680497925311,0.6074589127686472,0.2857142857142857,0.9292035398230089,0.8582677165354331
ridge,0.7839237967914439,0.8958333333333334,0.6720142602495544,0.6896551724137931,0.7947741596638654,0.8529411764705882,0.7366071428571428,0.7448132780082988,0.7079646017699115,1.0,0.415929203539823,0.48031496062992124
