,all,all,all,all,no revasc,no revasc,no revasc,no revasc,with revasc,with revasc,with revasc,with revasc
,Test AUC,Sensitivity,Specificity,Accuracy,Test AUC,Sensitivity,Specificity,Accuracy,Test AUC,Sensitivity,Specificity,Accuracy
lasso,0.734843205574913,0.8285714285714286,0.6411149825783973,0.6518883415435139,0.7610503282275711,0.8,0.7221006564551422,0.7261410788381742,0.6123931623931624,0.9,0.32478632478632474,0.3700787401574803
linreg,0.7350174216027874,0.7714285714285715,0.6986062717770034,0.7027914614121511,0.7484026258205689,0.72,0.7768052516411379,0.7738589211618258,0.6465811965811965,0.9,0.3931623931623932,0.4330708661417323
SVR10,0.48693379790940766,0.0,1.0,0.9425287356321839,0.486870897155361,0.0,1.0,0.9481327800829875,0.48717948717948717,0.0,1.0,0.9212598425196851
ridge,0.7350174216027874,0.7714285714285715,0.6986062717770034,0.7027914614121511,0.7484026258205689,0.72,0.7768052516411379,0.7738589211618258,0.6465811965811965,0.9,0.3931623931623932,0.4330708661417323
