,all,all,all,all,no revasc,no revasc,no revasc,no revasc,with revasc,with revasc,with revasc,with revasc
,Test AUC,Sensitivity,Specificity,Accuracy,Test AUC,Sensitivity,Specificity,Accuracy,Test AUC,Sensitivity,Specificity,Accuracy
lasso,0.6617213804713805,0.5185185185185185,0.8049242424242424,0.7668308702791461,0.6724766598549505,0.4915254237288136,0.8534278959810875,0.8091286307053942,0.6002164502164502,0.5909090909090909,0.6095238095238096,0.6062992125984252
linreg,0.6682098765432098,0.7530864197530864,0.5833333333333333,0.6059113300492611,0.6811916496373762,0.7288135593220338,0.6335697399527187,0.6452282157676349,0.5995670995670996,0.8181818181818182,0.38095238095238093,0.4566929133858268
SVR10,0.5947671156004489,0.38271604938271603,0.8068181818181819,0.7504105090311987,0.6088271827543374,0.4067796610169492,0.8108747044917257,0.7614107883817427,0.5543290043290042,0.3181818181818182,0.7904761904761904,0.7086614173228346
ridge,0.6682098765432098,0.7530864197530864,0.5833333333333333,0.6059113300492611,0.6811916496373762,0.7288135593220338,0.6335697399527187,0.6452282157676349,0.5995670995670996,0.8181818181818182,0.38095238095238093,0.4566929133858268
