,all,all,all,all,no revasc,no revasc,no revasc,no revasc,with revasc,with revasc,with revasc,with revasc
,Test AUC,Sensitivity,Specificity,Accuracy,Test AUC,Sensitivity,Specificity,Accuracy,Test AUC,Sensitivity,Specificity,Accuracy
lasso,0.7027054794520549,0.64,0.7654109589041096,0.7602627257799671,0.6621758380771664,0.47058823529411764,0.853763440860215,0.8402489626556017,0.7100840336134453,1.0,0.4201680672268907,0.4566929133858268
linreg,0.7269863013698631,0.68,0.773972602739726,0.7701149425287356,0.7134724857685011,0.5882352941176471,0.8387096774193549,0.8298755186721992,0.6980042016806722,0.875,0.5210084033613445,0.5433070866141733
SVR10,0.5768835616438356,0.2,0.9537671232876712,0.922824302134647,0.5939911448450348,0.23529411764705882,0.9526881720430107,0.9273858921161826,0.5414915966386554,0.125,0.957983193277311,0.905511811023622
ridge,0.7261301369863015,0.68,0.7722602739726028,0.7684729064039408,0.7134724857685011,0.5882352941176471,0.8387096774193549,0.8298755186721992,0.6938025210084033,0.875,0.5126050420168067,0.5354330708661418
