,all,all,all,all,no revasc,no revasc,no revasc,no revasc,with revasc,with revasc,with revasc,with revasc
,Test AUC,Sensitivity,Specificity,Accuracy,Test AUC,Sensitivity,Specificity,Accuracy,Test AUC,Sensitivity,Specificity,Accuracy
lasso,0.7401369863013699,0.72,0.7602739726027398,0.7586206896551724,0.7188488298545226,0.5882352941176471,0.8494623655913979,0.8402489626556017,0.7058823529411764,1.0,0.4117647058823529,0.44881889763779526
linreg,0.7727397260273972,0.84,0.7054794520547945,0.7110016420361248,0.7683744465528146,0.7647058823529411,0.7720430107526881,0.7717842323651453,0.7226890756302521,1.0,0.4453781512605042,0.48031496062992124
SVR10,0.6246575342465753,0.4,0.8493150684931507,0.8308702791461412,0.6141049968374447,0.35294117647058826,0.875268817204301,0.8568464730290456,0.6239495798319328,0.5,0.7478991596638656,0.7322834645669292
ridge,0.7710273972602739,0.84,0.702054794520548,0.7077175697865353,0.766223908918406,0.7647058823529411,0.7677419354838709,0.7676348547717843,0.7226890756302521,1.0,0.4453781512605042,0.48031496062992124
