,all,all,all,all,no revasc,no revasc,no revasc,no revasc,with revasc,with revasc,with revasc,with revasc
,Test AUC,Sensitivity,Specificity,Accuracy,Test AUC,Sensitivity,Specificity,Accuracy,Test AUC,Sensitivity,Specificity,Accuracy
lasso,0.7459260731319555,0.9411764705882353,0.5506756756756757,0.5615763546798029,0.7740783632503379,0.9090909090909091,0.6390658174097665,0.6452282157676349,0.6033057851239669,1.0,0.20661157024793386,0.2440944881889764
linreg,0.7624205087440381,0.7647058823529411,0.7601351351351351,0.7602627257799671,0.7659718201119475,0.7272727272727273,0.8046709129511678,0.8029045643153527,0.7100550964187329,0.8333333333333334,0.5867768595041323,0.5984251968503937
SVR10,0.6415441176470588,0.47058823529411764,0.8125,0.8029556650246306,0.6000772051727467,0.36363636363636365,0.8365180467091295,0.8257261410788381,0.6928374655647382,0.6666666666666666,0.71900826446281,0.7165354330708661
ridge,0.7624205087440381,0.7647058823529411,0.7601351351351351,0.7602627257799671,0.7659718201119475,0.7272727272727273,0.8046709129511678,0.8029045643153527,0.7100550964187329,0.8333333333333334,0.5867768595041323,0.5984251968503937
