,all,all,all,all,no revasc,no revasc,no revasc,no revasc,with revasc,with revasc,with revasc,with revasc
,Test AUC,Sensitivity,Specificity,Accuracy,Test AUC,Sensitivity,Specificity,Accuracy,Test AUC,Sensitivity,Specificity,Accuracy
lasso,0.6220400728597449,0.3333333333333333,0.9107468123861566,0.8538587848932676,0.5916155079918146,0.21951219512195122,0.963718820861678,0.9004149377593361,0.6366959064327486,0.5789473684210527,0.6944444444444444,0.6771653543307087
linreg,0.62367941712204,0.5333333333333333,0.7140255009107468,0.6962233169129721,0.6373264753055694,0.4878048780487805,0.7868480725623583,0.7614107883817427,0.5241228070175438,0.631578947368421,0.41666666666666663,0.44881889763779526
SVR10,0.6044626593806922,0.3,0.9089253187613844,0.8489326765188834,0.6199878325313866,0.3170731707317073,0.9229024943310657,0.8713692946058091,0.557504873294347,0.2631578947368421,0.8518518518518519,0.7637795275590551
ridge,0.6245901639344261,0.5333333333333333,0.7158469945355191,0.6978653530377669,0.6373264753055694,0.4878048780487805,0.7868480725623583,0.7614107883817427,0.5287524366471734,0.631578947368421,0.42592592592592593,0.4566929133858268
