,all,all,all,all,no revasc,no revasc,no revasc,no revasc,with revasc,with revasc,with revasc,with revasc
,Test AUC,Sensitivity,Specificity,Accuracy,Test AUC,Sensitivity,Specificity,Accuracy,Test AUC,Sensitivity,Specificity,Accuracy
lasso,0.6941438356164384,0.64,0.7482876712328768,0.7438423645320197,0.6636306135357368,0.5294117647058824,0.7978494623655914,0.7883817427385892,0.7148109243697479,0.875,0.5546218487394958,0.5748031496062992
linreg,0.7173972602739725,0.88,0.5547945205479452,0.5681444991789819,0.7160657811511701,0.8235294117647058,0.6086021505376344,0.6161825726141079,0.6722689075630253,1.0,0.3445378151260504,0.3858267716535433
SVR10,0.6468150684931507,0.72,0.5736301369863014,0.5796387520525451,0.6572422517394055,0.7058823529411765,0.6086021505376344,0.6120331950207469,0.5934873949579832,0.75,0.4369747899159664,0.4566929133858268
ridge,0.7173972602739725,0.88,0.5547945205479452,0.5681444991789819,0.7160657811511701,0.8235294117647058,0.6086021505376344,0.6161825726141079,0.6722689075630253,1.0,0.3445378151260504,0.3858267716535433
