,all,all,all,all,no revasc,no revasc,no revasc,no revasc,with revasc,with revasc,with revasc,with revasc
,Test AUC,Sensitivity,Specificity,Accuracy,Test AUC,Sensitivity,Specificity,Accuracy,Test AUC,Sensitivity,Specificity,Accuracy
lasso,0.6423092676024873,0.5794392523364486,0.7051792828685259,0.6830870279146142,0.6555348258706467,0.525,0.7860696517412935,0.7427385892116183,0.5603703703703704,0.7407407407407407,0.38,0.4566929133858268
linreg,0.6092266448225788,0.37383177570093457,0.8446215139442231,0.7619047619047619,0.5902674129353234,0.2875,0.8930348258706468,0.7925311203319502,0.6398148148148148,0.6296296296296297,0.65,0.6456692913385826
SVR10,0.6085285028111851,0.48598130841121495,0.7310756972111554,0.6880131362889984,0.6192786069651741,0.45,0.7885572139303483,0.7323651452282157,0.5462962962962963,0.5925925925925926,0.5,0.5196850393700787
ridge,0.6092266448225788,0.37383177570093457,0.8446215139442231,0.7619047619047619,0.5902674129353234,0.2875,0.8930348258706468,0.7925311203319502,0.6398148148148148,0.6296296296296297,0.65,0.6456692913385826
