,all,all,all,all,no revasc,no revasc,no revasc,no revasc,with revasc,with revasc,with revasc,with revasc
,Test AUC,Sensitivity,Specificity,Accuracy,Test AUC,Sensitivity,Specificity,Accuracy,Test AUC,Sensitivity,Specificity,Accuracy
lasso,0.7025033677593174,0.6588235294117647,0.7461832061068703,0.7339901477832512,0.7040706605222734,0.6129032258064516,0.7952380952380953,0.7717842323651453,0.6653428093645486,0.782608695652174,0.5480769230769231,0.5905511811023622
linreg,0.7157049842837898,0.6470588235294118,0.7843511450381679,0.7651888341543513,0.7288018433179723,0.6290322580645161,0.8285714285714285,0.8029045643153527,0.6507107023411371,0.6956521739130435,0.6057692307692308,0.6220472440944882
SVR10,0.5603839245621913,0.3058823529411765,0.8148854961832062,0.7438423645320197,0.5776881720430107,0.3387096774193548,0.8166666666666667,0.7551867219917012,0.5125418060200669,0.21739130434782608,0.8076923076923077,0.7007874015748031
ridge,0.7107768298158957,0.6352941176470588,0.7862595419847328,0.7651888341543513,0.7126728110599078,0.5967741935483871,0.8285714285714285,0.7987551867219918,0.677257525083612,0.7391304347826086,0.6153846153846154,0.6377952755905512
