,all,all,all,all,no revasc,no revasc,no revasc,no revasc,with revasc,with revasc,with revasc,with revasc
,Test AUC,Sensitivity,Specificity,Accuracy,Test AUC,Sensitivity,Specificity,Accuracy,Test AUC,Sensitivity,Specificity,Accuracy
lasso,0.723013698630137,0.72,0.726027397260274,0.7257799671592775,0.7123972169512968,0.5882352941176471,0.8365591397849462,0.8278008298755186,0.6470588235294117,1.0,0.2941176470588235,0.33858267716535434
linreg,0.7132876712328767,0.68,0.7465753424657534,0.7438423645320197,0.7091714104996837,0.5882352941176471,0.8301075268817204,0.8215767634854771,0.6475840336134453,0.875,0.4201680672268907,0.44881889763779526
SVR10,0.5140068493150686,0.04,0.988013698630137,0.9490968801313628,0.4956989247311828,0.0,1.0,0.9647302904564315,0.5498949579831932,0.125,0.9747899159663865,0.9212598425196851
ridge,0.7132876712328767,0.68,0.7465753424657534,0.7438423645320197,0.7091714104996837,0.5882352941176471,0.8301075268817204,0.8215767634854771,0.6475840336134453,0.875,0.4201680672268907,0.44881889763779526
