,all,all,all,all,no revasc,no revasc,no revasc,no revasc,with revasc,with revasc,with revasc,with revasc
,Test AUC,Sensitivity,Specificity,Accuracy,Test AUC,Sensitivity,Specificity,Accuracy,Test AUC,Sensitivity,Specificity,Accuracy
lasso,0.6865209471766849,0.8666666666666667,0.5063752276867031,0.541871921182266,0.69268845749682,0.8048780487804879,0.5804988662131519,0.5995850622406639,0.6018518518518519,1.0,0.20370370370370372,0.3228346456692913
linreg,0.7029143897996357,0.8666666666666667,0.5391621129326047,0.5714285714285714,0.7006249654333279,0.8048780487804879,0.5963718820861679,0.6141078838174274,0.6527777777777778,1.0,0.3055555555555556,0.4094488188976378
SVR10,0.5316484517304189,0.08333333333333333,0.9799635701275046,0.8916256157635468,0.514186162269786,0.04878048780487805,0.9795918367346939,0.9004149377593361,0.5696881091617935,0.15789473684210525,0.9814814814814815,0.8582677165354331
ridge,0.7018670309653916,0.85,0.5537340619307832,0.5829228243021346,0.7085614733698358,0.8048780487804879,0.6122448979591837,0.6286307053941909,0.6310916179337231,0.9473684210526315,0.31481481481481477,0.4094488188976378
