,all,all,all,all,no revasc,no revasc,no revasc,no revasc,with revasc,with revasc,with revasc,with revasc
,Test AUC,Sensitivity,Specificity,Accuracy,Test AUC,Sensitivity,Specificity,Accuracy,Test AUC,Sensitivity,Specificity,Accuracy
lasso,0.6623785232900177,0.6355140186915887,0.6892430278884463,0.6798029556650246,0.6580845771144279,0.55,0.7661691542288558,0.7302904564315352,0.6344444444444444,0.8888888888888888,0.38,0.4881889763779528
linreg,0.6603864914175076,0.6355140186915887,0.6852589641434264,0.6765188834154351,0.6681281094527363,0.5875,0.7487562189054726,0.7219917012448133,0.6038888888888889,0.7777777777777778,0.43000000000000005,0.5039370078740157
SVR10,0.5846148117809137,0.6074766355140186,0.5617529880478087,0.5697865353037767,0.5935012437810945,0.5875,0.599502487562189,0.5975103734439834,0.5383333333333333,0.6666666666666666,0.41000000000000003,0.4645669291338583
ridge,0.6603864914175076,0.6355140186915887,0.6852589641434264,0.6765188834154351,0.6693718905472636,0.5875,0.7512437810945274,0.7240663900414938,0.5988888888888889,0.7777777777777778,0.42000000000000004,0.49606299212598426
