,all,all,all,all,no revasc,no revasc,no revasc,no revasc,with revasc,with revasc,with revasc,with revasc
,Test AUC,Sensitivity,Specificity,Accuracy,Test AUC,Sensitivity,Specificity,Accuracy,Test AUC,Sensitivity,Specificity,Accuracy
lasso,0.7169614467408586,0.7058823529411765,0.7280405405405406,0.7274220032840722,0.6909862960818375,0.5454545454545454,0.8365180467091295,0.8298755186721992,0.6528925619834711,1.0,0.30578512396694213,0.33858267716535434
linreg,0.6747317170111289,0.7058823529411765,0.6435810810810811,0.645320197044335,0.6823007141478479,0.6363636363636364,0.7282377919320595,0.7261410788381742,0.5736914600550964,0.8333333333333334,0.31404958677685946,0.33858267716535434
SVR10,0.5234996025437202,0.058823529411764705,0.9881756756756757,0.9622331691297209,0.49363057324840764,0.0,1.0,0.9771784232365145,0.5792011019283747,0.16666666666666666,0.9917355371900827,0.952755905511811
ridge,0.6738871224165343,0.7058823529411765,0.6418918918918919,0.6436781609195402,0.6823007141478479,0.6363636363636364,0.7282377919320595,0.7261410788381742,0.5695592286501379,0.8333333333333334,0.30578512396694213,0.33070866141732286
