,all,all,all,all,no revasc,no revasc,no revasc,no revasc,with revasc,with revasc,with revasc,with revasc
,Test AUC,Sensitivity,Specificity,Accuracy,Test AUC,Sensitivity,Specificity,Accuracy,Test AUC,Sensitivity,Specificity,Accuracy
lasso,0.6256313131313131,0.4444444444444444,0.8068181818181819,0.7586206896551724,0.6042793605000603,0.3220338983050847,0.8865248226950355,0.8174273858921162,0.6292207792207792,0.7727272727272727,0.48571428571428577,0.5354330708661418
linreg,0.6273849607182941,0.345679012345679,0.9090909090909091,0.8341543513957307,0.6084064591096686,0.2711864406779661,0.9456264775413712,0.8630705394190872,0.6536796536796536,0.5454545454545454,0.7619047619047619,0.7244094488188977
SVR10,0.6047629068462402,0.41975308641975306,0.7897727272727273,0.7405582922824302,0.5826020755699804,0.288135593220339,0.8770685579196218,0.8049792531120332,0.6054112554112554,0.7727272727272727,0.4380952380952381,0.49606299212598426
ridge,0.6264379910213244,0.345679012345679,0.9071969696969697,0.8325123152709359,0.6084064591096686,0.2711864406779661,0.9456264775413712,0.8630705394190872,0.6489177489177489,0.5454545454545454,0.7523809523809524,0.7165354330708661
