,all,all,all,all,no revasc,no revasc,no revasc,no revasc,with revasc,with revasc,with revasc,with revasc
,Test AUC,Sensitivity,Specificity,Accuracy,Test AUC,Sensitivity,Specificity,Accuracy,Test AUC,Sensitivity,Specificity,Accuracy
lasso,0.5537662434374652,0.24299065420560748,0.8645418326693227,0.7553366174055829,0.5376865671641791,0.15,0.9253731343283582,0.7966804979253111,0.5692592592592592,0.5185185185185185,0.62,0.5984251968503937
linreg,0.5631865063112038,0.2897196261682243,0.8366533864541833,0.7405582922824302,0.5715174129353234,0.25,0.8930348258706468,0.7863070539419087,0.5087037037037038,0.4074074074074074,0.61,0.5669291338582677
SVR10,0.5563726402800016,0.22429906542056074,0.8884462151394422,0.7717569786535303,0.5689365671641791,0.2125,0.9253731343283582,0.8070539419087137,0.4996296296296296,0.0,1.0,0.7874015748031497
ridge,0.562497672859962,0.2803738317757009,0.8446215139442231,0.7454844006568144,0.5715174129353234,0.25,0.8930348258706468,0.7863070539419087,0.5101851851851852,0.37037037037037035,0.65,0.5905511811023622
