,all,all,all,all,no revasc,no revasc,no revasc,no revasc,with revasc,with revasc,with revasc,with revasc
,Test AUC,Sensitivity,Specificity,Accuracy,Test AUC,Sensitivity,Specificity,Accuracy,Test AUC,Sensitivity,Specificity,Accuracy
lasso,0.6632240682532555,0.6470588235294118,0.6793893129770993,0.6748768472906403,0.6662442396313365,0.5967741935483871,0.7357142857142858,0.7178423236514523,0.6172658862876254,0.782608695652174,0.45192307692307687,0.5118110236220472
linreg,0.6935788055680286,0.7764705882352941,0.6106870229007634,0.6338259441707718,0.7019201228878648,0.7419354838709677,0.6619047619047619,0.6721991701244814,0.6367056856187291,0.8695652173913043,0.40384615384615385,0.4881889763779528
SVR10,0.4917153120790301,0.0,1.0,0.8604269293924466,0.4864823348694316,0.0,1.0,0.8713692946058091,0.5146321070234113,0.08695652173913043,0.9423076923076923,0.7874015748031497
ridge,0.6935788055680286,0.7764705882352941,0.6106870229007634,0.6338259441707718,0.7019201228878648,0.7419354838709677,0.6619047619047619,0.6721991701244814,0.6367056856187291,0.8695652173913043,0.40384615384615385,0.4881889763779528
