,all,all,all,all,no revasc,no revasc,no revasc,no revasc,with revasc,with revasc,with revasc,with revasc
,Test AUC,Sensitivity,Specificity,Accuracy,Test AUC,Sensitivity,Specificity,Accuracy,Test AUC,Sensitivity,Specificity,Accuracy
lasso,0.7123693379790941,0.6285714285714286,0.7961672473867596,0.7865353037766831,0.7201312910284464,0.6,0.8402625820568927,0.8278008298755186,0.661965811965812,0.7,0.6239316239316239,0.6299212598425197
linreg,0.7655052264808362,0.9142857142857143,0.6167247386759582,0.6338259441707718,0.7947921225382932,0.92,0.6695842450765864,0.6825726141078838,0.655128205128205,0.9,0.41025641025641024,0.44881889763779526
SVR10,0.49477351916376305,0.0,1.0,0.9425287356321839,0.49671772428884026,0.0,1.0,0.9481327800829875,0.48717948717948717,0.0,1.0,0.9212598425196851
ridge,0.7705574912891987,0.9714285714285714,0.5696864111498258,0.5927750410509032,0.7896280087527352,0.96,0.6192560175054704,0.6369294605809128,0.688034188034188,1.0,0.37606837606837606,0.4251968503937008
