,all,all,all,all,no revasc,no revasc,no revasc,no revasc,with revasc,with revasc,with revasc,with revasc
,Test AUC,Sensitivity,Specificity,Accuracy,Test AUC,Sensitivity,Specificity,Accuracy,Test AUC,Sensitivity,Specificity,Accuracy
lasso,0.7050342465753424,0.72,0.6900684931506849,0.6912972085385879,0.6747628083491461,0.5882352941176471,0.7612903225806451,0.7551867219917012,0.7058823529411764,1.0,0.4117647058823529,0.44881889763779526
linreg,0.7710958904109589,0.96,0.5821917808219178,0.5977011494252874,0.8096774193548387,1.0,0.6193548387096774,0.6327800829875518,0.6559873949579832,0.875,0.4369747899159664,0.4645669291338583
SVR10,0.5964726027397259,0.52,0.672945205479452,0.6666666666666666,0.5937381404174573,0.5294117647058824,0.6580645161290323,0.6535269709543569,0.615546218487395,0.5,0.73109243697479,0.7165354330708661
ridge,0.7762328767123288,0.96,0.5924657534246576,0.6075533661740559,0.8161290322580645,1.0,0.6322580645161291,0.6452282157676349,0.6559873949579832,0.875,0.4369747899159664,0.4645669291338583
