,all,all,all,all,no revasc,no revasc,no revasc,no revasc,with revasc,with revasc,with revasc,with revasc
,Test AUC,Sensitivity,Specificity,Accuracy,Test AUC,Sensitivity,Specificity,Accuracy,Test AUC,Sensitivity,Specificity,Accuracy
lasso,0.7335552464228935,0.8235294117647058,0.6435810810810811,0.6486042692939245,0.7245705462265972,0.7272727272727273,0.7218683651804672,0.7219917012448133,0.6694214876033058,1.0,0.33884297520661155,0.3700787401574803
linreg,0.7663453895071541,0.8823529411764706,0.6503378378378378,0.6568144499178982,0.7647172360548158,0.8181818181818182,0.7112526539278132,0.7136929460580913,0.7066115702479339,1.0,0.4132231404958677,0.4409448818897638
SVR10,0.5710453100158983,0.29411764705882354,0.847972972972973,0.8325123152709359,0.5990156340474813,0.36363636363636365,0.8343949044585988,0.8236514522821576,0.5337465564738292,0.16666666666666666,0.9008264462809917,0.8661417322834646
ridge,0.7655007949125596,0.8823529411764706,0.6486486486486487,0.6551724137931034,0.8091102103840958,0.9090909090909091,0.7091295116772824,0.7136929460580913,0.6232782369146006,0.8333333333333334,0.4132231404958677,0.4330708661417323
