,all,all,all,all,no revasc,no revasc,no revasc,no revasc,with revasc,with revasc,with revasc,with revasc
,Test AUC,Sensitivity,Specificity,Accuracy,Test AUC,Sensitivity,Specificity,Accuracy,Test AUC,Sensitivity,Specificity,Accuracy
lasso,0.6720247133357768,0.5633802816901409,0.7806691449814126,0.7553366174055829,0.6640277777777778,0.46,0.8680555555555556,0.8257261410788381,0.617026055705301,0.8095238095238095,0.42452830188679247,0.4881889763779528
linreg,0.7032698047018169,0.676056338028169,0.7304832713754648,0.7241379310344828,0.6969907407407409,0.6,0.7939814814814815,0.7738589211618258,0.6644204851752021,0.8571428571428571,0.4716981132075472,0.5354330708661418
SVR10,0.5842976072045657,0.30985915492957744,0.8587360594795539,0.7947454844006568,0.6044444444444445,0.32,0.8888888888888888,0.8298755186721992,0.5107816711590296,0.2857142857142857,0.7358490566037736,0.6614173228346457
ridge,0.7014110686423373,0.676056338028169,0.7267657992565055,0.7208538587848933,0.694675925925926,0.6,0.7893518518518519,0.7697095435684648,0.6644204851752021,0.8571428571428571,0.4716981132075472,0.5354330708661418
