,all,all,all,all,no revasc,no revasc,no revasc,no revasc,with revasc,with revasc,with revasc,with revasc
,Test AUC,Sensitivity,Specificity,Accuracy,Test AUC,Sensitivity,Specificity,Accuracy,Test AUC,Sensitivity,Specificity,Accuracy
lasso,0.7134340222575516,0.7647058823529411,0.6621621621621622,0.6650246305418719,0.6886701408994403,0.6363636363636364,0.7409766454352442,0.7385892116182573,0.6776859504132231,1.0,0.3553719008264463,0.3858267716535433
linreg,0.7122913354531002,0.8823529411764706,0.5422297297297297,0.5517241379310345,0.7570932252460916,0.9090909090909091,0.6050955414012739,0.6120331950207469,0.5654269972451791,0.8333333333333334,0.2975206611570248,0.3228346456692913
SVR10,0.5043720190779014,0.9411764705882353,0.06756756756756754,0.09195402298850575,0.5307855626326964,1.0,0.06157112526539277,0.08298755186721991,0.46212121212121215,0.0,1.0,0.952755905511811
ridge,0.7131359300476947,0.8823529411764706,0.5439189189189189,0.5533661740558292,0.7581547963713569,0.9090909090909091,0.6072186836518046,0.6141078838174274,0.5654269972451791,0.8333333333333334,0.2975206611570248,0.3228346456692913
