,all,all,all,all,no revasc,no revasc,no revasc,no revasc,with revasc,with revasc,with revasc,with revasc
,Test AUC,Sensitivity,Specificity,Accuracy,Test AUC,Sensitivity,Specificity,Accuracy,Test AUC,Sensitivity,Specificity,Accuracy
lasso,0.6916736812570147,0.6049382716049383,0.7784090909090909,0.7553366174055829,0.6931722562808029,0.5423728813559322,0.8439716312056738,0.8070539419087137,0.6435064935064935,0.7727272727272727,0.5142857142857142,0.5590551181102362
linreg,0.7335157126823794,0.7283950617283951,0.7386363636363636,0.7372742200328407,0.7422566814921666,0.6949152542372882,0.789598108747045,0.7780082987551867,0.6757575757575758,0.8181818181818182,0.5333333333333333,0.5826771653543307
SVR10,0.7134890572390573,0.6296296296296297,0.7973484848484849,0.7750410509031199,0.725888528268622,0.6101694915254238,0.8416075650118203,0.8132780082987552,0.6504329004329004,0.6818181818181818,0.6190476190476191,0.6299212598425197
ridge,0.7382505611672278,0.7283950617283951,0.7481060606060606,0.7454844006568144,0.7481668469767999,0.6949152542372882,0.801418439716312,0.7883817427385892,0.6757575757575758,0.8181818181818182,0.5333333333333333,0.5826771653543307
