,all,all,all,all,no revasc,no revasc,no revasc,no revasc,with revasc,with revasc,with revasc,with revasc
,Test AUC,Sensitivity,Specificity,Accuracy,Test AUC,Sensitivity,Specificity,Accuracy,Test AUC,Sensitivity,Specificity,Accuracy
lasso,0.6900252525252525,0.7777777777777778,0.6022727272727273,0.625615763546798,0.7154706094482509,0.7288135593220338,0.7021276595744681,0.7053941908713693,0.5545454545454545,0.9090909090909091,0.19999999999999996,0.3228346456692913
linreg,0.6917087542087543,0.6296296296296297,0.7537878787878788,0.7372742200328407,0.6959370116600553,0.576271186440678,0.8156028368794326,0.7863070539419087,0.6387445887445887,0.7727272727272727,0.5047619047619047,0.5511811023622047
SVR10,0.5147306397306397,0.037037037037037035,0.9924242424242424,0.8653530377668309,0.512221020154666,0.03389830508474576,0.9905437352245863,0.8734439834024896,0.5227272727272727,0.045454545454545456,1.0,0.8346456692913385
ridge,0.6926557239057238,0.6296296296296297,0.7556818181818181,0.7389162561576355,0.697119044756982,0.576271186440678,0.817966903073286,0.7883817427385892,0.6387445887445887,0.7727272727272727,0.5047619047619047,0.5511811023622047
