,all,all,all,all,no revasc,no revasc,no revasc,no revasc,with revasc,with revasc,with revasc,with revasc
,Test AUC,Sensitivity,Specificity,Accuracy,Test AUC,Sensitivity,Specificity,Accuracy,Test AUC,Sensitivity,Specificity,Accuracy
lasso,0.5882265331198571,0.4672897196261682,0.7091633466135459,0.6666666666666666,0.5967661691542289,0.4,0.7935323383084577,0.7282157676348547,0.5183333333333333,0.6666666666666666,0.37,0.4330708661417323
linreg,0.6081375432848046,0.5887850467289719,0.6274900398406374,0.6206896551724138,0.6283271144278607,0.5875,0.6691542288557214,0.6556016597510373,0.5262962962962963,0.5925925925925926,0.45999999999999996,0.4881889763779528
SVR10,0.566481736604982,0.2803738317757009,0.852589641434263,0.7520525451559934,0.5865671641791045,0.3,0.8731343283582089,0.7780082987551867,0.49611111111111117,0.0,1.0,0.7874015748031497
ridge,0.6071415273485496,0.5887850467289719,0.6254980079681275,0.6190476190476191,0.6270833333333333,0.5875,0.6666666666666667,0.6535269709543569,0.5262962962962963,0.5925925925925926,0.45999999999999996,0.4881889763779528
