,all,all,all,all,no revasc,no revasc,no revasc,no revasc,with revasc,with revasc,with revasc,with revasc
,Test AUC,Sensitivity,Specificity,Accuracy,Test AUC,Sensitivity,Specificity,Accuracy,Test AUC,Sensitivity,Specificity,Accuracy
lasso,0.6694198649143934,0.6901408450704225,0.6486988847583643,0.6535303776683087,0.6734259259259259,0.62,0.7268518518518519,0.7157676348547718,0.59366576819407,0.8571428571428571,0.33018867924528306,0.41732283464566927
linreg,0.6804282946751139,0.6619718309859155,0.6988847583643123,0.6945812807881774,0.7003703703703703,0.66,0.7407407407407407,0.7323651452282157,0.5974842767295597,0.6666666666666666,0.5283018867924528,0.5511811023622047
SVR10,0.6231608984763601,0.5492957746478874,0.6970260223048328,0.6798029556650246,0.6606944444444445,0.62,0.7013888888888888,0.6929460580912863,0.5300988319856245,0.38095238095238093,0.679245283018868,0.6299212598425197
ridge,0.6813576627048537,0.6619718309859155,0.7007434944237918,0.6962233169129721,0.7015277777777779,0.66,0.7430555555555556,0.7344398340248963,0.5974842767295597,0.6666666666666666,0.5283018867924528,0.5511811023622047
