,all,all,all,all,no revasc,no revasc,no revasc,no revasc,with revasc,with revasc,with revasc,with revasc
,Test AUC,Sensitivity,Specificity,Accuracy,Test AUC,Sensitivity,Specificity,Accuracy,Test AUC,Sensitivity,Specificity,Accuracy
lasso,0.6545205479452054,0.72,0.589041095890411,0.5944170771756979,0.6561669829222012,0.7058823529411765,0.6064516129032258,0.6099585062240664,0.6355042016806722,0.75,0.5210084033613445,0.5354330708661418
linreg,0.6761643835616439,0.64,0.7123287671232876,0.7093596059113301,0.6912713472485769,0.6470588235294118,0.7354838709677419,0.7323651452282157,0.6234243697478992,0.625,0.6218487394957983,0.6220472440944882
SVR10,0.6121917808219178,0.56,0.6643835616438356,0.6600985221674877,0.5718532574320051,0.47058823529411764,0.6731182795698925,0.6659751037344398,0.6901260504201681,0.75,0.6302521008403361,0.6377952755905512
ridge,0.6761643835616439,0.64,0.7123287671232876,0.7093596059113301,0.6912713472485769,0.6470588235294118,0.7354838709677419,0.7323651452282157,0.6234243697478992,0.625,0.6218487394957983,0.6220472440944882
