,all,all,all,all,no revasc,no revasc,no revasc,no revasc,with revasc,with revasc,with revasc,with revasc
,Test AUC,Sensitivity,Specificity,Accuracy,Test AUC,Sensitivity,Specificity,Accuracy,Test AUC,Sensitivity,Specificity,Accuracy
lasso,0.7170205479452055,0.72,0.714041095890411,0.7142857142857143,0.6887413029728021,0.5882352941176471,0.789247311827957,0.7821576763485477,0.7100840336134453,1.0,0.4201680672268907,0.4566929133858268
linreg,0.7447260273972602,0.76,0.7294520547945205,0.7307060755336617,0.7421884882985454,0.7058823529411765,0.778494623655914,0.7759336099585062,0.70640756302521,0.875,0.5378151260504201,0.5590551181102362
SVR10,0.635,0.52,0.75,0.7405582922824302,0.6934218848829854,0.6470588235294118,0.7397849462365591,0.7365145228215768,0.5199579831932772,0.25,0.7899159663865546,0.7559055118110236
ridge,0.743013698630137,0.76,0.726027397260274,0.7274220032840722,0.7400379506641367,0.7058823529411765,0.7741935483870968,0.7717842323651453,0.70640756302521,0.875,0.5378151260504201,0.5590551181102362
