,all,all,all,all,no revasc,no revasc,no revasc,no revasc,with revasc,with revasc,with revasc,with revasc
,Test AUC,Sensitivity,Specificity,Accuracy,Test AUC,Sensitivity,Specificity,Accuracy,Test AUC,Sensitivity,Specificity,Accuracy
lasso,0.6584699453551912,0.6666666666666666,0.6502732240437159,0.6518883415435139,0.6725291742713346,0.6829268292682927,0.6621315192743764,0.6639004149377593,0.6167153996101364,0.631578947368421,0.6018518518518519,0.6062992125984252
linreg,0.6618852459016393,0.75,0.5737704918032787,0.5911330049261084,0.69268845749682,0.8048780487804879,0.5804988662131519,0.5995850622406639,0.5889376218323586,0.631578947368421,0.5462962962962963,0.5590551181102362
SVR10,0.5891621129326047,0.43333333333333335,0.7449908925318761,0.7142857142857143,0.6058569769371163,0.4634146341463415,0.7482993197278911,0.7240663900414938,0.5499512670565301,0.3684210526315789,0.7314814814814814,0.6771653543307087
ridge,0.6618852459016393,0.75,0.5737704918032787,0.5911330049261084,0.69268845749682,0.8048780487804879,0.5804988662131519,0.5995850622406639,0.5889376218323586,0.631578947368421,0.5462962962962963,0.5590551181102362
