,all,all,all,all,no revasc,no revasc,no revasc,no revasc,with revasc,with revasc,with revasc,with revasc
,Test AUC,Sensitivity,Specificity,Accuracy,Test AUC,Sensitivity,Specificity,Accuracy,Test AUC,Sensitivity,Specificity,Accuracy
lasso,0.7006968641114982,0.7428571428571429,0.6585365853658536,0.6633825944170771,0.7133916849015317,0.72,0.7067833698030634,0.7074688796680498,0.635042735042735,0.8,0.4700854700854701,0.49606299212598426
linreg,0.6966898954703833,0.7714285714285715,0.6219512195121951,0.6305418719211823,0.6915098468271335,0.72,0.6630196936542669,0.6659751037344398,0.6807692307692308,0.9,0.46153846153846156,0.49606299212598426
SVR10,0.6797909407665506,0.6,0.759581881533101,0.7504105090311987,0.6837199124726479,0.56,0.8074398249452954,0.7946058091286307,0.6363247863247863,0.7,0.5726495726495726,0.5826771653543307
ridge,0.6966898954703833,0.7714285714285715,0.6219512195121951,0.6305418719211823,0.6915098468271335,0.72,0.6630196936542669,0.6659751037344398,0.6807692307692308,0.9,0.46153846153846156,0.49606299212598426
