,all,all,all,all,no revasc,no revasc,no revasc,no revasc,with revasc,with revasc,with revasc,with revasc
,Test AUC,Sensitivity,Specificity,Accuracy,Test AUC,Sensitivity,Specificity,Accuracy,Test AUC,Sensitivity,Specificity,Accuracy
lasso,0.5755919854280509,0.3333333333333333,0.8178506375227687,0.7701149425287356,0.5927769481776451,0.3170731707317073,0.8684807256235828,0.8215767634854771,0.48976608187134507,0.0,1.0,0.8503937007874016
linreg,0.642440801457195,0.6,0.6848816029143898,0.6765188834154351,0.6444333831093413,0.5609756097560976,0.727891156462585,0.7136929460580913,0.5967348927875245,0.6842105263157895,0.5092592592592593,0.5354330708661418
SVR10,0.4927140255009107,0.0,1.0,0.9014778325123153,0.4897129583540733,0.0,1.0,0.9149377593360996,0.544103313840156,0.5789473684210527,0.5092592592592593,0.5196850393700787
ridge,0.642440801457195,0.6,0.6848816029143898,0.6765188834154351,0.6444333831093413,0.5609756097560976,0.727891156462585,0.7136929460580913,0.5967348927875245,0.6842105263157895,0.5092592592592593,0.5354330708661418
