,all,all,all,all,no revasc,no revasc,no revasc,no revasc,with revasc,with revasc,with revasc,with revasc
,Test AUC,Sensitivity,Specificity,Accuracy,Test AUC,Sensitivity,Specificity,Accuracy,Test AUC,Sensitivity,Specificity,Accuracy
lasso,0.6885046337504581,0.6056338028169014,0.7713754646840149,0.7520525451559934,0.6878240740740741,0.54,0.8356481481481481,0.8049792531120332,0.6356693620844565,0.7619047619047619,0.5094339622641509,0.5511811023622047
linreg,0.7473820618880569,0.7605633802816901,0.7342007434944238,0.7372742200328407,0.7512037037037037,0.72,0.7824074074074074,0.7759336099585062,0.6974393530997305,0.8571428571428571,0.5377358490566038,0.5905511811023622
SVR10,0.7278260641918425,0.6619718309859155,0.7936802973977695,0.7783251231527094,0.7378240740740741,0.64,0.8356481481481481,0.8153526970954357,0.6684636118598383,0.7142857142857143,0.6226415094339622,0.6377952755905512
ridge,0.7520289020367558,0.7605633802816901,0.7434944237918215,0.7454844006568144,0.7569907407407408,0.72,0.7939814814814815,0.7863070539419087,0.6974393530997305,0.8571428571428571,0.5377358490566038,0.5905511811023622
