,all,all,all,all,no revasc,no revasc,no revasc,no revasc,with revasc,with revasc,with revasc,with revasc
,Test AUC,Sensitivity,Specificity,Accuracy,Test AUC,Sensitivity,Specificity,Accuracy,Test AUC,Sensitivity,Specificity,Accuracy
lasso,0.6916816344858555,0.7058823529411765,0.6774809160305344,0.6814449917898193,0.7077572964669739,0.6774193548387096,0.7380952380952381,0.7302904564315352,0.6076505016722408,0.782608695652174,0.4326923076923077,0.49606299212598426
linreg,0.6727660529860799,0.6470588235294118,0.6984732824427481,0.6912972085385879,0.6823732718894009,0.6290322580645161,0.7357142857142858,0.7219917012448133,0.6218645484949834,0.6956521739130435,0.5480769230769231,0.5748031496062992
SVR10,0.5682532555006735,0.8235294117647058,0.3129770992366412,0.3842364532019704,0.5749231950844854,0.7903225806451613,0.3595238095238096,0.4149377593360996,0.5190217391304348,0.9130434782608695,0.125,0.2677165354330709
ridge,0.6727660529860799,0.6470588235294118,0.6984732824427481,0.6912972085385879,0.6823732718894009,0.6290322580645161,0.7357142857142858,0.7219917012448133,0.6218645484949834,0.6956521739130435,0.5480769230769231,0.5748031496062992
