,all,all,all,all,no revasc,no revasc,no revasc,no revasc,with revasc,with revasc,with revasc,with revasc
,Test AUC,Sensitivity,Specificity,Accuracy,Test AUC,Sensitivity,Specificity,Accuracy,Test AUC,Sensitivity,Specificity,Accuracy
lasso,0.716354723707665,0.75,0.6827094474153298,0.6880131362889984,0.7098870798319327,0.6764705882352942,0.7433035714285714,0.7385892116182573,0.6855246523388117,0.9285714285714286,0.4424778761061947,0.49606299212598426
linreg,0.7491644385026739,0.8958333333333334,0.6024955436720143,0.625615763546798,0.7670693277310925,0.8823529411764706,0.6517857142857143,0.6680497925311203,0.6678255372945638,0.9285714285714286,0.4070796460176991,0.4645669291338583
SVR10,0.4931483957219251,0.0,1.0,0.9211822660098522,0.4897584033613445,0.0,1.0,0.9294605809128631,0.5,0.0,1.0,0.889763779527559
ridge,0.7491644385026739,0.8958333333333334,0.6024955436720143,0.625615763546798,0.7670693277310925,0.8823529411764706,0.6517857142857143,0.6680497925311203,0.6678255372945638,0.9285714285714286,0.4070796460176991,0.4645669291338583
