,all,all,all,all,no revasc,no revasc,no revasc,no revasc,with revasc,with revasc,with revasc,with revasc
,Test AUC,Sensitivity,Specificity,Accuracy,Test AUC,Sensitivity,Specificity,Accuracy,Test AUC,Sensitivity,Specificity,Accuracy
lasso,0.6771035132729464,0.647887323943662,0.7063197026022305,0.6995073891625616,0.660462962962963,0.52,0.8009259259259259,0.7717842323651453,0.6365678346810422,0.9523809523809523,0.3207547169811321,0.4251968503937008
linreg,0.6746033823760407,0.704225352112676,0.6449814126394052,0.6518883415435139,0.6764814814814816,0.64,0.712962962962963,0.7053941908713693,0.6125336927223719,0.8571428571428571,0.3679245283018868,0.44881889763779526
SVR10,0.48616419707838104,0.0,1.0,0.8834154351395731,0.4892592592592592,0.0,1.0,0.8962655601659751,0.4993261455525606,0.0,1.0,0.8346456692913385
ridge,0.6746033823760407,0.704225352112676,0.6449814126394052,0.6518883415435139,0.6764814814814816,0.64,0.712962962962963,0.7053941908713693,0.6125336927223719,0.8571428571428571,0.3679245283018868,0.44881889763779526
