,all,all,all,all,no revasc,no revasc,no revasc,no revasc,with revasc,with revasc,with revasc,with revasc
,Test AUC,Sensitivity,Specificity,Accuracy,Test AUC,Sensitivity,Specificity,Accuracy,Test AUC,Sensitivity,Specificity,Accuracy
lasso,0.6455207208548981,0.6635514018691588,0.6274900398406374,0.6338259441707718,0.659452736318408,0.6,0.7189054726368159,0.6991701244813278,0.5559259259259259,0.8518518518518519,0.26,0.3858267716535433
linreg,0.635718807014931,0.5981308411214953,0.6733067729083666,0.6600985221674877,0.6456467661691543,0.55,0.7412935323383085,0.7095435684647303,0.5703703703703704,0.7407407407407407,0.4,0.47244094488188976
SVR10,0.5224057042856611,0.5607476635514018,0.48406374501992033,0.4975369458128079,0.511318407960199,0.55,0.47263681592039797,0.4854771784232365,0.5612962962962963,0.5925925925925926,0.53,0.5433070866141733
ridge,0.635718807014931,0.5981308411214953,0.6733067729083666,0.6600985221674877,0.6456467661691543,0.55,0.7412935323383085,0.7095435684647303,0.5703703703703704,0.7407407407407407,0.4,0.47244094488188976
