,all,all,all,all,no revasc,no revasc,no revasc,no revasc,with revasc,with revasc,with revasc,with revasc
,Test AUC,Sensitivity,Specificity,Accuracy,Test AUC,Sensitivity,Specificity,Accuracy,Test AUC,Sensitivity,Specificity,Accuracy
lasso,0.680643879173291,0.7058823529411765,0.6554054054054055,0.6568144499178982,0.6548928778228141,0.5454545454545454,0.7643312101910829,0.7593360995850622,0.615702479338843,1.0,0.23140495867768596,0.2677165354330709
linreg,0.6972376788553258,0.8235294117647058,0.5709459459459459,0.5779967159277504,0.6906002702181047,0.7272727272727273,0.653927813163482,0.6556016597510373,0.6239669421487604,1.0,0.2479338842975206,0.28346456692913385
SVR10,0.4907094594594595,0.0,1.0,0.9720853858784894,0.4883227176220807,0.0,1.0,0.9771784232365145,0.5,0.0,1.0,0.952755905511811
ridge,0.6972376788553258,0.8235294117647058,0.5709459459459459,0.5779967159277504,0.6906002702181047,0.7272727272727273,0.653927813163482,0.6556016597510373,0.6239669421487604,1.0,0.2479338842975206,0.28346456692913385
