,all,all,all,all,no revasc,no revasc,no revasc,no revasc,with revasc,with revasc,with revasc,with revasc
,Test AUC,Sensitivity,Specificity,Accuracy,Test AUC,Sensitivity,Specificity,Accuracy,Test AUC,Sensitivity,Specificity,Accuracy
lasso,0.6732954545454546,0.6666666666666666,0.6799242424242424,0.6781609195402298,0.67269703890692,0.6101694915254238,0.7352245862884161,0.7199170124481328,0.6376623376623377,0.8181818181818182,0.4571428571428572,0.5196850393700787
linreg,0.6999859708193041,0.7901234567901234,0.6098484848484849,0.6338259441707718,0.7123251993428698,0.7627118644067796,0.6619385342789599,0.6742738589211619,0.6318181818181818,0.8636363636363636,0.4,0.48031496062992124
SVR10,0.4944584736251403,0.0,1.0,0.8669950738916257,0.4893817365869295,0.0,1.0,0.8775933609958506,0.5168831168831168,0.09090909090909091,0.9428571428571428,0.7952755905511811
ridge,0.6999859708193041,0.7901234567901234,0.6098484848484849,0.6338259441707718,0.7123251993428698,0.7627118644067796,0.6619385342789599,0.6742738589211619,0.6318181818181818,0.8636363636363636,0.4,0.48031496062992124
