,all,all,all,all,no revasc,no revasc,no revasc,no revasc,with revasc,with revasc,with revasc,with revasc
,Test AUC,Sensitivity,Specificity,Accuracy,Test AUC,Sensitivity,Specificity,Accuracy,Test AUC,Sensitivity,Specificity,Accuracy
lasso,0.6422456673124248,0.4647887323943662,0.8197026022304833,0.7783251231527094,0.603287037037037,0.32,0.8865740740740741,0.8278008298755186,0.6783468104222821,0.8095238095238095,0.5471698113207547,0.5905511811023622
linreg,0.6560422011623644,0.43661971830985913,0.8754646840148699,0.8243021346469622,0.627175925925926,0.34,0.9143518518518519,0.8547717842323651,0.6918238993710691,0.6666666666666666,0.7169811320754718,0.7086614173228346
SVR10,0.5299230326195089,0.1267605633802817,0.9330855018587361,0.8390804597701149,0.5533796296296296,0.16,0.9467592592592593,0.8651452282157677,0.4624887690925427,0.0,1.0,0.8346456692913385
ridge,0.6560422011623644,0.43661971830985913,0.8754646840148699,0.8243021346469622,0.627175925925926,0.34,0.9143518518518519,0.8547717842323651,0.6918238993710691,0.6666666666666666,0.7169811320754718,0.7086614173228346
