,all,all,all,all,no revasc,no revasc,no revasc,no revasc,with revasc,with revasc,with revasc,with revasc
,Test AUC,Sensitivity,Specificity,Accuracy,Test AUC,Sensitivity,Specificity,Accuracy,Test AUC,Sensitivity,Specificity,Accuracy
lasso,0.7142936720142603,0.7708333333333334,0.6577540106951871,0.6666666666666666,0.7076549369747899,0.6764705882352942,0.7388392857142857,0.7344398340248963,0.668141592920354,1.0,0.33628318584070793,0.4094488188976378
linreg,0.7201426024955437,0.6666666666666666,0.7736185383244207,0.7651888341543513,0.7489495798319328,0.6764705882352942,0.8214285714285714,0.8112033195020747,0.6134639696586599,0.6428571428571429,0.584070796460177,0.5905511811023622
SVR10,0.6292892156862745,0.3958333333333333,0.8627450980392157,0.825944170771757,0.6286764705882353,0.38235294117647056,0.875,0.8402489626556017,0.6213653603034133,0.42857142857142855,0.8141592920353982,0.7716535433070866
ridge,0.7201426024955437,0.6666666666666666,0.7736185383244207,0.7651888341543513,0.74671743697479,0.6764705882352942,0.8169642857142857,0.8070539419087137,0.6223135271807838,0.6428571428571429,0.6017699115044248,0.6062992125984252
