,all,all,all,all,no revasc,no revasc,no revasc,no revasc,with revasc,with revasc,with revasc,with revasc
,Test AUC,Sensitivity,Specificity,Accuracy,Test AUC,Sensitivity,Specificity,Accuracy,Test AUC,Sensitivity,Specificity,Accuracy
lasso,0.6744080145719491,0.8333333333333334,0.5154826958105647,0.5467980295566502,0.6997677119628339,0.7804878048780488,0.6190476190476191,0.6327800829875518,0.5199805068226121,0.9473684210526315,0.09259259259259256,0.2204724409448819
linreg,0.7106102003642987,0.9166666666666666,0.5045537340619308,0.5451559934318555,0.7236048891101157,0.8780487804878049,0.5691609977324263,0.5954356846473029,0.6203703703703703,1.0,0.2407407407407407,0.3543307086614173
SVR10,0.5104280510018215,0.05,0.970856102003643,0.8801313628899836,0.5119185885736409,0.04878048780487805,0.9750566893424036,0.8962655601659751,0.503167641325536,0.05263157894736842,0.9537037037037037,0.8188976377952756
ridge,0.7106102003642987,0.9166666666666666,0.5045537340619308,0.5451559934318555,0.7236048891101157,0.8780487804878049,0.5691609977324263,0.5954356846473029,0.6203703703703703,1.0,0.2407407407407407,0.3543307086614173
