,all,all,all,all,no revasc,no revasc,no revasc,no revasc,with revasc,with revasc,with revasc,with revasc
,Test AUC,Sensitivity,Specificity,Accuracy,Test AUC,Sensitivity,Specificity,Accuracy,Test AUC,Sensitivity,Specificity,Accuracy
lasso,0.6069181219049037,0.5046728971962616,0.7091633466135459,0.6732348111658456,0.6143034825870647,0.45,0.7786069651741294,0.7240663900414938,0.5483333333333333,0.6666666666666666,0.43000000000000005,0.48031496062992124
linreg,0.6167945042260863,0.5981308411214953,0.6354581673306773,0.6288998357963875,0.6320273631840796,0.575,0.6890547263681592,0.6701244813278008,0.5433333333333332,0.6666666666666666,0.42000000000000004,0.47244094488188976
SVR10,0.5046728971962616,0.009345794392523364,1.0,0.825944170771757,0.50625,0.0125,1.0,0.8360995850622407,0.5,0.0,1.0,0.7874015748031497
ridge,0.6167945042260863,0.5981308411214953,0.6354581673306773,0.6288998357963875,0.6320273631840796,0.575,0.6890547263681592,0.6701244813278008,0.5433333333333332,0.6666666666666666,0.42000000000000004,0.47244094488188976
