,all,all,all,all,no revasc,no revasc,no revasc,no revasc,with revasc,with revasc,with revasc,with revasc
,Test AUC,Sensitivity,Specificity,Accuracy,Test AUC,Sensitivity,Specificity,Accuracy,Test AUC,Sensitivity,Specificity,Accuracy
lasso,0.7491289198606272,0.8571428571428571,0.6411149825783973,0.6535303776683087,0.7566739606126915,0.8,0.7133479212253829,0.7178423236514523,0.6794871794871795,1.0,0.3589743589743589,0.4094488188976378
linreg,0.8092334494773519,0.8571428571428571,0.7613240418118467,0.7668308702791461,0.8237199124726478,0.84,0.8074398249452954,0.8091286307053942,0.7405982905982905,0.9,0.5811965811965811,0.6062992125984252
SVR10,0.635191637630662,0.5142857142857142,0.7560975609756098,0.7422003284072249,0.6273085339168489,0.48,0.774617067833698,0.7593360995850622,0.6418803418803419,0.6,0.6837606837606838,0.6771653543307087
ridge,0.8078397212543553,0.8857142857142857,0.7299651567944251,0.7389162561576355,0.8262144420131291,0.88,0.7724288840262582,0.7780082987551867,0.732051282051282,0.9,0.5641025641025641,0.5905511811023622
