,all,all,all,all,no revasc,no revasc,no revasc,no revasc,with revasc,with revasc,with revasc,with revasc
,Test AUC,Sensitivity,Specificity,Accuracy,Test AUC,Sensitivity,Specificity,Accuracy,Test AUC,Sensitivity,Specificity,Accuracy
lasso,0.6274696901661428,0.47058823529411764,0.7843511450381679,0.7405582922824302,0.5946236559139785,0.3225806451612903,0.8666666666666667,0.7966804979253111,0.6607441471571905,0.8695652173913043,0.45192307692307687,0.5275590551181102
linreg,0.6176133812303547,0.4470588235294118,0.7881679389312977,0.7405582922824302,0.6024193548387097,0.3548387096774194,0.85,0.7863070539419087,0.6170568561872909,0.6956521739130435,0.5384615384615384,0.5669291338582677
SVR10,0.5309946115850921,0.10588235294117647,0.9561068702290076,0.8374384236453202,0.5430875576036867,0.12903225806451613,0.9571428571428572,0.8506224066390041,0.49770066889632103,0.0,1.0,0.8188976377952756
ridge,0.6166591827570722,0.4470588235294118,0.7862595419847328,0.7389162561576355,0.6024193548387097,0.3548387096774194,0.85,0.7863070539419087,0.6122491638795986,0.6956521739130435,0.5288461538461539,0.5590551181102362
