,all,all,all,all,no revasc,no revasc,no revasc,no revasc,with revasc,with revasc,with revasc,with revasc
,Test AUC,Sensitivity,Specificity,Accuracy,Test AUC,Sensitivity,Specificity,Accuracy,Test AUC,Sensitivity,Specificity,Accuracy
lasso,0.5700830713964975,0.3176470588235294,0.8225190839694656,0.7520525451559934,0.5820660522273426,0.2903225806451613,0.8738095238095238,0.7987551867219918,0.5033444816053512,0.391304347826087,0.6153846153846154,0.5748031496062992
linreg,0.6218904355635384,0.5529411764705883,0.6908396946564885,0.6715927750410509,0.6259216589861751,0.5161290322580645,0.7357142857142858,0.7074688796680498,0.5808946488294314,0.6521739130434783,0.5096153846153846,0.5354330708661418
SVR10,0.4809721598563089,0.0,1.0,0.8604269293924466,0.4812980030721967,0.0,1.0,0.8713692946058091,0.5108695652173914,0.5217391304347826,0.5,0.5039370078740157
ridge,0.6218904355635384,0.5529411764705883,0.6908396946564885,0.6715927750410509,0.6259216589861751,0.5161290322580645,0.7357142857142858,0.7074688796680498,0.5808946488294314,0.6521739130434783,0.5096153846153846,0.5354330708661418
