,all,all,all,all,no revasc,no revasc,no revasc,no revasc,with revasc,with revasc,with revasc,with revasc
,Test AUC,Sensitivity,Specificity,Accuracy,Test AUC,Sensitivity,Specificity,Accuracy,Test AUC,Sensitivity,Specificity,Accuracy
lasso,0.6636503928170595,0.5432098765432098,0.7840909090909091,0.7520525451559934,0.6565091958168049,0.4406779661016949,0.8723404255319149,0.8195020746887967,0.6233766233766235,0.8181818181818182,0.4285714285714286,0.49606299212598426
linreg,0.6945847362514029,0.654320987654321,0.7348484848484849,0.7241379310344828,0.6973193893496813,0.5932203389830508,0.801418439716312,0.7759336099585062,0.6424242424242426,0.8181818181818182,0.4666666666666667,0.5275590551181102
SVR10,0.5780723905723906,0.2962962962962963,0.8598484848484849,0.7848932676518884,0.5981688504227272,0.3050847457627119,0.8912529550827423,0.8195020746887967,0.503030303030303,0.2727272727272727,0.7333333333333334,0.6535433070866141
ridge,0.6926907968574636,0.654320987654321,0.7310606060606061,0.7208538587848933,0.6949553231558281,0.5932203389830508,0.7966903073286052,0.7717842323651453,0.6424242424242426,0.8181818181818182,0.4666666666666667,0.5275590551181102
