,all,all,all,all,no revasc,no revasc,no revasc,no revasc,with revasc,with revasc,with revasc,with revasc
,Test AUC,Sensitivity,Specificity,Accuracy,Test AUC,Sensitivity,Specificity,Accuracy,Test AUC,Sensitivity,Specificity,Accuracy
lasso,0.7443859300476947,0.8823529411764706,0.6064189189189189,0.6141215106732348,0.7594093804284888,0.8181818181818182,0.7006369426751593,0.7033195020746889,0.6198347107438016,1.0,0.23966942148760328,0.2755905511811024
linreg,0.7591911764705883,0.7058823529411765,0.8125,0.8095238095238095,0.7438718394132406,0.6363636363636364,0.851380042462845,0.8464730290456431,0.747245179063361,0.8333333333333334,0.6611570247933884,0.6692913385826772
SVR10,0.6446244038155804,0.5882352941176471,0.7010135135135135,0.6978653530377669,0.6546998648909477,0.6363636363636364,0.6730360934182591,0.6721991701244814,0.6549586776859504,0.5,0.8099173553719008,0.7952755905511811
ridge,0.7591911764705883,0.7058823529411765,0.8125,0.8095238095238095,0.7438718394132406,0.6363636363636364,0.851380042462845,0.8464730290456431,0.747245179063361,0.8333333333333334,0.6611570247933884,0.6692913385826772
