,all,all,all,all,no revasc,no revasc,no revasc,no revasc,with revasc,with revasc,with revasc,with revasc
,Test AUC,Sensitivity,Specificity,Accuracy,Test AUC,Sensitivity,Specificity,Accuracy,Test AUC,Sensitivity,Specificity,Accuracy
lasso,0.6673952641165757,0.8666666666666667,0.46812386156648456,0.5073891625615764,0.6881533101045296,0.8048780487804879,0.5714285714285714,0.5912863070539419,0.5231481481481481,1.0,0.04629629629629628,0.1889763779527559
linreg,0.6666211293260473,0.8833333333333333,0.44990892531876137,0.49261083743842365,0.6890105635750234,0.8292682926829268,0.5487528344671202,0.5726141078838174,0.5231481481481481,1.0,0.04629629629629628,0.1889763779527559
SVR10,0.6353825136612021,0.5166666666666667,0.7540983606557377,0.7307060755336617,0.6126320446877938,0.36585365853658536,0.8594104308390023,0.8174273858921162,0.5830896686159843,0.8421052631578947,0.32407407407407407,0.4015748031496063
ridge,0.6666211293260473,0.8833333333333333,0.44990892531876137,0.49261083743842365,0.6890105635750234,0.8292682926829268,0.5487528344671202,0.5726141078838174,0.5231481481481481,1.0,0.04629629629629628,0.1889763779527559
