,all,all,all,all,no revasc,no revasc,no revasc,no revasc,with revasc,with revasc,with revasc,with revasc
,Test AUC,Sensitivity,Specificity,Accuracy,Test AUC,Sensitivity,Specificity,Accuracy,Test AUC,Sensitivity,Specificity,Accuracy
lasso,0.6949840305775171,0.8732394366197183,0.516728624535316,0.5582922824302134,0.7016666666666667,0.82,0.5833333333333333,0.6078838174273858,0.6226415094339622,1.0,0.24528301886792447,0.3700787401574803
linreg,0.7397376826011833,0.9014084507042254,0.5780669144981412,0.6157635467980296,0.7424999999999999,0.86,0.625,0.6493775933609959,0.6933962264150944,1.0,0.3867924528301887,0.4881889763779528
SVR10,0.6064322739410442,0.5492957746478874,0.6635687732342008,0.6502463054187192,0.6310185185185184,0.6,0.662037037037037,0.6556016597510373,0.5491913746630728,0.42857142857142855,0.6698113207547169,0.6299212598425197
ridge,0.7388083145714435,0.9014084507042254,0.5762081784386617,0.6141215106732348,0.7413425925925925,0.86,0.6226851851851851,0.6473029045643154,0.6933962264150944,1.0,0.3867924528301887,0.4881889763779528
