,all,all,all,all,no revasc,no revasc,no revasc,no revasc,with revasc,with revasc,with revasc,with revasc
,Test AUC,Sensitivity,Specificity,Accuracy,Test AUC,Sensitivity,Specificity,Accuracy,Test AUC,Sensitivity,Specificity,Accuracy
lasso,0.6331352426828629,0.5915492957746479,0.6747211895910781,0.6650246305418719,0.6300462962962963,0.48,0.7800925925925926,0.7489626556016598,0.5512129380053908,0.8571428571428571,0.24528301886792447,0.3464566929133858
linreg,0.6406094559924603,0.6901408450704225,0.5910780669144982,0.6026272577996716,0.647962962962963,0.62,0.6759259259259259,0.6701244813278008,0.5512129380053908,0.8571428571428571,0.24528301886792447,0.3464566929133858
SVR10,0.5649248651761872,0.3380281690140845,0.79182156133829,0.7389162561576355,0.5485648148148148,0.28,0.8171296296296297,0.7614107883817427,0.5824348607367476,0.47619047619047616,0.6886792452830188,0.6535433070866141
ridge,0.6406094559924603,0.6901408450704225,0.5910780669144982,0.6026272577996716,0.647962962962963,0.62,0.6759259259259259,0.6701244813278008,0.5512129380053908,0.8571428571428571,0.24528301886792447,0.3464566929133858
