,all,all,all,all,no revasc,no revasc,no revasc,no revasc,with revasc,with revasc,with revasc,with revasc
,Test AUC,Sensitivity,Specificity,Accuracy,Test AUC,Sensitivity,Specificity,Accuracy,Test AUC,Sensitivity,Specificity,Accuracy
lasso,0.6619130952824217,0.7102803738317757,0.6135458167330677,0.6305418719211823,0.6683146766169155,0.6625,0.6741293532338308,0.6721991701244814,0.6109259259259259,0.8518518518518519,0.37,0.47244094488188976
linreg,0.6740980005212794,0.6728971962616822,0.6752988047808766,0.6748768472906403,0.6831467661691543,0.625,0.7412935323383085,0.7219917012448133,0.6124074074074074,0.8148148148148148,0.41000000000000003,0.49606299212598426
SVR10,0.5023736828387385,0.018691588785046728,0.9860557768924303,0.8160919540229885,0.5000310945273632,0.0125,0.9875621890547264,0.8257261410788381,0.5085185185185185,0.037037037037037035,0.98,0.7795275590551181
ridge,0.6740980005212794,0.6728971962616822,0.6752988047808766,0.6748768472906403,0.6831467661691543,0.625,0.7412935323383085,0.7219917012448133,0.6124074074074074,0.8148148148148148,0.41000000000000003,0.49606299212598426
