,all,all,all,all,no revasc,no revasc,no revasc,no revasc,with revasc,with revasc,with revasc,with revasc
,Test AUC,Sensitivity,Specificity,Accuracy,Test AUC,Sensitivity,Specificity,Accuracy,Test AUC,Sensitivity,Specificity,Accuracy
lasso,0.593623709025595,0.29411764705882354,0.8931297709923665,0.8095238095238095,0.5589477726574501,0.1774193548387097,0.9404761904761905,0.8423236514522822,0.655309364548495,0.6086956521739131,0.7019230769230769,0.6850393700787402
linreg,0.5912438257745846,0.25882352941176473,0.9236641221374046,0.8308702791461412,0.5855222734254992,0.22580645161290322,0.9452380952380952,0.8526970954356846,0.5921822742474916,0.34782608695652173,0.8365384615384616,0.7480314960629921
SVR10,0.5948585541086663,0.5294117647058824,0.6603053435114503,0.6420361247947455,0.626574500768049,0.5483870967741935,0.7047619047619047,0.6846473029045643,0.479515050167224,0.0,1.0,0.8188976377952756
ridge,0.580433318365514,0.23529411764705882,0.9255725190839694,0.8292282430213465,0.5705837173579109,0.1935483870967742,0.9476190476190476,0.8506224066390041,0.5921822742474916,0.34782608695652173,0.8365384615384616,0.7480314960629921
