,all,all,all,all,no revasc,no revasc,no revasc,no revasc,with revasc,with revasc,with revasc,with revasc
,Test AUC,Sensitivity,Specificity,Accuracy,Test AUC,Sensitivity,Specificity,Accuracy,Test AUC,Sensitivity,Specificity,Accuracy
lasso,0.7135321221006334,0.7746478873239436,0.6524163568773234,0.6666666666666666,0.7022685185185185,0.68,0.724537037037037,0.7199170124481328,0.679245283018868,1.0,0.3584905660377359,0.4645669291338583
linreg,0.7602884967799362,0.8309859154929577,0.6895910780669146,0.7060755336617406,0.755,0.76,0.75,0.7510373443983402,0.7216981132075472,1.0,0.44339622641509435,0.5354330708661418
SVR10,0.5994161998010368,0.2676056338028169,0.9312267657992566,0.8538587848932676,0.6052777777777778,0.28,0.9305555555555556,0.8630705394190872,0.5860287511230908,0.23809523809523808,0.9339622641509434,0.8188976377952756
ridge,0.7593591287501963,0.8309859154929577,0.6877323420074349,0.7044334975369458,0.7538425925925925,0.76,0.7476851851851851,0.7489626556016598,0.7216981132075472,1.0,0.44339622641509435,0.5354330708661418
