,all,all,all,all,no revasc,no revasc,no revasc,no revasc,with revasc,with revasc,with revasc,with revasc
,Test AUC,Sensitivity,Specificity,Accuracy,Test AUC,Sensitivity,Specificity,Accuracy,Test AUC,Sensitivity,Specificity,Accuracy
lasso,0.6683465102884968,0.6619718309859155,0.6747211895910781,0.6732348111658456,0.6811111111111111,0.64,0.7222222222222222,0.7136929460580913,0.5977088948787063,0.7142857142857143,0.4811320754716981,0.5196850393700787
linreg,0.6718152782868214,0.704225352112676,0.6394052044609666,0.6469622331691297,0.6691203703703703,0.66,0.6782407407407407,0.6763485477178424,0.6453279424977538,0.8095238095238095,0.4811320754716981,0.5354330708661418
SVR10,0.6471804806534375,0.5211267605633803,0.7732342007434945,0.7438423645320197,0.6497222222222222,0.48,0.8194444444444444,0.7842323651452282,0.6019766397124888,0.6190476190476191,0.5849056603773585,0.5905511811023622
ridge,0.6718152782868214,0.704225352112676,0.6394052044609666,0.6469622331691297,0.6691203703703703,0.66,0.6782407407407407,0.6763485477178424,0.6453279424977538,0.8095238095238095,0.4811320754716981,0.5354330708661418
