,all,all,all,all,no revasc,no revasc,no revasc,no revasc,with revasc,with revasc,with revasc,with revasc
,Test AUC,Sensitivity,Specificity,Accuracy,Test AUC,Sensitivity,Specificity,Accuracy,Test AUC,Sensitivity,Specificity,Accuracy
lasso,0.6281611602701712,0.43661971830985913,0.8197026022304833,0.7750410509031199,0.5898148148148149,0.3,0.8796296296296297,0.8195020746887967,0.6686882300089847,0.7619047619047619,0.5754716981132075,0.6062992125984252
linreg,0.603172940991675,0.36619718309859156,0.8401486988847584,0.7848932676518884,0.5832870370370371,0.28,0.8865740740740741,0.8236514522821576,0.6111859838274932,0.5714285714285714,0.6509433962264151,0.6377952755905512
SVR10,0.5253809099952876,0.056338028169014086,0.9944237918215614,0.8850574712643678,0.5288425925925927,0.06,0.9976851851851852,0.9004149377593361,0.5143755615453729,0.047619047619047616,0.9811320754716981,0.8267716535433071
ridge,0.603172940991675,0.36619718309859156,0.8401486988847584,0.7848932676518884,0.5832870370370371,0.28,0.8865740740740741,0.8236514522821576,0.6111859838274932,0.5714285714285714,0.6509433962264151,0.6377952755905512
