,all,all,all,all,no revasc,no revasc,no revasc,no revasc,with revasc,with revasc,with revasc,with revasc
,Test AUC,Sensitivity,Specificity,Accuracy,Test AUC,Sensitivity,Specificity,Accuracy,Test AUC,Sensitivity,Specificity,Accuracy
lasso,0.6378597758498714,0.6542056074766355,0.6215139442231076,0.6272577996715928,0.6220460199004976,0.5625,0.681592039800995,0.6618257261410788,0.652962962962963,0.9259259259259259,0.38,0.49606299212598426
linreg,0.6709517071899319,0.7383177570093458,0.603585657370518,0.6272577996715928,0.665858208955224,0.675,0.6567164179104478,0.6597510373443983,0.657962962962963,0.9259259259259259,0.39,0.5039370078740157
SVR10,0.5402036712961239,0.2616822429906542,0.8187250996015936,0.7208538587848933,0.5654539800995025,0.3125,0.818407960199005,0.7344398340248963,0.4655555555555556,0.0,1.0,0.7874015748031497
ridge,0.6635979446699185,0.719626168224299,0.6075697211155379,0.6272577996715928,0.6558457711442786,0.65,0.6616915422885572,0.6597510373443983,0.657962962962963,0.9259259259259259,0.39,0.5039370078740157
