,all,all,all,all,no revasc,no revasc,no revasc,no revasc,with revasc,with revasc,with revasc,with revasc
,Test AUC,Sensitivity,Specificity,Accuracy,Test AUC,Sensitivity,Specificity,Accuracy,Test AUC,Sensitivity,Specificity,Accuracy
lasso,0.6833904109589041,0.8,0.5667808219178082,0.5763546798029556,0.684123972169513,0.7058823529411765,0.6623655913978495,0.6639004149377593,0.5966386554621849,1.0,0.19327731092436973,0.2440944881889764
linreg,0.7621575342465754,0.8,0.7243150684931507,0.7274220032840722,0.7454142947501582,0.7058823529411765,0.7849462365591398,0.7821576763485477,0.7436974789915967,1.0,0.4873949579831933,0.5196850393700787
SVR10,0.5148630136986302,0.04,0.9897260273972602,0.9507389162561576,0.5240354206198609,0.058823529411764705,0.989247311827957,0.9564315352697096,0.4957983193277311,0.0,1.0,0.937007874015748
ridge,0.763013698630137,0.8,0.726027397260274,0.729064039408867,0.7464895635673625,0.7058823529411765,0.7870967741935484,0.7842323651452282,0.7436974789915967,1.0,0.4873949579831933,0.5196850393700787
