,all,all,all,all,no revasc,no revasc,no revasc,no revasc,with revasc,with revasc,with revasc,with revasc
,Test AUC,Sensitivity,Specificity,Accuracy,Test AUC,Sensitivity,Specificity,Accuracy,Test AUC,Sensitivity,Specificity,Accuracy
lasso,0.6657103825136612,0.55,0.7814207650273224,0.7586206896551724,0.6370222885902328,0.4146341463414634,0.8594104308390023,0.8215767634854771,0.6525341130604289,0.8421052631578947,0.4629629629629629,0.5196850393700787
linreg,0.6464025500910747,0.4166666666666667,0.8761384335154827,0.8308702791461412,0.6585642387036115,0.4146341463414634,0.9024943310657596,0.8609958506224067,0.594785575048733,0.42105263157894735,0.7685185185185185,0.7165354330708661
SVR10,0.6267304189435338,0.35,0.9034608378870674,0.8489326765188834,0.6287815939383884,0.34146341463414637,0.9160997732426304,0.8672199170124482,0.6101364522417154,0.3684210526315789,0.8518518518518519,0.7795275590551181
ridge,0.6662112932604736,0.5,0.8324225865209471,0.7996715927750411,0.663680106188817,0.4634146341463415,0.8639455782312925,0.8298755186721992,0.6413255360623782,0.5789473684210527,0.7037037037037037,0.6850393700787402
