,all,all,all,all,no revasc,no revasc,no revasc,no revasc,with revasc,with revasc,with revasc,with revasc
,Test AUC,Sensitivity,Specificity,Accuracy,Test AUC,Sensitivity,Specificity,Accuracy,Test AUC,Sensitivity,Specificity,Accuracy
lasso,0.7153767123287671,0.84,0.5907534246575342,0.6009852216748769,0.7103099304237824,0.7647058823529411,0.6559139784946236,0.6597510373443983,0.6680672268907564,1.0,0.33613445378151263,0.3779527559055118
linreg,0.7208219178082191,0.88,0.5616438356164384,0.5747126436781609,0.7203668564199873,0.8235294117647058,0.6172043010752688,0.6244813278008299,0.6722689075630253,1.0,0.3445378151260504,0.3858267716535433
SVR10,0.5649657534246576,0.32,0.809931506849315,0.7898193760262726,0.6080328905755851,0.4117647058823529,0.8043010752688172,0.7904564315352697,0.4784663865546218,0.0,1.0,0.937007874015748
ridge,0.7242465753424657,0.88,0.5684931506849316,0.5812807881773399,0.7246679316888045,0.8235294117647058,0.6258064516129032,0.6327800829875518,0.6722689075630253,1.0,0.3445378151260504,0.3858267716535433
