,all,all,all,all,no revasc,no revasc,no revasc,no revasc,with revasc,with revasc,with revasc,with revasc
,Test AUC,Sensitivity,Specificity,Accuracy,Test AUC,Sensitivity,Specificity,Accuracy,Test AUC,Sensitivity,Specificity,Accuracy
lasso,0.6740008980691513,0.8823529411764706,0.46564885496183206,0.5238095238095238,0.7038786482334869,0.8387096774193549,0.569047619047619,0.6037344398340249,0.5240384615384616,1.0,0.04807692307692313,0.2204724409448819
linreg,0.6701841041760215,0.8823529411764706,0.4580152671755725,0.5172413793103449,0.7071812596006145,0.8548387096774194,0.5595238095238095,0.5975103734439834,0.502299331103679,0.9565217391304348,0.04807692307692313,0.2125984251968504
SVR10,0.629041311180961,0.5882352941176471,0.6698473282442747,0.6584564860426929,0.6326804915514593,0.46774193548387094,0.7976190476190477,0.7551867219917012,0.5334448160535117,0.9130434782608695,0.15384615384615385,0.29133858267716534
ridge,0.6701841041760215,0.8823529411764706,0.4580152671755725,0.5172413793103449,0.7071812596006145,0.8548387096774194,0.5595238095238095,0.5975103734439834,0.502299331103679,0.9565217391304348,0.04807692307692313,0.2125984251968504
