,all,all,all,all,no revasc,no revasc,no revasc,no revasc,with revasc,with revasc,with revasc,with revasc
,Test AUC,Sensitivity,Specificity,Accuracy,Test AUC,Sensitivity,Specificity,Accuracy,Test AUC,Sensitivity,Specificity,Accuracy
lasso,0.6633879781420764,0.6,0.7267759562841529,0.7142857142857143,0.6691001603893589,0.5853658536585366,0.7528344671201814,0.7385892116182573,0.6259746588693956,0.631578947368421,0.6203703703703703,0.6220472440944882
linreg,0.6581511839708561,0.5166666666666667,0.7996357012750456,0.7717569786535303,0.6764559482329517,0.5365853658536586,0.8163265306122449,0.7925311203319502,0.6025828460038986,0.47368421052631576,0.7314814814814814,0.6929133858267716
SVR10,0.5115664845173042,0.9666666666666667,0.0564663023679417,0.14614121510673234,0.5016868536032298,0.9512195121951219,0.05215419501133789,0.12863070539419086,0.537037037037037,1.0,0.07407407407407407,0.2125984251968504
ridge,0.6581511839708561,0.5166666666666667,0.7996357012750456,0.7717569786535303,0.6764559482329517,0.5365853658536586,0.8163265306122449,0.7925311203319502,0.6025828460038986,0.47368421052631576,0.7314814814814814,0.6929133858267716
