,all,all,all,all,no revasc,no revasc,no revasc,no revasc,with revasc,with revasc,with revasc,with revasc
,Test AUC,Sensitivity,Specificity,Accuracy,Test AUC,Sensitivity,Specificity,Accuracy,Test AUC,Sensitivity,Specificity,Accuracy
lasso,0.6055497635625722,0.3644859813084112,0.8466135458167331,0.7619047619047619,0.5902363184079602,0.275,0.9054726368159204,0.8008298755186722,0.6198148148148148,0.6296296296296297,0.61,0.6141732283464567
linreg,0.5857876903600552,0.29906542056074764,0.8725099601593626,0.7717569786535303,0.5802238805970149,0.25,0.9104477611940298,0.8008298755186722,0.5822222222222222,0.4444444444444444,0.72,0.6614173228346457
SVR10,0.6011747402911718,0.4672897196261682,0.7350597609561753,0.6880131362889984,0.6231032338308458,0.4875,0.7587064676616915,0.7136929460580913,0.5237037037037037,0.4074074074074074,0.64,0.5905511811023622
ridge,0.5847916744238001,0.29906542056074764,0.8705179282868526,0.7701149425287356,0.5802238805970149,0.25,0.9104477611940298,0.8008298755186722,0.5772222222222222,0.4444444444444444,0.71,0.6535433070866141
