,all,all,all,all,no revasc,no revasc,no revasc,no revasc,with revasc,with revasc,with revasc,with revasc
,Test AUC,Sensitivity,Specificity,Accuracy,Test AUC,Sensitivity,Specificity,Accuracy,Test AUC,Sensitivity,Specificity,Accuracy
lasso,0.6373147732375393,0.5647058823529412,0.7099236641221374,0.6896551724137931,0.6566052227342549,0.532258064516129,0.780952380952381,0.7489626556016598,0.5376254180602007,0.6521739130434783,0.42307692307692313,0.4645669291338583
linreg,0.6539964077233946,0.6705882352941176,0.6374045801526718,0.6420361247947455,0.6851382488479262,0.6774193548387096,0.6928571428571428,0.6908713692946058,0.5328177257525083,0.6521739130434783,0.41346153846153844,0.4566929133858268
SVR10,0.5058823529411764,0.011764705882352941,1.0,0.8620689655172413,0.5080645161290323,0.016129032258064516,1.0,0.8734439834024896,0.5,0.0,1.0,0.8188976377952756
ridge,0.6539964077233946,0.6705882352941176,0.6374045801526718,0.6420361247947455,0.6851382488479262,0.6774193548387096,0.6928571428571428,0.6908713692946058,0.5328177257525083,0.6521739130434783,0.41346153846153844,0.4566929133858268
