,all,all,all,all,no revasc,no revasc,no revasc,no revasc,with revasc,with revasc,with revasc,with revasc
,Test AUC,Sensitivity,Specificity,Accuracy,Test AUC,Sensitivity,Specificity,Accuracy,Test AUC,Sensitivity,Specificity,Accuracy
lasso,0.7137741356084418,0.788235294117647,0.6393129770992366,0.6600985221674877,0.7119815668202766,0.7096774193548387,0.7142857142857143,0.7136929460580913,0.6682692307692308,1.0,0.33653846153846156,0.4566929133858268
linreg,0.7427256398742703,0.7411764705882353,0.7442748091603053,0.7438423645320197,0.7377880184331796,0.6612903225806451,0.8142857142857143,0.7946058091286307,0.7090301003344481,0.9565217391304348,0.46153846153846156,0.5511811023622047
SVR10,0.5853502469690166,0.3176470588235294,0.8530534351145038,0.7783251231527094,0.6134024577572964,0.3387096774193548,0.888095238095238,0.8174273858921162,0.4862040133779264,0.0,1.0,0.8188976377952756
ridge,0.7417714414009879,0.7411764705882353,0.7423664122137404,0.7422003284072249,0.7365975422427035,0.6612903225806451,0.8119047619047619,0.7925311203319502,0.7090301003344481,0.9565217391304348,0.46153846153846156,0.5511811023622047
