,all,all,all,all,no revasc,no revasc,no revasc,no revasc,with revasc,with revasc,with revasc,with revasc
,Test AUC,Sensitivity,Specificity,Accuracy,Test AUC,Sensitivity,Specificity,Accuracy,Test AUC,Sensitivity,Specificity,Accuracy
lasso,0.7403120031796502,0.8235294117647058,0.6570945945945945,0.6617405582922824,0.7458019687319051,0.7272727272727273,0.7643312101910829,0.7634854771784232,0.6198347107438016,1.0,0.23966942148760328,0.2755905511811024
linreg,0.7266494435612083,0.8823529411764706,0.5709459459459459,0.5796387520525451,0.7371163867979156,0.8181818181818182,0.6560509554140128,0.6597510373443983,0.6198347107438016,1.0,0.23966942148760328,0.2755905511811024
SVR10,0.5969296502384738,0.4117647058823529,0.7820945945945946,0.7717569786535303,0.5873383516695619,0.36363636363636365,0.8110403397027601,0.8008298755186722,0.5847107438016528,0.5,0.6694214876033058,0.6614173228346457
ridge,0.7266494435612083,0.8823529411764706,0.5709459459459459,0.5796387520525451,0.7371163867979156,0.8181818181818182,0.6560509554140128,0.6597510373443983,0.6198347107438016,1.0,0.23966942148760328,0.2755905511811024
