,all,all,all,all,no revasc,no revasc,no revasc,no revasc,with revasc,with revasc,with revasc,with revasc
,Test AUC,Sensitivity,Specificity,Accuracy,Test AUC,Sensitivity,Specificity,Accuracy,Test AUC,Sensitivity,Specificity,Accuracy
lasso,0.7407534246575342,0.8,0.6815068493150684,0.6863711001642037,0.730360531309298,0.7058823529411765,0.7548387096774194,0.7531120331950207,0.6974789915966386,1.0,0.39495798319327735,0.4330708661417323
linreg,0.8104109589041095,0.84,0.7808219178082192,0.7832512315270936,0.8203668564199873,0.8235294117647058,0.8172043010752688,0.8174273858921162,0.756827731092437,0.875,0.6386554621848739,0.6535433070866141
SVR10,0.7561643835616438,0.8,0.7123287671232876,0.715927750410509,0.7576217583807716,0.7647058823529411,0.7505376344086021,0.7510373443983402,0.7190126050420168,0.875,0.5630252100840336,0.5826771653543307
ridge,0.8153082191780822,0.92,0.7106164383561644,0.7192118226600985,0.8490828589500317,0.9411764705882353,0.7569892473118279,0.7634854771784232,0.7022058823529411,0.875,0.5294117647058824,0.5511811023622047
