,all,all,all,all,no revasc,no revasc,no revasc,no revasc,with revasc,with revasc,with revasc,with revasc
,Test AUC,Sensitivity,Specificity,Accuracy,Test AUC,Sensitivity,Specificity,Accuracy,Test AUC,Sensitivity,Specificity,Accuracy
lasso,0.6805926916221033,0.625,0.7361853832442068,0.7274220032840722,0.6571691176470589,0.47058823529411764,0.84375,0.8174273858921162,0.6548672566371682,1.0,0.3097345132743363,0.3858267716535433
linreg,0.680871212121212,0.6041666666666666,0.7575757575757576,0.7454844006568144,0.6696428571428571,0.5,0.8392857142857143,0.8153526970954357,0.645385587863464,0.8571428571428571,0.4336283185840708,0.48031496062992124
SVR10,0.504177807486631,0.020833333333333332,0.9875222816399287,0.9113300492610837,0.4955357142857143,0.0,1.0,0.9294605809128631,0.5224399494310998,0.07142857142857142,0.9734513274336283,0.8740157480314961
ridge,0.680871212121212,0.6041666666666666,0.7575757575757576,0.7454844006568144,0.6696428571428571,0.5,0.8392857142857143,0.8153526970954357,0.645385587863464,0.8571428571428571,0.4336283185840708,0.48031496062992124
