,all,all,all,all,no revasc,no revasc,no revasc,no revasc,with revasc,with revasc,with revasc,with revasc
,Test AUC,Sensitivity,Specificity,Accuracy,Test AUC,Sensitivity,Specificity,Accuracy,Test AUC,Sensitivity,Specificity,Accuracy
lasso,0.6461139169472504,0.5308641975308642,0.7613636363636364,0.7307060755336617,0.6263573346155388,0.3898305084745763,0.8628841607565012,0.8049792531120332,0.6307359307359308,0.9090909090909091,0.35238095238095235,0.44881889763779526
linreg,0.6337331649831649,0.48148148148148145,0.7859848484848485,0.7454844006568144,0.6202468245382058,0.3728813559322034,0.8676122931442081,0.8070539419087137,0.6149350649350649,0.7727272727272727,0.4571428571428572,0.5118110236220472
SVR10,0.5975729517396184,0.35802469135802467,0.8371212121212122,0.7733990147783252,0.6040790159073607,0.3050847457627119,0.9030732860520094,0.8298755186721992,0.5357142857142857,0.5,0.5714285714285714,0.5590551181102362
ridge,0.6346801346801346,0.48148148148148145,0.7878787878787878,0.7471264367816092,0.6202468245382058,0.3728813559322034,0.8676122931442081,0.8070539419087137,0.6196969696969696,0.7727272727272727,0.4666666666666667,0.5196850393700787
