,all,all,all,all,no revasc,no revasc,no revasc,no revasc,with revasc,with revasc,with revasc,with revasc
,Test AUC,Sensitivity,Specificity,Accuracy,Test AUC,Sensitivity,Specificity,Accuracy,Test AUC,Sensitivity,Specificity,Accuracy
lasso,0.5880556802873822,0.3058823529411765,0.8702290076335878,0.7914614121510674,0.5610599078341014,0.1935483870967742,0.9285714285714286,0.8340248962655602,0.6216555183946488,0.6086956521739131,0.6346153846153846,0.6299212598425197
linreg,0.5835990121239335,0.32941176470588235,0.8377862595419847,0.7668308702791461,0.6008448540706606,0.3064516129032258,0.8952380952380953,0.8195020746887967,0.49853678929765893,0.0,1.0,0.8188976377952756
SVR10,0.5740682532555007,0.25882352941176473,0.8893129770992366,0.8013136288998358,0.5921274961597542,0.25806451612903225,0.9261904761904762,0.8402489626556017,0.5006270903010034,0.2608695652173913,0.7403846153846154,0.6535433070866141
ridge,0.5883700044903457,0.32941176470588235,0.8473282442748091,0.7750410509031199,0.6008448540706606,0.3064516129032258,0.8952380952380953,0.8195020746887967,0.5225752508361203,0.391304347826087,0.6538461538461539,0.6062992125984252
