,all,all,all,all,no revasc,no revasc,no revasc,no revasc,with revasc,with revasc,with revasc,with revasc
,Test AUC,Sensitivity,Specificity,Accuracy,Test AUC,Sensitivity,Specificity,Accuracy,Test AUC,Sensitivity,Specificity,Accuracy
lasso,0.6495655080213903,0.4791666666666667,0.8199643493761141,0.7931034482758621,0.6059611344537814,0.3235294117647059,0.8883928571428571,0.8485477178423236,0.7029077117572693,0.8571428571428571,0.5486725663716814,0.5826771653543307
linreg,0.6579211229946524,0.5208333333333334,0.7950089126559715,0.7733990147783252,0.6502757352941176,0.4411764705882353,0.859375,0.8298755186721992,0.6270543615676358,0.7142857142857143,0.5398230088495575,0.5590551181102362
SVR10,0.5104166666666666,0.020833333333333332,1.0,0.922824302134647,0.5,0.0,1.0,0.9294605809128631,0.5357142857142857,0.07142857142857142,1.0,0.8976377952755905
ridge,0.6579211229946524,0.5208333333333334,0.7950089126559715,0.7733990147783252,0.6502757352941176,0.4411764705882353,0.859375,0.8298755186721992,0.6270543615676358,0.7142857142857143,0.5398230088495575,0.5590551181102362
