,all,all,all,all,no revasc,no revasc,no revasc,no revasc,with revasc,with revasc,with revasc,with revasc
,Test AUC,Sensitivity,Specificity,Accuracy,Test AUC,Sensitivity,Specificity,Accuracy,Test AUC,Sensitivity,Specificity,Accuracy
lasso,0.601290684624018,0.30864197530864196,0.8939393939393939,0.8160919540229885,0.5695796770445166,0.1864406779661017,0.9527186761229315,0.8589211618257261,0.6467532467532467,0.6363636363636364,0.6571428571428571,0.6535433070866141
linreg,0.5623246352413019,0.20987654320987653,0.9147727272727273,0.8210180623973727,0.55755900148255,0.1694915254237288,0.9456264775413712,0.8506224066390041,0.5543290043290042,0.3181818181818182,0.7904761904761904,0.7086614173228346
SVR10,0.5123456790123457,0.024691358024691357,1.0,0.8702791461412152,0.5084745762711864,0.01694915254237288,1.0,0.8796680497925311,0.5227272727272727,0.045454545454545456,1.0,0.8346456692913385
ridge,0.5632716049382716,0.20987654320987653,0.9166666666666666,0.8226600985221675,0.5587410345794768,0.1694915254237288,0.9479905437352246,0.8526970954356846,0.5543290043290042,0.3181818181818182,0.7904761904761904,0.7086614173228346
