,all,all,all,all,no revasc,no revasc,no revasc,no revasc,with revasc,with revasc,with revasc,with revasc
,Test AUC,Sensitivity,Specificity,Accuracy,Test AUC,Sensitivity,Specificity,Accuracy,Test AUC,Sensitivity,Specificity,Accuracy
lasso,0.6871080139372823,0.4857142857142857,0.8885017421602788,0.8653530377668309,0.6293654266958425,0.32,0.9387308533916849,0.9066390041493776,0.7961538461538462,0.9,0.6923076923076923,0.7086614173228346
linreg,0.6911149825783973,0.45714285714285713,0.9250871080139373,0.8981937602627258,0.6515536105032822,0.36,0.9431072210065645,0.9128630705394191,0.7773504273504274,0.7,0.8547008547008547,0.84251968503937
SVR10,0.7102787456445993,0.7428571428571429,0.6777003484320557,0.6814449917898193,0.7221444201312909,0.72,0.724288840262582,0.7240663900414938,0.6478632478632479,0.8,0.49572649572649574,0.5196850393700787
ridge,0.6911149825783973,0.45714285714285713,0.9250871080139373,0.8981937602627258,0.6515536105032822,0.36,0.9431072210065645,0.9128630705394191,0.7773504273504274,0.7,0.8547008547008547,0.84251968503937
