,all,all,all,all,no revasc,no revasc,no revasc,no revasc,with revasc,with revasc,with revasc,with revasc
,Test AUC,Sensitivity,Specificity,Accuracy,Test AUC,Sensitivity,Specificity,Accuracy,Test AUC,Sensitivity,Specificity,Accuracy
lasso,0.708868432869331,0.6352941176470588,0.7824427480916031,0.7619047619047619,0.7114823348694316,0.5967741935483871,0.8261904761904761,0.7966804979253111,0.6724498327759199,0.7391304347826086,0.6057692307692308,0.6299212598425197
linreg,0.7196677144140098,0.7294117647058823,0.7099236641221374,0.7126436781609196,0.7265360983102919,0.6935483870967742,0.7595238095238095,0.7510373443983402,0.6678511705685619,0.8260869565217391,0.5096153846153846,0.5669291338582677
SVR10,0.5101818590031433,0.9764705882352941,0.043893129770992356,0.17405582922824303,0.5086021505376344,0.9838709677419355,0.033333333333333326,0.15560165975103735,0.5215301003344482,0.9565217391304348,0.08653846153846156,0.2440944881889764
ridge,0.7265042658284688,0.7411764705882353,0.7118320610687023,0.715927750410509,0.7346006144393241,0.7096774193548387,0.7595238095238095,0.7531120331950207,0.6726588628762542,0.8260869565217391,0.5192307692307692,0.5748031496062992
