,all,all,all,all,no revasc,no revasc,no revasc,no revasc,with revasc,with revasc,with revasc,with revasc
,Test AUC,Sensitivity,Specificity,Accuracy,Test AUC,Sensitivity,Specificity,Accuracy,Test AUC,Sensitivity,Specificity,Accuracy
lasso,0.641229474624865,0.6728971962616822,0.6095617529880478,0.6206896551724138,0.6283271144278607,0.5875,0.6691542288557214,0.6556016597510373,0.6479629629629631,0.9259259259259259,0.37,0.4881889763779528
linreg,0.6577056260937558,0.6261682242990654,0.6892430278884463,0.6781609195402298,0.6443718905472637,0.5375,0.7512437810945274,0.7157676348547718,0.6644444444444444,0.8888888888888888,0.43999999999999995,0.5354330708661418
SVR10,0.499003984063745,0.0,1.0,0.8243021346469622,0.5,0.0,1.0,0.8340248962655602,0.495,0.0,1.0,0.7874015748031497
ridge,0.6587016420300108,0.6261682242990654,0.6912350597609562,0.6798029556650246,0.6456156716417911,0.5375,0.7537313432835822,0.7178423236514523,0.6644444444444444,0.8888888888888888,0.43999999999999995,0.5354330708661418
