,all,all,all,all,no revasc,no revasc,no revasc,no revasc,with revasc,with revasc,with revasc,with revasc
,Test AUC,Sensitivity,Specificity,Accuracy,Test AUC,Sensitivity,Specificity,Accuracy,Test AUC,Sensitivity,Specificity,Accuracy
lasso,0.6606717011128777,0.5882352941176471,0.7331081081081081,0.729064039408867,0.6158077591198611,0.45454545454545453,0.7770700636942676,0.7697095435684648,0.6976584022038569,0.8333333333333334,0.5619834710743802,0.5748031496062992
linreg,0.6520767090620032,0.6470588235294118,0.6570945945945945,0.6568144499178982,0.5797143408608377,0.45454545454545453,0.7048832271762209,0.6991701244813278,0.7355371900826446,1.0,0.47107438016528924,0.49606299212598426
SVR10,0.4908585055643879,0.0,1.0,0.9720853858784894,0.5159235668789809,1.0,0.031847133757961776,0.05394190871369295,0.45385674931129477,0.0,1.0,0.952755905511811
ridge,0.6823330683624802,0.7058823529411765,0.6587837837837838,0.6600985221674877,0.6251688863153831,0.5454545454545454,0.7048832271762209,0.7012448132780082,0.7396694214876033,1.0,0.47933884297520657,0.5039370078740157
