,all,all,all,all,no revasc,no revasc,no revasc,no revasc,with revasc,with revasc,with revasc,with revasc
,Test AUC,Sensitivity,Specificity,Accuracy,Test AUC,Sensitivity,Specificity,Accuracy,Test AUC,Sensitivity,Specificity,Accuracy
lasso,0.6744520547945208,0.64,0.7089041095890412,0.7060755336617406,0.6618595825426945,0.5882352941176471,0.7354838709677419,0.7302904564315352,0.6775210084033615,0.75,0.6050420168067228,0.6141732283464567
linreg,0.692123287671233,0.6,0.7842465753424658,0.7766830870279147,0.6941176470588236,0.5882352941176471,0.8,0.7925311203319502,0.6738445378151261,0.625,0.7226890756302521,0.7165354330708661
SVR10,0.486541095890411,0.0,1.0,0.9589490968801314,0.4659076533839342,0.0,1.0,0.9647302904564315,0.5336134453781513,1.0,0.0672268907563025,0.12598425196850394
ridge,0.692123287671233,0.6,0.7842465753424658,0.7766830870279147,0.6941176470588236,0.5882352941176471,0.8,0.7925311203319502,0.6738445378151261,0.625,0.7226890756302521,0.7165354330708661
