,all,all,all,all,no revasc,no revasc,no revasc,no revasc,with revasc,with revasc,with revasc,with revasc
,Test AUC,Sensitivity,Specificity,Accuracy,Test AUC,Sensitivity,Specificity,Accuracy,Test AUC,Sensitivity,Specificity,Accuracy
lasso,0.7202739726027398,0.92,0.5205479452054795,0.5369458128078818,0.7508538899430739,0.8823529411764706,0.6193548387096774,0.6286307053941909,0.5672268907563025,1.0,0.134453781512605,0.1889763779527559
linreg,0.7827739726027398,0.92,0.6455479452054795,0.6568144499178982,0.8211258697027197,0.9411764705882353,0.7010752688172043,0.7095435684647303,0.6517857142857143,0.875,0.4285714285714286,0.4566929133858268
SVR10,0.6437671232876712,0.88,0.40753424657534243,0.4269293924466338,0.640101201771031,0.8823529411764706,0.3978494623655914,0.4149377593360996,0.6601890756302521,0.875,0.4453781512605042,0.47244094488188976
ridge,0.7822260273972602,0.96,0.6044520547945205,0.6190476190476191,0.8311827956989247,1.0,0.6623655913978495,0.6742738589211619,0.6265756302521008,0.875,0.37815126050420167,0.4094488188976378
