,all,all,all,all,no revasc,no revasc,no revasc,no revasc,with revasc,with revasc,with revasc,with revasc
,Test AUC,Sensitivity,Specificity,Accuracy,Test AUC,Sensitivity,Specificity,Accuracy,Test AUC,Sensitivity,Specificity,Accuracy
lasso,0.6784730237926796,0.5700934579439252,0.7868525896414342,0.7487684729064039,0.670429104477612,0.5125,0.8283582089552239,0.7759336099585062,0.6803703703703703,0.7407407407407407,0.62,0.6456692913385826
linreg,0.7016792642514056,0.6822429906542056,0.7211155378486056,0.7142857142857143,0.7018345771144279,0.6375,0.7661691542288558,0.7448132780082988,0.6774074074074075,0.8148148148148148,0.54,0.5984251968503937
SVR10,0.5042912462300332,0.9906542056074766,0.017928286852589626,0.18883415435139572,0.49996890547263684,0.0,1.0,0.8340248962655602,0.52,1.0,0.040000000000000036,0.2440944881889764
ridge,0.7006832483151506,0.6822429906542056,0.7191235059760956,0.7126436781609196,0.7018345771144279,0.6375,0.7661691542288558,0.7448132780082988,0.6724074074074075,0.8148148148148148,0.53,0.5905511811023622
