,all,all,all,all,no revasc,no revasc,no revasc,no revasc,with revasc,with revasc,with revasc,with revasc
,Test AUC,Sensitivity,Specificity,Accuracy,Test AUC,Sensitivity,Specificity,Accuracy,Test AUC,Sensitivity,Specificity,Accuracy
lasso,0.6452370931537599,0.5802469135802469,0.7102272727272727,0.6929392446633826,0.6612573626637817,0.5423728813559322,0.7801418439716312,0.7510373443983402,0.5551948051948051,0.6818181818181818,0.4285714285714286,0.47244094488188976
linreg,0.6576879910213244,0.6790123456790124,0.6363636363636364,0.6420361247947455,0.6841367151500581,0.6779661016949152,0.6903073286052009,0.6887966804979253,0.5504329004329004,0.6818181818181818,0.419047619047619,0.4645669291338583
SVR10,0.5061728395061729,0.012345679012345678,1.0,0.8686371100164204,0.5084745762711864,0.01694915254237288,1.0,0.8796680497925311,0.5,0.0,1.0,0.8267716535433071
ridge,0.6576879910213244,0.6790123456790124,0.6363636363636364,0.6420361247947455,0.6841367151500581,0.6779661016949152,0.6903073286052009,0.6887966804979253,0.5504329004329004,0.6818181818181818,0.419047619047619,0.4645669291338583
