,all,all,all,all,no revasc,no revasc,no revasc,no revasc,with revasc,with revasc,with revasc,with revasc
,Test AUC,Sensitivity,Specificity,Accuracy,Test AUC,Sensitivity,Specificity,Accuracy,Test AUC,Sensitivity,Specificity,Accuracy
lasso,0.7508710801393729,0.8571428571428571,0.6445993031358885,0.6568144499178982,0.7712035010940919,0.84,0.7024070021881839,0.7095435684647303,0.6594017094017093,0.9,0.41880341880341876,0.4566929133858268
linreg,0.7545296167247387,0.8,0.7090592334494774,0.7142857142857143,0.7741794310722101,0.8,0.7483588621444202,0.7510373443983402,0.6777777777777778,0.8,0.5555555555555556,0.5748031496062992
SVR10,0.6155052264808362,0.5428571428571428,0.6881533101045296,0.6798029556650246,0.6566739606126915,0.6,0.7133479212253829,0.7074688796680498,0.49487179487179483,0.0,1.0,0.9212598425196851
ridge,0.7536585365853659,0.8,0.7073170731707317,0.7126436781609196,0.7730853391684902,0.8,0.7461706783369804,0.7489626556016598,0.6777777777777778,0.8,0.5555555555555556,0.5748031496062992
