,all,all,all,all,no revasc,no revasc,no revasc,no revasc,with revasc,with revasc,with revasc,with revasc
,Test AUC,Sensitivity,Specificity,Accuracy,Test AUC,Sensitivity,Specificity,Accuracy,Test AUC,Sensitivity,Specificity,Accuracy
lasso,0.6982695810564663,0.6333333333333333,0.7632058287795993,0.7504105090311987,0.70850616669432,0.6097560975609756,0.8072562358276644,0.7904564315352697,0.6337719298245613,0.6842105263157895,0.5833333333333333,0.5984251968503937
linreg,0.7127504553734062,0.7333333333333333,0.692167577413479,0.6962233169129721,0.7221392622089486,0.7073170731707317,0.7369614512471656,0.7344398340248963,0.6493664717348928,0.7894736842105263,0.5092592592592593,0.5511811023622047
SVR10,0.49986338797814206,0.0,1.0,0.9014778325123153,0.4934738122891433,0.0,1.0,0.9149377593360996,0.5185185185185186,1.0,0.03703703703703709,0.18110236220472442
ridge,0.7118397085610201,0.7333333333333333,0.6903460837887068,0.6945812807881774,0.7221392622089486,0.7073170731707317,0.7369614512471656,0.7344398340248963,0.6447368421052632,0.7894736842105263,0.5,0.5433070866141733
