,all,all,all,all,no revasc,no revasc,no revasc,no revasc,with revasc,with revasc,with revasc,with revasc
,Test AUC,Sensitivity,Specificity,Accuracy,Test AUC,Sensitivity,Specificity,Accuracy,Test AUC,Sensitivity,Specificity,Accuracy
lasso,0.671027397260274,0.64,0.702054794520548,0.6995073891625616,0.6410499683744465,0.5294117647058824,0.7526881720430108,0.7448132780082988,0.6896008403361344,0.875,0.5042016806722689,0.5275590551181102
linreg,0.7124315068493151,0.68,0.7448630136986301,0.7422003284072249,0.6876660341555978,0.5882352941176471,0.7870967741935484,0.7800829875518672,0.7274159663865546,0.875,0.5798319327731092,0.5984251968503937
SVR10,0.6578767123287671,0.6,0.7157534246575342,0.7110016420361248,0.6521821631878558,0.5882352941176471,0.7161290322580645,0.7116182572614108,0.6696428571428572,0.625,0.7142857142857143,0.7086614173228346
ridge,0.7124315068493151,0.68,0.7448630136986301,0.7422003284072249,0.6876660341555978,0.5882352941176471,0.7870967741935484,0.7800829875518672,0.7274159663865546,0.875,0.5798319327731092,0.5984251968503937
