,all,all,all,all,no revasc,no revasc,no revasc,no revasc,with revasc,with revasc,with revasc,with revasc
,Test AUC,Sensitivity,Specificity,Accuracy,Test AUC,Sensitivity,Specificity,Accuracy,Test AUC,Sensitivity,Specificity,Accuracy
lasso,0.6649955436720142,0.4583333333333333,0.8716577540106951,0.8390804597701149,0.6113445378151261,0.29411764705882354,0.9285714285714286,0.8838174273858921,0.7515802781289507,0.8571428571428571,0.6460176991150443,0.6692913385826772
linreg,0.6206550802139037,0.375,0.8663101604278075,0.8275862068965517,0.5990677521008403,0.29411764705882354,0.9040178571428571,0.8609958506224067,0.6441213653603034,0.5714285714285714,0.7168141592920354,0.7007874015748031
SVR10,0.5974264705882353,0.3125,0.8823529411764706,0.8374384236453202,0.5854779411764706,0.2647058823529412,0.90625,0.8609958506224067,0.6080910240202276,0.42857142857142855,0.7876106194690266,0.7480314960629921
ridge,0.6206550802139037,0.375,0.8663101604278075,0.8275862068965517,0.5990677521008403,0.29411764705882354,0.9040178571428571,0.8609958506224067,0.6441213653603034,0.5714285714285714,0.7168141592920354,0.7007874015748031
