,all,all,all,all,no revasc,no revasc,no revasc,no revasc,with revasc,with revasc,with revasc,with revasc
,Test AUC,Sensitivity,Specificity,Accuracy,Test AUC,Sensitivity,Specificity,Accuracy,Test AUC,Sensitivity,Specificity,Accuracy
lasso,0.6350267379679144,0.5,0.7700534759358288,0.7487684729064039,0.6186318277310925,0.38235294117647056,0.8549107142857143,0.8215767634854771,0.6096713021491782,0.7857142857142857,0.4336283185840708,0.47244094488188976
linreg,0.6649955436720142,0.4583333333333333,0.8716577540106951,0.8390804597701149,0.6454175420168067,0.38235294117647056,0.9084821428571429,0.8713692946058091,0.684260429835651,0.6428571428571429,0.7256637168141593,0.7165354330708661
SVR10,0.6177027629233511,0.3958333333333333,0.839572192513369,0.8045977011494253,0.6095063025210085,0.35294117647058826,0.8660714285714286,0.8298755186721992,0.6172566371681416,0.5,0.7345132743362832,0.7086614173228346
ridge,0.6649955436720142,0.4583333333333333,0.8716577540106951,0.8390804597701149,0.6454175420168067,0.38235294117647056,0.9084821428571429,0.8713692946058091,0.684260429835651,0.6428571428571429,0.7256637168141593,0.7165354330708661
