,all,all,all,all,no revasc,no revasc,no revasc,no revasc,with revasc,with revasc,with revasc,with revasc
,Test AUC,Sensitivity,Specificity,Accuracy,Test AUC,Sensitivity,Specificity,Accuracy,Test AUC,Sensitivity,Specificity,Accuracy
lasso,0.7250342465753423,0.76,0.6900684931506849,0.6929392446633826,0.7041745730550284,0.6470588235294118,0.7612903225806451,0.7572614107883817,0.7058823529411764,1.0,0.4117647058823529,0.44881889763779526
linreg,0.7591095890410959,0.96,0.5582191780821918,0.5747126436781609,0.7770398481973434,0.9411764705882353,0.6129032258064516,0.6244813278008299,0.6722689075630253,1.0,0.3445378151260504,0.3858267716535433
SVR10,0.6756164383561645,0.68,0.6712328767123288,0.6715927750410509,0.634977862112587,0.5882352941176471,0.6817204301075268,0.6784232365145229,0.7526260504201681,0.875,0.6302521008403361,0.6456692913385826
ridge,0.7573972602739726,0.96,0.5547945205479452,0.5714285714285714,0.7759645793801393,0.9411764705882353,0.6107526881720431,0.6224066390041494,0.6680672268907564,1.0,0.33613445378151263,0.3779527559055118
