,all,all,all,all,no revasc,no revasc,no revasc,no revasc,with revasc,with revasc,with revasc,with revasc
,Test AUC,Sensitivity,Specificity,Accuracy,Test AUC,Sensitivity,Specificity,Accuracy,Test AUC,Sensitivity,Specificity,Accuracy
lasso,0.6344156085936627,0.6074766355140186,0.6613545816733069,0.6518883415435139,0.6393967661691543,0.5375,0.7412935323383085,0.7074688796680498,0.5774074074074074,0.8148148148148148,0.33999999999999997,0.4409448818897638
linreg,0.652269426965037,0.5794392523364486,0.7250996015936255,0.6995073891625616,0.650497512437811,0.5,0.8009950248756219,0.7510373443983402,0.6174074074074074,0.8148148148148148,0.42000000000000004,0.5039370078740157
SVR10,0.5020665003537252,0.028037383177570093,0.9760956175298805,0.8095238095238095,0.5000621890547263,0.025,0.9751243781094527,0.8174273858921162,0.5085185185185185,0.037037037037037035,0.98,0.7795275590551181
ridge,0.652269426965037,0.5794392523364486,0.7250996015936255,0.6995073891625616,0.650497512437811,0.5,0.8009950248756219,0.7510373443983402,0.6174074074074074,0.8148148148148148,0.42000000000000004,0.5039370078740157
