,all,all,all,all,no revasc,no revasc,no revasc,no revasc,with revasc,with revasc,with revasc,with revasc
,Test AUC,Sensitivity,Specificity,Accuracy,Test AUC,Sensitivity,Specificity,Accuracy,Test AUC,Sensitivity,Specificity,Accuracy
lasso,0.7224738675958187,0.8857142857142857,0.5592334494773519,0.5779967159277504,0.7616630196936542,0.88,0.6433260393873086,0.6556016597510373,0.5653846153846154,0.9,0.23076923076923073,0.28346456692913385
linreg,0.7414634146341463,0.9428571428571428,0.5400696864111498,0.5632183908045977,0.7874398249452954,0.96,0.6148796498905909,0.6327800829875518,0.5739316239316239,0.9,0.24786324786324787,0.2992125984251969
SVR10,0.4991289198606272,0.0,1.0,0.9425287356321839,0.4989059080962801,0.0,1.0,0.9481327800829875,0.5,0.0,1.0,0.9212598425196851
ridge,0.7414634146341463,0.9428571428571428,0.5400696864111498,0.5632183908045977,0.7874398249452954,0.96,0.6148796498905909,0.6327800829875518,0.5739316239316239,0.9,0.24786324786324787,0.2992125984251969
