,all,all,all,all,no revasc,no revasc,no revasc,no revasc,with revasc,with revasc,with revasc,with revasc
,Test AUC,Sensitivity,Specificity,Accuracy,Test AUC,Sensitivity,Specificity,Accuracy,Test AUC,Sensitivity,Specificity,Accuracy
lasso,0.7308934937611409,0.7291666666666666,0.732620320855615,0.7323481116584565,0.727547268907563,0.6470588235294118,0.8080357142857143,0.7966804979253111,0.6810998735777497,0.9285714285714286,0.4336283185840708,0.4881889763779528
linreg,0.7606394830659537,0.7708333333333334,0.750445632798574,0.7520525451559934,0.7513786764705883,0.7058823529411765,0.796875,0.7904564315352697,0.7474715549936789,0.9285714285714286,0.5663716814159292,0.6062992125984252
SVR10,0.6070632798573975,0.4583333333333333,0.7557932263814617,0.7323481116584565,0.6532956932773111,0.5588235294117647,0.7477678571428572,0.7344398340248963,0.5009481668773703,0.21428571428571427,0.7876106194690266,0.7244094488188977
ridge,0.7588569518716578,0.7708333333333334,0.7468805704099821,0.7487684729064039,0.7491465336134454,0.7058823529411765,0.7924107142857143,0.7863070539419087,0.7474715549936789,0.9285714285714286,0.5663716814159292,0.6062992125984252
