,all,all,all,all,no revasc,no revasc,no revasc,no revasc,with revasc,with revasc,with revasc,with revasc
,Test AUC,Sensitivity,Specificity,Accuracy,Test AUC,Sensitivity,Specificity,Accuracy,Test AUC,Sensitivity,Specificity,Accuracy
lasso,0.6119692130478036,0.4507042253521127,0.7732342007434945,0.735632183908046,0.6040277777777778,0.34,0.8680555555555556,0.8132780082987552,0.5505390835579516,0.7142857142857143,0.3867924528301887,0.4409448818897638
linreg,0.6560814702340436,0.5352112676056338,0.7769516728624535,0.7487684729064039,0.6382407407407408,0.42,0.8564814814814815,0.8112033195020747,0.6311769991015275,0.8095238095238095,0.4528301886792453,0.5118110236220472
SVR10,0.4876040630399497,0.0,1.0,0.8834154351395731,0.49921296296296297,0.0,1.0,0.8962655601659751,0.4815813117699911,0.0,1.0,0.8346456692913385
ridge,0.6560814702340436,0.5352112676056338,0.7769516728624535,0.7487684729064039,0.6382407407407408,0.42,0.8564814814814815,0.8112033195020747,0.6311769991015275,0.8095238095238095,0.4528301886792453,0.5118110236220472
