,all,all,all,all,no revasc,no revasc,no revasc,no revasc,with revasc,with revasc,with revasc,with revasc
,Test AUC,Sensitivity,Specificity,Accuracy,Test AUC,Sensitivity,Specificity,Accuracy,Test AUC,Sensitivity,Specificity,Accuracy
lasso,0.7538327526132403,0.8857142857142857,0.6219512195121951,0.6371100164203612,0.7788621444201314,0.84,0.7177242888402626,0.7240663900414938,0.6239316239316239,1.0,0.24786324786324787,0.30708661417322836
linreg,0.8020905923344949,0.7714285714285715,0.8327526132404182,0.8292282430213465,0.7954485776805251,0.72,0.8708971553610503,0.8630705394190872,0.791880341880342,0.9,0.6837606837606838,0.7007874015748031
SVR10,0.6554006968641115,0.6,0.7108013937282229,0.7044334975369458,0.6824507658643326,0.68,0.6849015317286652,0.6846473029045643,0.6059829059829059,0.4,0.811965811965812,0.7795275590551181
ridge,0.8020905923344949,0.7714285714285715,0.8327526132404182,0.8292282430213465,0.7954485776805251,0.72,0.8708971553610503,0.8630705394190872,0.791880341880342,0.9,0.6837606837606838,0.7007874015748031
