,all,all,all,all,no revasc,no revasc,no revasc,no revasc,with revasc,with revasc,with revasc,with revasc
,Test AUC,Sensitivity,Specificity,Accuracy,Test AUC,Sensitivity,Specificity,Accuracy,Test AUC,Sensitivity,Specificity,Accuracy
lasso,0.7003767123287672,0.56,0.8407534246575342,0.8292282430213465,0.7087919038583175,0.5294117647058824,0.8881720430107527,0.8755186721991701,0.6402310924369747,0.625,0.6554621848739496,0.6535433070866141
linreg,0.7355479452054795,0.68,0.7910958904109588,0.7865353037766831,0.7016445287792538,0.5882352941176471,0.8150537634408602,0.8070539419087137,0.7862394957983193,0.875,0.6974789915966386,0.7086614173228346
SVR10,0.6848972602739726,0.44,0.9297945205479452,0.909688013136289,0.707337128399747,0.47058823529411764,0.9440860215053763,0.9273858921161826,0.6244747899159664,0.375,0.8739495798319328,0.84251968503937
ridge,0.7729794520547946,0.76,0.785958904109589,0.7848932676518884,0.759392789373814,0.7058823529411765,0.8129032258064516,0.8091286307053942,0.7778361344537816,0.875,0.680672268907563,0.6929133858267716
