,all,all,all,all,no revasc,no revasc,no revasc,no revasc,with revasc,with revasc,with revasc,with revasc
,Test AUC,Sensitivity,Specificity,Accuracy,Test AUC,Sensitivity,Specificity,Accuracy,Test AUC,Sensitivity,Specificity,Accuracy
lasso,0.6219435572543065,0.49295774647887325,0.7509293680297398,0.7208538587848933,0.6112962962962962,0.38,0.8425925925925926,0.7946058091286307,0.5696316262353998,0.7619047619047619,0.37735849056603776,0.4409448818897638
linreg,0.6344180323577151,0.4788732394366197,0.7899628252788105,0.7536945812807881,0.6355092592592592,0.44,0.8310185185185185,0.7904564315352697,0.5970350404312669,0.5714285714285714,0.6226415094339622,0.6141732283464567
SVR10,0.505379862820043,0.5070422535211268,0.5037174721189591,0.5041050903119869,0.5137962962962963,0.56,0.46759259259259256,0.47717842323651455,0.515947888589398,0.38095238095238093,0.6509433962264151,0.6062992125984252
ridge,0.6334886643279753,0.4788732394366197,0.7881040892193308,0.7520525451559934,0.6343518518518518,0.44,0.8287037037037037,0.7883817427385892,0.5970350404312669,0.5714285714285714,0.6226415094339622,0.6141732283464567
