,all,all,all,all,no revasc,no revasc,no revasc,no revasc,with revasc,with revasc,with revasc,with revasc
,Test AUC,Sensitivity,Specificity,Accuracy,Test AUC,Sensitivity,Specificity,Accuracy,Test AUC,Sensitivity,Specificity,Accuracy
lasso,0.7153310104529617,0.9428571428571428,0.4878048780487805,0.5139573070607554,0.7455579868708971,0.92,0.5711159737417943,0.5892116182572614,0.5811965811965811,1.0,0.16239316239316237,0.2283464566929134
linreg,0.6979094076655052,0.8,0.5958188153310104,0.6075533661740559,0.7093216630196937,0.76,0.6586433260393874,0.6639004149377593,0.6252136752136752,0.9,0.3504273504273504,0.3937007874015748
SVR10,0.6423344947735191,0.45714285714285713,0.8275261324041812,0.80623973727422,0.6387308533916849,0.4,0.8774617067833698,0.8526970954356846,0.6162393162393163,0.6,0.6324786324786325,0.6299212598425197
ridge,0.6970383275261325,0.8,0.5940766550522648,0.6059113300492611,0.7093216630196937,0.76,0.6586433260393874,0.6639004149377593,0.620940170940171,0.9,0.3418803418803419,0.3858267716535433
