,all,all,all,all,no revasc,no revasc,no revasc,no revasc,with revasc,with revasc,with revasc,with revasc
,Test AUC,Sensitivity,Specificity,Accuracy,Test AUC,Sensitivity,Specificity,Accuracy,Test AUC,Sensitivity,Specificity,Accuracy
lasso,0.623526936026936,0.6296296296296297,0.6174242424242424,0.6190476190476191,0.643546900669151,0.6440677966101694,0.6430260047281324,0.6431535269709544,0.5525974025974025,0.5909090909090909,0.5142857142857142,0.5275590551181102
linreg,0.6457281144781144,0.5925925925925926,0.6988636363636364,0.6847290640394089,0.6656048403253597,0.6101694915254238,0.7210401891252955,0.7074688796680498,0.5774891774891775,0.5454545454545454,0.6095238095238096,0.5984251968503937
SVR10,0.568567620650954,0.6049382716049383,0.5321969696969697,0.541871921182266,0.5840445566374164,0.6101694915254238,0.5579196217494089,0.5643153526970954,0.5097402597402598,0.5909090909090909,0.4285714285714286,0.4566929133858268
ridge,0.6457281144781144,0.5925925925925926,0.6988636363636364,0.6847290640394089,0.6656048403253597,0.6101694915254238,0.7210401891252955,0.7074688796680498,0.5774891774891775,0.5454545454545454,0.6095238095238096,0.5984251968503937
