,all,all,all,all,no revasc,no revasc,no revasc,no revasc,with revasc,with revasc,with revasc,with revasc
,Test AUC,Sensitivity,Specificity,Accuracy,Test AUC,Sensitivity,Specificity,Accuracy,Test AUC,Sensitivity,Specificity,Accuracy
lasso,0.6890040106951871,0.7291666666666666,0.6488413547237077,0.6551724137931034,0.6821822478991597,0.7058823529411765,0.6584821428571428,0.6618257261410788,0.6981668773704172,0.7857142857142857,0.6106194690265487,0.6299212598425197
linreg,0.7029857397504456,0.75,0.6559714795008913,0.6633825944170771,0.7171743697478992,0.7647058823529411,0.6696428571428572,0.6763485477178424,0.6580278128950696,0.7142857142857143,0.6017699115044248,0.6141732283464567
SVR10,0.5204434046345812,0.9375,0.10338680926916222,0.16912972085385877,0.5230435924369748,0.9411764705882353,0.1049107142857143,0.16390041493775934,0.5129582806573958,0.9285714285714286,0.09734513274336287,0.1889763779527559
ridge,0.7029857397504456,0.75,0.6559714795008913,0.6633825944170771,0.7171743697478992,0.7647058823529411,0.6696428571428572,0.6763485477178424,0.6580278128950696,0.7142857142857143,0.6017699115044248,0.6141732283464567
