,all,all,all,all,no revasc,no revasc,no revasc,no revasc,with revasc,with revasc,with revasc,with revasc
,Test AUC,Sensitivity,Specificity,Accuracy,Test AUC,Sensitivity,Specificity,Accuracy,Test AUC,Sensitivity,Specificity,Accuracy
lasso,0.6627583465818758,0.7647058823529411,0.5608108108108107,0.5665024630541872,0.6462072958888245,0.6363636363636364,0.6560509554140128,0.6556016597510373,0.5950413223140496,1.0,0.1900826446280992,0.2283464566929134
linreg,0.7404610492845787,0.7647058823529411,0.7162162162162162,0.7175697865353038,0.7067168500289519,0.6363636363636364,0.7770700636942676,0.7738589211618258,0.7396694214876033,1.0,0.47933884297520657,0.5039370078740157
SVR10,0.5243441971383148,0.058823529411764705,0.9898648648648649,0.9638752052545156,0.5401466898282185,0.09090909090909091,0.9893842887473461,0.9688796680497925,0.49586776859504134,0.0,1.0,0.952755905511811
ridge,0.7413056438791733,0.7647058823529411,0.7179054054054055,0.7192118226600985,0.7077784211542173,0.6363636363636364,0.7791932059447984,0.7759336099585062,0.7396694214876033,1.0,0.47933884297520657,0.5039370078740157
