,all,all,all,all,no revasc,no revasc,no revasc,no revasc,with revasc,with revasc,with revasc,with revasc
,Test AUC,Sensitivity,Specificity,Accuracy,Test AUC,Sensitivity,Specificity,Accuracy,Test AUC,Sensitivity,Specificity,Accuracy
lasso,0.6678491020472276,0.7464788732394366,0.5892193308550187,0.6075533661740559,0.6852314814814815,0.72,0.650462962962963,0.6576763485477178,0.5745732255166218,0.8095238095238095,0.339622641509434,0.41732283464566927
linreg,0.6633069794230064,0.676056338028169,0.6505576208178439,0.6535303776683087,0.6725925925925926,0.66,0.6851851851851851,0.6825726141078838,0.6118598382749326,0.7142857142857143,0.5094339622641509,0.5433070866141733
SVR10,0.5046075710770197,0.9014084507042254,0.10780669144981414,0.20032840722495895,0.49745370370370373,0.0,1.0,0.8962655601659751,0.5325696316262354,0.9047619047619048,0.160377358490566,0.28346456692913385
ridge,0.6629142887062149,0.6901408450704225,0.6356877323420074,0.6420361247947455,0.6768055555555557,0.68,0.6736111111111112,0.6742738589211619,0.5977088948787063,0.7142857142857143,0.4811320754716981,0.5196850393700787
