,all,all,all,all,no revasc,no revasc,no revasc,no revasc,with revasc,with revasc,with revasc,with revasc
,Test AUC,Sensitivity,Specificity,Accuracy,Test AUC,Sensitivity,Specificity,Accuracy,Test AUC,Sensitivity,Specificity,Accuracy
lasso,0.6603027143761402,0.7289719626168224,0.5916334661354581,0.6157635467980296,0.6583333333333334,0.65,0.6666666666666667,0.6639004149377593,0.6264814814814814,0.9629629629629629,0.29000000000000004,0.4330708661417323
linreg,0.6900435640615109,0.5514018691588785,0.8286852589641435,0.7799671592775042,0.6715796019900497,0.475,0.8681592039800995,0.8029045643153527,0.7238888888888888,0.7777777777777778,0.6699999999999999,0.6929133858267716
SVR10,0.6227147484827046,0.32710280373831774,0.9183266932270916,0.8144499178981938,0.6338930348258706,0.325,0.9427860696517413,0.8402489626556017,0.5766666666666667,0.3333333333333333,0.8200000000000001,0.7165354330708661
ridge,0.6873626987377592,0.5420560747663551,0.8326693227091634,0.7816091954022989,0.6678171641791044,0.4625,0.8731343283582089,0.8049792531120332,0.7238888888888888,0.7777777777777778,0.6699999999999999,0.6929133858267716
