,all,all,all,all,no revasc,no revasc,no revasc,no revasc,with revasc,with revasc,with revasc,with revasc
,Test AUC,Sensitivity,Specificity,Accuracy,Test AUC,Sensitivity,Specificity,Accuracy,Test AUC,Sensitivity,Specificity,Accuracy
lasso,0.6970254010695186,0.7291666666666666,0.6648841354723707,0.6699507389162561,0.7145483193277311,0.7058823529411765,0.7232142857142857,0.7219917012448133,0.6096713021491782,0.7857142857142857,0.4336283185840708,0.47244094488188976
linreg,0.7569073083778965,0.9166666666666666,0.5971479500891266,0.6223316912972086,0.7806591386554621,0.9117647058823529,0.6495535714285714,0.6680497925311203,0.6589759797724399,0.9285714285714286,0.3893805309734514,0.44881889763779526
SVR10,0.509024064171123,0.125,0.893048128342246,0.8325123152709359,0.49855567226890757,0.0,1.0,0.9294605809128631,0.5448798988621998,0.14285714285714285,0.9469026548672567,0.8582677165354331
ridge,0.7569073083778965,0.9166666666666666,0.5971479500891266,0.6223316912972086,0.7806591386554621,0.9117647058823529,0.6495535714285714,0.6680497925311203,0.6589759797724399,0.9285714285714286,0.3893805309734514,0.44881889763779526
