,all,all,all,all,no revasc,no revasc,no revasc,no revasc,with revasc,with revasc,with revasc,with revasc
,Test AUC,Sensitivity,Specificity,Accuracy,Test AUC,Sensitivity,Specificity,Accuracy,Test AUC,Sensitivity,Specificity,Accuracy
lasso,0.7222774244833068,0.9411764705882353,0.5033783783783784,0.5155993431855501,0.7486006562439683,0.9090909090909091,0.5881104033970276,0.5954356846473029,0.5867768595041323,1.0,0.17355371900826444,0.2125984251968504
linreg,0.7695747217806042,0.9411764705882353,0.597972972972973,0.6075533661740559,0.7846940745029918,0.9090909090909091,0.6602972399150744,0.6659751037344398,0.6776859504132231,1.0,0.3553719008264463,0.3858267716535433
SVR10,0.5254372019077902,0.29411764705882354,0.7567567567567568,0.7438423645320197,0.5618606446631925,0.36363636363636365,0.7600849256900213,0.7510373443983402,0.45523415977961434,0.0,1.0,0.952755905511811
ridge,0.7695747217806042,0.9411764705882353,0.597972972972973,0.6075533661740559,0.7846940745029918,0.9090909090909091,0.6602972399150744,0.6659751037344398,0.6776859504132231,1.0,0.3553719008264463,0.3858267716535433
