,all,all,all,all,no revasc,no revasc,no revasc,no revasc,with revasc,with revasc,with revasc,with revasc
,Test AUC,Sensitivity,Specificity,Accuracy,Test AUC,Sensitivity,Specificity,Accuracy,Test AUC,Sensitivity,Specificity,Accuracy
lasso,0.6690068493150686,0.6,0.738013698630137,0.7323481116584565,0.6256166982922202,0.47058823529411764,0.7806451612903226,0.7697095435684648,0.7232142857142857,0.875,0.5714285714285714,0.5905511811023622
linreg,0.6930479452054794,0.72,0.6660958904109588,0.6683087027914614,0.648956356736243,0.5882352941176471,0.7096774193548387,0.7053941908713693,0.7478991596638656,1.0,0.4957983193277311,0.5275590551181102
SVR10,0.5085616438356164,1.0,0.017123287671232834,0.05747126436781609,0.5064516129032258,1.0,0.012903225806451646,0.04771784232365145,0.5168067226890756,1.0,0.03361344537815125,0.09448818897637795
ridge,0.6921917808219178,0.72,0.6643835616438356,0.6666666666666666,0.648956356736243,0.5882352941176471,0.7096774193548387,0.7053941908713693,0.7436974789915967,1.0,0.4873949579831933,0.5196850393700787
