,all,all,all,all,no revasc,no revasc,no revasc,no revasc,with revasc,with revasc,with revasc,with revasc
,Test AUC,Sensitivity,Specificity,Accuracy,Test AUC,Sensitivity,Specificity,Accuracy,Test AUC,Sensitivity,Specificity,Accuracy
lasso,0.7153460837887068,0.7166666666666667,0.7140255009107468,0.7142857142857143,0.7215585421160335,0.6585365853658537,0.7845804988662132,0.7738589211618258,0.6340155945419104,0.8421052631578947,0.42592592592592593,0.4881889763779528
linreg,0.7146174863387977,0.85,0.5792349726775956,0.6059113300492611,0.7442895857530003,0.8536585365853658,0.6349206349206349,0.6535269709543569,0.5969785575048733,0.8421052631578947,0.35185185185185186,0.4251968503937008
SVR10,0.6701730418943533,0.65,0.6903460837887068,0.6863711001642037,0.6674133067861291,0.6341463414634146,0.7006802721088435,0.6950207468879668,0.6661793372319688,0.6842105263157895,0.6481481481481481,0.6535433070866141
ridge,0.7127959927140255,0.85,0.575591985428051,0.6026272577996716,0.7431557989049279,0.8536585365853658,0.6326530612244898,0.6514522821576764,0.5923489278752436,0.8421052631578947,0.34259259259259256,0.41732283464566927
