,all,all,all,all,no revasc,no revasc,no revasc,no revasc,with revasc,with revasc,with revasc,with revasc
,Test AUC,Sensitivity,Specificity,Accuracy,Test AUC,Sensitivity,Specificity,Accuracy,Test AUC,Sensitivity,Specificity,Accuracy
lasso,0.7424483306836248,0.6470588235294118,0.8378378378378378,0.8325123152709359,0.7608569774174869,0.6363636363636364,0.8853503184713376,0.8796680497925311,0.6597796143250689,0.6666666666666666,0.6528925619834711,0.6535433070866141
linreg,0.7759340222575517,0.7647058823529411,0.7871621621621622,0.7865353037766831,0.7702181046130091,0.7272727272727273,0.8131634819532909,0.8112033195020747,0.759641873278237,0.8333333333333334,0.6859504132231404,0.6929133858267716
SVR10,0.7283883147853736,0.5294117647058824,0.9273648648648649,0.916256157635468,0.7895193977996525,0.6363636363636364,0.9426751592356688,0.9356846473029046,0.6005509641873278,0.3333333333333333,0.8677685950413223,0.84251968503937
ridge,0.8019674085850556,0.8235294117647058,0.7804054054054054,0.7816091954022989,0.8135495078170238,0.8181818181818182,0.8089171974522293,0.8091286307053942,0.7513774104683195,0.8333333333333334,0.6694214876033058,0.6771653543307087
