,all,all,all,all,no revasc,no revasc,no revasc,no revasc,with revasc,with revasc,with revasc,with revasc
,Test AUC,Sensitivity,Specificity,Accuracy,Test AUC,Sensitivity,Specificity,Accuracy,Test AUC,Sensitivity,Specificity,Accuracy
lasso,0.6911149825783972,0.6,0.7822299651567944,0.7717569786535303,0.6554485776805251,0.44,0.8708971553610503,0.8485477178423236,0.717948717948718,1.0,0.4358974358974359,0.48031496062992124
linreg,0.6808362369337978,0.5428571428571428,0.8188153310104529,0.8029556650246306,0.6809190371991247,0.48,0.8818380743982495,0.8609958506224067,0.6363247863247863,0.7,0.5726495726495726,0.5826771653543307
SVR10,0.5945993031358885,0.2571428571428571,0.9320557491289199,0.8932676518883416,0.6304595185995624,0.32,0.9409190371991247,0.9087136929460581,0.4987179487179488,0.0,1.0,0.9212598425196851
ridge,0.6790940766550522,0.5428571428571428,0.8153310104529616,0.7996715927750411,0.6798249452954049,0.48,0.8796498905908097,0.8589211618257261,0.632051282051282,0.7,0.5641025641025641,0.5748031496062992
