,all,all,all,all,no revasc,no revasc,no revasc,no revasc,with revasc,with revasc,with revasc,with revasc
,Test AUC,Sensitivity,Specificity,Accuracy,Test AUC,Sensitivity,Specificity,Accuracy,Test AUC,Sensitivity,Specificity,Accuracy
lasso,0.6956369248035914,0.7283950617283951,0.6628787878787878,0.6715927750410509,0.7140882317586249,0.711864406779661,0.7163120567375887,0.7157676348547718,0.6101731601731601,0.7727272727272727,0.4476190476190476,0.5039370078740157
linreg,0.6927609427609428,0.7037037037037037,0.6818181818181819,0.6847290640394089,0.700685178507032,0.6779661016949152,0.7234042553191489,0.7178423236514523,0.6435064935064935,0.7727272727272727,0.5142857142857142,0.5590551181102362
SVR10,0.5032617845117845,0.9629629629629629,0.04356060606060608,0.16584564860426929,0.5019633770084545,0.9661016949152542,0.0378250591016549,0.15145228215767634,0.5106060606060606,0.9545454545454546,0.06666666666666665,0.2204724409448819
ridge,0.6885872615039281,0.7654320987654321,0.6117424242424243,0.632183908045977,0.7123251993428698,0.7627118644067796,0.6619385342789599,0.6742738589211619,0.5911255411255412,0.7727272727272727,0.4095238095238095,0.47244094488188976
