,all,all,all,all,no revasc,no revasc,no revasc,no revasc,with revasc,with revasc,with revasc,with revasc
,Test AUC,Sensitivity,Specificity,Accuracy,Test AUC,Sensitivity,Specificity,Accuracy,Test AUC,Sensitivity,Specificity,Accuracy
lasso,0.6698418003565063,0.8958333333333334,0.44385026737967914,0.4794745484400657,0.6987920168067228,0.8529411764705882,0.5446428571428572,0.5663900414937759,0.5221238938053097,1.0,0.04424778761061943,0.14960629921259844
linreg,0.6632687165775402,0.8541666666666666,0.4723707664884136,0.5024630541871922,0.6997111344537816,0.8235294117647058,0.5758928571428572,0.5933609958506224,0.4952591656131479,0.0,1.0,0.889763779527559
SVR10,0.6834893048128342,0.875,0.4919786096256684,0.5221674876847291,0.71422006302521,0.8235294117647058,0.6049107142857143,0.6203319502074689,0.5221238938053097,1.0,0.04424778761061943,0.14960629921259844
ridge,0.6632687165775402,0.8541666666666666,0.4723707664884136,0.5024630541871922,0.6997111344537816,0.8235294117647058,0.5758928571428572,0.5933609958506224,0.4952591656131479,0.0,1.0,0.889763779527559
