,all,all,all,all,no revasc,no revasc,no revasc,no revasc,with revasc,with revasc,with revasc,with revasc
,Test AUC,Sensitivity,Specificity,Accuracy,Test AUC,Sensitivity,Specificity,Accuracy,Test AUC,Sensitivity,Specificity,Accuracy
lasso,0.7035969793322734,0.6470588235294118,0.7601351351351351,0.7569786535303776,0.656147461879946,0.45454545454545453,0.8577494692144374,0.8485477178423236,0.6900826446280992,1.0,0.3801652892561983,0.4094488188976378
linreg,0.698529411764706,0.6470588235294118,0.75,0.7471264367816092,0.6973557228334298,0.5454545454545454,0.8492569002123143,0.8423236514522822,0.5984848484848485,0.8333333333333334,0.36363636363636365,0.3858267716535433
SVR10,0.4756558028616852,0.0,1.0,0.9720853858784894,0.5021231422505308,1.0,0.00424628450106157,0.026970954356846474,0.4331955922865014,0.0,1.0,0.952755905511811
ridge,0.698529411764706,0.6470588235294118,0.75,0.7471264367816092,0.6973557228334298,0.5454545454545454,0.8492569002123143,0.8423236514522822,0.5984848484848485,0.8333333333333334,0.36363636363636365,0.3858267716535433
