,all,all,all,all,no revasc,no revasc,no revasc,no revasc,with revasc,with revasc,with revasc,with revasc
,Test AUC,Sensitivity,Specificity,Accuracy,Test AUC,Sensitivity,Specificity,Accuracy,Test AUC,Sensitivity,Specificity,Accuracy
lasso,0.6966095890410959,0.96,0.4332191780821918,0.4548440065681445,0.7383301707779886,0.9411764705882353,0.5354838709677419,0.549792531120332,0.5168067226890756,1.0,0.03361344537815125,0.09448818897637795
linreg,0.7026027397260274,0.96,0.4452054794520548,0.4663382594417077,0.7447817836812144,0.9411764705882353,0.5483870967741935,0.5622406639004149,0.5210084033613445,1.0,0.04201680672268904,0.10236220472440945
SVR10,0.5069178082191782,0.12,0.8938356164383562,0.8620689655172413,0.523719165085389,0.17647058823529413,0.8709677419354839,0.8464730290456431,0.49159663865546216,0.0,1.0,0.937007874015748
ridge,0.7026027397260274,0.96,0.4452054794520548,0.4663382594417077,0.7447817836812144,0.9411764705882353,0.5483870967741935,0.5622406639004149,0.5210084033613445,1.0,0.04201680672268904,0.10236220472440945
