,all,all,all,all,no revasc,no revasc,no revasc,no revasc,with revasc,with revasc,with revasc,with revasc
,Test AUC,Sensitivity,Specificity,Accuracy,Test AUC,Sensitivity,Specificity,Accuracy,Test AUC,Sensitivity,Specificity,Accuracy
lasso,0.7313356164383562,0.8,0.6626712328767124,0.6683087027914614,0.730360531309298,0.7058823529411765,0.7548387096774194,0.7531120331950207,0.6512605042016807,1.0,0.3025210084033614,0.3464566929133858
linreg,0.7407534246575342,0.8,0.6815068493150684,0.6863711001642037,0.7533206831119544,0.7647058823529411,0.7419354838709677,0.7427385892116183,0.6601890756302521,0.875,0.4453781512605042,0.47244094488188976
SVR10,0.509931506849315,0.4,0.6198630136986301,0.6108374384236454,0.5432005060088552,0.5294117647058824,0.556989247311828,0.5560165975103735,0.49527310924369755,0.0,1.0,0.937007874015748
ridge,0.7424657534246577,0.8,0.6849315068493151,0.6896551724137931,0.7543959519291588,0.7647058823529411,0.7440860215053764,0.7448132780082988,0.6643907563025211,0.875,0.45378151260504207,0.48031496062992124
