,all,all,all,all,no revasc,no revasc,no revasc,no revasc,with revasc,with revasc,with revasc,with revasc
,Test AUC,Sensitivity,Specificity,Accuracy,Test AUC,Sensitivity,Specificity,Accuracy,Test AUC,Sensitivity,Specificity,Accuracy
lasso,0.6406244182149905,0.5700934579439252,0.7111553784860558,0.6863711001642037,0.6355410447761195,0.4875,0.7835820895522388,0.7344398340248963,0.6174074074074074,0.8148148148148148,0.42000000000000004,0.5039370078740157
linreg,0.652046021521391,0.4953271028037383,0.8087649402390438,0.7536945812807881,0.6541355721393035,0.4625,0.845771144278607,0.7821576763485477,0.6262962962962961,0.5925925925925926,0.6599999999999999,0.6456692913385826
SVR10,0.6302081394049969,0.5233644859813084,0.7370517928286853,0.6995073891625616,0.6393034825870647,0.5,0.7786069651741294,0.7323651452282157,0.5812962962962963,0.5925925925925926,0.5700000000000001,0.5748031496062992
ridge,0.6602375544550768,0.5794392523364486,0.7410358565737052,0.7126436781609196,0.6692786069651742,0.55,0.7885572139303483,0.7489626556016598,0.6083333333333333,0.6666666666666666,0.55,0.5748031496062992
