,all,all,all,all,no revasc,no revasc,no revasc,no revasc,with revasc,with revasc,with revasc,with revasc
,Test AUC,Sensitivity,Specificity,Accuracy,Test AUC,Sensitivity,Specificity,Accuracy,Test AUC,Sensitivity,Specificity,Accuracy
lasso,0.6426071415273484,0.6915887850467289,0.593625498007968,0.6108374384236454,0.6395522388059702,0.6,0.6791044776119404,0.6659751037344398,0.6064814814814814,0.9629629629629629,0.25,0.4015748031496063
linreg,0.6609170793461667,0.7102803738317757,0.6115537848605578,0.6288998357963875,0.664521144278607,0.6375,0.691542288557214,0.6825726141078838,0.607962962962963,0.9259259259259259,0.29000000000000004,0.4251968503937008
SVR10,0.5035000186171203,0.3177570093457944,0.6892430278884463,0.6239737274220033,0.5044465174129353,0.2875,0.7213930348258706,0.6493775933609959,0.48370370370370375,0.0,1.0,0.7874015748031497
ridge,0.6599210634099117,0.7102803738317757,0.6095617529880478,0.6272577996715928,0.6632773631840796,0.6375,0.6890547263681592,0.6804979253112033,0.607962962962963,0.9259259259259259,0.29000000000000004,0.4251968503937008
