,all,all,all,all,no revasc,no revasc,no revasc,no revasc,with revasc,with revasc,with revasc,with revasc
,Test AUC,Sensitivity,Specificity,Accuracy,Test AUC,Sensitivity,Specificity,Accuracy,Test AUC,Sensitivity,Specificity,Accuracy
lasso,0.660655737704918,0.6,0.7213114754098361,0.7093596059113301,0.6818483490957359,0.5609756097560976,0.8027210884353742,0.7821576763485477,0.5365497076023391,0.6842105263157895,0.38888888888888884,0.4330708661417323
linreg,0.6591074681238616,0.6333333333333333,0.6848816029143898,0.6798029556650246,0.6812952823405786,0.6097560975609756,0.7528344671201814,0.7406639004149378,0.5458089668615984,0.6842105263157895,0.40740740740740744,0.44881889763779526
SVR10,0.6004553734061931,0.36666666666666664,0.8342440801457195,0.7881773399014779,0.5981693490404293,0.34146341463414637,0.854875283446712,0.8112033195020747,0.5855263157894737,0.42105263157894735,0.75,0.7007874015748031
ridge,0.6591074681238616,0.6333333333333333,0.6848816029143898,0.6798029556650246,0.6812952823405786,0.6097560975609756,0.7528344671201814,0.7406639004149378,0.5458089668615984,0.6842105263157895,0.40740740740740744,0.44881889763779526
