,all,all,all,all,no revasc,no revasc,no revasc,no revasc,with revasc,with revasc,with revasc,with revasc
,Test AUC,Sensitivity,Specificity,Accuracy,Test AUC,Sensitivity,Specificity,Accuracy,Test AUC,Sensitivity,Specificity,Accuracy
lasso,0.7056836248012719,0.8235294117647058,0.5878378378378378,0.5944170771756979,0.6884771279675739,0.7272727272727273,0.6496815286624205,0.6514522821576764,0.6735537190082644,1.0,0.3471074380165289,0.3779527559055118
linreg,0.7830882352941175,0.9411764705882353,0.625,0.6338259441707718,0.7963713568809111,0.9090909090909091,0.683651804670913,0.6887966804979253,0.6983471074380165,1.0,0.39669421487603307,0.4251968503937008
SVR10,0.5659777424483308,0.29411764705882354,0.8378378378378378,0.8226600985221675,0.6000772051727467,0.36363636363636365,0.8365180467091295,0.8257261410788381,0.5048209366391185,0.16666666666666666,0.8429752066115702,0.8110236220472441
ridge,0.7813990461049285,0.9411764705882353,0.6216216216216216,0.6305418719211823,0.7953097857556457,0.9090909090909091,0.6815286624203822,0.6867219917012448,0.6942148760330579,1.0,0.38842975206611574,0.41732283464566927
