,all,all,all,all,no revasc,no revasc,no revasc,no revasc,with revasc,with revasc,with revasc,with revasc
,Test AUC,Sensitivity,Specificity,Accuracy,Test AUC,Sensitivity,Specificity,Accuracy,Test AUC,Sensitivity,Specificity,Accuracy
lasso,0.7023172905525847,0.6666666666666666,0.7379679144385027,0.7323481116584565,0.6787683823529411,0.5294117647058824,0.828125,0.8070539419087137,0.6902654867256637,1.0,0.38053097345132747,0.44881889763779526
linreg,0.7013146167557931,0.5416666666666666,0.8609625668449198,0.8357963875205254,0.7077862394957983,0.5294117647058824,0.8861607142857143,0.8609958506224067,0.6662452591656132,0.5714285714285714,0.7610619469026548,0.7401574803149606
SVR10,0.6576983065953652,0.6041666666666666,0.7112299465240641,0.7027914614121511,0.6760110294117647,0.6176470588235294,0.734375,0.7261410788381742,0.595448798988622,0.5714285714285714,0.6194690265486726,0.6141732283464567
ridge,0.6908979500891267,0.5208333333333334,0.8609625668449198,0.8341543513957307,0.6953125,0.5,0.890625,0.8630705394190872,0.6573957016434893,0.5714285714285714,0.7433628318584071,0.7244094488188977
