,all,all,all,all,no revasc,no revasc,no revasc,no revasc,with revasc,with revasc,with revasc,with revasc
,Test AUC,Sensitivity,Specificity,Accuracy,Test AUC,Sensitivity,Specificity,Accuracy,Test AUC,Sensitivity,Specificity,Accuracy
lasso,0.6629184197788286,0.5887850467289719,0.7370517928286853,0.7110016420361248,0.6617537313432835,0.525,0.7985074626865671,0.7531120331950207,0.6338888888888888,0.7777777777777778,0.49,0.5511811023622047
linreg,0.660991547827382,0.7383177570093458,0.5836653386454183,0.6108374384236454,0.6646144278606966,0.675,0.6542288557213931,0.6576763485477178,0.612962962962963,0.9259259259259259,0.30000000000000004,0.4330708661417323
SVR10,0.51103064378002,0.028037383177570093,0.9940239043824701,0.8243021346469622,0.5050062189054726,0.0125,0.9975124378109452,0.8340248962655602,0.527037037037037,0.07407407407407407,0.98,0.7874015748031497
ridge,0.660991547827382,0.7383177570093458,0.5836653386454183,0.6108374384236454,0.6646144278606966,0.675,0.6542288557213931,0.6576763485477178,0.612962962962963,0.9259259259259259,0.30000000000000004,0.4330708661417323
