,all,all,all,all,no revasc,no revasc,no revasc,no revasc,with revasc,with revasc,with revasc,with revasc
,Test AUC,Sensitivity,Specificity,Accuracy,Test AUC,Sensitivity,Specificity,Accuracy,Test AUC,Sensitivity,Specificity,Accuracy
lasso,0.6886506511001347,0.7647058823529411,0.6125954198473282,0.6338259441707718,0.6836789554531492,0.6935483870967742,0.6738095238095239,0.6763485477178424,0.6609531772575251,0.9565217391304348,0.3653846153846154,0.47244094488188976
linreg,0.704243376740009,0.7176470588235294,0.6908396946564885,0.6945812807881774,0.6999615975422426,0.6451612903225806,0.7547619047619047,0.7406639004149378,0.6728678929765886,0.9130434782608695,0.4326923076923077,0.5196850393700787
SVR10,0.49904580152671757,0.0,1.0,0.8604269293924466,0.5,0.0,1.0,0.8713692946058091,0.4951923076923077,0.0,1.0,0.8188976377952756
ridge,0.7051975752132915,0.7176470588235294,0.6927480916030535,0.6962233169129721,0.7011520737327188,0.6451612903225806,0.7571428571428571,0.7427385892116183,0.6728678929765886,0.9130434782608695,0.4326923076923077,0.5196850393700787
