,all,all,all,all,no revasc,no revasc,no revasc,no revasc,with revasc,with revasc,with revasc,with revasc
,Test AUC,Sensitivity,Specificity,Accuracy,Test AUC,Sensitivity,Specificity,Accuracy,Test AUC,Sensitivity,Specificity,Accuracy
lasso,0.7205574912891988,0.8,0.6411149825783973,0.6502463054187192,0.7366739606126914,0.76,0.7133479212253829,0.7157676348547718,0.6294871794871795,0.9,0.3589743589743589,0.4015748031496063
linreg,0.75,0.8571428571428571,0.6428571428571428,0.6551724137931034,0.7479212253829322,0.8,0.6958424507658643,0.7012448132780082,0.717948717948718,1.0,0.4358974358974359,0.48031496062992124
SVR10,0.5916376306620209,0.37142857142857144,0.8118466898954704,0.7865353037766831,0.5971553610503282,0.4,0.7943107221006565,0.7738589211618258,0.5901709401709402,0.3,0.8803418803418803,0.8346456692913385
ridge,0.7770034843205575,0.8571428571428571,0.6968641114982579,0.7060755336617406,0.7730853391684902,0.8,0.7461706783369804,0.7489626556016598,0.7521367521367521,1.0,0.5042735042735043,0.5433070866141733
