,all,all,all,all,no revasc,no revasc,no revasc,no revasc,with revasc,with revasc,with revasc,with revasc
,Test AUC,Sensitivity,Specificity,Accuracy,Test AUC,Sensitivity,Specificity,Accuracy,Test AUC,Sensitivity,Specificity,Accuracy
lasso,0.5714786756453424,0.32098765432098764,0.821969696969697,0.7553366174055829,0.580238009376127,0.288135593220339,0.8723404255319149,0.8008298755186722,0.5140692640692641,0.4090909090909091,0.6190476190476191,0.5826771653543307
linreg,0.62959455667789,0.5679012345679012,0.6912878787878788,0.6748768472906403,0.6303241575509877,0.5254237288135594,0.7352245862884161,0.7095435684647303,0.598051948051948,0.6818181818181818,0.5142857142857142,0.5433070866141733
SVR10,0.49242424242424243,0.0,1.0,0.8669950738916257,0.4918660095364026,0.0,1.0,0.8775933609958506,0.5251082251082251,0.5454545454545454,0.5047619047619047,0.5118110236220472
ridge,0.62959455667789,0.5679012345679012,0.6912878787878788,0.6748768472906403,0.6303241575509877,0.5254237288135594,0.7352245862884161,0.7095435684647303,0.598051948051948,0.6818181818181818,0.5142857142857142,0.5433070866141733
