,all,all,all,all,no revasc,no revasc,no revasc,no revasc,with revasc,with revasc,with revasc,with revasc
,Test AUC,Sensitivity,Specificity,Accuracy,Test AUC,Sensitivity,Specificity,Accuracy,Test AUC,Sensitivity,Specificity,Accuracy
lasso,0.6391621129326047,0.5333333333333333,0.7449908925318761,0.7241379310344828,0.6537802112715005,0.5365853658536586,0.7709750566893424,0.7510373443983402,0.5826023391812865,0.5263157894736842,0.6388888888888888,0.6220472440944882
linreg,0.6447632058287797,0.55,0.7395264116575593,0.7208538587848933,0.6713677340855042,0.5853658536585366,0.7573696145124716,0.7427385892116183,0.5701754385964912,0.47368421052631576,0.6666666666666667,0.6377952755905512
SVR10,0.5601548269581056,0.45,0.6703096539162112,0.6486042692939245,0.5474531275925004,0.4146341463414634,0.6802721088435374,0.6576763485477178,0.5779727095516569,0.5263157894736842,0.6296296296296297,0.6141732283464567
ridge,0.6447632058287797,0.55,0.7395264116575593,0.7208538587848933,0.6713677340855042,0.5853658536585366,0.7573696145124716,0.7427385892116183,0.5701754385964912,0.47368421052631576,0.6666666666666667,0.6377952755905512
