,all,all,all,all,no revasc,no revasc,no revasc,no revasc,with revasc,with revasc,with revasc,with revasc
,Test AUC,Sensitivity,Specificity,Accuracy,Test AUC,Sensitivity,Specificity,Accuracy,Test AUC,Sensitivity,Specificity,Accuracy
lasso,0.651027397260274,0.6,0.702054794520548,0.6978653530377669,0.6256166982922202,0.47058823529411764,0.7806451612903226,0.7697095435684648,0.6349789915966386,0.875,0.39495798319327735,0.4251968503937008
linreg,0.6530479452054795,0.64,0.6660958904109588,0.6650246305418719,0.6607843137254903,0.5882352941176471,0.7333333333333334,0.7282157676348547,0.5766806722689075,0.75,0.40336134453781514,0.4251968503937008
SVR10,0.6118150684931506,0.4,0.8236301369863014,0.80623973727422,0.5685641998734978,0.29411764705882354,0.843010752688172,0.8236514522821576,0.6864495798319328,0.625,0.7478991596638656,0.7401574803149606
ridge,0.6530479452054795,0.64,0.6660958904109588,0.6650246305418719,0.6607843137254903,0.5882352941176471,0.7333333333333334,0.7282157676348547,0.5766806722689075,0.75,0.40336134453781514,0.4251968503937008
