,all,all,all,all,no revasc,no revasc,no revasc,no revasc,with revasc,with revasc,with revasc,with revasc
,Test AUC,Sensitivity,Specificity,Accuracy,Test AUC,Sensitivity,Specificity,Accuracy,Test AUC,Sensitivity,Specificity,Accuracy
lasso,0.6859564436461608,0.7058823529411765,0.666030534351145,0.6715927750410509,0.6951996927803379,0.6451612903225806,0.7452380952380953,0.7323651452282157,0.6078595317725752,0.8695652173913043,0.34615384615384615,0.4409448818897638
linreg,0.6988437359676695,0.6705882352941176,0.7270992366412214,0.7192118226600985,0.6995775729646698,0.5967741935483871,0.8023809523809524,0.7759336099585062,0.6463210702341137,0.8695652173913043,0.42307692307692313,0.5039370078740157
SVR10,0.5061966771441402,0.03529411764705882,0.9770992366412213,0.8456486042692939,0.5042242703533025,0.03225806451612903,0.9761904761904762,0.8547717842323651,0.512123745819398,0.043478260869565216,0.9807692307692307,0.8110236220472441
ridge,0.6988437359676695,0.6705882352941176,0.7270992366412214,0.7192118226600985,0.6995775729646698,0.5967741935483871,0.8023809523809524,0.7759336099585062,0.6463210702341137,0.8695652173913043,0.42307692307692313,0.5039370078740157
