,all,all,all,all,no revasc,no revasc,no revasc,no revasc,with revasc,with revasc,with revasc,with revasc
,Test AUC,Sensitivity,Specificity,Accuracy,Test AUC,Sensitivity,Specificity,Accuracy,Test AUC,Sensitivity,Specificity,Accuracy
lasso,0.6709558823529411,0.8125,0.5294117647058824,0.5517241379310345,0.6756827731092437,0.7352941176470589,0.6160714285714286,0.6244813278008299,0.5929203539823009,1.0,0.18584070796460173,0.2755905511811024
linreg,0.7282754010695186,0.7916666666666666,0.6648841354723707,0.6748768472906403,0.716780462184874,0.7058823529411765,0.7276785714285714,0.7261410788381742,0.7079646017699115,1.0,0.415929203539823,0.48031496062992124
SVR10,0.651626559714795,0.4583333333333333,0.8449197860962567,0.8144499178981938,0.640953256302521,0.38235294117647056,0.8995535714285714,0.8630705394190872,0.6355878634639696,0.6428571428571429,0.6283185840707964,0.6299212598425197
ridge,0.7282754010695186,0.7916666666666666,0.6648841354723707,0.6748768472906403,0.716780462184874,0.7058823529411765,0.7276785714285714,0.7261410788381742,0.7079646017699115,1.0,0.415929203539823,0.48031496062992124
