,all,all,all,all,no revasc,no revasc,no revasc,no revasc,with revasc,with revasc,with revasc,with revasc
,Test AUC,Sensitivity,Specificity,Accuracy,Test AUC,Sensitivity,Specificity,Accuracy,Test AUC,Sensitivity,Specificity,Accuracy
lasso,0.6614569758349779,0.6635514018691588,0.6593625498007969,0.6600985221674877,0.6544154228855721,0.575,0.7338308457711442,0.7074688796680498,0.642962962962963,0.9259259259259259,0.36,0.48031496062992124
linreg,0.6717243176825408,0.6542056074766355,0.6892430278884463,0.6830870279146142,0.6556281094527363,0.5625,0.7487562189054726,0.7178423236514523,0.6879629629629629,0.9259259259259259,0.44999999999999996,0.5511811023622047
SVR10,0.5689391964850877,0.205607476635514,0.9322709163346614,0.8045977011494253,0.5726679104477612,0.2125,0.9328358208955224,0.8132780082987552,0.5575925925925925,0.18518518518518517,0.9299999999999999,0.7716535433070866
ridge,0.6707283017462858,0.6542056074766355,0.6872509960159363,0.6814449917898193,0.6543843283582089,0.5625,0.7462686567164178,0.7157676348547718,0.6879629629629629,0.9259259259259259,0.44999999999999996,0.5511811023622047
