,all,all,all,all,no revasc,no revasc,no revasc,no revasc,with revasc,with revasc,with revasc,with revasc
,Test AUC,Sensitivity,Specificity,Accuracy,Test AUC,Sensitivity,Specificity,Accuracy,Test AUC,Sensitivity,Specificity,Accuracy
lasso,0.6629073926868045,0.7058823529411765,0.6199324324324325,0.6223316912972086,0.6536382937656824,0.6363636363636364,0.6709129511677283,0.6701244813278008,0.6274104683195593,0.8333333333333334,0.42148760330578516,0.4409448818897638
linreg,0.6427861685214626,0.6470588235294118,0.6385135135135135,0.638752052545156,0.6124300328121985,0.5454545454545454,0.6794055201698515,0.6763485477178424,0.65633608815427,0.8333333333333334,0.47933884297520657,0.49606299212598426
SVR10,0.5219594594594594,1.0,0.04391891891891897,0.07060755336617405,0.5191082802547771,1.0,0.03821656050955413,0.06016597510373444,0.5330578512396694,1.0,0.06611570247933884,0.11023622047244094
ridge,0.6375695548489667,0.7058823529411765,0.5692567567567568,0.5730706075533661,0.6260374445087821,0.6363636363636364,0.6157112526539278,0.6161825726141079,0.6108815426997246,0.8333333333333334,0.38842975206611574,0.4094488188976378
