,all,all,all,all,no revasc,no revasc,no revasc,no revasc,with revasc,with revasc,with revasc,with revasc
,Test AUC,Sensitivity,Specificity,Accuracy,Test AUC,Sensitivity,Specificity,Accuracy,Test AUC,Sensitivity,Specificity,Accuracy
lasso,0.7132084736251403,0.7654320987654321,0.6609848484848485,0.6748768472906403,0.7259085627278921,0.711864406779661,0.739952718676123,0.7365145228215768,0.625974025974026,0.9090909090909091,0.34285714285714286,0.4409448818897638
linreg,0.7383908529741865,0.8271604938271605,0.6496212121212122,0.6732348111658456,0.7613895900949634,0.8135593220338984,0.7092198581560284,0.7219917012448133,0.6365800865800866,0.8636363636363636,0.4095238095238095,0.4881889763779528
SVR10,0.6530583613916947,0.41975308641975306,0.8863636363636364,0.8243021346469622,0.6584725728252595,0.4067796610169492,0.9101654846335697,0.8485477178423236,0.6225108225108225,0.45454545454545453,0.7904761904761904,0.7322834645669292
ridge,0.7393378226711561,0.8271604938271605,0.6515151515151515,0.6748768472906403,0.7625716231918901,0.8135593220338984,0.7115839243498818,0.7240663900414938,0.6365800865800866,0.8636363636363636,0.4095238095238095,0.4881889763779528
