,all,all,all,all,no revasc,no revasc,no revasc,no revasc,with revasc,with revasc,with revasc,with revasc
,Test AUC,Sensitivity,Specificity,Accuracy,Test AUC,Sensitivity,Specificity,Accuracy,Test AUC,Sensitivity,Specificity,Accuracy
lasso,0.6186187758521389,0.4788732394366197,0.758364312267658,0.7257799671592775,0.6197222222222222,0.42,0.8194444444444444,0.7780082987551867,0.5642407906558851,0.6190476190476191,0.5094339622641509,0.5275590551181102
linreg,0.6432143044138438,0.5633802816901409,0.7230483271375465,0.7044334975369458,0.6496296296296298,0.54,0.7592592592592593,0.7365145228215768,0.5972596585804133,0.6190476190476191,0.5754716981132075,0.5826771653543307
SVR10,0.5273574532698047,0.352112676056338,0.7026022304832713,0.6617405582922824,0.49490740740740746,0.0,1.0,0.8962655601659751,0.6154537286612759,0.47619047619047616,0.7547169811320755,0.7086614173228346
ridge,0.6404262003246244,0.5633802816901409,0.7174721189591078,0.6995073891625616,0.6461574074074075,0.54,0.7523148148148149,0.7302904564315352,0.5972596585804133,0.6190476190476191,0.5754716981132075,0.5826771653543307
