,all,all,all,all,no revasc,no revasc,no revasc,no revasc,with revasc,with revasc,with revasc,with revasc
,Test AUC,Sensitivity,Specificity,Accuracy,Test AUC,Sensitivity,Specificity,Accuracy,Test AUC,Sensitivity,Specificity,Accuracy
lasso,0.6393135766270485,0.43661971830985913,0.8420074349442379,0.7947454844006568,0.6202314814814817,0.34,0.900462962962963,0.8423236514522822,0.6352201257861634,0.6666666666666666,0.6037735849056604,0.6141732283464567
linreg,0.6339860725692444,0.39436619718309857,0.8736059479553904,0.8177339901477833,0.6360185185185184,0.36,0.912037037037037,0.8547717842323651,0.596585804132974,0.47619047619047616,0.7169811320754718,0.6771653543307087
SVR10,0.6248756479396826,0.5211267605633803,0.7286245353159851,0.7044334975369458,0.655,0.56,0.75,0.7302904564315352,0.5350404312668464,0.42857142857142855,0.6415094339622642,0.6062992125984252
ridge,0.6330567045395047,0.39436619718309857,0.8717472118959108,0.8160919540229885,0.6360185185185184,0.36,0.912037037037037,0.8547717842323651,0.5918688230008984,0.47619047619047616,0.7075471698113207,0.6692913385826772
