,all,all,all,all,no revasc,no revasc,no revasc,no revasc,with revasc,with revasc,with revasc,with revasc
,Test AUC,Sensitivity,Specificity,Accuracy,Test AUC,Sensitivity,Specificity,Accuracy,Test AUC,Sensitivity,Specificity,Accuracy
lasso,0.7396575342465753,0.88,0.5993150684931507,0.6108374384236454,0.7504743833017078,0.8235294117647058,0.6774193548387097,0.6825726141078838,0.6470588235294117,1.0,0.2941176470588235,0.33858267716535434
linreg,0.748458904109589,0.8,0.696917808219178,0.7011494252873564,0.737887413029728,0.7058823529411765,0.7698924731182796,0.7676348547717843,0.7058823529411764,1.0,0.4117647058823529,0.44881889763779526
SVR10,0.5569520547945206,0.28,0.8339041095890412,0.8111658456486043,0.5488298545224541,0.23529411764705882,0.8623655913978494,0.8402489626556017,0.5488445378151261,0.375,0.7226890756302521,0.7007874015748031
ridge,0.7476027397260274,0.8,0.6952054794520548,0.6995073891625616,0.7368121442125238,0.7058823529411765,0.7677419354838709,0.7655601659751037,0.7058823529411764,1.0,0.4117647058823529,0.44881889763779526
