,all,all,all,all,no revasc,no revasc,no revasc,no revasc,with revasc,with revasc,with revasc,with revasc
,Test AUC,Sensitivity,Specificity,Accuracy,Test AUC,Sensitivity,Specificity,Accuracy,Test AUC,Sensitivity,Specificity,Accuracy
lasso,0.6843290224619089,0.7887323943661971,0.5799256505576208,0.6042692939244664,0.6933333333333334,0.72,0.6666666666666667,0.6721991701244814,0.5893980233602875,0.9523809523809523,0.2264150943396226,0.3464566929133858
linreg,0.7226425467301953,0.647887323943662,0.7973977695167287,0.7799671592775042,0.7189814814814817,0.6,0.837962962962963,0.8132780082987552,0.6969901168014375,0.7619047619047619,0.6320754716981132,0.6535433070866141
SVR10,0.6285538509869626,0.4225352112676056,0.8345724907063197,0.7865353037766831,0.6405555555555555,0.42,0.8611111111111112,0.8153526970954357,0.5774932614555256,0.42857142857142855,0.7264150943396226,0.6771653543307087
ridge,0.7226425467301953,0.647887323943662,0.7973977695167287,0.7799671592775042,0.7189814814814817,0.6,0.837962962962963,0.8132780082987552,0.6969901168014375,0.7619047619047619,0.6320754716981132,0.6535433070866141
