,all,all,all,all,no revasc,no revasc,no revasc,no revasc,with revasc,with revasc,with revasc,with revasc
,Test AUC,Sensitivity,Specificity,Accuracy,Test AUC,Sensitivity,Specificity,Accuracy,Test AUC,Sensitivity,Specificity,Accuracy
lasso,0.6204759766502022,0.4470588235294118,0.7938931297709924,0.7454844006568144,0.5925115207373272,0.3064516129032258,0.8785714285714286,0.8049792531120332,0.6390050167224081,0.8260869565217391,0.45192307692307687,0.5196850393700787
linreg,0.587730130220027,0.35294117647058826,0.8225190839694656,0.7569786535303776,0.5972734254992319,0.3064516129032258,0.888095238095238,0.8132780082987552,0.5179765886287625,0.4782608695652174,0.5576923076923077,0.5433070866141733
SVR10,0.5430736416704085,0.15294117647058825,0.933206106870229,0.8243021346469622,0.5601382488479263,0.1774193548387097,0.9428571428571428,0.8443983402489627,0.4905936454849499,0.0,1.0,0.8188976377952756
ridge,0.5858217332734621,0.35294117647058826,0.8187022900763359,0.7536945812807881,0.5960829493087557,0.3064516129032258,0.8857142857142857,0.8112033195020747,0.5131688963210703,0.4782608695652174,0.5480769230769231,0.5354330708661418
