,all,all,all,all,no revasc,no revasc,no revasc,no revasc,with revasc,with revasc,with revasc,with revasc
,Test AUC,Sensitivity,Specificity,Accuracy,Test AUC,Sensitivity,Specificity,Accuracy,Test AUC,Sensitivity,Specificity,Accuracy
lasso,0.6823330683624802,0.7058823529411765,0.6587837837837838,0.6600985221674877,0.6325998841922409,0.5454545454545454,0.7197452229299364,0.7157676348547718,0.7107438016528926,1.0,0.42148760330578516,0.44881889763779526
linreg,0.7594395866454688,0.9411764705882353,0.5777027027027026,0.5878489326765188,0.7677089364987455,0.9090909090909091,0.6263269639065818,0.6327800829875518,0.6942148760330579,1.0,0.38842975206611574,0.41732283464566927
SVR10,0.504222972972973,1.0,0.008445945945945943,0.0361247947454844,0.505307855626327,1.0,0.010615711252653925,0.03319502074688797,0.5,0.0,1.0,0.952755905511811
ridge,0.7594395866454688,0.9411764705882353,0.5777027027027026,0.5878489326765188,0.7677089364987455,0.9090909090909091,0.6263269639065818,0.6327800829875518,0.6942148760330579,1.0,0.38842975206611574,0.41732283464566927
