,all,all,all,all,no revasc,no revasc,no revasc,no revasc,with revasc,with revasc,with revasc,with revasc
,Test AUC,Sensitivity,Specificity,Accuracy,Test AUC,Sensitivity,Specificity,Accuracy,Test AUC,Sensitivity,Specificity,Accuracy
lasso,0.6994949494949494,0.7777777777777778,0.6212121212121212,0.6420361247947455,0.7144889209440237,0.7457627118644068,0.6832151300236406,0.6908713692946058,0.6175324675324676,0.8636363636363636,0.37142857142857144,0.4566929133858268
linreg,0.7000210437710438,0.8148148148148148,0.5852272727272727,0.6157635467980296,0.7162719878190487,0.7966101694915254,0.635933806146572,0.6556016597510373,0.6222943722943723,0.8636363636363636,0.38095238095238093,0.4645669291338583
SVR10,0.4850238496071829,0.0,1.0,0.8669950738916257,0.4979965540730056,0.0,1.0,0.8775933609958506,0.45995670995670995,0.0,1.0,0.8267716535433071
ridge,0.7028619528619527,0.8148148148148148,0.5909090909090908,0.6206896551724138,0.719818087109829,0.7966101694915254,0.6430260047281324,0.6618257261410788,0.6222943722943723,0.8636363636363636,0.38095238095238093,0.4645669291338583
