,all,all,all,all,no revasc,no revasc,no revasc,no revasc,with revasc,with revasc,with revasc,with revasc
,Test AUC,Sensitivity,Specificity,Accuracy,Test AUC,Sensitivity,Specificity,Accuracy,Test AUC,Sensitivity,Specificity,Accuracy
lasso,0.7059653916211295,0.6833333333333333,0.7285974499089254,0.7241379310344828,0.7192909684198884,0.6585365853658537,0.780045351473923,0.7697095435684648,0.6276803118908383,0.7368421052631579,0.5185185185185186,0.5511811023622047
linreg,0.727823315118397,0.6833333333333333,0.7723132969034608,0.7635467980295566,0.7496266799402689,0.6829268292682927,0.8163265306122449,0.8049792531120332,0.638401559454191,0.6842105263157895,0.5925925925925926,0.6062992125984252
SVR10,0.5939890710382514,0.4666666666666667,0.7213114754098361,0.6962233169129721,0.5922515347602455,0.4634146341463415,0.7210884353741497,0.6991701244813278,0.5979532163742689,0.47368421052631576,0.7222222222222222,0.6850393700787402
ridge,0.727823315118397,0.6833333333333333,0.7723132969034608,0.7635467980295566,0.7496266799402689,0.6829268292682927,0.8163265306122449,0.8049792531120332,0.638401559454191,0.6842105263157895,0.5925925925925926,0.6062992125984252
