,all,all,all,all,no revasc,no revasc,no revasc,no revasc,with revasc,with revasc,with revasc,with revasc
,Test AUC,Sensitivity,Specificity,Accuracy,Test AUC,Sensitivity,Specificity,Accuracy,Test AUC,Sensitivity,Specificity,Accuracy
lasso,0.6541776817961799,0.6728971962616822,0.6354581673306773,0.6420361247947455,0.668252487562189,0.6375,0.6990049751243781,0.6887966804979253,0.5788888888888889,0.7777777777777778,0.38,0.4645669291338583
linreg,0.6652921026175671,0.6074766355140186,0.7231075697211156,0.7027914614121511,0.6693407960199005,0.575,0.763681592039801,0.7323651452282157,0.6318518518518519,0.7037037037037037,0.56,0.5905511811023622
SVR10,0.628206798972335,0.6448598130841121,0.6115537848605578,0.6174055829228243,0.6470460199004976,0.6125,0.681592039800995,0.6701244813278008,0.5353703703703703,0.7407407407407407,0.32999999999999996,0.41732283464566927
ridge,0.6652921026175671,0.6074766355140186,0.7231075697211156,0.7027914614121511,0.6693407960199005,0.575,0.763681592039801,0.7323651452282157,0.6318518518518519,0.7037037037037037,0.56,0.5905511811023622
