,all,all,all,all,no revasc,no revasc,no revasc,no revasc,with revasc,with revasc,with revasc,with revasc
,Test AUC,Sensitivity,Specificity,Accuracy,Test AUC,Sensitivity,Specificity,Accuracy,Test AUC,Sensitivity,Specificity,Accuracy
lasso,0.6207785679711062,0.5981308411214953,0.6434262948207171,0.6354679802955665,0.5982587064676617,0.5,0.6965174129353233,0.6639004149377593,0.6594444444444445,0.8888888888888888,0.43000000000000005,0.5275590551181102
linreg,0.6355698700525002,0.5420560747663551,0.7290836653386454,0.6962233169129721,0.6418221393034825,0.5125,0.7711442786069651,0.7282157676348547,0.5948148148148149,0.6296296296296297,0.56,0.5748031496062992
SVR10,0.5196969132814536,0.9158878504672897,0.12350597609561753,0.2627257799671593,0.5060012437810946,0.9125,0.09950248756218905,0.23443983402489627,0.5729629629629629,0.9259259259259259,0.21999999999999997,0.3700787401574803
ridge,0.6335778381799904,0.5420560747663551,0.7250996015936255,0.6929392446633826,0.6380907960199005,0.5125,0.763681592039801,0.7219917012448133,0.5998148148148149,0.6296296296296297,0.5700000000000001,0.5826771653543307
