,all,all,all,all,no revasc,no revasc,no revasc,no revasc,with revasc,with revasc,with revasc,with revasc
,Test AUC,Sensitivity,Specificity,Accuracy,Test AUC,Sensitivity,Specificity,Accuracy,Test AUC,Sensitivity,Specificity,Accuracy
lasso,0.5914009878760664,0.27058823529411763,0.9122137404580153,0.8226600985221675,0.5627880184331798,0.16129032258064516,0.9642857142857143,0.8609958506224067,0.6335702341137123,0.5652173913043478,0.7019230769230769,0.6771653543307087
linreg,0.5905927256398743,0.35294117647058826,0.8282442748091603,0.7619047619047619,0.5996543778801843,0.3064516129032258,0.8928571428571429,0.8174273858921162,0.5227842809364548,0.4782608695652174,0.5673076923076923,0.5511811023622047
SVR10,0.5783565334530759,0.29411764705882354,0.8625954198473282,0.7832512315270936,0.5901305683563748,0.3064516129032258,0.8738095238095238,0.8008298755186722,0.5390886287625418,0.2608695652173913,0.8173076923076923,0.7165354330708661
ridge,0.5905927256398743,0.35294117647058826,0.8282442748091603,0.7619047619047619,0.5996543778801843,0.3064516129032258,0.8928571428571429,0.8174273858921162,0.5227842809364548,0.4782608695652174,0.5673076923076923,0.5511811023622047
