,all,all,all,all,no revasc,no revasc,no revasc,no revasc,with revasc,with revasc,with revasc,with revasc
,Test AUC,Sensitivity,Specificity,Accuracy,Test AUC,Sensitivity,Specificity,Accuracy,Test AUC,Sensitivity,Specificity,Accuracy
lasso,0.654501571621015,0.49411764705882355,0.8148854961832062,0.7701149425287356,0.6636328725038403,0.46774193548387094,0.8595238095238096,0.8091286307053942,0.5999163879598661,0.5652173913043478,0.6346153846153846,0.6220472440944882
linreg,0.676571621014818,0.7176470588235294,0.6354961832061068,0.6469622331691297,0.6908218125960062,0.6935483870967742,0.6880952380952381,0.6887966804979253,0.6028428093645485,0.782608695652174,0.42307692307692313,0.4881889763779528
SVR10,0.5147844634036821,0.03529411764705882,0.9942748091603053,0.8604269293924466,0.5149385560675883,0.03225806451612903,0.9976190476190476,0.8734439834024896,0.512123745819398,0.043478260869565216,0.9807692307692307,0.8110236220472441
ridge,0.6694095195330041,0.7529411764705882,0.5858778625954199,0.6091954022988506,0.6807603686635945,0.7258064516129032,0.6357142857142857,0.6473029045643154,0.6053511705685619,0.8260869565217391,0.3846153846153846,0.4645669291338583
