,all,all,all,all,no revasc,no revasc,no revasc,no revasc,with revasc,with revasc,with revasc,with revasc
,Test AUC,Sensitivity,Specificity,Accuracy,Test AUC,Sensitivity,Specificity,Accuracy,Test AUC,Sensitivity,Specificity,Accuracy
lasso,0.6968034975653175,0.7746478873239436,0.6189591078066914,0.6371100164203612,0.6902777777777778,0.7,0.6805555555555556,0.6825726141078838,0.6601527403414196,0.9523809523809523,0.3679245283018868,0.4645669291338583
linreg,0.7119613592334677,0.8309859154929577,0.5929368029739777,0.6206896551724138,0.7129166666666666,0.78,0.6458333333333333,0.6597510373443983,0.6648697214734951,0.9523809523809523,0.37735849056603776,0.47244094488188976
SVR10,0.5807241216817635,0.3380281690140845,0.8234200743494424,0.7668308702791461,0.6208796296296296,0.42,0.8217592592592593,0.7800829875518672,0.4865229110512129,0.0,1.0,0.8346456692913385
ridge,0.7156788313524268,0.8309859154929577,0.6003717472118959,0.6272577996715928,0.7175462962962962,0.78,0.6550925925925926,0.6680497925311203,0.6648697214734951,0.9523809523809523,0.37735849056603776,0.47244094488188976
