,all,all,all,all,no revasc,no revasc,no revasc,no revasc,with revasc,with revasc,with revasc,with revasc
,Test AUC,Sensitivity,Specificity,Accuracy,Test AUC,Sensitivity,Specificity,Accuracy,Test AUC,Sensitivity,Specificity,Accuracy
lasso,0.7321948998178506,0.8833333333333333,0.581056466302368,0.6108374384236454,0.7422985454344339,0.8292682926829268,0.655328798185941,0.6701244813278008,0.6388888888888888,1.0,0.2777777777777778,0.3858267716535433
linreg,0.7931693989071038,0.7666666666666667,0.819672131147541,0.8144499178981938,0.7966926608041591,0.7317073170731707,0.8616780045351474,0.8506224066390041,0.7451267056530214,0.8421052631578947,0.6481481481481481,0.6771653543307087
SVR10,0.6711293260473589,0.43333333333333335,0.9089253187613844,0.8620689655172413,0.6843648028317018,0.43902439024390244,0.9297052154195011,0.8879668049792531,0.6225633528265107,0.42105263157894735,0.8240740740740741,0.7637795275590551
ridge,0.7866575591985427,0.75,0.8233151183970856,0.8160919540229885,0.7867651125490847,0.7073170731707317,0.8662131519274376,0.8526970954356846,0.7451267056530214,0.8421052631578947,0.6481481481481481,0.6771653543307087
