,all,all,all,all,no revasc,no revasc,no revasc,no revasc,with revasc,with revasc,with revasc,with revasc
,Test AUC,Sensitivity,Specificity,Accuracy,Test AUC,Sensitivity,Specificity,Accuracy,Test AUC,Sensitivity,Specificity,Accuracy
lasso,0.7570890410958904,0.92,0.5941780821917808,0.6075533661740559,0.7766603415559772,0.8823529411764706,0.6709677419354838,0.6784232365145229,0.6470588235294117,1.0,0.2941176470588235,0.33858267716535434
linreg,0.7915753424657533,0.84,0.7431506849315068,0.7471264367816092,0.8042378241619228,0.8235294117647058,0.7849462365591398,0.7863070539419087,0.7274159663865546,0.875,0.5798319327731092,0.5984251968503937
SVR10,0.6434931506849315,0.4,0.886986301369863,0.8669950738916257,0.6660974067046173,0.4117647058823529,0.9204301075268817,0.9024896265560166,0.5656512605042016,0.375,0.7563025210084033,0.7322834645669292
ridge,0.7915753424657533,0.84,0.7431506849315068,0.7471264367816092,0.8042378241619228,0.8235294117647058,0.7849462365591398,0.7863070539419087,0.7274159663865546,0.875,0.5798319327731092,0.5984251968503937
