,all,all,all,all,no revasc,no revasc,no revasc,no revasc,with revasc,with revasc,with revasc,with revasc
,Test AUC,Sensitivity,Specificity,Accuracy,Test AUC,Sensitivity,Specificity,Accuracy,Test AUC,Sensitivity,Specificity,Accuracy
lasso,0.7118938791732912,0.7058823529411765,0.7179054054054055,0.7175697865353038,0.6782474425786528,0.5454545454545454,0.8110403397027601,0.8049792531120332,0.6776859504132231,1.0,0.3553719008264463,0.3858267716535433
linreg,0.8054948330683624,0.7647058823529411,0.8462837837837838,0.8440065681444991,0.7988805249951748,0.7272727272727273,0.8704883227176221,0.8672199170124482,0.7926997245179064,0.8333333333333334,0.7520661157024793,0.7559055118110236
SVR10,0.7925278219395866,0.8823529411764706,0.7027027027027026,0.7077175697865353,0.8165412082609536,0.9090909090909091,0.7239915074309979,0.7282157676348547,0.7265840220385674,0.8333333333333334,0.6198347107438016,0.6299212598425197
ridge,0.8063394276629571,0.7647058823529411,0.847972972972973,0.8456486042692939,0.8020652383709709,0.7272727272727273,0.8768577494692145,0.8734439834024896,0.784435261707989,0.8333333333333334,0.7355371900826446,0.7401574803149606
