,all,all,all,all,no revasc,no revasc,no revasc,no revasc,with revasc,with revasc,with revasc,with revasc
,Test AUC,Sensitivity,Specificity,Accuracy,Test AUC,Sensitivity,Specificity,Accuracy,Test AUC,Sensitivity,Specificity,Accuracy
lasso,0.7432040998217468,0.875,0.6114081996434937,0.632183908045977,0.7555147058823529,0.8235294117647058,0.6875,0.6970954356846473,0.6548672566371682,1.0,0.3097345132743363,0.3858267716535433
linreg,0.7999108734402853,0.8333333333333334,0.7664884135472371,0.7717569786535303,0.7999606092436974,0.7941176470588235,0.8058035714285714,0.8049792531120332,0.7695954487989887,0.9285714285714286,0.6106194690265487,0.6456692913385826
SVR10,0.6471145276292335,0.3958333333333333,0.8983957219251337,0.8587848932676518,0.656578256302521,0.38235294117647056,0.9308035714285714,0.8921161825726142,0.5992414664981037,0.42857142857142855,0.7699115044247787,0.7322834645669292
ridge,0.7999108734402853,0.8333333333333334,0.7664884135472371,0.7717569786535303,0.7999606092436974,0.7941176470588235,0.8058035714285714,0.8049792531120332,0.7695954487989887,0.9285714285714286,0.6106194690265487,0.6456692913385826
