,all,all,all,all,no revasc,no revasc,no revasc,no revasc,with revasc,with revasc,with revasc,with revasc
,Test AUC,Sensitivity,Specificity,Accuracy,Test AUC,Sensitivity,Specificity,Accuracy,Test AUC,Sensitivity,Specificity,Accuracy
lasso,0.6032776585161528,0.29577464788732394,0.9107806691449815,0.8390804597701149,0.5714814814814815,0.18,0.962962962962963,0.8817427385892116,0.6347708894878706,0.5714285714285714,0.6981132075471699,0.6771653543307087
linreg,0.5957379967537567,0.36619718309859156,0.8252788104089219,0.7717569786535303,0.593287037037037,0.3,0.8865740740740741,0.8257261410788381,0.5496406109613656,0.5238095238095238,0.5754716981132075,0.5669291338582677
SVR10,0.5692837321325724,0.28169014084507044,0.8568773234200744,0.7898193760262726,0.5840277777777778,0.3,0.8680555555555556,0.8091286307053942,0.5247079964061097,0.23809523809523808,0.8113207547169812,0.7165354330708661
ridge,0.5957379967537567,0.36619718309859156,0.8252788104089219,0.7717569786535303,0.593287037037037,0.3,0.8865740740740741,0.8257261410788381,0.5496406109613656,0.5238095238095238,0.5754716981132075,0.5669291338582677
