,all,all,all,all,no revasc,no revasc,no revasc,no revasc,with revasc,with revasc,with revasc,with revasc
,Test AUC,Sensitivity,Specificity,Accuracy,Test AUC,Sensitivity,Specificity,Accuracy,Test AUC,Sensitivity,Specificity,Accuracy
lasso,0.6326502732240437,0.5166666666666667,0.7486338797814207,0.7257799671592775,0.6279519938056523,0.4146341463414634,0.8412698412698413,0.8049792531120332,0.5536062378167641,0.7368421052631579,0.37037037037037035,0.4251968503937008
linreg,0.6526867030965391,0.5166666666666667,0.7887067395264117,0.7619047619047619,0.6588684254189481,0.4878048780487805,0.8299319727891157,0.8008298755186722,0.5996588693957114,0.5789473684210527,0.6203703703703703,0.6141732283464567
SVR10,0.49212204007285976,0.0,1.0,0.9014778325123153,0.4873900779824124,0.0,1.0,0.9149377593360996,0.5392300194931774,0.42105263157894735,0.6574074074074074,0.6220472440944882
ridge,0.651775956284153,0.5166666666666667,0.7868852459016393,0.7602627257799671,0.6577346385708754,0.4878048780487805,0.8276643990929705,0.7987551867219918,0.5996588693957114,0.5789473684210527,0.6203703703703703,0.6141732283464567
