,all,all,all,all,no revasc,no revasc,no revasc,no revasc,with revasc,with revasc,with revasc,with revasc
,Test AUC,Sensitivity,Specificity,Accuracy,Test AUC,Sensitivity,Specificity,Accuracy,Test AUC,Sensitivity,Specificity,Accuracy
lasso,0.7307191780821918,0.72,0.7414383561643836,0.7405582922824302,0.7177735610373182,0.5882352941176471,0.8473118279569892,0.8381742738589212,0.6638655462184874,1.0,0.32773109243697474,0.3700787401574803
linreg,0.7452739726027396,0.72,0.7705479452054794,0.7684729064039408,0.7514864010120177,0.6470588235294118,0.8559139784946237,0.8485477178423236,0.6559873949579832,0.875,0.4369747899159664,0.4645669291338583
SVR10,0.6101027397260274,0.4,0.8202054794520548,0.8029556650246306,0.6194813409234662,0.35294117647058826,0.886021505376344,0.8672199170124482,0.5315126050420168,0.5,0.5630252100840336,0.5590551181102362
ridge,0.7461301369863014,0.72,0.7722602739726028,0.7701149425287356,0.7514864010120177,0.6470588235294118,0.8559139784946237,0.8485477178423236,0.6601890756302521,0.875,0.4453781512605042,0.47244094488188976
