,all,all,all,all,no revasc,no revasc,no revasc,no revasc,with revasc,with revasc,with revasc,with revasc
,Test AUC,Sensitivity,Specificity,Accuracy,Test AUC,Sensitivity,Specificity,Accuracy,Test AUC,Sensitivity,Specificity,Accuracy
lasso,0.7037795992714025,0.75,0.6575591985428051,0.6666666666666666,0.7133455008019468,0.6829268292682927,0.7437641723356009,0.7385892116182573,0.6001461988304094,0.8947368421052632,0.3055555555555556,0.3937007874015748
linreg,0.7054189435336977,0.6166666666666667,0.7941712204007286,0.7766830870279147,0.7343067308224103,0.6341463414634146,0.8344671201814059,0.8174273858921162,0.6042884990253412,0.5789473684210527,0.6296296296296297,0.6220472440944882
SVR10,0.5857012750455374,0.23333333333333334,0.9380692167577414,0.8686371100164204,0.5791438526630165,0.21951219512195122,0.9387755102040817,0.8775933609958506,0.5991715399610137,0.2631578947368421,0.9351851851851852,0.8346456692913385
ridge,0.7081511839708562,0.6166666666666667,0.7996357012750456,0.7816091954022989,0.7365743045185554,0.6341463414634146,0.8390022675736961,0.8215767634854771,0.6089181286549707,0.5789473684210527,0.6388888888888888,0.6299212598425197
