,all,all,all,all,no revasc,no revasc,no revasc,no revasc,with revasc,with revasc,with revasc,with revasc
,Test AUC,Sensitivity,Specificity,Accuracy,Test AUC,Sensitivity,Specificity,Accuracy,Test AUC,Sensitivity,Specificity,Accuracy
lasso,0.6032776585161528,0.29577464788732394,0.9107806691449815,0.8390804597701149,0.5714814814814815,0.18,0.962962962962963,0.8817427385892116,0.6347708894878706,0.5714285714285714,0.6981132075471699,0.6771653543307087
linreg,0.603356196659511,0.49295774647887325,0.7137546468401488,0.6880131362889984,0.6135185185185185,0.44,0.787037037037037,0.7510373443983402,0.5170709793351302,0.6190476190476191,0.41509433962264153,0.44881889763779526
SVR10,0.5882637834441594,0.2676056338028169,0.9089219330855018,0.8341543513957307,0.6018055555555556,0.28,0.9236111111111112,0.8568464730290456,0.5435759209344115,0.23809523809523808,0.8490566037735849,0.7480314960629921
ridge,0.6042855646892509,0.49295774647887325,0.7156133828996283,0.6896551724137931,0.6135185185185185,0.44,0.787037037037037,0.7510373443983402,0.5217879604672058,0.6190476190476191,0.42452830188679247,0.4566929133858268
