,all,all,all,all,no revasc,no revasc,no revasc,no revasc,with revasc,with revasc,with revasc,with revasc
,Test AUC,Sensitivity,Specificity,Accuracy,Test AUC,Sensitivity,Specificity,Accuracy,Test AUC,Sensitivity,Specificity,Accuracy
lasso,0.679445442299057,0.6470588235294118,0.7118320610687023,0.7027914614121511,0.6831797235023042,0.5806451612903226,0.7857142857142857,0.7593360995850622,0.6197742474916388,0.8260869565217391,0.41346153846153844,0.4881889763779528
linreg,0.7133251010327797,0.611764705882353,0.8148854961832062,0.7865353037766831,0.7245775729646696,0.5967741935483871,0.8523809523809524,0.8195020746887967,0.6578177257525083,0.6521739130434783,0.6634615384615384,0.6614173228346457
SVR10,0.6829479119892231,0.6235294117647059,0.7423664122137404,0.7257799671592775,0.6981182795698925,0.6129032258064516,0.7833333333333333,0.7614107883817427,0.6145484949832776,0.6521739130434783,0.5769230769230769,0.5905511811023622
ridge,0.7269869779973059,0.7058823529411765,0.7480916030534351,0.7422003284072249,0.7443932411674348,0.6935483870967742,0.7952380952380953,0.7821576763485477,0.6484113712374582,0.7391304347826086,0.5576923076923077,0.5905511811023622
