,all,all,all,all,no revasc,no revasc,no revasc,no revasc,with revasc,with revasc,with revasc,with revasc
,Test AUC,Sensitivity,Specificity,Accuracy,Test AUC,Sensitivity,Specificity,Accuracy,Test AUC,Sensitivity,Specificity,Accuracy
lasso,0.665274064171123,0.4375,0.893048128342246,0.8571428571428571,0.607799369747899,0.2647058823529412,0.9508928571428571,0.9024896265560166,0.7604298356510745,0.8571428571428571,0.663716814159292,0.6850393700787402
linreg,0.638201871657754,0.3958333333333333,0.8805704099821747,0.8423645320197044,0.6227022058823529,0.3235294117647059,0.921875,0.8796680497925311,0.6441213653603034,0.5714285714285714,0.7168141592920354,0.7007874015748031
SVR10,0.47409759358288767,0.0,1.0,0.9211822660098522,0.4632352941176471,0.0,1.0,0.9294605809128631,0.572692793931732,0.42857142857142855,0.7168141592920354,0.6850393700787402
ridge,0.638201871657754,0.3958333333333333,0.8805704099821747,0.8423645320197044,0.6227022058823529,0.3235294117647059,0.921875,0.8796680497925311,0.6441213653603034,0.5714285714285714,0.7168141592920354,0.7007874015748031
