,all,all,all,all,no revasc,no revasc,no revasc,no revasc,with revasc,with revasc,with revasc,with revasc
,Test AUC,Sensitivity,Specificity,Accuracy,Test AUC,Sensitivity,Specificity,Accuracy,Test AUC,Sensitivity,Specificity,Accuracy
lasso,0.6760889088459812,0.7529411764705882,0.5992366412213741,0.6206896551724138,0.6938556067588326,0.7258064516129032,0.6619047619047619,0.6701244813278008,0.5861204013377926,0.8260869565217391,0.34615384615384615,0.4330708661417323
linreg,0.6781656937584194,0.6941176470588235,0.6622137404580153,0.6666666666666666,0.6875192012288786,0.6774193548387096,0.6976190476190476,0.6950207468879668,0.6291806020066889,0.7391304347826086,0.5192307692307692,0.5590551181102362
SVR10,0.48682083520431074,0.0,1.0,0.8604269293924466,0.4807219662058372,0.0,1.0,0.8713692946058091,0.5117056856187291,0.8695652173913043,0.15384615384615385,0.28346456692913385
ridge,0.6764144589133364,0.7058823529411765,0.6469465648854962,0.6551724137931034,0.68963133640553,0.6935483870967742,0.6857142857142857,0.6867219917012448,0.614757525083612,0.7391304347826086,0.4903846153846154,0.5354330708661418
