,all,all,all,all,no revasc,no revasc,no revasc,no revasc,with revasc,with revasc,with revasc,with revasc
,Test AUC,Sensitivity,Specificity,Accuracy,Test AUC,Sensitivity,Specificity,Accuracy,Test AUC,Sensitivity,Specificity,Accuracy
lasso,0.8902989269043017,0.8333436853002067,0.8266149970974384,0.8274518388791593,,,,,,,,
linreg,0.8868895759988276,0.8445600414078672,0.8139093327289645,0.8176444833625218,,,,,,,,
SVR10,0.8480232161447315,0.7701811594202898,0.8531986823166413,0.8430823117338004,,,,,,,,
ridge,0.8871368180221676,0.8463405797101446,0.8125110337094735,0.8166374781085814,,,,,,,,
