,all,all,all,all,no revasc,no revasc,no revasc,no revasc,with revasc,with revasc,with revasc,with revasc
,Test AUC,Sensitivity,Specificity,Accuracy,Test AUC,Sensitivity,Specificity,Accuracy,Test AUC,Sensitivity,Specificity,Accuracy
lasso,0.7707067765869945,0.8503052503052504,0.6393560341654715,0.6468633526426872,0.7888359274817113,0.8436667019484357,0.6760105949353358,0.6811428555440745,0.4711635603224673,0.7132478632478633,0.5202483866189708,0.537712230927773
linreg,0.7133699885514768,0.7517704517704517,0.6622717754115214,0.6654542188692802,0.73814850115323,0.7426872281837752,0.7266843092953014,0.7273320401979001,0.3910932187514964,0.7195360195360196,0.4642183459995765,0.4835628821844695
SVR10,0.3669981943847643,0.605006105006105,0.4603844673173167,0.46562485967039396,0.36486491662856796,0.5743315558688266,0.5019885384074928,0.5034975935491334,0.47115281432178374,0.6861111111111111,0.5699419750663218,0.5748327459100666
ridge,0.7134146958103401,0.752869352869353,0.6621271771181028,0.6653644079213255,0.7382460920451782,0.7412627267592737,0.729165549593774,0.7296834778638465,0.3917494267843748,0.7195360195360196,0.46637492186304885,0.48554288255741046
