,all,all,all,all,no revasc,no revasc,no revasc,no revasc,with revasc,with revasc,with revasc,with revasc
,Test AUC,Sensitivity,Specificity,Accuracy,Test AUC,Sensitivity,Specificity,Accuracy,Test AUC,Sensitivity,Specificity,Accuracy
lasso,0.7708520479478843,0.8443910256410259,0.6772683555504259,0.6810420315236425,0.7840225881489463,0.7995950577200579,0.7682138733426285,0.7687372428611657,0.46775223450766196,0.71125,0.5600087279126555,0.5738774986801272
linreg,0.7708520479478843,0.8443910256410259,0.6772683555504259,0.6810420315236425,0.7840225881489463,0.7995950577200579,0.7682138733426285,0.7687372428611657,0.46775223450766196,0.71125,0.5600087279126555,0.5738774986801272
SVR10,0.46850354415526957,0.7692307692307694,0.47508623950859513,0.48161120840630456,0.46587473480042085,0.6705925324675325,0.5930902701756077,0.5936309229045433,0.47427544067612254,0.7195833333333332,0.5485425638936745,0.562457396330783
ridge,0.7708520479478843,0.8443910256410259,0.6772683555504259,0.6810420315236425,0.7840225881489463,0.7995950577200579,0.7682138733426285,0.7687372428611657,0.46775223450766196,0.71125,0.5600087279126555,0.5738774986801272
