,all,all,all,all,no revasc,no revasc,no revasc,no revasc,with revasc,with revasc,with revasc,with revasc
,Test AUC,Sensitivity,Specificity,Accuracy,Test AUC,Sensitivity,Specificity,Accuracy,Test AUC,Sensitivity,Specificity,Accuracy
lasso,0.7701153608943991,0.8727976190476191,0.6124882857614256,0.6217162872154117,0.7888167651661258,0.842798898405516,0.6796461493344769,0.6846683474896142,0.47157017979439486,0.7048511904761904,0.5369921824802043,0.5491559256978699
linreg,0.7701153608943991,0.8727976190476191,0.6124882857614256,0.6217162872154117,0.7888167651661258,0.842798898405516,0.6796461493344769,0.6846683474896142,0.47157017979439486,0.7048511904761904,0.5369921824802043,0.5491559256978699
SVR10,0.5203293441283462,0.8254166666666667,0.4445711928724633,0.458231173380035,0.524764258790169,0.7799045643898586,0.5102687756811475,0.5185857976274046,0.4719010707258514,0.6953869047619048,0.5475995727081902,0.5582384776568998
ridge,0.7701153608943991,0.8727976190476191,0.6124882857614256,0.6217162872154117,0.7888167651661258,0.842798898405516,0.6796461493344769,0.6846683474896142,0.47157017979439486,0.7048511904761904,0.5369921824802043,0.5491559256978699
