,Test AUC,Sensitivity,Specificity,Accuracy
lasso,0.7700394776125264,0.7655952380952382,0.7077716548424351,0.7098073555166374
linreg,0.6795943090484832,0.6591071428571429,0.7291924599901006,0.7267075306479861
SVR10,0.41455855449752904,0.2908928571428572,0.8656196997195181,0.845183887915937
ridge,0.6797400839481148,0.656607142857143,0.7344558653687511,0.7316987740805604
