,all,all,all,all,no revasc,no revasc,no revasc,no revasc,with revasc,with revasc,with revasc,with revasc
,Test AUC,Sensitivity,Specificity,Accuracy,Test AUC,Sensitivity,Specificity,Accuracy,Test AUC,Sensitivity,Specificity,Accuracy
lasso,0.9234761149980942,0.9726153039832282,0.7843955139167905,0.8021015761821367,,,,,,,,
linreg,0.9067065777699055,0.9201257861635221,0.8019398370462201,0.8130472854640981,,,,,,,,
SVR10,0.8837629253777386,0.8693308874912647,0.8249414688244476,0.8291155866900176,,,,,,,,
ridge,0.9085921223441297,0.9178109713487071,0.8050848375316461,0.8156742556917687,,,,,,,,
