,Test AUC,Sensitivity,Specificity,Accuracy
lasso,0.7748516903544127,0.8016666666666667,0.6921330638508499,0.695971978984238
linreg,0.7177385931521594,0.7527380952380953,0.6736551724137932,0.6764886164623467
SVR10,0.4660520246541117,0.5299404761904762,0.6260018973766704,0.6225043782837126
ridge,0.7178735121502815,0.7563095238095239,0.6707904636198647,0.6738616462346759
