,Test AUC,Sensitivity,Specificity,Accuracy
lasso,0.7268063501785285,0.748239182692308,0.6372420500346923,0.6498248686514888
linreg,0.7268063501785285,0.748239182692308,0.6372420500346923,0.6498248686514888
SVR10,0.5806509180270678,0.7030709134615385,0.5606709622595911,0.5767513134851139
ridge,0.7268063501785285,0.748239182692308,0.6372420500346923,0.6498248686514888
