,all,all,all,all,no revasc,no revasc,no revasc,no revasc,with revasc,with revasc,with revasc,with revasc
,Test AUC,Sensitivity,Specificity,Accuracy,Test AUC,Sensitivity,Specificity,Accuracy,Test AUC,Sensitivity,Specificity,Accuracy
lasso,0.780008379771491,0.8166335978835978,0.6718202422543602,0.6787215411558669,0.793216672116396,0.8340983439766585,0.6827528635425426,0.6890007126896318,0.5512803002068171,0.6704166666666669,0.6329840014450611,0.6327995232290224
linreg,0.7330750822044594,0.7525462962962964,0.6721526818600368,0.6759632224168126,0.7512691696281449,0.7611160129019363,0.6974497794366561,0.699950343761801,0.5253561544293653,0.6046825396825397,0.6679429180745238,0.6549094628391356
SVR10,0.46199485875534985,0.45059523809523805,0.6713369014732964,0.6607705779334501,0.4848896562906022,0.5292932751597277,0.6237562132664441,0.6196544976431789,0.4416679714462234,0.6498611111111112,0.5405228459831011,0.5552808708056738
ridge,0.7334800821034368,0.7562500000000001,0.6689821491441881,0.6731173380035024,0.751274547213612,0.764963266906513,0.6932416784539704,0.6960453034536159,0.5268944266199718,0.6046825396825397,0.6689182968624026,0.6557822618676725
