,all,all,all,all,no revasc,no revasc,no revasc,no revasc,with revasc,with revasc,with revasc,with revasc
,Test AUC,Sensitivity,Specificity,Accuracy,Test AUC,Sensitivity,Specificity,Accuracy,Test AUC,Sensitivity,Specificity,Accuracy
lasso,0.7462091060503737,0.7715444711538466,0.6459443288038607,0.6601576182136603,0.7518342317711346,0.7560893343138201,0.673059288276227,0.6815560799142526,0.5862134946471158,0.6605659760990643,0.6019379802845228,0.6116602741084366
linreg,0.6805817617704897,0.6773016826923078,0.6533365881610032,0.6560420315236428,0.682080460163923,0.6571739750368536,0.6777388200095487,0.6757229888055589,0.5511875977556768,0.6915031475877066,0.5599042979929587,0.5902932158783396
SVR10,0.44793832948162493,0.35039062500000007,0.7395321233949996,0.6954465849387039,0.45322667286950624,0.3510383894928491,0.7478759003457144,0.7071321105886041,0.4930141856112358,0.6271369643428468,0.5540382616006256,0.5650183910100964
ridge,0.7040088005204802,0.7035697115384616,0.6505287633214055,0.6565236427320489,0.7063280991013091,0.7056602584727236,0.6556363000544758,0.6609125908493694,0.5721612163992854,0.6474097103876516,0.6130301334813771,0.6170361271388245
