,all,all,all,all,no revasc,no revasc,no revasc,no revasc,with revasc,with revasc,with revasc,with revasc
,Test AUC,Sensitivity,Specificity,Accuracy,Test AUC,Sensitivity,Specificity,Accuracy,Test AUC,Sensitivity,Specificity,Accuracy
lasso,0.9109282058599598,0.8808874912648494,0.829141804141804,0.8340192644483361,,,,,,,,
linreg,0.9114622950331501,0.8767120894479385,0.8320943145411233,0.8362959719789842,,,,,,,,
SVR10,0.8353267643813609,0.7734276729559749,0.8840983771834837,0.8736865148861648,,,,,,,,
ridge,0.9116276383939972,0.8729734451432567,0.8359593325018858,0.8394483362521893,,,,,,,,
