,all,all,all,all,no revasc,no revasc,no revasc,no revasc,with revasc,with revasc,with revasc,with revasc
,Test AUC,Sensitivity,Specificity,Accuracy,Test AUC,Sensitivity,Specificity,Accuracy,Test AUC,Sensitivity,Specificity,Accuracy
lasso,0.7745850444900753,0.7654761904761903,0.6847022587268994,0.696584938704028,0.7781451858560512,0.7465980661844764,0.7071571537950343,0.7123542525447497,0.5692206911808186,0.5697169799127078,0.6618379277159465,0.6309093543503579
linreg,0.76172692382908,0.774702380952381,0.6695071868583162,0.6849824868651491,0.7641094243496636,0.7541809869456617,0.6932516434182119,0.70106483891781,0.571263366848876,0.6943843600640025,0.5419194124777157,0.5911642184082095
SVR10,0.4927618069815195,0.3291666666666666,0.8629876796714578,0.7844570928196146,0.4821595360084686,0.3341302969388941,0.8488050528506792,0.782013898140874,0.5191661767233092,0.5803674765860963,0.6014012937749016,0.5881054907907626
ridge,0.7618968172484599,0.775,0.6691991786447639,0.6847635726795096,0.7643114579318537,0.7521623534052891,0.6952786893332388,0.7026080677241869,0.5714275597355132,0.6956915496064862,0.5424094555032608,0.5917865494975874
