,all,all,all,all,no revasc,no revasc,no revasc,no revasc,with revasc,with revasc,with revasc,with revasc
,Test AUC,Sensitivity,Specificity,Accuracy,Test AUC,Sensitivity,Specificity,Accuracy,Test AUC,Sensitivity,Specificity,Accuracy
lasso,0.8651535694640874,0.8646837875611462,0.7634651576140937,0.7729859894921189,,,,,,,,
linreg,0.8651535694640874,0.8646837875611462,0.7634651576140937,0.7729859894921189,,,,,,,,
SVR10,0.19262905910336658,0.6647536687631027,0.38898353658991947,0.41492994746059536,,,,,,,,
ridge,0.8651535694640874,0.8646837875611462,0.7634651576140937,0.7729859894921189,,,,,,,,
