,all,all,all,all,no revasc,no revasc,no revasc,no revasc,with revasc,with revasc,with revasc,with revasc
,Test AUC,Sensitivity,Specificity,Accuracy,Test AUC,Sensitivity,Specificity,Accuracy,Test AUC,Sensitivity,Specificity,Accuracy
lasso,0.817423698732967,0.8308928571428572,0.7107679498758184,0.7225043782837128,0.8297420702295766,0.8240302956761874,0.7377139489437041,0.7447981022549823,0.5240646208416011,0.632700059228697,0.57101038316082,0.5809392207941759
linreg,0.8077688052426989,0.8018262987012985,0.7354239105892978,0.7419001751313484,0.814799883930886,0.7648323210497436,0.7760639631115329,0.7750450089447227,0.5396019295703353,0.7760910015766826,0.4392466753903867,0.5243763219377264
SVR10,0.3684005635085167,0.2967207792207793,0.7676794046812673,0.7216287215411556,0.36345900864029523,0.2819527947535772,0.7883248551560718,0.7459242650502108,0.49838642087141755,0.6048165358033776,0.5812142170924813,0.5799326978779356
ridge,0.807696069735187,0.80088474025974,0.7358558177165652,0.7422066549912434,0.8147572708241018,0.7659957409631637,0.7743875184036353,0.7736015488495843,0.5386549463473257,0.7708278436819458,0.44249668724381264,0.5244084102122333
