,all,all,all,all,no revasc,no revasc,no revasc,no revasc,with revasc,with revasc,with revasc,with revasc
,Test AUC,Sensitivity,Specificity,Accuracy,Test AUC,Sensitivity,Specificity,Accuracy,Test AUC,Sensitivity,Specificity,Accuracy
lasso,0.7710469223623744,0.7794642857142857,0.6707905544147843,0.6867775831873904,0.7745670809560155,0.7414451237367856,0.7172181836579733,0.7202773361228256,0.5654513367684791,0.5920703040061299,0.640921619245801,0.6231292381794462
linreg,0.7735390999315538,0.7845238095238096,0.6767453798767967,0.6926007005253941,0.7772752099983111,0.7458854608886974,0.7234707556952378,0.7263999942584097,0.5691027136649993,0.6264356889707712,0.6239011840446109,0.6246124908148121
SVR10,0.5784623423291287,0.5413690476190474,0.6545687885010267,0.6379159369527143,0.580719967996753,0.5480273315657256,0.6574377068689851,0.6428467318426667,0.5191393313571019,0.5523473853530894,0.6551894285919515,0.6156317234884059
ridge,0.7735427666960006,0.7845238095238096,0.6767967145790554,0.6926444833625219,0.7772793236803325,0.7458854608886974,0.7235840096097444,0.7264977468097227,0.5692107055294566,0.6264356889707712,0.6239011840446109,0.6246124908148121
