,all,all,all,all,no revasc,no revasc,no revasc,no revasc,with revasc,with revasc,with revasc,with revasc
,Test AUC,Sensitivity,Specificity,Accuracy,Test AUC,Sensitivity,Specificity,Accuracy,Test AUC,Sensitivity,Specificity,Accuracy
lasso,0.7215906920199238,0.7448929608127722,0.6283635927422054,0.6390542907180387,0.7269065162342335,0.7215281480946413,0.6642265567906518,0.6688499615386464,0.5665361750038748,0.6472409534909536,0.6121711129503062,0.6138643929273674
linreg,0.6982987882278286,0.7219430333817128,0.6165879029318335,0.6262697022767074,0.7115976916043097,0.7312773729386413,0.6300140366603542,0.6385228330895939,0.5257924089907152,0.6308161283161284,0.5878134246900398,0.5908431851209033
SVR10,0.5124015172585764,0.3973421625544267,0.7223596945417754,0.6925131348511384,0.5348744002059352,0.4948240687864166,0.6515653371558277,0.6380223391305055,0.4272203841442904,0.64915632978133,0.49509619814405886,0.511314883971409
ridge,0.6985704232585708,0.7209996371552978,0.6172156880249365,0.6267513134851137,0.7117627221020654,0.7338071348434032,0.6271334932871493,0.6360407144845815,0.5254991682837588,0.6337990828615829,0.5849030933060242,0.5891693195519484
