,all,all,all,all,no revasc,no revasc,no revasc,no revasc,with revasc,with revasc,with revasc,with revasc
,Test AUC,Sensitivity,Specificity,Accuracy,Test AUC,Sensitivity,Specificity,Accuracy,Test AUC,Sensitivity,Specificity,Accuracy
lasso,0.7268877847332915,0.7136574074074074,0.6559471820496156,0.6587127845884412,0.7215677720616768,0.7274785852243958,0.6484863457698677,0.6518695956677725,0.6413016917684786,0.6977876984126985,0.7279836223919192,0.7208771293016446
linreg,0.7014122523817691,0.7027447089947086,0.6642556331925034,0.6660245183887917,0.7155745346110389,0.7525597555366367,0.6443259071266962,0.6487337521304672,0.5430792347882989,0.7056448412698412,0.5871376838440813,0.6041084154094214
SVR10,0.5119098620686765,0.4009589947089946,0.7567054117917885,0.7397110332749561,0.5433432051215741,0.48162717579230563,0.7116302210098663,0.7024061399474377,0.44564095506392887,0.6480555555555555,0.5496002482268934,0.56302021150913
ridge,0.7020146594549422,0.7060515873015869,0.6616162590726897,0.6637040280210158,0.7158594275361478,0.7443752317271127,0.6528881689223901,0.6566111727798327,0.5452031707024945,0.7028670634920634,0.5908343527290265,0.6068258842151255
