,all,all,all,all,no revasc,no revasc,no revasc,no revasc,with revasc,with revasc,with revasc,with revasc
,Test AUC,Sensitivity,Specificity,Accuracy,Test AUC,Sensitivity,Specificity,Accuracy,Test AUC,Sensitivity,Specificity,Accuracy
lasso,0.8803327091213484,0.8906359189378058,0.7632104023061468,0.7752189141856393,,,,,,,,
linreg,0.8822578638766915,0.8799965059399021,0.7765534566066481,0.7862959719789842,,,,,,,,
SVR10,0.6297996493550488,0.6998602375960867,0.5887636012636014,0.5992556917688268,,,,,,,,
ridge,0.8822641473685234,0.8799965059399021,0.7765534566066481,0.7862959719789842,,,,,,,,
