,all,all,all,all,no revasc,no revasc,no revasc,no revasc,with revasc,with revasc,with revasc,with revasc
,Test AUC,Sensitivity,Specificity,Accuracy,Test AUC,Sensitivity,Specificity,Accuracy,Test AUC,Sensitivity,Specificity,Accuracy
lasso,0.7706185821135911,0.7667261904761906,0.70212308199967,0.7044220665499124,0.7788096689815214,0.7651709673410525,0.7154723378666591,0.7170343294906908,0.4961592993327482,0.826904761904762,0.4302712877870576,0.46078414530834994
linreg,0.6992301246847525,0.7564285714285716,0.6555221910575815,0.659063047285464,0.7127636673359425,0.7405964300362522,0.7000343758322389,0.701129317577269,0.4072170914695545,0.7282738095238096,0.45944782329736106,0.47969587803561875
SVR10,0.4529539984365301,0.445,0.7337620029698071,0.723642732049037,0.4603573313042955,0.47412859070753804,0.7240980509681679,0.7162363023362,0.43416505025436497,0.6842261904761904,0.5376087058017303,0.552226757726147
ridge,0.7022238875008837,0.7798809523809525,0.6353191717538361,0.6404115586690018,0.7158639567165009,0.754169425023721,0.6851360510050691,0.68733877396626,0.4077306131722619,0.7657142857142858,0.4224524568088762,0.4500630088400738
