,all,all,all,all,no revasc,no revasc,no revasc,no revasc,with revasc,with revasc,with revasc,with revasc
,Test AUC,Sensitivity,Specificity,Accuracy,Test AUC,Sensitivity,Specificity,Accuracy,Test AUC,Sensitivity,Specificity,Accuracy
lasso,0.8786135752688173,0.8116666666666668,0.824798387096774,0.8230735551663748,,,,,,,,
linreg,0.8790268817204302,0.8213333333333332,0.8110887096774192,0.8124343257443082,,,,,,,,
SVR10,0.8315551075268818,0.7433333333333334,0.8638608870967742,0.8480297723292469,,,,,,,,
ridge,0.8792392473118282,0.8210000000000001,0.8119959677419354,0.8131786339754818,,,,,,,,
