,Test AUC,Sensitivity,Specificity,Accuracy
lasso,0.7753185409369395,0.8263227513227515,0.6509772607247319,0.659369527145359
linreg,0.7390251095450459,0.7558531746031745,0.6899704460513487,0.6931260945709282
SVR10,0.40268169748715943,0.4663690476190476,0.6341227081302134,0.6260945709281962
ridge,0.739203191443858,0.7495039682539681,0.6963189592135196,0.6988616462346762
