,all,all,all,all,no revasc,no revasc,no revasc,no revasc,with revasc,with revasc,with revasc,with revasc
,Test AUC,Sensitivity,Specificity,Accuracy,Test AUC,Sensitivity,Specificity,Accuracy,Test AUC,Sensitivity,Specificity,Accuracy
lasso,0.7624901946275746,0.8536375661375659,0.6225540129725922,0.6336252189141858,0.7775765335219192,0.8284429420058709,0.6687651006028575,0.6755337260674389,0.46415920458682214,0.6835615079365078,0.5141191581583491,0.5332081227082766
linreg,0.7341194987817102,0.7583994708994708,0.6894715327429315,0.6927758318739053,0.7452708587090321,0.7214757843224662,0.751812877746661,0.7505706300122951,0.49262132029170447,0.7293353174603174,0.5091426827646248,0.5321769567005918
SVR10,0.32608789122616516,0.7368386243386243,0.3057936572419022,0.3265323992994747,0.315651726048595,0.782040323965381,0.25836485280838983,0.28007955738805446,0.5080392507133948,0.6868551587301586,0.5716831863139908,0.5849741716939396
ridge,0.7366675844677958,0.7601190476190476,0.6899263521016139,0.6933012259194397,0.7484033018987245,0.7490670368279064,0.7261431221976477,0.7272128305083436,0.4917727798193976,0.6857936507936507,0.5390867564056275,0.556469923999019
