,all,all,all,all,no revasc,no revasc,no revasc,no revasc,with revasc,with revasc,with revasc,with revasc
,Test AUC,Sensitivity,Specificity,Accuracy,Test AUC,Sensitivity,Specificity,Accuracy,Test AUC,Sensitivity,Specificity,Accuracy
lasso,0.6777874575436376,0.7021825396825397,0.6160267542790596,0.6200963222416813,0.6927012271785296,0.769159949372579,0.5812132605512039,0.5885357584990902,0.5752560155086619,0.7171861471861473,0.5799583217627299,0.5935167802086748
linreg,0.6921714465405558,0.7207341269841271,0.6262806711082225,0.630735551663748,0.7188071472440536,0.7349121449894012,0.6622301962355526,0.665266140296615,0.5100476171636962,0.655733225108225,0.5983631497561263,0.5972842159728206
SVR10,0.5476457057654245,0.6473214285714284,0.5182712294171811,0.5244746059544659,0.5635058535124562,0.6469034575171168,0.5496024702082011,0.5531088157536523,0.4927133347663079,0.7076930014430014,0.5203000337014297,0.5387171521847943
ridge,0.6921832454974008,0.7207341269841271,0.6262806711082225,0.630735551663748,0.7188223697162983,0.7349121449894012,0.6622301962355526,0.665266140296615,0.5100476171636962,0.655733225108225,0.5983631497561263,0.5972842159728206
