,Test AUC,Sensitivity,Specificity,Accuracy
lasso,0.7463917719856789,0.7921694711538465,0.6292242595754302,0.647723292469352
linreg,0.6783704788104872,0.6597956730769232,0.6598308464111138,0.6598511383537653
SVR10,0.4335908770542445,0.32899639423076915,0.7449350398765114,0.6977670753064799
ridge,0.7021790157654497,0.7176442307692311,0.6332095719219466,0.6428196147110332
