,Test AUC,Sensitivity,Specificity,Accuracy
lasso,0.7913648283865838,0.850641025641026,0.6925154365514454,0.6960595446584938
linreg,0.6815912712152394,0.7166666666666671,0.7000876020287121,0.7004378283712787
SVR10,0.3699149547002136,0.3578525641025641,0.7553317015151225,0.7463222416812609
ridge,0.6825766938529504,0.6812500000000004,0.7366300709792835,0.7353765323992996
