,all,all,all,all,no revasc,no revasc,no revasc,no revasc,with revasc,with revasc,with revasc,with revasc
,Test AUC,Sensitivity,Specificity,Accuracy,Test AUC,Sensitivity,Specificity,Accuracy,Test AUC,Sensitivity,Specificity,Accuracy
lasso,0.6944903808546005,0.7464285714285714,0.5731006160164271,0.5985989492119088,0.7043378492731771,0.7599481499037217,0.5810582247016427,0.6042411988123035,0.5417724548457634,0.4619891070896843,0.7422655835590184,0.6571476986994752
linreg,0.697277732961768,0.7300595238095239,0.5886036960985626,0.6094133099824868,0.7071291128680174,0.7341643871486653,0.6063379919667223,0.6228342813683309,0.5314995889765909,0.5312245364406236,0.6736300570493954,0.6320417273847025
SVR10,0.5307290138848149,0.6235119047619047,0.5018993839835729,0.5197898423817862,0.529620353749276,0.6282984315957869,0.5025217487315012,0.5186987130536116,0.5085786648539664,0.553991098579073,0.6259946610270705,0.6013986537473887
ridge,0.6972801774713991,0.7300595238095239,0.5886036960985626,0.6094133099824868,0.7071281462689355,0.7341643871486653,0.6063379919667223,0.6228342813683309,0.5314995889765909,0.5312245364406236,0.6736300570493954,0.6320417273847025
