,all,all,all,all,no revasc,no revasc,no revasc,no revasc,with revasc,with revasc,with revasc,with revasc
,Test AUC,Sensitivity,Specificity,Accuracy,Test AUC,Sensitivity,Specificity,Accuracy,Test AUC,Sensitivity,Specificity,Accuracy
lasso,0.82447286484625,0.8221248114630468,0.7164512931673336,0.7260507880910684,0.8421575403994371,0.8140196266451847,0.7539761814123699,0.7585392857690711,0.5289516275434301,0.5721976287601286,0.640916647161317,0.6209362121231454
linreg,0.8037315440849528,0.8245192307692311,0.6987787164665777,0.710201401050788,0.8185533385910997,0.822628099435956,0.7229100596910666,0.7304946969621077,0.5506674082944623,0.6363479575979576,0.5959485073232289,0.6018355622390434
SVR10,0.4694508561539334,0.3412801659125189,0.8642760671409515,0.8168563922942207,0.4485924845876229,0.32057689643373666,0.87652638882179,0.8339098090229973,0.540453101343611,0.6758848443223443,0.543430254464967,0.572466197351721
ridge,0.8041365116522377,0.824047888386124,0.6983947495183044,0.7098073555166374,0.8190227682767206,0.822628099435956,0.7222276150832291,0.7298648111662777,0.5497998822922223,0.6305558330558331,0.6011201214234144,0.6043715109405581
