,Test AUC,Sensitivity,Specificity,Accuracy
lasso,0.7637084171068673,0.8666666666666668,0.6085742843408081,0.6209281961471101
linreg,0.7563039194729457,0.8005621693121692,0.6485234028003467,0.6557355516637478
SVR10,0.5477750214189421,0.5818783068783067,0.6197808336041599,0.6180385288966727
ridge,0.7563092567444414,0.802414021164021,0.6467770792709349,0.6541593695271453
