,all,all,all,all,no revasc,no revasc,no revasc,no revasc,with revasc,with revasc,with revasc,with revasc
,Test AUC,Sensitivity,Specificity,Accuracy,Test AUC,Sensitivity,Specificity,Accuracy,Test AUC,Sensitivity,Specificity,Accuracy
lasso,0.8226405363167943,0.8410727752639519,0.7000965243812065,0.7128721541155867,0.8381538703665369,0.8344228776962623,0.7370107299376215,0.7444324782473986,0.5143546262882943,0.6665576784326785,0.5261423630416698,0.5558805531137457
linreg,0.8121073745193941,0.8130938914027149,0.7259599636875649,0.733844133099825,0.820853878449822,0.7795258841976077,0.7746436065428588,0.7750129339514623,0.5334796005514224,0.7494962676212678,0.4758872461511701,0.542010994420101
SVR10,0.371626910435139,0.3143288084464554,0.7550722543352603,0.7152364273204903,0.36431643950018555,0.38417677755054985,0.6898689360738886,0.6659495659246366,0.4842024923666363,0.576958805083805,0.5932610554809462,0.5822676860327588
ridge,0.8121658100768098,0.8179015837104073,0.7216717615236402,0.730385288966725,0.8209106622408049,0.786160499582223,0.7682724356156571,0.7695863138462448,0.5333138137888133,0.7503937035187037,0.4741892511637015,0.5388822191529752
