,Test AUC,Sensitivity,Specificity,Accuracy
lasso,0.7323253785204379,0.7705823657474602,0.6269594222628905,0.6401488616462347
linreg,0.7189407438303175,0.7325199564586357,0.647317197461706,0.6551225919439583
SVR10,0.373738168886222,0.5122822931785195,0.5401014350436316,0.5375656742556918
ridge,0.7192951681527315,0.7372006531204643,0.6432586798193736,0.6518826619964971
