,all,all,all,all,no revasc,no revasc,no revasc,no revasc,with revasc,with revasc,with revasc,with revasc
,Test AUC,Sensitivity,Specificity,Accuracy,Test AUC,Sensitivity,Specificity,Accuracy,Test AUC,Sensitivity,Specificity,Accuracy
lasso,0.8058513759421132,0.848814935064935,0.6601090351471364,0.6785464098073556,0.8216621073252396,0.8276354179866953,0.7037993451903158,0.7141501055800508,0.5027963686053775,0.6860272611375552,0.4892717908221589,0.5307417372535671
linreg,0.8058513759421132,0.848814935064935,0.6601090351471364,0.6785464098073556,0.8216621073252396,0.8276354179866953,0.7037993451903158,0.7141501055800508,0.5027963686053775,0.6860272611375552,0.4892717908221589,0.5307417372535671
SVR10,0.5311829262124191,0.761176948051948,0.5190995898246407,0.5427758318739054,0.5342119662503302,0.6926693332455565,0.6000480088234837,0.6076863714170604,0.4949829769882873,0.6472149888510181,0.5221253870840259,0.5491823102132949
ridge,0.8058513759421132,0.848814935064935,0.6601090351471364,0.6785464098073556,0.8216621073252396,0.8276354179866953,0.7037993451903158,0.7141501055800508,0.5027963686053775,0.6860272611375552,0.4892717908221589,0.5307417372535671
