,all,all,all,all,no revasc,no revasc,no revasc,no revasc,with revasc,with revasc,with revasc,with revasc
,Test AUC,Sensitivity,Specificity,Accuracy,Test AUC,Sensitivity,Specificity,Accuracy,Test AUC,Sensitivity,Specificity,Accuracy
lasso,0.780698697177982,0.7904594594594594,0.6786516477899656,0.6932574430823119,0.7866947250039413,0.7538728463647529,0.7242673930813841,0.7275709294219425,0.5471095194886081,0.6074404940175064,0.6078780884710175,0.6041996412092016
linreg,0.7740975876692879,0.7529324324324322,0.7069058504251314,0.7129159369527144,0.7771515813934265,0.7131835246865178,0.7458552347484103,0.7420048756847241,0.5480002428212003,0.7220763717706442,0.5042493505011791,0.5694924639529133
SVR10,0.38036688777316613,0.16602252252252253,0.8996777033166742,0.8036777583187392,0.370125607053752,0.176401636106031,0.8882020090192408,0.80595232394764,0.5169493712298193,0.6025609282788076,0.581102263648092,0.5876550802383159
ridge,0.7750979454173457,0.7475405405405406,0.7166729205880445,0.7207092819614711,0.778370793765523,0.7020070731273275,0.7606136618769145,0.7537778438600108,0.5448916142991631,0.67189259109054,0.5497413976217592,0.5815877189874105
