,all,all,all,all,no revasc,no revasc,no revasc,no revasc,with revasc,with revasc,with revasc,with revasc
,Test AUC,Sensitivity,Specificity,Accuracy,Test AUC,Sensitivity,Specificity,Accuracy,Test AUC,Sensitivity,Specificity,Accuracy
lasso,0.7634788459198905,0.8548280423280421,0.6124970378344708,0.6240805604203152,0.781238725592568,0.8271854731080654,0.6705436497012152,0.6771149243329555,0.4730444428108257,0.7177678571428572,0.5006101147038682,0.5168331931322334
linreg,0.7586529704730267,0.8040013227513227,0.6504920580110495,0.6577933450087565,0.7833867947464236,0.8012348859365535,0.7044124071299253,0.7083726862834043,0.48200679126735346,0.6520238095238093,0.573464559701471,0.5762198067826954
SVR10,0.560956674144489,0.6491071428571429,0.5620985842541437,0.5662872154115588,0.5684652352052186,0.6571423021858813,0.5764277326166491,0.5792928458086503,0.4827581277755978,0.6341964285714285,0.5919414286398472,0.5931066189646313
ridge,0.75864780649829,0.8049272486772485,0.6495269844816378,0.6569176882661996,0.7833717749183807,0.8012348859365535,0.7043629021794302,0.7083252564899347,0.48200679126735346,0.6520238095238093,0.573464559701471,0.5762198067826954
