,all,all,all,all,no revasc,no revasc,no revasc,no revasc,with revasc,with revasc,with revasc,with revasc
,Test AUC,Sensitivity,Specificity,Accuracy,Test AUC,Sensitivity,Specificity,Accuracy,Test AUC,Sensitivity,Specificity,Accuracy
lasso,0.77505696492839,0.8478835978835976,0.6307671670187414,0.6411120840630473,0.7862664055448217,0.8072159464576345,0.6945913543721007,0.6994567578252672,0.5596087888429297,0.647408424908425,0.6650251149973665,0.6603314867593704
linreg,0.7329452641246796,0.7623677248677249,0.6748953086068681,0.6790718038528897,0.7456888835825999,0.7335022461553791,0.7263513347161412,0.7268527531946997,0.5387077428016032,0.6730563186813188,0.6041049740710683,0.6089821977076157
SVR10,0.40282437176835123,0.4507275132275132,0.6737613916422922,0.6630035026269703,0.41020469025186895,0.49935281523676683,0.6380857310739223,0.6324406645595343,0.45752065458467034,0.6036309523809523,0.6133278849279119,0.6150529100355475
ridge,0.7331977709361829,0.7586640211640212,0.678617396544253,0.6824430823117338,0.7457581751877427,0.7335617699649029,0.7259053077466155,0.7264233942816143,0.5399521365693031,0.6730563186813188,0.6076087898462502,0.6119863686966143
