,all,all,all,all,no revasc,no revasc,no revasc,no revasc,with revasc,with revasc,with revasc,with revasc
,Test AUC,Sensitivity,Specificity,Accuracy,Test AUC,Sensitivity,Specificity,Accuracy,Test AUC,Sensitivity,Specificity,Accuracy
lasso,0.8057281260171303,0.8357711038961039,0.6765481297508844,0.6921190893169877,0.8213485048301236,0.8268048981075143,0.7082495682699227,0.718127357395805,0.49848081478702866,0.6538640334983215,0.5236956333452478,0.5578085686156535
linreg,0.8057281260171303,0.8357711038961039,0.6765481297508844,0.6921190893169877,0.8213485048301236,0.8268048981075143,0.7082495682699227,0.718127357395805,0.49848081478702866,0.6538640334983215,0.5236956333452478,0.5578085686156535
SVR10,0.4845852160934574,0.7675811688311688,0.47504035899751623,0.5035901926444836,0.48654833347525245,0.7442996806621823,0.5100501037308405,0.5299523439730811,0.49712260517735507,0.6051752651588178,0.5703972659971728,0.5799578754479715
ridge,0.8057281260171303,0.8357711038961039,0.6765481297508844,0.6921190893169877,0.8213485048301236,0.8268048981075143,0.7082495682699227,0.718127357395805,0.49848081478702866,0.6538640334983215,0.5236956333452478,0.5578085686156535
