,all,all,all,all,no revasc,no revasc,no revasc,no revasc,with revasc,with revasc,with revasc,with revasc
,Test AUC,Sensitivity,Specificity,Accuracy,Test AUC,Sensitivity,Specificity,Accuracy,Test AUC,Sensitivity,Specificity,Accuracy
lasso,0.7844074268884156,0.7739459459459461,0.7071628358862856,0.7158931698774083,0.7895311828751521,0.7458842548975445,0.7391570703305307,0.7398928202111603,0.5524845927827131,0.726343109612266,0.5189481792864661,0.5714948572520386
linreg,0.776751450197114,0.7588558558558558,0.7087183382553384,0.7152802101576181,0.7789619599165926,0.729920203460811,0.7350845725131119,0.7342979936518517,0.5624443721509038,0.819486510329196,0.43303279970082276,0.5410712520221524
SVR10,0.5096279214629538,0.30118918918918924,0.8653438777828262,0.7914623467600701,0.5096365549823549,0.3142670422874661,0.8594527413672605,0.7968955384813511,0.5079330340216816,0.6332715188578193,0.5438121100965657,0.5694280685229433
ridge,0.7767768721636709,0.7568468468468466,0.7109343561368209,0.7169439579684764,0.7789827472352487,0.7289768072343958,0.7362900350085855,0.7352756861951877,0.5628002072985602,0.821049010329196,0.4342571604919357,0.5424779471788477
