,all,all,all,all,no revasc,no revasc,no revasc,no revasc,with revasc,with revasc,with revasc,with revasc
,Test AUC,Sensitivity,Specificity,Accuracy,Test AUC,Sensitivity,Specificity,Accuracy,Test AUC,Sensitivity,Specificity,Accuracy
lasso,0.9029517355905327,0.8766641065028162,0.8241744079018609,0.8299474605954467,,,,,,,,
linreg,0.9005305527988732,0.8910778289810549,0.8070723048125862,0.8162872154115586,,,,,,,,
SVR10,0.8617193875545327,0.8094470046082949,0.8304198637130084,0.8281523642732053,,,,,,,,
ridge,0.9007776341257454,0.8922747055811573,0.8062849999226522,0.8157180385288967,,,,,,,,
