,Test AUC,Sensitivity,Specificity,Accuracy
lasso,0.7937076015798821,0.8248397435897438,0.7178058937811376,0.7202276707530648
linreg,0.7441612807047919,0.778044871794872,0.7200456364091024,0.7213660245183887
SVR10,0.3702244872115465,0.41907051282051266,0.7174071562762484,0.7105954465849387
ridge,0.7447470842069494,0.7741987179487181,0.7238088368245907,0.7249562171628723
