,all,all,all,all,no revasc,no revasc,no revasc,no revasc,with revasc,with revasc,with revasc,with revasc
,Test AUC,Sensitivity,Specificity,Accuracy,Test AUC,Sensitivity,Specificity,Accuracy,Test AUC,Sensitivity,Specificity,Accuracy
lasso,0.8700552559324626,0.8492831541218638,0.785462559751249,0.7924255691768827,,,,,,,,
linreg,0.8730913030062096,0.8696492575524835,0.7741013141407421,0.7845446584938702,,,,,,,,
SVR10,0.6598515897950964,0.7253840245775731,0.5895886832294294,0.6045534150612958,,,,,,,,
ridge,0.8730905328936519,0.8696492575524835,0.7741013141407421,0.7845446584938702,,,,,,,,
