,all,all,all,all,no revasc,no revasc,no revasc,no revasc,with revasc,with revasc,with revasc,with revasc
,Test AUC,Sensitivity,Specificity,Accuracy,Test AUC,Sensitivity,Specificity,Accuracy,Test AUC,Sensitivity,Specificity,Accuracy
lasso,0.9255864174872602,0.9474930118798041,0.8156504148525425,0.8280647985989491,,,,,,,,
linreg,0.9069800051684835,0.9018693221523408,0.8258074875096153,0.8329684763572679,,,,,,,,
SVR10,0.8566017049206531,0.7920160726764502,0.8542689484178849,0.8484238178633976,,,,,,,,
ridge,0.9112960047875746,0.9008473095737246,0.8322266864820055,0.8387040280210156,,,,,,,,
