,Test AUC,Sensitivity,Specificity,Accuracy
lasso,0.7727467924673477,0.8096153846153848,0.7003850321554749,0.7027583187390543
linreg,0.699503521713762,0.7719551282051287,0.6810484672450164,0.6830560420315237
SVR10,0.3243205833509659,0.7342948717948717,0.32424099614647256,0.33353765323993
ridge,0.7025600150037512,0.7679487179487186,0.6836450298472052,0.6855078809106832
