,all,all,all,all,no revasc,no revasc,no revasc,no revasc,with revasc,with revasc,with revasc,with revasc
,Test AUC,Sensitivity,Specificity,Accuracy,Test AUC,Sensitivity,Specificity,Accuracy,Test AUC,Sensitivity,Specificity,Accuracy
lasso,0.7766638724566228,0.7719729729729728,0.6889627076977995,0.6998248686514886,0.7835119697526852,0.7520527479362158,0.7208804813897159,0.7243770896476148,0.5471813594665472,0.5993620236402745,0.6114998296336094,0.6025501656115543
linreg,0.7753950260521278,0.7760090090090089,0.6873056889725448,0.6989054290718038,0.7808621717895641,0.7465617785452754,0.7279737157772832,0.7300969007737785,0.5555423619980864,0.6601679293358859,0.5594430090542415,0.5822432675698528
SVR10,0.49829679656330883,0.5346216216216215,0.5980483708703834,0.5897985989492118,0.4987527400877741,0.5282783818492719,0.608589861078411,0.5994639690448216,0.4918793751338516,0.5675376801131444,0.600044958692636,0.5906065812950886
ridge,0.7753990197542416,0.7760090090090089,0.6873056889725448,0.6989054290718038,0.7808669229573784,0.7465617785452754,0.7279737157772832,0.7300969007737785,0.5554172173221604,0.6651679293358859,0.553887453498686,0.5804575532841385
