,all,all,all,all,no revasc,no revasc,no revasc,no revasc,with revasc,with revasc,with revasc,with revasc
,Test AUC,Sensitivity,Specificity,Accuracy,Test AUC,Sensitivity,Specificity,Accuracy,Test AUC,Sensitivity,Specificity,Accuracy
lasso,0.8651430545750095,0.8622990915443747,0.7676751081006402,0.7765761821366025,,,,,,,,
linreg,0.8651430545750095,0.8622990915443747,0.7676751081006402,0.7765761821366025,,,,,,,,
SVR10,0.19143287166169545,0.6429944095038435,0.41118020133977584,0.4330560420315236,,,,,,,,
ridge,0.8651430545750095,0.8622990915443747,0.7676751081006402,0.7765761821366025,,,,,,,,
