,Test AUC,Sensitivity,Specificity,Accuracy
lasso,0.7702566270692406,0.8619047619047621,0.6198456525325853,0.628415061295972
linreg,0.7021573919123828,0.7411904761904763,0.6759578452400594,0.6782399299474604
SVR10,0.3272268170426064,0.6316071428571429,0.42528683385579924,0.4323555166374783
ridge,0.7007908957346346,0.752202380952381,0.6656540174888633,0.6686952714535901
