,all,all,all,all,no revasc,no revasc,no revasc,no revasc,with revasc,with revasc,with revasc,with revasc
,Test AUC,Sensitivity,Specificity,Accuracy,Test AUC,Sensitivity,Specificity,Accuracy,Test AUC,Sensitivity,Specificity,Accuracy
lasso,0.7449982047895666,0.7745793269230772,0.6428673472569794,0.6577933450087564,0.7509043407875453,0.7316941964401795,0.6947374693648574,0.6987107687107939,0.579268177521504,0.6940146393639041,0.5772214417736006,0.6008827932974976
linreg,0.7205294646563721,0.7097596153846157,0.6726955040500191,0.6768826619964972,0.7279737423339705,0.7129648219744533,0.6804949754339751,0.683956169777759,0.5759601963024742,0.6110619282678107,0.6567250449018922,0.652014723322739
SVR10,0.4445328643190004,0.2964002403846154,0.7818740206282013,0.726926444833625,0.4499420779376269,0.2929015484113109,0.7870954462999937,0.7368500778031642,0.48914828293012447,0.5724620987672459,0.6168378090881813,0.6044286361141152
ridge,0.7207430407959518,0.7171274038461541,0.6659831528560627,0.6717600700525395,0.7281291278425501,0.7067316569912883,0.6869716380143648,0.6891475286112512,0.5762084617510068,0.6110619282678107,0.6579215539109012,0.6529457578054976
