,all,all,all,all,no revasc,no revasc,no revasc,no revasc,with revasc,with revasc,with revasc,with revasc
,Test AUC,Sensitivity,Specificity,Accuracy,Test AUC,Sensitivity,Specificity,Accuracy,Test AUC,Sensitivity,Specificity,Accuracy
lasso,0.8652973622112523,0.8630765199161425,0.7667969537650389,0.7758756567425571,,,,,,,,
linreg,0.8652973622112523,0.8630765199161425,0.7667969537650389,0.7758756567425571,,,,,,,,
SVR10,0.27936270814131114,0.6426275331935709,0.483901499592989,0.49886164623467605,,,,,,,,
ridge,0.8652973622112523,0.8630765199161425,0.7667969537650389,0.7758756567425571,,,,,,,,
