,all,all,all,all,no revasc,no revasc,no revasc,no revasc,with revasc,with revasc,with revasc,with revasc
,Test AUC,Sensitivity,Specificity,Accuracy,Test AUC,Sensitivity,Specificity,Accuracy,Test AUC,Sensitivity,Specificity,Accuracy
lasso,0.9080292929851337,0.9553109713487071,0.8016871354637309,0.8161558669001752,,,,,,,,
linreg,0.9019299148815406,0.9335167714884693,0.804112771931921,0.8162872154115588,,,,,,,,
SVR10,0.8758017499035164,0.9046645702306078,0.7617326534879727,0.7751751313485116,,,,,,,,
ridge,0.9019796531087177,0.9395614954577217,0.7988444993764142,0.8120840630472854,,,,,,,,
