,all,all,all,all,no revasc,no revasc,no revasc,no revasc,with revasc,with revasc,with revasc,with revasc
,Test AUC,Sensitivity,Specificity,Accuracy,Test AUC,Sensitivity,Specificity,Accuracy,Test AUC,Sensitivity,Specificity,Accuracy
lasso,0.7314199264047259,0.7684960087082728,0.6242334717045701,0.6375218914185641,0.7369485417405859,0.7479540423765799,0.6525095758073628,0.6603310014889581,0.5529753339639306,0.6086304667554667,0.6389498726003578,0.6324865400417367
linreg,0.717951633243309,0.7356404208998549,0.6410668719917274,0.6497810858143607,0.7229089046188195,0.7026516000785828,0.6856688705773939,0.6871793645217694,0.539720551884374,0.746931956931957,0.5070021765405107,0.5469598182872097
SVR10,0.35641257468371934,0.5310232220609581,0.507706478154455,0.5098511383537654,0.35197807230998185,0.537129140355775,0.5030884311258572,0.5058261381712994,0.49516403361650363,0.6932127594627595,0.5147633350362824,0.5456280922853673
ridge,0.7203963240236961,0.7404390420899855,0.6381342015012536,0.6475481611208407,0.7250750194941427,0.7190825516113306,0.671189100237731,0.6753534252593503,0.5437346449900458,0.7499117549117551,0.5024693606892819,0.5439115268854081
