,all,all,all,all,no revasc,no revasc,no revasc,no revasc,with revasc,with revasc,with revasc,with revasc
,Test AUC,Sensitivity,Specificity,Accuracy,Test AUC,Sensitivity,Specificity,Accuracy,Test AUC,Sensitivity,Specificity,Accuracy
lasso,0.8800611969251474,0.8902277432712212,0.7984035912239266,0.8095884413309982,,,,,,,,
linreg,0.8730490608696243,0.8942080745341613,0.7871382732542882,0.8001751313485116,,,,,,,,
SVR10,0.6140002597314588,0.44711697722567284,0.9050937964708033,0.8492994746059541,,,,,,,,
ridge,0.8730752661611524,0.8902639751552796,0.7904326804558214,0.8025831873905428,,,,,,,,
