,all,all,all,all,no revasc,no revasc,no revasc,no revasc,with revasc,with revasc,with revasc,with revasc
,Test AUC,Sensitivity,Specificity,Accuracy,Test AUC,Sensitivity,Specificity,Accuracy,Test AUC,Sensitivity,Specificity,Accuracy
lasso,0.8146843695237098,0.8400923831070889,0.6869995924114422,0.7008756567425568,0.8322732528905756,0.838974759142404,0.7189098755459222,0.7281969636878936,0.5095114114069569,0.6028143506819978,0.5812659699635222,0.5844304755219699
linreg,0.8146843695237098,0.8400923831070889,0.6869995924114422,0.7008756567425568,0.8322732528905756,0.838974759142404,0.7189098755459222,0.7281969636878936,0.5095114114069569,0.6028143506819978,0.5812659699635222,0.5844304755219699
SVR10,0.5356107834418782,0.7178450226244344,0.5744155735882617,0.5874343257443082,0.5361854746435362,0.7176513028528311,0.59049637028591,0.6007565722089243,0.5452180968177153,0.6227496237422708,0.5973897279943007,0.6016923412855302
ridge,0.8146843695237098,0.8400923831070889,0.6869995924114422,0.7008756567425568,0.8322732528905756,0.838974759142404,0.7189098755459222,0.7281969636878936,0.5095114114069569,0.6028143506819978,0.5812659699635222,0.5844304755219699
