,all,all,all,all,no revasc,no revasc,no revasc,no revasc,with revasc,with revasc,with revasc,with revasc
,Test AUC,Sensitivity,Specificity,Accuracy,Test AUC,Sensitivity,Specificity,Accuracy,Test AUC,Sensitivity,Specificity,Accuracy
lasso,0.821254818532055,0.8451780758556895,0.7059056706652126,0.7172504378283714,0.8375396636602701,0.8225451974795328,0.7613484218890697,0.7656525538308319,0.5179767804222004,0.6280774576730459,0.5731461590524484,0.5856507415158636
linreg,0.8282618323805219,0.8433973172987976,0.7157589058524174,0.726182136602452,0.8426021531042996,0.8381572728827702,0.7521795319056453,0.7580850984796157,0.536380721807549,0.7011064017681665,0.5211953663554328,0.5559438803518287
SVR10,0.5510012185460439,0.7394079555966697,0.4621390403489639,0.48471978984238195,0.5548112545379471,0.5967699249957628,0.6216836706350162,0.6200912927686522,0.4918824978325696,0.5920070329996802,0.5842079684445604,0.5847531190191857
ridge,0.8282679631929317,0.8433973172987976,0.7157111959287532,0.7261383537653241,0.8426007301059897,0.8381572728827702,0.7521795319056453,0.7580850984796157,0.536380721807549,0.7011064017681665,0.5211953663554328,0.5559438803518287
