,all,all,all,all,no revasc,no revasc,no revasc,no revasc,with revasc,with revasc,with revasc,with revasc
,Test AUC,Sensitivity,Specificity,Accuracy,Test AUC,Sensitivity,Specificity,Accuracy,Test AUC,Sensitivity,Specificity,Accuracy
lasso,0.9191835023228039,0.9506551362683437,0.7843289545417206,0.8000000000000002,,,,,,,,
linreg,0.9058188818827115,0.9105782669461915,0.8107684293854508,0.8201838879159368,,,,,,,,
SVR10,0.8582835621625268,0.8078004891684138,0.8481316699401807,0.8443520140105081,,,,,,,,
ridge,0.9086889314408383,0.928799790356394,0.8034766771468901,0.8152802101576182,,,,,,,,
