,all,all,all,all,no revasc,no revasc,no revasc,no revasc,with revasc,with revasc,with revasc,with revasc
,Test AUC,Sensitivity,Specificity,Accuracy,Test AUC,Sensitivity,Specificity,Accuracy,Test AUC,Sensitivity,Specificity,Accuracy
lasso,0.8308852785766911,0.8479532839962995,0.7268382406397673,0.7366900175131348,0.8438230705321328,0.8151252924744885,0.7794663810932491,0.7818566054159819,0.5089329959741036,0.7347476828726829,0.4531099905967162,0.5192477099532254
linreg,0.8191214981617986,0.8171369102682702,0.7415995092693566,0.7477670753064799,0.8268162593241813,0.8060055527438712,0.7708840545771214,0.7731488528736218,0.5319867183897806,0.7724290639915641,0.4495899823328866,0.5247251573048245
SVR10,0.4982731642282294,0.4213344125809435,0.7589274809160305,0.7314360770577935,0.5066729167346011,0.4362226205055684,0.7613819243594373,0.7399720460845097,0.46769217618467174,0.5759031246531247,0.5694068095144406,0.5634263163733256
ridge,0.8190297426114667,0.8150208140610544,0.7436045074518357,0.749430823117338,0.8267074317930359,0.8060055527438712,0.7704650660224031,0.7727600804477823,0.5316233845158765,0.7724290639915641,0.4490341338928817,0.5242720696134532
