,Test AUC,Sensitivity,Specificity,Accuracy
lasso,0.625505,0.6208000000000005,0.6358999999999998,0.6342222222222222
SVC,0.57245,0.4972,0.6482000000000002,0.6314222222222224
linreg,0.6426989999999999,0.7371999999999999,0.5664500000000001,0.5854222222222224
