,all,all,all,all,no revasc,no revasc,no revasc,no revasc,with revasc,with revasc,with revasc,with revasc
,Test AUC,Sensitivity,Specificity,Accuracy,Test AUC,Sensitivity,Specificity,Accuracy,Test AUC,Sensitivity,Specificity,Accuracy
lasso,0.6931845341142979,0.539423076923077,0.8617904476119029,0.8545971978984236,0.6665386375298372,0.47745220057720045,0.8951339769496013,0.8881150696004187,0.6086403903907707,0.7254761904761905,0.7545740698765149,0.7492583089750621
linreg,0.6963968756612232,0.7306089743589744,0.6717760369579575,0.6731173380035025,0.7107241968866138,0.7848926767676768,0.6755001393183468,0.6772082333401055,0.5662416579812882,0.705952380952381,0.660435337390784,0.6655126296899593
SVR10,0.505893520655805,0.4855769230769229,0.7370235988484303,0.731260945709282,0.4952914950794633,0.4531691919191919,0.7806701490317834,0.7751585034713492,0.5873520783778929,0.7342857142857144,0.6516726558545184,0.6575260495560726
ridge,0.6970281833278833,0.7306089743589744,0.6736573566468541,0.6749562171628722,0.7112313118402466,0.7848926767676768,0.6753051389613721,0.6770155017120241,0.5672877662966496,0.705952380952381,0.660504741093797,0.6655713341434006
