,all,all,all,all,no revasc,no revasc,no revasc,no revasc,with revasc,with revasc,with revasc,with revasc
,Test AUC,Sensitivity,Specificity,Accuracy,Test AUC,Sensitivity,Specificity,Accuracy,Test AUC,Sensitivity,Specificity,Accuracy
lasso,0.8651525099186681,0.8702393431167016,0.7618653054823267,0.7720665499124344,,,,,,,,
linreg,0.8651525099186681,0.8702393431167016,0.7618653054823267,0.7720665499124344,,,,,,,,
SVR10,0.23041002501560515,0.7096785464709993,0.37694282428324977,0.40836252189141853,,,,,,,,
ridge,0.8651525099186681,0.8702393431167016,0.7618653054823267,0.7720665499124344,,,,,,,,
