,all,all,all,all,no revasc,no revasc,no revasc,no revasc,with revasc,with revasc,with revasc,with revasc
,Test AUC,Sensitivity,Specificity,Accuracy,Test AUC,Sensitivity,Specificity,Accuracy,Test AUC,Sensitivity,Specificity,Accuracy
lasso,0.9069699658419046,0.9665006988120195,0.7985903041754107,0.8144045534150613,,,,,,,,
linreg,0.8961800077617019,0.9413958770090843,0.7832223699244976,0.7981173380035027,,,,,,,,
SVR10,0.8775165423599788,0.9176100628930814,0.7667949933907381,0.7809982486865147,,,,,,,,
ridge,0.8961470944660427,0.9404699510831585,0.7845276058042016,0.799211908931699,,,,,,,,
