,all,all,all,all,no revasc,no revasc,no revasc,no revasc,with revasc,with revasc,with revasc,with revasc
,Test AUC,Sensitivity,Specificity,Accuracy,Test AUC,Sensitivity,Specificity,Accuracy,Test AUC,Sensitivity,Specificity,Accuracy
lasso,0.7710037685703478,0.8137820512820516,0.6975654169952745,0.7001751313485112,0.779291345511427,0.7993858225108226,0.7505963731802007,0.7512899304194807,0.45680033058530495,0.7229166666666667,0.5086009223198158,0.5244654226651599
linreg,0.7823760026545099,0.8535256410256412,0.6814137027846707,0.6852451838879159,0.8102365367316826,0.8563600288600292,0.7380875348261898,0.7399020016423419,0.45237043211362227,0.671875,0.553905647556543,0.5626482325530292
SVR10,0.5951585652823461,0.7549679487179488,0.5492799481921762,0.5538966725043784,0.6025591624444019,0.7423142135642133,0.5961346392096982,0.5987497696639238,0.5156469302313422,0.7504166666666667,0.560399339024372,0.5760240515091579
ridge,0.7823826148844906,0.8535256410256412,0.6813689800655294,0.6852014010507881,0.8102275007930413,0.8563600288600292,0.7380383222277647,0.7398535520299387,0.45255724173025647,0.671875,0.553905647556543,0.5626482325530292
