,all,all,all,all,no revasc,no revasc,no revasc,no revasc,with revasc,with revasc,with revasc,with revasc
,Test AUC,Sensitivity,Specificity,Accuracy,Test AUC,Sensitivity,Specificity,Accuracy,Test AUC,Sensitivity,Specificity,Accuracy
lasso,0.7866842888923193,0.7620405405405407,0.7185582243460764,0.7242119089316988,0.7915445787077469,0.721355486828241,0.7604453718427407,0.7559511842833524,0.566409755971785,0.6446910603586301,0.6031557834708069,0.6123737891701916
linreg,0.7655508662626735,0.7247792792792794,0.727002843674953,0.7267075306479858,0.7646638389987824,0.6908827096178022,0.75065482294104,0.7437366087401664,0.5721979858437176,0.8191235272939995,0.43607969194190604,0.5398237361056585
SVR10,0.6143466903206509,0.4816576576576576,0.8031838206659309,0.7610770577933452,0.6151660734587374,0.4640150263666406,0.8251878016890691,0.7835118859435459,0.5322011849914938,0.6647873339465833,0.55002441534608,0.5851605246518665
ridge,0.7657779148006318,0.7244594594594596,0.7270050748036609,0.7266637478108581,0.7648764309256475,0.694379355098028,0.7470245595056643,0.740989197294929,0.5730933502935939,0.8151503130082851,0.4414378326227391,0.5427302536812115
