,Test AUC,Sensitivity,Specificity,Accuracy
lasso,0.7689886766288762,0.8656547619047619,0.6212040917340373,0.6298598949211908
linreg,0.7195086373849986,0.7629761904761907,0.6627370895891767,0.6662872154115587
SVR10,0.378723758848532,0.49482142857142863,0.5788565418247813,0.5757005253940455
ridge,0.7194090143069272,0.7530952380952383,0.671406781059231,0.6742994746059544
