,all,all,all,all,no revasc,no revasc,no revasc,no revasc,with revasc,with revasc,with revasc,with revasc
,Test AUC,Sensitivity,Specificity,Accuracy,Test AUC,Sensitivity,Specificity,Accuracy,Test AUC,Sensitivity,Specificity,Accuracy
lasso,0.7817231576760768,0.7969594594594597,0.6779399177321996,0.6935201401050789,0.7876060076904289,0.7682572485514236,0.7178077952706765,0.7236321778899135,0.5501793053599315,0.6395411434111125,0.5802274729333297,0.599272921339103
linreg,0.7777896128405131,0.7494684684684685,0.7208532444668009,0.7246059544658494,0.7797057959142408,0.7246837993792943,0.7427882716452683,0.740824208729488,0.563558026138974,0.7578976198809789,0.476942491371387,0.5593233271505442
SVR10,0.43731396344501183,0.2953918918918918,0.8181394820536119,0.7496935201401052,0.43159611791138836,0.2566309790297495,0.8555125749471932,0.7865269334186864,0.5078359251040869,0.6478159670352007,0.5317305866457225,0.5596818363038101
ridge,0.7779172580162753,0.7474324324324325,0.7219576531771273,0.7253064798598949,0.7798489726161609,0.7291584698381772,0.738083035753053,0.7372097554764252,0.5643401017997836,0.7545494055952646,0.4803907672334559,0.5605466798637224
