,Test AUC,Sensitivity,Specificity,Accuracy
lasso,0.7402463028714595,0.7563701923076926,0.6556516087034483,0.6670753064798601
linreg,0.7398644696823523,0.7312379807692311,0.6755983425715867,0.6819176882661997
SVR10,0.5526220663916629,0.6193569711538462,0.5571334323424624,0.5641856392294222
ridge,0.7398691028174724,0.7288942307692311,0.6780147110414668,0.6838003502626971
