,Test AUC,Sensitivity,Specificity,Accuracy
lasso,0.7432413252108012,0.771017779390421,0.644209889079831,0.6558669001751313
linreg,0.7428273305021723,0.7568124092888245,0.661042359452764,0.6698336252189143
SVR10,0.5552195676824182,0.5624183599419449,0.6113562984950269,0.6068301225919439
ridge,0.742834678309171,0.7568124092888245,0.6610424524441865,0.6698336252189143
