,all,all,all,all,no revasc,no revasc,no revasc,no revasc,with revasc,with revasc,with revasc,with revasc
,Test AUC,Sensitivity,Specificity,Accuracy,Test AUC,Sensitivity,Specificity,Accuracy,Test AUC,Sensitivity,Specificity,Accuracy
lasso,0.770674999531624,0.8574481074481073,0.6330853417604777,0.641025641025641,0.7900205748056315,0.8487070237278619,0.6797124814741803,0.6848537810313107,0.4748882496859173,0.715873015873016,0.5311233661547806,0.5439720888567042
linreg,0.7122749865581083,0.7161782661782663,0.6925341083598797,0.6933405182091696,0.736240191306141,0.7236658281430847,0.7329828529203124,0.7327233570548758,0.4078519667861751,0.7344017094017093,0.45425334167049386,0.47561842941171917
SVR10,0.36142903879745986,0.6092796092796093,0.4555298905571138,0.46095469037675696,0.36864928881946274,0.6494106781437099,0.42927577793451416,0.43643153636477394,0.4431754629206603,0.7239316239316239,0.5006246770678698,0.5184826507810747
ridge,0.7119887331865554,0.7098290598290599,0.7012411424026668,0.7015133144730341,0.7360384892800406,0.7200168366249577,0.7393867726786959,0.7387526402530193,0.40657920463405717,0.7344017094017093,0.4544105689704918,0.47580179993284005
