,all,all,all,all,no revasc,no revasc,no revasc,no revasc,with revasc,with revasc,with revasc,with revasc
,Test AUC,Sensitivity,Specificity,Accuracy,Test AUC,Sensitivity,Specificity,Accuracy,Test AUC,Sensitivity,Specificity,Accuracy
lasso,0.9061001973888363,0.9549703004891683,0.7996639358341485,0.8142732049036777,,,,,,,,
linreg,0.8987884367224993,0.9409940600978336,0.7933295930636356,0.8072241681260947,,,,,,,,
SVR10,0.8537607578304085,0.8802061495457718,0.7572144574804149,0.7688266199649737,,,,,,,,
ridge,0.8987397541592645,0.9423742138364778,0.7924098041119317,0.806523642732049,,,,,,,,
