,all,all,all,all,no revasc,no revasc,no revasc,no revasc,with revasc,with revasc,with revasc,with revasc
,Test AUC,Sensitivity,Specificity,Accuracy,Test AUC,Sensitivity,Specificity,Accuracy,Test AUC,Sensitivity,Specificity,Accuracy
lasso,0.8190419229709471,0.7613361840945159,0.7837289117538004,0.7795534150612962,,,,,,,,
linreg,0.8155363414044532,0.7672456356903543,0.7725907258064517,0.771584938704028,,,,,,,,
SVR10,0.7469900772058133,0.6861532357608888,0.8097900444938823,0.7866900175131347,,,,,,,,
ridge,0.8168463226703331,0.7787030506083583,0.7637014506859474,0.7665061295971978,,,,,,,,
