,all,all,all,all,no revasc,no revasc,no revasc,no revasc,with revasc,with revasc,with revasc,with revasc
,Test AUC,Sensitivity,Specificity,Accuracy,Test AUC,Sensitivity,Specificity,Accuracy,Test AUC,Sensitivity,Specificity,Accuracy
lasso,0.8571663459224101,0.8367703533026113,0.7746619896972601,0.7814798598949213,,,,,,,,
linreg,0.8571663459224101,0.8367703533026113,0.7746619896972601,0.7814798598949213,,,,,,,,
SVR10,0.19584645173243007,0.4404185867895546,0.6062606353356126,0.5879159369527146,,,,,,,,
ridge,0.8571663459224101,0.8367703533026113,0.7746619896972601,0.7814798598949213,,,,,,,,
