,all,all,all,all,no revasc,no revasc,no revasc,no revasc,with revasc,with revasc,with revasc,with revasc
,Test AUC,Sensitivity,Specificity,Accuracy,Test AUC,Sensitivity,Specificity,Accuracy,Test AUC,Sensitivity,Specificity,Accuracy
lasso,0.8275730553448591,0.8537424585218705,0.7039080331999407,0.7174693520140105,0.8439264571732888,0.8344790803546713,0.7467276591598581,0.7534595106238093,0.5155021979002299,0.620458095825743,0.5733917526659411,0.5815657127218424
linreg,0.7919899911943433,0.7817401960784315,0.7306164776937896,0.7352451838879158,0.8042650082137902,0.7663730660966148,0.7640245951704219,0.764216506352763,0.5148882697200725,0.7459346005301889,0.4596121694321592,0.5232377759502176
SVR10,0.47031813703694025,0.31237745098039216,0.8328495071883799,0.7857267950963224,0.47724039007738683,0.2947376978502294,0.8635515553113517,0.8199879442440705,0.4953147018755235,0.7070057352777941,0.4784976819749665,0.5330716648775253
ridge,0.796379665472236,0.783634992458522,0.7346585519490141,0.7390980735551664,0.8097191908427408,0.7619731673629396,0.7761022654439558,0.7749675405165992,0.5194952417127496,0.697636311809106,0.5097751523752451,0.552923290696284
