,all,all,all,all,no revasc,no revasc,no revasc,no revasc,with revasc,with revasc,with revasc,with revasc
,Test AUC,Sensitivity,Specificity,Accuracy,Test AUC,Sensitivity,Specificity,Accuracy,Test AUC,Sensitivity,Specificity,Accuracy
lasso,0.7758250262619014,0.7739909909909909,0.6801095889855262,0.6923817863397549,0.7836783504155357,0.75170859833099,0.7129490577196782,0.7173879375875872,0.538328947897327,0.5714675697324694,0.6255247968778233,0.6124703624562187
linreg,0.7758250262619014,0.7739909909909909,0.6801095889855262,0.6923817863397549,0.7836783504155357,0.75170859833099,0.7129490577196782,0.7173879375875872,0.538328947897327,0.5714675697324694,0.6255247968778233,0.6124703624562187
SVR10,0.4339162426973934,0.7330225225225224,0.44134352485883044,0.47946584938704023,0.43057826106607056,0.68098387880195,0.4971486185599646,0.5186320473969463,0.503832066607409,0.6317620837624708,0.5308253706093208,0.5608549323355432
ridge,0.7758250262619014,0.7739909909909909,0.6801095889855262,0.6923817863397549,0.7836783504155357,0.75170859833099,0.7129490577196782,0.7173879375875872,0.538328947897327,0.5714675697324694,0.6255247968778233,0.6124703624562187
