,Test AUC,Sensitivity,Specificity,Accuracy
lasso,0.7846917882480495,0.8666666666666666,0.6349339217950835,0.6431698774080559
linreg,0.7856632804581988,0.8422619047619048,0.6666285266457679,0.6728546409807354
SVR10,0.6191558873673211,0.6478571428571428,0.6451775284606501,0.6452276707530648
ridge,0.7856634886589514,0.8422619047619048,0.6666738986965846,0.6728984238178632
