,Test AUC,Sensitivity,Specificity,Accuracy
lasso,0.5576332184007541,0.4392628205128205,0.7192791787690512,0.7128721541155867
linreg,0.6700658538031946,0.7376602564102568,0.6183798353434514,0.6210157618213659
SVR10,0.555389909176012,0.7070512820512823,0.5237839107212701,0.5280210157618213
ridge,0.6700549536422569,0.7376602564102568,0.6183798353434514,0.6210157618213659
