,all,all,all,all,no revasc,no revasc,no revasc,no revasc,with revasc,with revasc,with revasc,with revasc
,Test AUC,Sensitivity,Specificity,Accuracy,Test AUC,Sensitivity,Specificity,Accuracy,Test AUC,Sensitivity,Specificity,Accuracy
lasso,0.8383815604888836,0.7945258805841927,0.7940861647790363,0.7941768826619967,,,,,,,,
linreg,0.8350272721607703,0.8007597723367702,0.7870315345325338,0.7893607705779334,,,,,,,,
SVR10,0.800759062686731,0.7333279639175261,0.8055864978902951,0.7933450087565673,,,,,,,,
ridge,0.8351144032557907,0.7976589347079042,0.7903517654896735,0.7915936952714534,,,,,,,,
