,Test AUC,Sensitivity,Specificity,Accuracy
lasso,0.6751639380621798,0.6984457671957672,0.6120990920539489,0.6161996497373028
linreg,0.6927606877619062,0.6831349206349204,0.6633393930776732,0.6643169877408057
SVR10,0.5176823052348624,0.5698412698412699,0.5684543758801862,0.5685201401050789
ridge,0.6927675538063597,0.6831349206349204,0.6633393930776732,0.6643169877408057
