,all,all,all,all,no revasc,no revasc,no revasc,no revasc,with revasc,with revasc,with revasc,with revasc
,Test AUC,Sensitivity,Specificity,Accuracy,Test AUC,Sensitivity,Specificity,Accuracy,Test AUC,Sensitivity,Specificity,Accuracy
lasso,0.7636724506407843,0.8627645502645503,0.6032288450601235,0.6156742556917689,0.7783585988659867,0.8288434867636815,0.6600361497896611,0.6672792298682724,0.47364519300904373,0.7354761904761905,0.47343545348325006,0.4992943434593373
linreg,0.7451839044012326,0.789748677248677,0.6693193282147113,0.6750875656742558,0.7559545866562953,0.7870932815016307,0.6975965925329894,0.7011860523070288,0.5206799177759814,0.7226289682539682,0.5412308209550348,0.5642765769184448
SVR10,0.33944525611810106,0.5189153439153439,0.5298689537969884,0.5292907180385289,0.33488575398591547,0.5206257407789412,0.5375882615419826,0.5368087561654078,0.49464291876353983,0.767281746031746,0.4603675939793022,0.49739944756120796
ridge,0.745602686094389,0.8071759259259258,0.6513880707669809,0.6588441330998247,0.756036172186927,0.7917372993195616,0.6919484878987693,0.6960636265732275,0.5273218940484504,0.6901289682539683,0.5780781093242735,0.5919750750764214
