,all,all,all,all,no revasc,no revasc,no revasc,no revasc,with revasc,with revasc,with revasc,with revasc
,Test AUC,Sensitivity,Specificity,Accuracy,Test AUC,Sensitivity,Specificity,Accuracy,Test AUC,Sensitivity,Specificity,Accuracy
lasso,0.8968044217793315,0.9665618448637314,0.7766086271405419,0.7944833625218914,,,,,,,,
linreg,0.8855867352856513,0.9511180992313063,0.7712876111812281,0.7882224168126095,,,,,,,,
SVR10,0.684612271454905,0.6629716981132077,0.7421430065047088,0.7346760070052539,,,,,,,,
ridge,0.8864410630267716,0.9520352900069879,0.7719139974459124,0.7888791593695271,,,,,,,,
