,Test AUC,Sensitivity,Specificity,Accuracy
lasso,0.7674752604473565,0.7427976190476193,0.7249108232964859,0.7255691768826621
linreg,0.6953090013434842,0.7413690476190478,0.6573653687510311,0.6603765323992994
SVR10,0.4577761537464352,0.5266666666666666,0.6503857449265797,0.6458844133099825
ridge,0.6950079734995795,0.7375,0.6590863718858273,0.661908931698774
