,all,all,all,all,no revasc,no revasc,no revasc,no revasc,with revasc,with revasc,with revasc,with revasc
,Test AUC,Sensitivity,Specificity,Accuracy,Test AUC,Sensitivity,Specificity,Accuracy,Test AUC,Sensitivity,Specificity,Accuracy
lasso,0.7498727509896259,0.7629626269956458,0.6649541366304373,0.6739492119089316,0.7548814069865579,0.7535669007695052,0.6808484572573177,0.6869120575259282,0.5880741625165173,0.7590169552669555,0.5411398028819294,0.5754640724309871
linreg,0.7068639436775277,0.7480587808417996,0.6147934474524069,0.6270577933450088,0.7146144673588217,0.7265188158329176,0.6518867835996083,0.658218882774644,0.5281597995384374,0.6858727383727383,0.5393936332245748,0.5640449332693662
SVR10,0.532410109227374,0.37166182873730047,0.8042710030426795,0.7644483362521893,0.5436453986750991,0.3770783964225687,0.8122393924971283,0.7756325032773893,0.47015275388489525,0.5984157509157509,0.566516824868988,0.5713969822112567
ridge,0.7071933876560881,0.7390783744557329,0.62449124392766,0.6350262697022767,0.7147944499164266,0.7282998606754678,0.6495217514400068,0.6561931974817972,0.5286894945942102,0.6798121323121322,0.5461208619067455,0.5681686105180433
