,Test AUC,Sensitivity,Specificity,Accuracy
lasso,0.7112086183310532,0.6705000000000004,0.713803009575923,0.9488453210778819
SVC,0.6507407660738714,0.5530000000000002,0.7484815321477427,0.7432756324900132
linreg,0.7057380300957594,0.6645,0.7266210670314638,0.949589949987541
