,all,all,all,all,no revasc,no revasc,no revasc,no revasc,with revasc,with revasc,with revasc,with revasc
,Test AUC,Sensitivity,Specificity,Accuracy,Test AUC,Sensitivity,Specificity,Accuracy,Test AUC,Sensitivity,Specificity,Accuracy
lasso,0.8811692093356085,0.878066037735849,0.7824570771379282,0.7914623467600703,,,,,,,,
linreg,0.8820260343995787,0.8716107617051014,0.7862339716063121,0.7942644483362522,,,,,,,,
SVR10,0.6508168924266877,0.6352201257861635,0.6690421424463977,0.6658931698774082,,,,,,,,
ridge,0.8820341239851475,0.8716107617051014,0.7862339716063121,0.7942644483362522,,,,,,,,
