,all,all,all,all,no revasc,no revasc,no revasc,no revasc,with revasc,with revasc,with revasc,with revasc
,Test AUC,Sensitivity,Specificity,Accuracy,Test AUC,Sensitivity,Specificity,Accuracy,Test AUC,Sensitivity,Specificity,Accuracy
lasso,0.7283042333498323,0.6826785714285715,0.7204786338887972,0.7192206654991241,0.7247386151527174,0.7042181540294931,0.7134807793723804,0.7133269365470536,0.6252598047907498,0.7413392857142858,0.7111406848848044,0.7084526720381598
linreg,0.7185032781797756,0.7045833333333335,0.6965954462959905,0.6968914185639229,0.7262020633608726,0.7158680012153311,0.7120293457350406,0.7122709337838025,0.5994043427099826,0.766011904761905,0.6407353178902736,0.6452931856319142
SVR10,0.5427495423511758,0.505654761904762,0.7040053621514601,0.6970227670753066,0.5564630274243187,0.5188617317709809,0.7147392028889403,0.7090119470286866,0.5284622950624179,0.7149107142857144,0.6006897401730942,0.6058810975376108
ridge,0.7187104281078873,0.7058333333333334,0.6956884177528461,0.696059544658494,0.7262955516634467,0.7158680012153311,0.7122250308823581,0.7124602966306324,0.600638911273845,0.766011904761905,0.6423382377229381,0.6468037655692183
