,all,all,all,all,no revasc,no revasc,no revasc,no revasc,with revasc,with revasc,with revasc,with revasc
,Test AUC,Sensitivity,Specificity,Accuracy,Test AUC,Sensitivity,Specificity,Accuracy,Test AUC,Sensitivity,Specificity,Accuracy
lasso,0.9111949655657001,0.8868535988819009,0.8271634130676684,0.8327933450087569,,,,,,,,
linreg,0.9099825495048297,0.885945143256464,0.8233933332337587,0.8292907180385287,,,,,,,,
SVR10,0.8285062234731043,0.7669549266247381,0.8790756181713629,0.8685201401050786,,,,,,,,
ridge,0.9101531295328966,0.8845562543675751,0.8249889845634526,0.8306042031523642,,,,,,,,
