,all,all,all,all,no revasc,no revasc,no revasc,no revasc,with revasc,with revasc,with revasc,with revasc
,Test AUC,Sensitivity,Specificity,Accuracy,Test AUC,Sensitivity,Specificity,Accuracy,Test AUC,Sensitivity,Specificity,Accuracy
lasso,0.8538788926317021,0.8405590062111802,0.7547646738395718,0.7652364273204902,,,,,,,,
linreg,0.8538788926317021,0.8405590062111802,0.7547646738395718,0.7652364273204902,,,,,,,,
SVR10,0.1635484992500461,0.37028985507246376,0.6463659334717021,0.6128283712784589,,,,,,,,
ridge,0.8538788926317021,0.8405590062111802,0.7547646738395718,0.7652364273204902,,,,,,,,
