,Test AUC,Sensitivity,Specificity,Accuracy
lasso,0.7807124531548306,0.8734523809523811,0.6199690645108067,0.6289404553415062
linreg,0.7170015359715906,0.736607142857143,0.6872585381950175,0.6890542907180385
SVR10,0.39067661709131773,0.5166071428571428,0.5808868998515095,0.578677758318739
ridge,0.7169979140641572,0.736607142857143,0.6869409338393004,0.6887478108581435
