,Test AUC,Sensitivity,Specificity,Accuracy
lasso,0.6016117079513295,0.3540204326923079,0.852247585190729,0.7957530647985991
linreg,0.6014254747395166,0.4794711538461539,0.7310594366614432,0.7025394045534152
SVR10,0.4262829222408027,0.2525721153846153,0.8004579172221312,0.7383099824868651
ridge,0.602221253915051,0.4840865384615385,0.7268600268182208,0.6993432574430823
