,all,all,all,all,no revasc,no revasc,no revasc,no revasc,with revasc,with revasc,with revasc,with revasc
,Test AUC,Sensitivity,Specificity,Accuracy,Test AUC,Sensitivity,Specificity,Accuracy,Test AUC,Sensitivity,Specificity,Accuracy
lasso,0.8197456721649617,0.8334296947271046,0.7086398582333697,0.7187828371278459,0.8364548529699819,0.8378490627803709,0.7371416179900825,0.7437742619780283,0.5089918296170712,0.6259808941058941,0.5620889141605905,0.5791867990472439
linreg,0.8197456721649617,0.8334296947271046,0.7086398582333697,0.7187828371278459,0.8364548529699819,0.8378490627803709,0.7371416179900825,0.7437742619780283,0.5089918296170712,0.6259808941058941,0.5620889141605905,0.5791867990472439
SVR10,0.5165890595329727,0.7648936170212766,0.5217531806615774,0.5416374781085815,0.5210151945115383,0.7639877230284545,0.5420438503248631,0.5570716013838853,0.4921489218919658,0.6480226023976023,0.5212805425738158,0.5548843382790418
ridge,0.8197456721649617,0.8334296947271046,0.7086398582333697,0.7187828371278459,0.8364548529699819,0.8378490627803709,0.7371416179900825,0.7437742619780283,0.5089918296170712,0.6259808941058941,0.5620889141605905,0.5791867990472439
