,all,all,all,all,no revasc,no revasc,no revasc,no revasc,with revasc,with revasc,with revasc,with revasc
,Test AUC,Sensitivity,Specificity,Accuracy,Test AUC,Sensitivity,Specificity,Accuracy,Test AUC,Sensitivity,Specificity,Accuracy
lasso,0.732766127057012,0.7929608127721337,0.6083949866464318,0.6253502626970229,0.7382781644824837,0.7574750686203128,0.6555150789922325,0.663917414186968,0.5508529074626183,0.6600234487734487,0.5946368963017894,0.6073753319689319
linreg,0.7168827335526949,0.7333726415094339,0.6386151531382747,0.6473292469352016,0.7193764374903961,0.7123030640185438,0.6662101216621794,0.6698408871047405,0.5495119485484282,0.7164871933621935,0.553192247928363,0.5800261865767186
SVR10,0.35585205545567905,0.4181875907111756,0.6179887257199396,0.5997810858143608,0.35652380939036055,0.4410527984049257,0.6012444812910146,0.5886452745046592,0.4569817885212689,0.6613676948051949,0.4951252061427008,0.5185818170514173
ridge,0.7189797489745005,0.7409651669085633,0.6335501893305363,0.6434325744308231,0.7217789509307913,0.7318957011302282,0.6499946033277809,0.6566543733862172,0.5535630384825978,0.6574314574314574,0.5971714023417123,0.6078031004386786
