,all,all,all,all,no revasc,no revasc,no revasc,no revasc,with revasc,with revasc,with revasc,with revasc
,Test AUC,Sensitivity,Specificity,Accuracy,Test AUC,Sensitivity,Specificity,Accuracy,Test AUC,Sensitivity,Specificity,Accuracy
lasso,0.8287339635305436,0.8520814061054581,0.7175796982915303,0.7285464098073555,0.8428326073546992,0.8185057600140935,0.77133221439936,0.7745831189185238,0.4993223154662843,0.6697914973098797,0.5010821653729212,0.5407919832775197
linreg,0.8095287462956031,0.8178307123034226,0.7306588513267903,0.7377408056042033,0.8185387616828148,0.7944253398203303,0.7709324417869153,0.7726155661855167,0.513438636070903,0.6947656204090027,0.5064898007168608,0.5517399177079131
SVR10,0.4332216461275036,0.3855689176688252,0.771089058524173,0.7396672504378284,0.4199432746135031,0.36954497284805043,0.7824853156307601,0.7540409977387037,0.5162329638565324,0.6363530485037839,0.5632396039772071,0.5783039355941818
ridge,0.8111827907335689,0.8151017576318225,0.7363735005452563,0.7427758318739056,0.8202495514257692,0.7866684845542837,0.7810553091829138,0.7814411329154038,0.5179508435681989,0.6944652712483594,0.5120173189327921,0.5549893213573753
