,all,all,all,all,no revasc,no revasc,no revasc,no revasc,with revasc,with revasc,with revasc,with revasc
,Test AUC,Sensitivity,Specificity,Accuracy,Test AUC,Sensitivity,Specificity,Accuracy,Test AUC,Sensitivity,Specificity,Accuracy
lasso,0.8789200268817204,0.8753333333333334,0.802217741935484,0.8118213660245186,,,,,,,,
linreg,0.8703296370967744,0.8696666666666666,0.7961693548387101,0.8058231173380037,,,,,,,,
SVR10,0.8161807795698927,0.764,0.8118447580645164,0.8055604203152364,,,,,,,,
ridge,0.8703595430107528,0.8693333333333332,0.7965221774193549,0.8060858143607706,,,,,,,,
