,all,all,all,all,no revasc,no revasc,no revasc,no revasc,with revasc,with revasc,with revasc,with revasc
,Test AUC,Sensitivity,Specificity,Accuracy,Test AUC,Sensitivity,Specificity,Accuracy,Test AUC,Sensitivity,Specificity,Accuracy
lasso,0.6525391217546488,0.4588378378378376,0.8319914446355552,0.7831436077057793,0.6428923097468542,0.40823018268855504,0.865291864278231,0.8126935196241405,0.5232046452011672,0.47151096484784566,0.7354732305683603,0.664244618981667
linreg,0.6550913979591002,0.5018423423423424,0.7873314483676254,0.7499124343257443,0.650511788045025,0.49355008742903694,0.7871361338827418,0.7531940852475043,0.513416021726605,0.5163839656215816,0.6669538673214362,0.6248739387565522
SVR10,0.44968878959604786,0.16045495495495504,0.9463922648796002,0.8435201401050788,0.44382255098964524,0.1352845255858109,0.9637619686372897,0.868065384101464,0.5146484001299415,0.6732056934078994,0.510302018680622,0.560072154617639
ridge,0.6556159048522463,0.5025135135135136,0.7870293332576103,0.749737302977233,0.6507243714949723,0.4931402513634631,0.7871321476909933,0.7531418514233048,0.5145758266995835,0.5302819919373711,0.6530049022446517,0.6189342935064186
