,all,all,all,all,no revasc,no revasc,no revasc,no revasc,with revasc,with revasc,with revasc,with revasc
,Test AUC,Sensitivity,Specificity,Accuracy,Test AUC,Sensitivity,Specificity,Accuracy,Test AUC,Sensitivity,Specificity,Accuracy
lasso,0.8329049231445904,0.8594703977798336,0.7097537259178479,0.7219789842381786,0.8496161303723246,0.8473563837386919,0.7483513505691028,0.755107653226126,0.5132020513560249,0.6286005640601229,0.5648692830815214,0.5836501167957887
linreg,0.7957978467841651,0.8220050878815913,0.7178217920756089,0.7263134851138354,0.8151386874157481,0.797897775702844,0.7703060433100053,0.7721941158850287,0.48070849797747206,0.6392351990329932,0.5377508771836865,0.5606056911038249
SVR10,0.4593024089129476,0.29966466234967626,0.8961254089422026,0.8475919439579688,0.4605140701882201,0.29457550157582507,0.9163055245120105,0.8748671822046383,0.4783410497598971,0.5494544793441853,0.5967549524616934,0.5849050758546911
ridge,0.7980279908306825,0.8242021276595747,0.7172084696474011,0.7259194395796846,0.8173291085722039,0.812504020088233,0.7589208360828439,0.7625447026382008,0.4823626358556533,0.6520091611819553,0.520817224205701,0.5526258541186345
