,all,all,all,all,no revasc,no revasc,no revasc,no revasc,with revasc,with revasc,with revasc,with revasc
,Test AUC,Sensitivity,Specificity,Accuracy,Test AUC,Sensitivity,Specificity,Accuracy,Test AUC,Sensitivity,Specificity,Accuracy
lasso,0.7815300679403359,0.7471171171171173,0.7232204720257025,0.7263572679509631,0.7860809502362616,0.7118217448515685,0.7601906347137689,0.7544507080427298,0.548691167475773,0.7331573111700821,0.4927520769615569,0.5610345459758052
linreg,0.7726013879703678,0.740490990990991,0.7214650808074252,0.7239492119089317,0.7739456722828654,0.7023037179644562,0.7563001785250449,0.7501404450643706,0.5641194732903664,0.7114056736821831,0.5316730420076632,0.5864119365437394
SVR10,0.4212856972370405,0.22022522522522525,0.8997540687674433,0.8107705779334502,0.4132421847502455,0.20843258474135964,0.9157067698286158,0.8341812987234881,0.5053285735281686,0.6437920157328053,0.5425632822159738,0.5673125349283693
ridge,0.7729249434963459,0.7354189189189189,0.7271014189978583,0.7281961471103328,0.7742778160247511,0.7022202592932754,0.7553132917474299,0.7491643835621303,0.5665332235213518,0.7172671599771059,0.5211258289598489,0.5783633706020945
