,Test AUC,Sensitivity,Specificity,Accuracy
lasso,0.6353152630793283,0.3804761904761905,0.9082662101963372,0.8895359019264447
linreg,0.5762840378768236,0.3636309523809524,0.8788642138261015,0.8606392294220667
SVR10,0.4035695960119736,0.6177380952380951,0.44427503712258715,0.4503064798598951
ridge,0.5757005218767922,0.3624404761904762,0.8800461145025575,0.8617338003502629
