,Test AUC,Sensitivity,Specificity,Accuracy
lasso,0.7459742451995561,0.7616835994194484,0.6596697130656668,0.669001751313485
linreg,0.7286532507320624,0.7306785195936139,0.6612493583591847,0.6676007005253941
SVR10,0.4873490397290022,0.3301433236574747,0.7994727386345886,0.75630472854641
ridge,0.7286485718733646,0.7316582002902756,0.6601433183803125,0.6666812609457092
