,all,all,all,all,no revasc,no revasc,no revasc,no revasc,with revasc,with revasc,with revasc,with revasc
,Test AUC,Sensitivity,Specificity,Accuracy,Test AUC,Sensitivity,Specificity,Accuracy,Test AUC,Sensitivity,Specificity,Accuracy
lasso,0.8196275777313226,0.7643934050432021,0.7863283277715982,0.7822241681260946,,,,,,,,
linreg,0.8179310471607721,0.7906453888203138,0.754026348720801,0.7608581436077059,,,,,,,,
SVR10,0.7832974538499056,0.7107322341738669,0.7968230904708935,0.7807355516637476,,,,,,,,
ridge,0.8179154153232263,0.7946217598307176,0.7502557239525399,0.7585376532399299,,,,,,,,
