,all,all,all,all,no revasc,no revasc,no revasc,no revasc,with revasc,with revasc,with revasc,with revasc
,Test AUC,Sensitivity,Specificity,Accuracy,Test AUC,Sensitivity,Specificity,Accuracy,Test AUC,Sensitivity,Specificity,Accuracy
lasso,0.5484102796532466,0.3565705128205129,0.779607081257494,0.7700963222416813,0.5388015539795756,0.34605158730158736,0.7942285732169421,0.7864336998101383,0.5356944176435812,0.45779761904761906,0.7376234170224512,0.7174662821773945
linreg,0.6831815926738095,0.7490384615384618,0.623766037663262,0.6265761821366024,0.7161280892968805,0.8348484848484847,0.6170259121478014,0.6206632592821085,0.5216954663905061,0.699107142857143,0.6372487762587664,0.6391331671309894
SVR10,0.5284181421958054,0.6708333333333334,0.5291552054680336,0.5322241681260945,0.531063863610302,0.707508116883117,0.5257776577731637,0.5285474913095449,0.5166579772593307,0.8739880952380954,0.45963515533170735,0.4898508366697774
ridge,0.6831778657805476,0.7490384615384618,0.6237212347958785,0.6265323992994745,0.7161384764812683,0.8348484848484847,0.6171245349302478,0.6207606347893714,0.5216954663905061,0.699107142857143,0.6372487762587664,0.6391331671309894
