,all,all,all,all,no revasc,no revasc,no revasc,no revasc,with revasc,with revasc,with revasc,with revasc
,Test AUC,Sensitivity,Specificity,Accuracy,Test AUC,Sensitivity,Specificity,Accuracy,Test AUC,Sensitivity,Specificity,Accuracy
lasso,0.8932728494623656,0.8843333333333335,0.7961189516129032,0.8077057793345009,,,,,,,,
linreg,0.8826868279569895,0.8506666666666665,0.8103830645161292,0.815674255691769,,,,,,,,
SVR10,0.8344119623655912,0.7776666666666665,0.8374999999999998,0.8296409807355518,,,,,,,,
ridge,0.8830735887096776,0.8476666666666663,0.8148185483870967,0.8191330998248686,,,,,,,,
