,all,all,all,all,no revasc,no revasc,no revasc,no revasc,with revasc,with revasc,with revasc,with revasc
,Test AUC,Sensitivity,Specificity,Accuracy,Test AUC,Sensitivity,Specificity,Accuracy,Test AUC,Sensitivity,Specificity,Accuracy
lasso,0.7814469893385503,0.8655357142857143,0.6400419072760271,0.6480297723292469,0.7973421594838945,0.8571670349988851,0.6835495745331193,0.6888286227776865,0.5534976907626814,0.6938095238095239,0.640164550771247,0.6419900699307615
linreg,0.7031222236626048,0.7248809523809524,0.6944182478138922,0.695490367775832,0.7138272571631112,0.7224536938594601,0.7138655723256577,0.7142263245174012,0.5465923260776869,0.8089285714285716,0.5137147754710357,0.539261165482933
SVR10,0.39753906906765335,0.32148809523809524,0.7654712093713908,0.7497810858143609,0.4136327133715697,0.41213694469015677,0.6989839820896196,0.6902537427991465,0.5087141428354517,0.8163690476190476,0.4496726777916093,0.483359821411641
ridge,0.7060379200351978,0.7180952380952383,0.7048331133476322,0.7052539404553416,0.7141982966232023,0.7224240926127538,0.7171858317566423,0.7172692079626612,0.5473486112904095,0.821220238095238,0.505278595617108,0.529992870002453
