,Test AUC,Sensitivity,Specificity,Accuracy
lasso,0.7649988317917711,0.8664021164021165,0.600994610551403,0.6136164623467598
linreg,0.7437603420550233,0.7817791005291006,0.6691561552107033,0.6745183887915934
SVR10,0.39315609454340356,0.4581679894179894,0.6396244651175388,0.6309982486865149
ridge,0.7439867905418767,0.7845568783068784,0.6656629157187737,0.671322241681261
