,all,all,all,all,no revasc,no revasc,no revasc,no revasc,with revasc,with revasc,with revasc,with revasc
,Test AUC,Sensitivity,Specificity,Accuracy,Test AUC,Sensitivity,Specificity,Accuracy,Test AUC,Sensitivity,Specificity,Accuracy
lasso,0.7739496973602373,0.8355769230769232,0.6815502753893602,0.6849824868651488,0.7799453190033875,0.8016901154401154,0.7560817038883842,0.7568055589935464,0.45534196952200806,0.7176190476190476,0.5205497500269466,0.536167478317806
linreg,0.7035769359006417,0.7583333333333337,0.6834118786106782,0.6851138353765325,0.7302989512842263,0.749935966810967,0.7531117493381024,0.7532632825610724,0.39939060490016054,0.7816071428571428,0.42175215451161147,0.44814572674220293
SVR10,0.36093374305114734,0.5440705128205127,0.5560017408198203,0.5557355516637478,0.37701029250554313,0.6081150793650794,0.5263803812978302,0.5276615267493645,0.45301208630752277,0.6948809523809523,0.5548612579715126,0.5595350096450289
ridge,0.7034439699668504,0.764262820512821,0.6768759497566699,0.6788528896672503,0.7305929258129067,0.749935966810967,0.7528650980908194,0.7530219436238158,0.397724511551235,0.7816071428571428,0.4200933361618636,0.4465935978918945
