,all,all,all,all,no revasc,no revasc,no revasc,no revasc,with revasc,with revasc,with revasc,with revasc
,Test AUC,Sensitivity,Specificity,Accuracy,Test AUC,Sensitivity,Specificity,Accuracy,Test AUC,Sensitivity,Specificity,Accuracy
lasso,0.8229428057350108,0.8380561840120663,0.7051421928264414,0.7172066549912437,0.8384940069228894,0.8450560946778367,0.7274017007800513,0.7364351689069752,0.5134495671534792,0.6543986222111221,0.5430258845076749,0.5657065929756778
linreg,0.8164287613667076,0.8183446455505281,0.7223843930635838,0.7310858143607708,0.8253719478131739,0.7883307078995347,0.7620447580172656,0.764087012977036,0.5340919501052761,0.7807270792932559,0.4364323401690574,0.5170301328914062
SVR10,0.3638696882710399,0.3897341628959276,0.6764009930339411,0.650350262697023,0.3588273600098011,0.3157052221358704,0.7560733129445951,0.7227408846315855,0.5181889387452919,0.628467290470967,0.581172781879956,0.5844588450542721
ridge,0.8162759592498627,0.8222096530920064,0.7183882651548836,0.7278021015761823,0.8251819853122587,0.786710901279728,0.763783714766079,0.7655301779455309,0.5333038318698803,0.7668381904043671,0.4512609705272899,0.5254231639548747
