,all,all,all,all,no revasc,no revasc,no revasc,no revasc,with revasc,with revasc,with revasc,with revasc
,Test AUC,Sensitivity,Specificity,Accuracy,Test AUC,Sensitivity,Specificity,Accuracy,Test AUC,Sensitivity,Specificity,Accuracy
lasso,0.7380740914543674,0.7710903483309145,0.6306251441367045,0.6435201401050787,0.7445934365962856,0.743952129690636,0.6666697557380541,0.6729557607864607,0.5537308018459209,0.6384373265623265,0.5977189892871595,0.6047207326953749
linreg,0.7062735150203796,0.7213624818577649,0.6568848059454997,0.6628283712784587,0.713290186821493,0.7079276068933423,0.68046221128428,0.6826955266500884,0.5496013638349273,0.6859942834942837,0.5460155150021478,0.5676031813652432
SVR10,0.37971216582297396,0.3486302612481858,0.7247480862365256,0.6901488616462345,0.38273209077003856,0.3367803988750611,0.7441846493463851,0.7101244824858095,0.46735054647071317,0.5558076645576645,0.6146085091981791,0.6066886170961846
ridge,0.7064893948100951,0.7079372278664732,0.6697494253130091,0.6732924693520139,0.7134466575999491,0.7047243659235254,0.6832258272598636,0.6849156702705882,0.54971168924527,0.6859942834942837,0.5465710705577034,0.5680748794784508
