,all,all,all,all,no revasc,no revasc,no revasc,no revasc,with revasc,with revasc,with revasc,with revasc
,Test AUC,Sensitivity,Specificity,Accuracy,Test AUC,Sensitivity,Specificity,Accuracy,Test AUC,Sensitivity,Specificity,Accuracy
lasso,0.8210011724775214,0.8612974098057355,0.6858414213013451,0.7001313485113836,0.8380514295769632,0.8437529198503212,0.7407898766857318,0.7476605957965888,0.514590933920654,0.6535499916749916,0.5518945573174047,0.5776119065850878
linreg,0.825890969594439,0.8577821461609622,0.6941950199927301,0.7074868651488615,0.840992785492908,0.8550352026055485,0.7317462204555434,0.7397305076883842,0.5300129652857194,0.7018492965367965,0.50019214234617,0.5462027677293839
SVR10,0.5554364662954956,0.7058163737280296,0.5039016721192293,0.5202714535901927,0.5589312268353461,0.6747318934360624,0.5537066011761331,0.5618906677493225,0.4807347717515199,0.5810608141858141,0.5909428783839634,0.5890968776633968
ridge,0.8258981556954647,0.8577821461609622,0.6942427299163942,0.7075306479859894,0.8410031597914802,0.8550352026055485,0.7317980876754604,0.7397790513777045,0.5299504652857194,0.7018492965367965,0.50019214234617,0.5462027677293839
