,all,all,all,all,no revasc,no revasc,no revasc,no revasc,with revasc,with revasc,with revasc,with revasc
,Test AUC,Sensitivity,Specificity,Accuracy,Test AUC,Sensitivity,Specificity,Accuracy,Test AUC,Sensitivity,Specificity,Accuracy
lasso,0.7704359188618664,0.8175925925925925,0.6540225361553462,0.6618213660245185,0.7851211768930577,0.8004272757088413,0.6881961731832826,0.6927512841232516,0.4883498909465148,0.7530555555555557,0.47805757729956777,0.5101617724219303
linreg,0.7490881876845273,0.7928902116402117,0.6592233371249052,0.6655866900175129,0.7578018606667354,0.7822576085354053,0.6875070101342581,0.6912943226024924,0.5255307658692767,0.786954365079365,0.5029034671242282,0.5313195048762654
SVR10,0.371030493996248,0.4398809523809524,0.6552419327537645,0.6449211908931699,0.3615264443145253,0.4770907505918946,0.6190280351783783,0.6127833497418889,0.46339899647946553,0.6743353174603174,0.5308311436218894,0.5396000042109684
ridge,0.7500706748514322,0.7925264550264551,0.6608591295634275,0.6671628721541157,0.7595557173033604,0.771047666684731,0.7011283222455089,0.7039668911321079,0.5235731983715162,0.7482638888888891,0.5400041869226416,0.5584242454093719
