,all,all,all,all,no revasc,no revasc,no revasc,no revasc,with revasc,with revasc,with revasc,with revasc
,Test AUC,Sensitivity,Specificity,Accuracy,Test AUC,Sensitivity,Specificity,Accuracy,Test AUC,Sensitivity,Specificity,Accuracy
lasso,0.8973804430071993,0.9679507337526203,0.7826011179734584,0.8000437828371281,,,,,,,,
linreg,0.8877638501308714,0.9558787561146052,0.7719158644690559,0.7892294220665499,,,,,,,,
SVR10,0.7531385825118262,0.768588399720475,0.7822647737541354,0.7809982486865149,,,,,,,,
ridge,0.8878103066506318,0.9618972746331236,0.7680965885753122,0.7863397548161121,,,,,,,,
