,all,all,all,all,no revasc,no revasc,no revasc,no revasc,with revasc,with revasc,with revasc,with revasc
,Test AUC,Sensitivity,Specificity,Accuracy,Test AUC,Sensitivity,Specificity,Accuracy,Test AUC,Sensitivity,Specificity,Accuracy
lasso,0.8649044027004684,0.8757424877707898,0.7580975594273467,0.7691768826619967,,,,,,,,
linreg,0.8649044027004684,0.8757424877707898,0.7580975594273467,0.7691768826619967,,,,,,,,
SVR10,0.22870545473917608,0.7629629629629628,0.32137134716921956,0.36278458844133094,,,,,,,,
ridge,0.8649044027004684,0.8757424877707898,0.7580975594273467,0.7691768826619967,,,,,,,,
