,all,all,all,all,no revasc,no revasc,no revasc,no revasc,with revasc,with revasc,with revasc,with revasc
,Test AUC,Sensitivity,Specificity,Accuracy,Test AUC,Sensitivity,Specificity,Accuracy,Test AUC,Sensitivity,Specificity,Accuracy
lasso,0.7423064474845613,0.7883254716981133,0.6240459080054456,0.639185639229422,0.7492967698940174,0.7686785198814745,0.6573706351150415,0.6669239536930969,0.5672839653280654,0.6713603410478413,0.5955510040739332,0.6019591348567601
linreg,0.7294708038528929,0.7506803338171265,0.6462081817573146,0.6557793345008757,0.7357408832129445,0.7136831033140467,0.6942769452948647,0.6960948346036465,0.5451783441128983,0.7423660020535021,0.5071319459364207,0.5383064291964231
SVR10,0.4026667431288301,0.28313679245283024,0.7794292744437252,0.7338441330998249,0.40339313390776865,0.2861224283227436,0.7853458926053958,0.7429203865850551,0.46990962037726564,0.6678221084471083,0.4879024566094762,0.5113284220113065
ridge,0.7294235469346578,0.7520954281567491,0.6455804896556341,0.6553415061295971,0.7355689351461681,0.7113061957639576,0.6963548493112797,0.6978043238506004,0.5455125011362063,0.7471387293262294,0.5030134328705392,0.5358834118409084
