,all,all,all,all,no revasc,no revasc,no revasc,no revasc,with revasc,with revasc,with revasc,with revasc
,Test AUC,Sensitivity,Specificity,Accuracy,Test AUC,Sensitivity,Specificity,Accuracy,Test AUC,Sensitivity,Specificity,Accuracy
lasso,0.8654290265490587,0.8721348707197762,0.7566460422843402,0.7675131348511384,,,,,,,,
linreg,0.8654290265490587,0.8721348707197762,0.7566460422843402,0.7675131348511384,,,,,,,,
SVR10,0.21052913664314707,0.7592592592592593,0.3067681455979328,0.34929947460595445,,,,,,,,
ridge,0.8654290265490587,0.8721348707197762,0.7566460422843402,0.7675131348511384,,,,,,,,
