,Test AUC,Sensitivity,Specificity,Accuracy
lasso,0.7938827254890648,0.8290064102564104,0.7198736382813651,0.7223292469352014
linreg,0.7987101743384563,0.8338141025641027,0.7118799731984278,0.7145796847635725
SVR10,0.5855282330197935,0.676121794871795,0.6166958406268235,0.6179509632224168
ridge,0.798710454857304,0.8338141025641027,0.7118799731984278,0.7145796847635725
