,all,all,all,all,no revasc,no revasc,no revasc,no revasc,with revasc,with revasc,with revasc,with revasc
,Test AUC,Sensitivity,Specificity,Accuracy,Test AUC,Sensitivity,Specificity,Accuracy,Test AUC,Sensitivity,Specificity,Accuracy
lasso,0.8152006065876775,0.8470399698340876,0.6813859863643101,0.6963660245183888,0.8329357908285276,0.8384440888261377,0.7207665775619665,0.7296368997013889,0.5084810010501377,0.6447097013109008,0.5484183153210667,0.563857248894938
linreg,0.8152006065876775,0.8470399698340876,0.6813859863643101,0.6963660245183888,0.8329357908285276,0.8384440888261377,0.7207665775619665,0.7296368997013889,0.5084810010501377,0.6447097013109008,0.5484183153210667,0.563857248894938
SVR10,0.5815178369035475,0.8096813725490197,0.5249237624129244,0.550831873905429,0.5907548000508744,0.7614531678814748,0.5968289391715837,0.609403899925196,0.4836721703234807,0.6680696819735131,0.4966298028918711,0.5311354332563968
ridge,0.8152006065876775,0.8470399698340876,0.6813859863643101,0.6963660245183888,0.8329357908285276,0.8384440888261377,0.7207665775619665,0.7296368997013889,0.5084810010501377,0.6447097013109008,0.5484183153210667,0.563857248894938
