,Test AUC,Sensitivity,Specificity,Accuracy
lasso,0.7738432924965565,0.8284391534391535,0.6437269797421729,0.6525394045534152
linreg,0.7446916945875957,0.8021825396825395,0.6526589244123064,0.6598511383537651
SVR10,0.4136246099882556,0.3994708994708994,0.7422731489004444,0.7258318739054292
ridge,0.7440867276929187,0.7840608465608463,0.6696365338262377,0.6751313485113836
