,all,all,all,all,no revasc,no revasc,no revasc,no revasc,with revasc,with revasc,with revasc,with revasc
,Test AUC,Sensitivity,Specificity,Accuracy,Test AUC,Sensitivity,Specificity,Accuracy,Test AUC,Sensitivity,Specificity,Accuracy
lasso,0.7800448567517356,0.7613095238095238,0.6993326488706365,0.7084500875656743,0.782862461254809,0.7478918687017175,0.7119599441301038,0.7166948430298209,0.5733723727146062,0.6638776585135451,0.5705788275465551,0.5984488710909661
linreg,0.7626662266549331,0.757440476190476,0.6780287474332647,0.6897110332749562,0.7630242960503891,0.7425301056186189,0.6935432627539713,0.6997211977231694,0.5852660791872898,0.6432560217382787,0.6053072755895331,0.6139403490670419
SVR10,0.6306651510706953,0.5005952380952381,0.8118069815195073,0.7660245183887915,0.6199725103982578,0.4627047808716774,0.8325402264303312,0.7843255550394297,0.5625380583477988,0.6692344300847294,0.569256539693045,0.5994633813206025
ridge,0.7630054023662856,0.7568452380952378,0.6790554414784393,0.6904991243432576,0.7634284974659714,0.7462486430805717,0.6900991803849814,0.6972153397701476,0.5858398963325904,0.6270944055766626,0.6204445848684667,0.6220877213342345
