,Test AUC,Sensitivity,Specificity,Accuracy
lasso,0.6950564295485635,0.6705000000000001,0.6909165526675788,0.9488778128994424
SVC,0.622578659370725,0.48999999999999994,0.7551573187414503,0.7480958721704393
linreg,0.6831880984952121,0.6505000000000003,0.6985088919288647,0.9523310246729619
