,all,all,all,all,no revasc,no revasc,no revasc,no revasc,with revasc,with revasc,with revasc,with revasc
,Test AUC,Sensitivity,Specificity,Accuracy,Test AUC,Sensitivity,Specificity,Accuracy,Test AUC,Sensitivity,Specificity,Accuracy
lasso,0.7729585288941038,0.783333333333333,0.6738706365503079,0.6899737302977236,0.7765417694569205,0.7591870781858704,0.7003098176143093,0.7081215545164998,0.5511578868363913,0.641171256826249,0.5772670013534923,0.598182946831338
linreg,0.7474057641537107,0.744642857142857,0.6675564681724848,0.6788966725043784,0.7493166430285434,0.7548809894862661,0.6615965857306455,0.6737884061498473,0.5565412606836072,0.6274529637029636,0.5887344207306849,0.6018278882044984
SVR10,0.5626323090837978,0.40982142857142867,0.8562628336755645,0.7905866900175131,0.5420596000189142,0.35740782063933146,0.887242276365099,0.8183161334159387,0.5468119263131805,0.6009020506998446,0.6163095522581375,0.6083481312473873
ridge,0.7511788647697271,0.7657738095238098,0.6516940451745379,0.6684763572679508,0.7532216570912914,0.7587042238766535,0.6623273687813684,0.6748826713183057,0.5635263998486775,0.6373797791261026,0.5860149149935359,0.5997329358421882
