,all,all,all,all,no revasc,no revasc,no revasc,no revasc,with revasc,with revasc,with revasc,with revasc
,Test AUC,Sensitivity,Specificity,Accuracy,Test AUC,Sensitivity,Specificity,Accuracy,Test AUC,Sensitivity,Specificity,Accuracy
lasso,0.8971716997740217,0.9284178187403995,0.8137647347740667,0.8263134851138354,,,,,,,,
linreg,0.8878886242376988,0.9264080901177673,0.7859352520767907,0.8013134851138354,,,,,,,,
SVR10,0.8108225337572078,0.7818164362519202,0.770352938446545,0.7716287215411559,,,,,,,,
ridge,0.8879126604773777,0.9260048643113157,0.7864264112123508,0.8017075306479858,,,,,,,,
