,all,all,all,all,no revasc,no revasc,no revasc,no revasc,with revasc,with revasc,with revasc,with revasc
,Test AUC,Sensitivity,Specificity,Accuracy,Test AUC,Sensitivity,Specificity,Accuracy,Test AUC,Sensitivity,Specificity,Accuracy
lasso,0.7556313944541801,0.7519702111613875,0.6652714169260412,0.6730735551663749,0.7637777896502188,0.7392153144527173,0.6995514826477107,0.7025601713250533,0.5325097017246633,0.5158818346685995,0.7147689623113641,0.6690177463109223
linreg,0.7352851457946452,0.6736802413273001,0.722507873869868,0.7180385288966724,0.7436569362767766,0.7048070695306576,0.7128842927276902,0.7124617865214689,0.5318651161695604,0.5636086013659544,0.6451215445102851,0.6267043686970674
SVR10,0.5078501474511548,0.2886406485671192,0.8549415480954498,0.8035901926444833,0.49425249097726454,0.267339593858031,0.8788188865528397,0.8319551336969451,0.5232074949775158,0.6750155542986427,0.5256706645295703,0.5562537732550961
ridge,0.7356859448425879,0.6766025641025641,0.7197659144805099,0.7158056042031524,0.7441822602318073,0.6973230951716833,0.7212880185504205,0.7195422036412917,0.5314781673623733,0.561525268032621,0.6491316274052319,0.6292776337216245
