,all,all,all,all,no revasc,no revasc,no revasc,no revasc,with revasc,with revasc,with revasc,with revasc
,Test AUC,Sensitivity,Specificity,Accuracy,Test AUC,Sensitivity,Specificity,Accuracy,Test AUC,Sensitivity,Specificity,Accuracy
lasso,0.8171425263079888,0.8395550527903468,0.6950350155624723,0.7081436077057792,0.8343477655037924,0.8294743251455925,0.7338393263622403,0.7411265824804947,0.5102140305638175,0.6168718781218783,0.5725754176300827,0.5900138032547863
linreg,0.8191653479978029,0.8327205882352944,0.7058605676597007,0.7173817863397549,0.834481599847819,0.8092075868307222,0.7544357761726896,0.758736129670981,0.5190582483015383,0.6898871614496613,0.5124271061094899,0.5588310391725677
SVR10,0.5330378588740966,0.642222850678733,0.5338719986660738,0.5436514886164623,0.537601871589682,0.6180686448309108,0.5771130547971122,0.5808814592803861,0.4973683529443461,0.6775216225767696,0.5143800705909632,0.5445759515443305
ridge,0.8191663070297039,0.8327205882352944,0.7058605676597007,0.7173817863397549,0.8344806959273823,0.8092075868307222,0.7544357761726896,0.758736129670981,0.519016071643508,0.6898871614496613,0.5124271061094899,0.5588310391725677
