,all,all,all,all,no revasc,no revasc,no revasc,no revasc,with revasc,with revasc,with revasc,with revasc
,Test AUC,Sensitivity,Specificity,Accuracy,Test AUC,Sensitivity,Specificity,Accuracy,Test AUC,Sensitivity,Specificity,Accuracy
lasso,0.8878106313062346,0.9259216589861753,0.7947784369537303,0.8091506129597198,,,,,,,,
linreg,0.8808620297094496,0.9276049667178701,0.7841213472456414,0.7998248686514886,,,,,,,,
SVR10,0.4873206339237857,0.33417178699436756,0.8742464381294184,0.8150175131348509,,,,,,,,
ridge,0.8820653756312815,0.9331925243215565,0.7831345814705383,0.7995621716287215,,,,,,,,
