,all,all,all,all,no revasc,no revasc,no revasc,no revasc,with revasc,with revasc,with revasc,with revasc
,Test AUC,Sensitivity,Specificity,Accuracy,Test AUC,Sensitivity,Specificity,Accuracy,Test AUC,Sensitivity,Specificity,Accuracy
lasso,0.8651251979533795,0.8703529000698811,0.7610926379543399,0.7713660245183889,,,,,,,,
linreg,0.8651251979533795,0.8703529000698811,0.7610926379543399,0.7713660245183889,,,,,,,,
SVR10,0.2679590756668236,0.7285988819007687,0.3890916372299351,0.42119089316987746,,,,,,,,
ridge,0.8651251979533795,0.8703529000698811,0.7610926379543399,0.7713660245183889,,,,,,,,
