,all,all,all,all,no revasc,no revasc,no revasc,no revasc,with revasc,with revasc,with revasc,with revasc
,Test AUC,Sensitivity,Specificity,Accuracy,Test AUC,Sensitivity,Specificity,Accuracy,Test AUC,Sensitivity,Specificity,Accuracy
lasso,0.7769980292244603,0.7722792792792792,0.6912441382163952,0.7018388791593695,0.7836927444060386,0.7440975386405356,0.731104023701048,0.7325640510120416,0.5498143209874109,0.6607700563969914,0.5608878909641392,0.5952290113726081
linreg,0.7772862812226454,0.7765270270270271,0.6894158296553515,0.7008318739054291,0.7826993453038229,0.7503504849270917,0.7225237476124469,0.725613622149032,0.5608675020012641,0.6655598397345689,0.5732046129904702,0.5992112688894025
SVR10,0.5557179779856123,0.6561351351351351,0.526937836697605,0.5438704028021016,0.5559149000099626,0.6080907376355624,0.5800724280541307,0.5832874224805447,0.5026583716400043,0.6243816632284125,0.5438383617135657,0.5605081652213743
ridge,0.7772889925282589,0.7765270270270271,0.6894158296553515,0.7008318739054291,0.7827048808548744,0.7503504849270917,0.7225237476124469,0.725613622149032,0.56086095331739,0.6655598397345689,0.5732046129904702,0.5992112688894025
