,all,all,all,all,no revasc,no revasc,no revasc,no revasc,with revasc,with revasc,with revasc,with revasc
,Test AUC,Sensitivity,Specificity,Accuracy,Test AUC,Sensitivity,Specificity,Accuracy,Test AUC,Sensitivity,Specificity,Accuracy
lasso,0.8973054335375673,0.8624423963133638,0.8235468264158532,0.8278021015761821,,,,,,,,
linreg,0.8962308677030268,0.8616295442908347,0.8210889036709311,0.8255253940455342,,,,,,,,
SVR10,0.8370250712489764,0.7615271377368154,0.8786598123540058,0.8658493870402802,,,,,,,,
ridge,0.8963830984008835,0.859626216077829,0.8233493959129372,0.8273204903677758,,,,,,,,
