,all,all,all,all,no revasc,no revasc,no revasc,no revasc,with revasc,with revasc,with revasc,with revasc
,Test AUC,Sensitivity,Specificity,Accuracy,Test AUC,Sensitivity,Specificity,Accuracy,Test AUC,Sensitivity,Specificity,Accuracy
lasso,0.7796647355040578,0.7812500000000002,0.6800821355236141,0.6949649737302979,0.7848407536131073,0.7678533803231413,0.698392532490369,0.7072288214559712,0.5500897622296157,0.639056335825711,0.5642225481672579,0.5894676147110622
linreg,0.7340807421531241,0.7,0.6990246406570843,0.6991681260945709,0.7394179572554107,0.7175677177773505,0.689164540767445,0.6928204065070626,0.544308439719655,0.6072616404568048,0.5977748977547734,0.603516055244684
SVR10,0.5920437322773051,0.45357142857142857,0.8190965092402465,0.765323992994746,0.5803353115573963,0.43746830780583545,0.8206968414835835,0.7711001099456114,0.5404954164829594,0.6477540915518352,0.5601005079157059,0.5847371954234556
ridge,0.757259582477755,0.7455357142857145,0.6869609856262833,0.6955779334500876,0.7624606492045972,0.7495226242635021,0.6892538904010194,0.6971834454481546,0.5504181021828144,0.6791995096827091,0.5325059663364974,0.5759458486195249
