,Test AUC,Sensitivity,Specificity,Accuracy
lasso,0.7193892980364813,0.7200420673076925,0.6493364634250923,0.6573555166374778
linreg,0.7023379964952132,0.7039062500000004,0.6381363480443747,0.6455779334500876
SVR10,0.4494357977933438,0.36969951923076916,0.7582144444184575,0.7140542907180387
ridge,0.7052180838079145,0.6994831730769234,0.6487808039229443,0.654553415061296
