,all,all,all,all,no revasc,no revasc,no revasc,no revasc,with revasc,with revasc,with revasc,with revasc
,Test AUC,Sensitivity,Specificity,Accuracy,Test AUC,Sensitivity,Specificity,Accuracy,Test AUC,Sensitivity,Specificity,Accuracy
lasso,0.9192899416905839,0.9213050314465405,0.8101973070058175,0.8206654991243433,,,,,,,,
linreg,0.9124275157294026,0.904140461215933,0.8123305676497166,0.8209719789842383,,,,,,,,
SVR10,0.8588511815579258,0.8022187281621245,0.8390568172483068,0.8355954465849387,,,,,,,,
ridge,0.9127406737653626,0.9073899371069183,0.8096234774426266,0.8188266199649737,,,,,,,,
