,all,all,all,all,no revasc,no revasc,no revasc,no revasc,with revasc,with revasc,with revasc,with revasc
,Test AUC,Sensitivity,Specificity,Accuracy,Test AUC,Sensitivity,Specificity,Accuracy,Test AUC,Sensitivity,Specificity,Accuracy
lasso,0.7345391322225627,0.7615747460087084,0.6382363060831268,0.6495621716287214,0.7407975670271941,0.7504169985830396,0.6592899518976256,0.6667190967006198,0.5335649473237208,0.6969165556665557,0.5467943945417918,0.571283376570183
linreg,0.7345391322225627,0.7615747460087084,0.6382363060831268,0.6495621716287214,0.7407975670271941,0.7504169985830396,0.6592899518976256,0.6667190967006198,0.5335649473237208,0.6969165556665557,0.5467943945417918,0.571283376570183
SVR10,0.5325675853088194,0.6525126995645865,0.5781268365805938,0.5850262697022767,0.5329684236100404,0.6156256683470197,0.62076316426997,0.6197303248306673,0.5015094305444552,0.6327868659118658,0.5805365200175481,0.5871901830103654
ridge,0.7345391322225627,0.7615747460087084,0.6382363060831268,0.6495621716287214,0.7407975670271941,0.7504169985830396,0.6592899518976256,0.6667190967006198,0.5335649473237208,0.6969165556665557,0.5467943945417918,0.571283376570183
