,Test AUC,Sensitivity,Specificity,Accuracy
lasso,0.6260430328899516,0.36504629629629626,0.9180703099610008,0.8916812609457093
linreg,0.5986792247976538,0.40396825396825387,0.8477046602480771,0.8265761821366023
SVR10,0.39478537894976906,0.44986772486772486,0.6070627335879105,0.5994308231173381
ridge,0.5989283818768453,0.40396825396825375,0.8469693661304303,0.8258756567425568
