,Test AUC,Sensitivity,Specificity,Accuracy
lasso,0.6999300839384974,0.7244290865384619,0.5995181100950332,0.6136602451838881
linreg,0.7037716235304552,0.6958173076923081,0.630872917494991,0.6382224168126095
SVR10,0.5305199508024028,0.605643028846154,0.5134223635895877,0.5239929947460593
ridge,0.703770098134516,0.6958173076923081,0.630872917494991,0.6382224168126095
