,all,all,all,all,no revasc,no revasc,no revasc,no revasc,with revasc,with revasc,with revasc,with revasc
,Test AUC,Sensitivity,Specificity,Accuracy,Test AUC,Sensitivity,Specificity,Accuracy,Test AUC,Sensitivity,Specificity,Accuracy
lasso,0.9062985845477817,0.9614081062194269,0.8039616364084446,0.8187828371278458,,,,,,,,
linreg,0.8980321558126658,0.9330538085255065,0.8002886417780036,0.8127845884413312,,,,,,,,
SVR10,0.8718190419013382,0.8990303983228511,0.7678488346041538,0.7802101576182136,,,,,,,,
ridge,0.898093647511552,0.9349143955276029,0.7997091177942243,0.8124343257443082,,,,,,,,
