,all,all,all,all,no revasc,no revasc,no revasc,no revasc,with revasc,with revasc,with revasc,with revasc
,Test AUC,Sensitivity,Specificity,Accuracy,Test AUC,Sensitivity,Specificity,Accuracy,Test AUC,Sensitivity,Specificity,Accuracy
lasso,0.8653866241180571,0.8656446540880502,0.7638070095516906,0.7733800350262698,,,,,,,,
linreg,0.8653866241180571,0.8656446540880502,0.7638070095516906,0.7733800350262698,,,,,,,,
SVR10,0.24644670281964537,0.7563329839273235,0.34382976856381114,0.3827495621716287,,,,,,,,
ridge,0.8653866241180571,0.8656446540880502,0.7638070095516906,0.7733800350262698,,,,,,,,
