,Test AUC,Sensitivity,Specificity,Accuracy
lasso,0.7340598238276554,0.7705642235123367,0.6275832087248273,0.6407180385288967
linreg,0.7340598238276554,0.7705642235123367,0.6275832087248273,0.6407180385288967
SVR10,0.5650277650523046,0.7225145137880986,0.5334058666428609,0.5508756567425567
ridge,0.7340598238276554,0.7705642235123367,0.6275832087248273,0.6407180385288967
