,all,all,all,all,no revasc,no revasc,no revasc,no revasc,with revasc,with revasc,with revasc,with revasc
,Test AUC,Sensitivity,Specificity,Accuracy,Test AUC,Sensitivity,Specificity,Accuracy,Test AUC,Sensitivity,Specificity,Accuracy
lasso,0.78328721087115,0.8340939153439152,0.6572195590943559,0.6656304728546408,0.7927457060653366,0.8439178978504931,0.6713038246095745,0.6783442817570124,0.5986806312712262,0.7106005799755801,0.6533976621517374,0.6557338189698333
linreg,0.7221630386923031,0.6951719576719574,0.7103921230094248,0.709676007005254,0.7314688572219946,0.6867680378093961,0.7391971072642263,0.7368949052784857,0.5299222019475684,0.7280173992673993,0.5403040836431162,0.5586800901285647
SVR10,0.5370225902669232,0.42308201058201067,0.7878372637038241,0.7704028021015763,0.570385642346953,0.49374720830014274,0.7618243696146153,0.7505598682073655,0.4240148807359815,0.6366048534798534,0.5372236179140056,0.5492468781493858
ridge,0.7226407674794901,0.6951719576719574,0.7097023616076265,0.7090192644483363,0.7315973783849159,0.6879538085603842,0.7379751644619397,0.7357726765130617,0.5317118229034229,0.7280173992673993,0.5408182542818337,0.5590997605614281
