,Test AUC,Sensitivity,Specificity,Accuracy
lasso,0.7796754169170739,0.8185185185185185,0.6612971068952443,0.6687828371278458
linreg,0.711969539964543,0.7304232804232804,0.6846849271476547,0.6868651488616462
SVR10,0.5157285051835345,0.4251653439153439,0.8035845588235295,0.7855078809106828
ridge,0.713077972230175,0.7328042328042328,0.6824149773859819,0.6848511383537652
