,all,all,all,all,no revasc,no revasc,no revasc,no revasc,with revasc,with revasc,with revasc,with revasc
,Test AUC,Sensitivity,Specificity,Accuracy,Test AUC,Sensitivity,Specificity,Accuracy,Test AUC,Sensitivity,Specificity,Accuracy
lasso,0.6717690562570191,0.7093506493506494,0.5886353202378266,0.6004378283712783,0.6906589656102984,0.7510459137402605,0.5856648142498717,0.5992092625478211,0.46799263930103185,0.4387987421075657,0.7185970137194412,0.6528969390126358
linreg,0.6805358425724196,0.7145860389610389,0.5883738804846843,0.6006567425569176,0.6991444485807906,0.7322168188819389,0.6172997401867832,0.626568238023731,0.46454678839113106,0.47790841715474064,0.6736327514993669,0.6249118646743742
SVR10,0.5004679043768002,0.615340909090909,0.4878322796718596,0.5003502626970229,0.5015932065880382,0.6101786717840743,0.5011500822009081,0.510652722219999,0.47173190405197857,0.5759091011113069,0.5967000332763244,0.5925857743847065
ridge,0.6805345282445784,0.7145860389610389,0.5883738804846843,0.6006567425569176,0.6991427059219734,0.7322168188819389,0.6172997401867832,0.626568238023731,0.4644912139559171,0.47790841715474064,0.6736327514993669,0.6249118646743742
