,all,all,all,all,no revasc,no revasc,no revasc,no revasc,with revasc,with revasc,with revasc,with revasc
,Test AUC,Sensitivity,Specificity,Accuracy,Test AUC,Sensitivity,Specificity,Accuracy,Test AUC,Sensitivity,Specificity,Accuracy
lasso,0.7697312950032379,0.8511217948717951,0.6728868114464515,0.6768388791593696,0.7785902685026922,0.7946410533910535,0.7621337485731958,0.7625785554945278,0.4487650386049597,0.7841666666666667,0.4532671069367444,0.4752598975102715
linreg,0.7806633950154205,0.8668269230769232,0.6556440392149316,0.6603327495621717,0.8065967767365203,0.864541847041847,0.7250112108738033,0.7271651376314914,0.45137502409813823,0.7725000000000001,0.472021402072955,0.49092869869866557
SVR10,0.5899115403850963,0.6639423076923079,0.6162004443418547,0.617338003502627,0.610439711429103,0.6784848484848484,0.6425705225946808,0.6428735530580507,0.49854875157088036,0.7995833333333333,0.5184359857391669,0.5408192662611679
ridge,0.7806665608709868,0.8668269230769232,0.6556888420823153,0.6603765323992996,0.8065959671977815,0.864541847041847,0.7250112108738033,0.7271651376314914,0.45146430981242397,0.7725000000000001,0.472021402072955,0.49092869869866557
