,all,all,all,all,no revasc,no revasc,no revasc,no revasc,with revasc,with revasc,with revasc,with revasc
,Test AUC,Sensitivity,Specificity,Accuracy,Test AUC,Sensitivity,Specificity,Accuracy,Test AUC,Sensitivity,Specificity,Accuracy
lasso,0.7696807214624168,0.8229166666666667,0.6862956925128718,0.6893607705779334,0.7757529050131554,0.7946446608946609,0.7518372133222224,0.7525949427061638,0.4649889754942447,0.6860416666666667,0.5600752346351772,0.5664236290119128
linreg,0.7696807214624168,0.8229166666666667,0.6862956925128718,0.6893607705779334,0.7757529050131554,0.7946446608946609,0.7518372133222224,0.7525949427061638,0.4649889754942447,0.6860416666666667,0.5600752346351772,0.5664236290119128
SVR10,0.48068066696161205,0.7142628205128206,0.5355793275241887,0.5396234676007006,0.4711799908825923,0.6773277417027417,0.5931335141791787,0.5947213614069959,0.529721551306491,0.6985416666666666,0.6168098089391177,0.6202323913113231
ridge,0.7696807214624168,0.8229166666666667,0.6862956925128718,0.6893607705779334,0.7757529050131554,0.7946446608946609,0.7518372133222224,0.7525949427061638,0.4649889754942447,0.6860416666666667,0.5600752346351772,0.5664236290119128
