,all,all,all,all,no revasc,no revasc,no revasc,no revasc,with revasc,with revasc,with revasc,with revasc
,Test AUC,Sensitivity,Specificity,Accuracy,Test AUC,Sensitivity,Specificity,Accuracy,Test AUC,Sensitivity,Specificity,Accuracy
lasso,0.6671990641869023,0.7323427382053652,0.5652315521628497,0.578896672504378,0.6797482850246043,0.7135643729206167,0.6128758487087709,0.6196466542688112,0.4707411989035772,0.47734422848393443,0.6732433797203644,0.6284370992362003
linreg,0.6776383631921248,0.7057007400555044,0.6050005452562703,0.6132224168126095,0.6916122309534842,0.7061248167948978,0.6454049059895628,0.6495965503687121,0.4719207526260455,0.5096240218115218,0.6476835848029711,0.6238018233332709
SVR10,0.5079400059216546,0.5271739130434783,0.5838278807706289,0.5791593695271454,0.5135770445912199,0.6003721508694737,0.5266387773646806,0.5312928539613572,0.48652703913938333,0.5917735103948341,0.5918176954977497,0.5977812936413617
ridge,0.677640413493571,0.7057007400555044,0.6050005452562703,0.6132224168126095,0.691617224187118,0.706860110912545,0.6446746763977261,0.6489632355641911,0.47188886487094345,0.5096240218115218,0.6476835848029711,0.6238018233332709
