,all,all,all,all,no revasc,no revasc,no revasc,no revasc,with revasc,with revasc,with revasc,with revasc
,Test AUC,Sensitivity,Specificity,Accuracy,Test AUC,Sensitivity,Specificity,Accuracy,Test AUC,Sensitivity,Specificity,Accuracy
lasso,0.7302936254711704,0.747067307692308,0.6460221912981109,0.6574868651488617,0.731774590743001,0.727535243935869,0.668114743494949,0.6743002661243552,0.5616883774743217,0.711693602557573,0.5384545026985152,0.5829055963401775
linreg,0.6997873627295921,0.7241887019230772,0.6359355388201544,0.6459719789842382,0.7015216827374973,0.6974434504580984,0.6665774071361006,0.669784055702631,0.5624788991732903,0.6877359813389227,0.57073533569427,0.6002397459706387
SVR10,0.38529594173419957,0.38442307692307687,0.6902282082466031,0.6554728546409808,0.38893044605133664,0.4203116550275093,0.6626527771407831,0.636660738017499,0.48669820043342105,0.6035303626112449,0.5854631481388367,0.5933353191831804
ridge,0.700055186200018,0.7226502403846157,0.6377635046113308,0.647416812609457,0.7017372763519092,0.6987170671922416,0.6655389364265367,0.6690110620699333,0.5632295355342761,0.6859502670532083,0.5726973860456127,0.6008450914680108
