,all,all,all,all,no revasc,no revasc,no revasc,no revasc,with revasc,with revasc,with revasc,with revasc
,Test AUC,Sensitivity,Specificity,Accuracy,Test AUC,Sensitivity,Specificity,Accuracy,Test AUC,Sensitivity,Specificity,Accuracy
lasso,0.7392886855514886,0.7694711538461542,0.6424641968956348,0.6568739054290719,0.7440110583178126,0.7388220427708989,0.6841564015247474,0.6897804134866339,0.5736313873339413,0.6232530663780663,0.6444095160616277,0.6377113233669076
linreg,0.7386373405719142,0.7354867788461542,0.6686861215707369,0.6762697022767076,0.7453288131412059,0.717147361924045,0.7063213250932856,0.7075670994429151,0.5723763208721584,0.6336251595626595,0.6184777267357287,0.6175364870019189
SVR10,0.5526771840721987,0.5685036057692308,0.6063665988415152,0.6020577933450089,0.5519608250420347,0.5849137471140313,0.5943609239005972,0.5926091549935761,0.516526514959587,0.6460389957264959,0.5512359483349083,0.568512163734178
ridge,0.7386319576813931,0.7358713942307695,0.6682908646537409,0.6759632224168126,0.7453204216127571,0.717147361924045,0.7063205104577767,0.7075670057299317,0.5723229020687396,0.6336251595626595,0.6184777267357287,0.6175364870019189
