,all,all,all,all,no revasc,no revasc,no revasc,no revasc,with revasc,with revasc,with revasc,with revasc
,Test AUC,Sensitivity,Specificity,Accuracy,Test AUC,Sensitivity,Specificity,Accuracy,Test AUC,Sensitivity,Specificity,Accuracy
lasso,0.8260454592019111,0.854572021116139,0.6994778234771009,0.7135288966725045,0.8421241863542275,0.8529949428454767,0.7242302437887431,0.7341025423901861,0.5081598466727401,0.6111498387233681,0.5753803920350691,0.5868093772771755
linreg,0.7914260913347111,0.7706542232277526,0.7455149510893733,0.7477670753064799,0.8032267855370891,0.7406933623469983,0.7899432346124708,0.7863656183840444,0.5236345372660385,0.6655995740370743,0.5411503394787092,0.5722773939475043
SVR10,0.4939645397954645,0.32238876319758675,0.8999611864532385,0.8475919439579686,0.48343670524233684,0.2992492241520327,0.923125429909286,0.8757042600392706,0.5148603624625938,0.6863324706339412,0.5210055676995851,0.5592011703549552
ridge,0.7950714369785263,0.7841251885369533,0.7336657032755298,0.7382224168126095,0.8075656772943678,0.7657837558927378,0.7694341817291146,0.769369958023472,0.5254680635218503,0.6908073421676366,0.5121741518689988,0.5570374132004405
