,all,all,all,all,no revasc,no revasc,no revasc,no revasc,with revasc,with revasc,with revasc,with revasc
,Test AUC,Sensitivity,Specificity,Accuracy,Test AUC,Sensitivity,Specificity,Accuracy,Test AUC,Sensitivity,Specificity,Accuracy
lasso,0.8161794575842611,0.8254383116883114,0.7088617633777375,0.7202714535901928,0.8287345367104247,0.8119443443901121,0.7407043385309633,0.7467813408184891,0.5145006325923661,0.7212305239694945,0.47131970706047516,0.5276828174472791
linreg,0.8073728342760573,0.8021590909090909,0.7264428576804394,0.7338441330998249,0.8134571658978829,0.7630352690794852,0.7692949304426464,0.7686872902345845,0.5397891528788615,0.7765351907079848,0.43998064792963654,0.519830703567471
SVR10,0.3409818820075086,0.29853896103896094,0.7584542221720476,0.7135726795096323,0.3322446206449535,0.2507060129580573,0.8110536181728782,0.7645119444249682,0.506407900250488,0.6409994070472013,0.5382827231462513,0.5621798183323119
ridge,0.8083891783688577,0.8017938311688312,0.7271779747121246,0.7344570928196147,0.8145942950105323,0.7535173204539137,0.7789902959809485,0.7768933061131612,0.5407380902655675,0.7529847827825769,0.47056474402609005,0.5352824399695598
