,all,all,all,all,no revasc,no revasc,no revasc,no revasc,with revasc,with revasc,with revasc,with revasc
,Test AUC,Sensitivity,Specificity,Accuracy,Test AUC,Sensitivity,Specificity,Accuracy,Test AUC,Sensitivity,Specificity,Accuracy
lasso,0.7822492555841012,0.8432738095238095,0.6645113017653852,0.6708406304728547,0.7963701279467343,0.8345113077282195,0.705259232065914,0.7092904199269958,0.5602872025738639,0.7175595238095239,0.6155229315045586,0.6199230226844515
linreg,0.755240554363966,0.799107142857143,0.6893445801022933,0.6932136602451838,0.7694936544557033,0.7956990231990233,0.731813711160865,0.73373766981271,0.5992261239631728,0.7941666666666667,0.5737795468281277,0.590937142020048
SVR10,0.49238402825244937,0.40232142857142855,0.7670511466754659,0.7541155866900174,0.5018084209935016,0.4372732394239748,0.7480085911588443,0.7385460415523275,0.536890307823213,0.7588690476190478,0.5601764630139383,0.5740146020578266
ridge,0.7556708169326135,0.8017261904761905,0.6871258868173568,0.6911558669001753,0.769679479571103,0.7921275946275947,0.7351495690559248,0.7368861463625501,0.6001871800209606,0.7941666666666667,0.5747766521957527,0.5918396209673029
