,all,all,all,all,no revasc,no revasc,no revasc,no revasc,with revasc,with revasc,with revasc,with revasc
,Test AUC,Sensitivity,Specificity,Accuracy,Test AUC,Sensitivity,Specificity,Accuracy,Test AUC,Sensitivity,Specificity,Accuracy
lasso,0.7785909846484796,0.8044642857142857,0.6600616016427107,0.6813047285464099,0.783728925362696,0.7729873239720508,0.7001043023580162,0.7097201750205593,0.5660361291146802,0.6367968099451139,0.6033989551961427,0.6081301757567875
linreg,0.7653771878361202,0.7848214285714284,0.6666837782340861,0.6840630472854639,0.7680386922610712,0.7615507439204423,0.6992875441695268,0.7075531957418135,0.5824545080777955,0.6885411428984336,0.5642937248557185,0.6040624152645091
SVR10,0.5638463136794759,0.3961309523809524,0.8085215605749487,0.7478546409807356,0.5528952447327821,0.3696874214094378,0.8192162166109963,0.7606667142047033,0.5618211379716274,0.6448047822247749,0.5892189244133318,0.6008716958443288
ridge,0.7656075828688766,0.7839285714285714,0.6676078028747433,0.6847197898423817,0.7682634348566414,0.7665827268628731,0.6946809675999844,0.7042376788545869,0.5822279730121991,0.6849567743684128,0.5682316841966386,0.6069315588897012
