,Test AUC,Sensitivity,Specificity,Accuracy
lasso,0.7265487647368656,0.7586899038461541,0.6294185747363007,0.644089316987741
linreg,0.7081570893484301,0.7111538461538462,0.6442940142354858,0.6518826619964975
SVR10,0.3827467800715868,0.4686057692307692,0.5718807251834008,0.5602889667250437
ridge,0.714753121260359,0.7084254807692311,0.6552970858572864,0.6613397548161124
