,all,all,all,all,no revasc,no revasc,no revasc,no revasc,with revasc,with revasc,with revasc,with revasc
,Test AUC,Sensitivity,Specificity,Accuracy,Test AUC,Sensitivity,Specificity,Accuracy,Test AUC,Sensitivity,Specificity,Accuracy
lasso,0.7385951642421124,0.755799278846154,0.6530159778905599,0.6647110332749562,0.7417761453924286,0.735488809499105,0.6809620590472054,0.6867126013847739,0.5773661452759937,0.597375747210306,0.6621044512545506,0.6351685203235974
linreg,0.7223587043008551,0.7378545673076926,0.6461745055390538,0.6565674255691769,0.7281625814106527,0.7208301449743743,0.6748907381820873,0.679921780691424,0.5426856307406187,0.6699800424248954,0.5493252466089575,0.5739053238530805
SVR10,0.38237822474000366,0.3160336538461538,0.7290201019716067,0.6822241681260943,0.3791881224270005,0.40166837909744063,0.6432836872979373,0.6192090112740298,0.46276548602883916,0.5563153880433291,0.6000306550373027,0.586514647851475
ridge,0.7242060005038162,0.7401021634615388,0.6435976370340917,0.654553415061296,0.7298378693075184,0.7214522455443275,0.6734480202323436,0.6787499911107353,0.5443614277979945,0.6564437870136399,0.5683873459970777,0.5876035508906303
