,Test AUC,Sensitivity,Specificity,Accuracy
lasso,0.7473162042545664,0.786568509615385,0.6394174248271238,0.6560858143607705
linreg,0.7176359453934444,0.704705528846154,0.6747719671632717,0.6781523642732049
SVR10,0.4687093795192405,0.368155048076923,0.7164711821066336,0.6769264448336253
ridge,0.7179017412962596,0.7054987980769233,0.6742314124003087,0.6777583187390542
