,Test AUC,Sensitivity,Specificity,Accuracy
lasso,0.7411348903152307,0.7884555288461541,0.6212319035479571,0.6401926444833625
linreg,0.7019875826862656,0.7262680288461542,0.6283369779607237,0.6394483362521892
SVR10,0.551493181428382,0.44429687499999987,0.7389434283665053,0.7055604203152365
ridge,0.7022294662033898,0.7139663461538464,0.6409368641392053,0.6492119089316988
