,all,all,all,all,no revasc,no revasc,no revasc,no revasc,with revasc,with revasc,with revasc,with revasc
,Test AUC,Sensitivity,Specificity,Accuracy,Test AUC,Sensitivity,Specificity,Accuracy,Test AUC,Sensitivity,Specificity,Accuracy
lasso,0.9257742391674544,0.9520090845562541,0.8121745778660671,0.8253502626970226,,,,,,,,
linreg,0.9034876856685369,0.8884608665269041,0.8320506261995627,0.8373467600700526,,,,,,,,
SVR10,0.8586063887298337,0.7930293501048217,0.8521050685944302,0.8465411558669003,,,,,,,,
ridge,0.9117068337060308,0.9004891684136964,0.8338355936760193,0.8401050788091071,,,,,,,,
