,all,all,all,all,no revasc,no revasc,no revasc,no revasc,with revasc,with revasc,with revasc,with revasc
,Test AUC,Sensitivity,Specificity,Accuracy,Test AUC,Sensitivity,Specificity,Accuracy,Test AUC,Sensitivity,Specificity,Accuracy
lasso,0.8965361423937297,0.9702655485674351,0.7804715913758467,0.7983362521891421,,,,,,,,
linreg,0.8867706047453137,0.951109364081062,0.7757858300411492,0.7922942206654993,,,,,,,,
SVR10,0.7464096776697138,0.7649720475192173,0.7532130534790109,0.7543345008756568,,,,,,,,
ridge,0.8874518350431637,0.9562718378756113,0.7694092925475904,0.7869964973730296,,,,,,,,
