,all,all,all,all,no revasc,no revasc,no revasc,no revasc,with revasc,with revasc,with revasc,with revasc
,Test AUC,Sensitivity,Specificity,Accuracy,Test AUC,Sensitivity,Specificity,Accuracy,Test AUC,Sensitivity,Specificity,Accuracy
lasso,0.7760324997555491,0.7684523809523809,0.6866016427104725,0.6986427320490368,0.7787575048939092,0.753377276583614,0.7059794693980923,0.7120906886040473,0.5587920193960085,0.7398706146131355,0.4806066794410075,0.5622147836506481
linreg,0.771472572601936,0.7636904761904764,0.6877823408624232,0.6989492119089317,0.7719021758483833,0.7610187776473222,0.6875622690969141,0.6971793277931302,0.5701482641208047,0.6561379529782074,0.5751968967837837,0.595794830412395
SVR10,0.5192135401388481,0.2836309523809524,0.8826488706365504,0.7945271453590192,0.5106313059042885,0.2724489926790519,0.8892056653233149,0.809310942400115,0.5164005634798146,0.5640144595621023,0.621194094059039,0.6014161369191912
ridge,0.7714594333626674,0.7639880952380953,0.687577002053388,0.6988178633975483,0.7719246422243615,0.7582739530274976,0.6905371206567339,0.6994537945195408,0.570194531297747,0.6547093815496359,0.5751521098272322,0.595254899585953
