,all,all,all,all,no revasc,no revasc,no revasc,no revasc,with revasc,with revasc,with revasc,with revasc
,Test AUC,Sensitivity,Specificity,Accuracy,Test AUC,Sensitivity,Specificity,Accuracy,Test AUC,Sensitivity,Specificity,Accuracy
lasso,0.7828862197816367,0.7983603603603602,0.6750733230025313,0.691199649737303,0.7902602091743487,0.7695781997046216,0.713423591411335,0.7198529524422562,0.5516368700891218,0.6010756269444351,0.6274268741638331,0.6192675103269643
linreg,0.7694471126380487,0.7785585585585586,0.683730305218407,0.6961471103327496,0.7718401879651156,0.7535941406577593,0.7152341305187421,0.7194555353445737,0.5633642521419031,0.7021104480315006,0.5429850430769917,0.5820680996242409
SVR10,0.4678497580586688,0.25037837837837834,0.8729166328616863,0.7913747810858143,0.45243422131997046,0.2379813524379278,0.8733287963888221,0.8001827354113276,0.5358969435943264,0.5770381043320285,0.6377450173548243,0.6156237370222956
ridge,0.7696318230510646,0.7788783783783784,0.6831736386058285,0.695709281961471,0.7720641201252921,0.750635135623004,0.7180711506418216,0.721620388304065,0.5631820490031608,0.7000271146981673,0.5450580637411548,0.5831292466203659
