,Test AUC,Sensitivity,Specificity,Accuracy
lasso,0.7748762567104803,0.8217923280423282,0.6603570001895787,0.6680823117338004
linreg,0.7370090086372176,0.7925925925925924,0.6591230466634166,0.6654991243432573
SVR10,0.4109022912034671,0.5233465608465608,0.6130291273968151,0.6086252189141856
ridge,0.7373839220694418,0.7916666666666664,0.6602265802729933,0.6665061295971977
