,all,all,all,all,no revasc,no revasc,no revasc,no revasc,with revasc,with revasc,with revasc,with revasc
,Test AUC,Sensitivity,Specificity,Accuracy,Test AUC,Sensitivity,Specificity,Accuracy,Test AUC,Sensitivity,Specificity,Accuracy
lasso,0.7180301736046145,0.6926562500000003,0.6758158508158508,0.6777145359019265,0.7162090981310885,0.701428971329955,0.661685067001424,0.6659043087874348,0.5602010951771648,0.7114405550589761,0.5468289690787319,0.575610054801188
linreg,0.6771749584985113,0.659831730769231,0.6543320391982598,0.6549474605954466,0.6732259617074878,0.6801779730476604,0.6335289905892392,0.6382574338598808,0.5483112807594827,0.692200533384744,0.5488208505339249,0.5740178639104123
SVR10,0.516828810560259,0.4138161057692307,0.7604769394485114,0.7211908931698773,0.5141561003178532,0.4324436982074504,0.7431974743007467,0.7107695427951539,0.49858642763010047,0.6439550489714962,0.5461972929662389,0.5613584992418337
ridge,0.6783700092236361,0.6599639423076926,0.657704976183237,0.65792469352014,0.6734423392390433,0.6655936004776201,0.6470395466779709,0.6488426358527939,0.557990720213036,0.7188232856324961,0.5260357546816429,0.5639540951267474
