,Test AUC,Sensitivity,Specificity,Accuracy
lasso,0.7269531219546898,0.7653305288461543,0.624107748438852,0.6401050788091068
linreg,0.7058913726845897,0.7262620192307694,0.6238488239742421,0.6354640980735553
SVR10,0.44579138174743316,0.3121153846153845,0.8052699947766836,0.7493870402802102
ridge,0.7062691117585035,0.7093509615384617,0.6414380491303571,0.6491243432574431
