,all,all,all,all,no revasc,no revasc,no revasc,no revasc,with revasc,with revasc,with revasc,with revasc
,Test AUC,Sensitivity,Specificity,Accuracy,Test AUC,Sensitivity,Specificity,Accuracy,Test AUC,Sensitivity,Specificity,Accuracy
lasso,0.8803647654259856,0.8790269042627532,0.7753969291203334,0.7851576182136604,,,,,,,,
linreg,0.8813181758635389,0.8781184486373164,0.7792148047467197,0.7885288966725047,,,,,,,,
SVR10,0.6380038124769157,0.7336827393431169,0.5676676400080656,0.5832749562171626,,,,,,,,
ridge,0.8813244593553705,0.8781184486373164,0.7792630672949822,0.7885726795096324,,,,,,,,
