,all,all,all,all,no revasc,no revasc,no revasc,no revasc,with revasc,with revasc,with revasc,with revasc
,Test AUC,Sensitivity,Specificity,Accuracy,Test AUC,Sensitivity,Specificity,Accuracy,Test AUC,Sensitivity,Specificity,Accuracy
lasso,0.9066876406950671,0.9567610062893079,0.7964258642450133,0.8115148861646236,,,,,,,,
linreg,0.8971213063269463,0.9414570230607964,0.7927468017893551,0.8067425569176884,,,,,,,,
SVR10,0.8711451594681222,0.904786862334032,0.7602765621382642,0.7738616462346759,,,,,,,,
ridge,0.8971936396113435,0.9433088749126484,0.7911502169480892,0.8054728546409807,,,,,,,,
