,all,all,all,all,no revasc,no revasc,no revasc,no revasc,with revasc,with revasc,with revasc,with revasc
,Test AUC,Sensitivity,Specificity,Accuracy,Test AUC,Sensitivity,Specificity,Accuracy,Test AUC,Sensitivity,Specificity,Accuracy
lasso,0.6765232974910396,0.5,0.8530465949820789,0.8452102803738317,0.6667721679242415,0.4230769230769231,0.9104674127715602,0.9022653721682848,0.47849462365591394,0.0,1.0,0.9281437125748503
linreg,0.6660535747972081,0.47368421052631576,0.8584229390681004,0.8498831775700935,0.6661138400769737,0.4230769230769231,0.9091507570770243,0.9009708737864077,0.4723118279569893,0.0,1.0,0.9281437125748503
SVR10,0.5110670942589449,0.02631578947368421,0.9958183990442055,0.9742990654205608,0.4986833443054641,0.0,1.0,0.9831715210355987,0.531989247311828,0.08333333333333333,0.9806451612903225,0.9161676646706587
ridge,0.6660535747972081,0.47368421052631576,0.8584229390681004,0.8498831775700935,0.6661138400769737,0.4230769230769231,0.9091507570770243,0.9009708737864077,0.4723118279569893,0.0,1.0,0.9281437125748503
