,all,all,all,all,no revasc,no revasc,no revasc,no revasc,with revasc,with revasc,with revasc,with revasc
,Test AUC,Sensitivity,Specificity,Accuracy,Test AUC,Sensitivity,Specificity,Accuracy,Test AUC,Sensitivity,Specificity,Accuracy
lasso,0.6700555532917702,0.7268041237113402,0.6133069828722002,0.6261682242990654,0.6644234475669523,0.6624203821656051,0.6664265129682997,0.6660194174757281,0.523076923076923,1.0,0.0461538461538461,0.25748502994011974
linreg,0.6839167108104804,0.5773195876288659,0.7905138339920948,0.7663551401869159,0.6758292185979919,0.5159235668789809,0.8357348703170029,0.8032362459546926,0.5727650727650728,0.8378378378378378,0.3076923076923077,0.4251497005988024
SVR10,0.5943217472800619,0.28350515463917525,0.9051383399209486,0.834696261682243,0.5861341067200205,0.2356687898089172,0.9365994236311239,0.8653721682847897,0.5278586278586278,0.4864864864864865,0.5692307692307692,0.5508982035928144
ridge,0.6819404262255001,0.5773195876288659,0.7865612648221344,0.7628504672897196,0.6740280658602398,0.5159235668789809,0.8321325648414986,0.8,0.568918918918919,0.8378378378378378,0.30000000000000004,0.41916167664670656
