,all,all,all,all,no revasc,no revasc,no revasc,no revasc,with revasc,with revasc,with revasc,with revasc
,Test AUC,Sensitivity,Specificity,Accuracy,Test AUC,Sensitivity,Specificity,Accuracy,Test AUC,Sensitivity,Specificity,Accuracy
lasso,0.710045423920367,0.7414965986394558,0.678594249201278,0.6839953271028038,0.7042034762622998,0.6752136752136753,0.7331932773109244,0.7288025889967638,0.5547445255474452,1.0,0.10948905109489049,0.2694610778443114
linreg,0.7260785464345482,0.6802721088435374,0.771884984025559,0.764018691588785,0.708880988292753,0.6068376068376068,0.8109243697478992,0.7954692556634304,0.6658150851581508,0.9666666666666667,0.36496350364963503,0.47305389221556887
SVR10,0.506689704635848,0.02040816326530612,0.9929712460063898,0.9094626168224299,0.5060960281548517,0.017094017094017096,0.9950980392156863,0.9210355987055017,0.5020681265206813,0.03333333333333333,0.9708029197080292,0.8023952095808383
ridge,0.7188433200756341,0.673469387755102,0.7642172523961661,0.7564252336448598,0.7093029519500108,0.6153846153846154,0.8032212885154062,0.7889967637540453,0.6288321167883212,0.9,0.35766423357664234,0.4550898203592814
