,all,all,all,all,no revasc,no revasc,no revasc,no revasc,with revasc,with revasc,with revasc,with revasc
,Test AUC,Sensitivity,Specificity,Accuracy,Test AUC,Sensitivity,Specificity,Accuracy,Test AUC,Sensitivity,Specificity,Accuracy
lasso,0.6603283458021612,0.6666666666666666,0.6539900249376558,0.6547897196261683,0.6652366285323165,0.6309523809523809,0.6995208761122519,0.6957928802588996,0.49023892773892774,0.0,1.0,0.8562874251497006
linreg,0.6836958529601922,0.7314814814814815,0.6359102244389028,0.6419392523364486,0.6894494964310159,0.7142857142857143,0.6646132785763176,0.6673139158576051,0.5671620046620047,0.7916666666666666,0.3426573426573427,0.40718562874251496
SVR10,0.5689018195252609,0.18518518518518517,0.9526184538653366,0.9042056074766355,0.5825022000586682,0.21428571428571427,0.9507186858316222,0.9106796116504854,0.5276806526806527,0.08333333333333333,0.972027972027972,0.844311377245509
ridge,0.6836958529601922,0.7314814814814815,0.6359102244389028,0.6419392523364486,0.6894494964310159,0.7142857142857143,0.6646132785763176,0.6673139158576051,0.5671620046620047,0.7916666666666666,0.3426573426573427,0.40718562874251496
