,all,all,all,all,no revasc,no revasc,no revasc,no revasc,with revasc,with revasc,with revasc,with revasc
,Test AUC,Sensitivity,Specificity,Accuracy,Test AUC,Sensitivity,Specificity,Accuracy,Test AUC,Sensitivity,Specificity,Accuracy
lasso,0.698769168684423,0.6166666666666667,0.7808716707021792,0.7751168224299065,0.7015546596281579,0.5652173913043478,0.837891927951968,0.8297734627831715,0.503968253968254,0.7857142857142857,0.2222222222222222,0.2694610778443114
linreg,0.7713680387409201,0.8,0.7427360774818401,0.7447429906542056,0.7773660701337124,0.7608695652173914,0.7938625750500333,0.7928802588996764,0.5852007469654529,0.9285714285714286,0.24183006535947715,0.2994011976047904
SVR10,0.4985270379338176,0.0,1.0,0.9649532710280374,0.48638222583171387,0.0,1.0,0.9702265372168285,0.542016806722689,0.14285714285714285,0.9411764705882353,0.874251497005988
ridge,0.7689467312348669,0.8,0.7378934624697336,0.740070093457944,0.7740305130956869,0.7608695652173914,0.7871914609739826,0.7864077669902912,0.5917366946778712,0.9285714285714286,0.2549019607843137,0.31137724550898205
