,all,all,all,all,no revasc,no revasc,no revasc,no revasc,with revasc,with revasc,with revasc,with revasc
,Test AUC,Sensitivity,Specificity,Accuracy,Test AUC,Sensitivity,Specificity,Accuracy,Test AUC,Sensitivity,Specificity,Accuracy
lasso,0.6853836429057667,0.6615384615384615,0.709228824273072,0.705607476635514,0.6806518723994451,0.5922330097087378,0.7690707350901526,0.7572815533980582,0.5093915343915344,0.9259259259259259,0.09285714285714286,0.2275449101796407
linreg,0.6501847709812312,0.5538461538461539,0.7465233881163085,0.731892523364486,0.6428571428571428,0.49514563106796117,0.7905686546463245,0.7708737864077669,0.5353174603174603,0.7777777777777778,0.2928571428571428,0.3712574850299401
SVR10,0.5138043372556647,0.03076923076923077,0.9968394437420987,0.923481308411215,0.5131761442441054,0.02912621359223301,0.9972260748959778,0.9326860841423948,0.5149470899470899,0.037037037037037035,0.9928571428571429,0.8383233532934131
ridge,0.6517650491101818,0.5538461538461539,0.7496839443742098,0.7348130841121495,0.6445908460471568,0.49514563106796117,0.7940360610263523,0.7741100323624596,0.5353174603174603,0.7777777777777778,0.2928571428571428,0.3712574850299401
