,all,all,all,all,no revasc,no revasc,no revasc,no revasc,with revasc,with revasc,with revasc,with revasc
,Test AUC,Sensitivity,Specificity,Accuracy,Test AUC,Sensitivity,Specificity,Accuracy,Test AUC,Sensitivity,Specificity,Accuracy
lasso,0.6830882352941177,0.6125,0.7536764705882353,0.7470794392523364,0.6836750475012151,0.5573770491803278,0.8099730458221024,0.8,0.4893314366998577,0.0,1.0,0.8862275449101796
linreg,0.6797794117647058,0.65,0.7095588235294117,0.7067757009345794,0.6724404577791525,0.5901639344262295,0.7547169811320755,0.7482200647249191,0.5494310099573257,0.8421052631578947,0.2567567567567568,0.32335329341317365
SVR10,0.6554534313725489,0.7,0.610906862745098,0.615070093457944,0.6556990411382617,0.6557377049180327,0.6556603773584906,0.655663430420712,0.5021337126600285,0.8421052631578947,0.16216216216216217,0.23952095808383234
ridge,0.6797794117647058,0.65,0.7095588235294117,0.7067757009345794,0.6724404577791525,0.5901639344262295,0.7547169811320755,0.7482200647249191,0.5494310099573257,0.8421052631578947,0.2567567567567568,0.32335329341317365
