,all,all,all,all,no revasc,no revasc,no revasc,no revasc,with revasc,with revasc,with revasc,with revasc
,Test AUC,Sensitivity,Specificity,Accuracy,Test AUC,Sensitivity,Specificity,Accuracy,Test AUC,Sensitivity,Specificity,Accuracy
lasso,0.742675544794189,0.9,0.5853510895883778,0.5963785046728972,0.7543289729384807,0.8695652173913043,0.6390927284856571,0.6459546925566343,0.5294117647058824,1.0,0.05882352941176472,0.1377245508982036
linreg,0.7580508474576271,0.8,0.7161016949152542,0.7190420560747663,0.7494851640223918,0.7391304347826086,0.7598398932621748,0.7592233009708738,0.6437908496732025,1.0,0.2875816993464052,0.3473053892215569
SVR10,0.559866828087167,0.15,0.9697336561743342,0.9410046728971962,0.5624111726658352,0.15217391304347827,0.9726484322881921,0.948220064724919,0.542016806722689,0.14285714285714285,0.9411764705882353,0.874251497005988
ridge,0.7624293785310734,0.7833333333333333,0.7415254237288136,0.7429906542056075,0.7506236041418917,0.717391304347826,0.7838559039359573,0.7818770226537217,0.6633986928104575,1.0,0.326797385620915,0.38323353293413176
