,all,all,all,all,no revasc,no revasc,no revasc,no revasc,with revasc,with revasc,with revasc,with revasc
,Test AUC,Sensitivity,Specificity,Accuracy,Test AUC,Sensitivity,Specificity,Accuracy,Test AUC,Sensitivity,Specificity,Accuracy
lasso,0.7256492485694523,0.7368421052631579,0.7144563918757467,0.7149532710280374,0.7345672760419304,0.6923076923076923,0.7768268597761685,0.7754045307443366,0.46827956989247316,0.0,1.0,0.9281437125748503
linreg,0.7157926177450795,0.7368421052631579,0.6947431302270012,0.695677570093458,0.7131716210057224,0.6923076923076923,0.7340355497037525,0.7333333333333333,0.571505376344086,0.8333333333333334,0.3096774193548387,0.3473053892215569
SVR10,0.6588536754071559,0.42105263157894735,0.8966547192353644,0.8860981308411215,0.6442497594571326,0.38461538461538464,0.9038841342988808,0.8951456310679612,0.6629032258064517,0.5,0.8258064516129032,0.8023952095808383
ridge,0.7155096522668678,0.7631578947368421,0.6678614097968937,0.6699766355140186,0.7003342279839976,0.6923076923076923,0.7083607636603029,0.7080906148867314,0.5938172043010752,0.9166666666666666,0.2709677419354839,0.31736526946107785
