,all,all,all,all,no revasc,no revasc,no revasc,no revasc,with revasc,with revasc,with revasc,with revasc
,Test AUC,Sensitivity,Specificity,Accuracy,Test AUC,Sensitivity,Specificity,Accuracy,Test AUC,Sensitivity,Specificity,Accuracy
lasso,0.7012127534719959,0.7346938775510204,0.6677316293929713,0.673481308411215,0.7010522157580982,0.6752136752136753,0.7268907563025211,0.7229773462783171,0.5088807785888079,0.9666666666666667,0.051094890510948954,0.2155688622754491
linreg,0.6942622416378691,0.6530612244897959,0.7354632587859424,0.7283878504672897,0.6849278172807585,0.5897435897435898,0.7801120448179272,0.7656957928802589,0.5850364963503649,0.9,0.27007299270072993,0.38323353293413176
SVR10,0.5478994153571972,0.1360544217687075,0.9597444089456869,0.889018691588785,0.5497468218056453,0.1282051282051282,0.9712885154061625,0.9074433656957929,0.5030413625304136,0.16666666666666666,0.8394160583941606,0.718562874251497
ridge,0.6920258199126296,0.6530612244897959,0.7309904153354633,0.7242990654205608,0.682826976944624,0.5897435897435898,0.7759103641456583,0.7618122977346279,0.5813868613138686,0.9,0.26277372262773724,0.3772455089820359
