,all,all,all,all,no revasc,no revasc,no revasc,no revasc,with revasc,with revasc,with revasc,with revasc
,Test AUC,Sensitivity,Specificity,Accuracy,Test AUC,Sensitivity,Specificity,Accuracy,Test AUC,Sensitivity,Specificity,Accuracy
lasso,0.7424542539143559,0.868421052631579,0.6164874551971327,0.6220794392523364,0.7379475363346332,0.8076923076923077,0.6682027649769585,0.6705501618122978,0.5548387096774193,1.0,0.10967741935483866,0.17365269461077845
linreg,0.7029334087907941,0.7105263157894737,0.6953405017921147,0.695677570093458,0.6773433939332557,0.6153846153846154,0.739302172481896,0.7372168284789644,0.5905913978494624,0.9166666666666666,0.2645161290322581,0.31137724550898205
SVR10,0.5161604728667546,0.05263157894736842,0.9796893667861409,0.9591121495327103,0.5103433432926521,0.038461538461538464,0.9822251481237656,0.9663430420711974,0.5190860215053763,0.08333333333333333,0.9548387096774194,0.8922155688622755
ridge,0.7029334087907941,0.7105263157894737,0.6953405017921147,0.695677570093458,0.6773433939332557,0.6153846153846154,0.739302172481896,0.7372168284789644,0.5905913978494624,0.9166666666666666,0.2645161290322581,0.31137724550898205
