,all,all,all,all,no revasc,no revasc,no revasc,no revasc,with revasc,with revasc,with revasc,with revasc
,Test AUC,Sensitivity,Specificity,Accuracy,Test AUC,Sensitivity,Specificity,Accuracy,Test AUC,Sensitivity,Specificity,Accuracy
lasso,0.6637937166567872,0.72,0.6075874333135745,0.6092289719626168,0.6588235294117647,0.6666666666666666,0.6509803921568628,0.6511326860841424,0.4923566878980892,0.0,1.0,0.9401197604790419
linreg,0.6698636633076467,0.76,0.5797273266152934,0.5823598130841121,0.6722222222222223,0.7333333333333333,0.6111111111111112,0.6122977346278318,0.5369426751592357,0.8,0.2738853503184714,0.30538922155688625
SVR10,0.5379016004742146,0.24,0.8358032009484292,0.8271028037383178,0.5486928104575163,0.26666666666666666,0.830718954248366,0.8252427184466019,0.5426751592356688,0.2,0.8853503184713376,0.844311377245509
ridge,0.6698636633076467,0.76,0.5797273266152934,0.5823598130841121,0.6718954248366014,0.7333333333333333,0.6104575163398693,0.6116504854368932,0.540127388535032,0.8,0.28025477707006374,0.31137724550898205
