,all,all,all,all,no revasc,no revasc,no revasc,no revasc,with revasc,with revasc,with revasc,with revasc
,Test AUC,Sensitivity,Specificity,Accuracy,Test AUC,Sensitivity,Specificity,Accuracy,Test AUC,Sensitivity,Specificity,Accuracy
lasso,0.6730526111057085,0.6153846153846154,0.7307206068268015,0.7219626168224299,0.6622746185852981,0.5339805825242718,0.7905686546463245,0.7734627831715211,0.5201058201058202,0.9259259259259259,0.11428571428571432,0.24550898203592814
linreg,0.6461295341826316,0.5615384615384615,0.7307206068268015,0.717873831775701,0.630374479889043,0.47572815533980584,0.7850208044382802,0.7644012944983819,0.5301587301587302,0.8888888888888888,0.17142857142857137,0.2874251497005988
SVR10,0.521394534668871,0.07692307692307693,0.965865992414665,0.8983644859813084,0.5253120665742025,0.07766990291262135,0.9729542302357836,0.9132686084142395,0.48346560846560843,0.0,1.0,0.8383233532934131
ridge,0.649606146066323,0.5615384615384615,0.7376738305941846,0.7242990654205608,0.6334951456310679,0.47572815533980584,0.7912621359223301,0.7702265372168284,0.5373015873015873,0.8888888888888888,0.18571428571428572,0.2994011976047904
