,all,all,all,all,no revasc,no revasc,no revasc,no revasc,with revasc,with revasc,with revasc,with revasc
,Test AUC,Sensitivity,Specificity,Accuracy,Test AUC,Sensitivity,Specificity,Accuracy,Test AUC,Sensitivity,Specificity,Accuracy
lasso,0.695978158999226,0.7061855670103093,0.6857707509881423,0.6880841121495327,0.6929963839277519,0.6496815286624203,0.7363112391930835,0.7275080906148867,0.5460498960498961,0.9459459459459459,0.1461538461538462,0.32335329341317365
linreg,0.7080735639677818,0.7731958762886598,0.6429512516469038,0.6577102803738317,0.7006507094476772,0.7197452229299363,0.6815561959654179,0.6854368932038835,0.6153846153846154,1.0,0.23076923076923073,0.40119760479041916
SVR10,0.5455428330820532,0.13917525773195877,0.9519104084321476,0.8598130841121495,0.5505538831476349,0.1464968152866242,0.9546109510086456,0.8724919093851132,0.5155925155925156,0.10810810810810811,0.9230769230769231,0.7425149700598802
ridge,0.7080905423576872,0.7422680412371134,0.6739130434782609,0.6816588785046729,0.7016579783035665,0.6878980891719745,0.7154178674351586,0.7126213592233009,0.6018711018711018,0.972972972972973,0.23076923076923073,0.39520958083832336
