,all,all,all,all,no revasc,no revasc,no revasc,no revasc,with revasc,with revasc,with revasc,with revasc
,Test AUC,Sensitivity,Specificity,Accuracy,Test AUC,Sensitivity,Specificity,Accuracy,Test AUC,Sensitivity,Specificity,Accuracy
lasso,0.6968724870139749,0.7074829931972789,0.6862619808306709,0.6880841121495327,0.6934119801766861,0.6410256410256411,0.7457983193277311,0.7378640776699029,0.5161800486618006,0.9666666666666667,0.06569343065693434,0.2275449101796407
linreg,0.682706309360805,0.5986394557823129,0.7667731629392971,0.7523364485981309,0.6675465057817999,0.5213675213675214,0.8137254901960784,0.7915857605177994,0.5886861313868613,0.9,0.2773722627737226,0.38922155688622756
SVR10,0.5358718567299123,0.1292517006802721,0.9424920127795527,0.8726635514018691,0.5378420599008834,0.1282051282051282,0.9474789915966386,0.8854368932038835,0.5119221411192214,0.13333333333333333,0.8905109489051095,0.7544910179640718
ridge,0.6865945100084762,0.6530612244897959,0.7201277955271566,0.7143691588785047,0.6754022121669181,0.5811965811965812,0.7696078431372549,0.7553398058252427,0.5688564476885645,0.9333333333333333,0.2043795620437956,0.33532934131736525
