,all,all,all,all,no revasc,no revasc,no revasc,no revasc,with revasc,with revasc,with revasc,with revasc
,Test AUC,Sensitivity,Specificity,Accuracy,Test AUC,Sensitivity,Specificity,Accuracy,Test AUC,Sensitivity,Specificity,Accuracy
lasso,0.7249387254901961,0.85,0.5998774509803921,0.6115654205607477,0.7298064601652601,0.8032786885245902,0.65633423180593,0.6621359223300971,0.5168918918918919,1.0,0.03378378378378377,0.1437125748502994
linreg,0.721017156862745,0.825,0.6170343137254901,0.6267523364485982,0.7336231275683797,0.819672131147541,0.6475741239892183,0.654368932038835,0.5764580369843528,0.8421052631578947,0.31081081081081086,0.3712574850299401
SVR10,0.5610294117647059,0.6625,0.4595588235294118,0.46904205607476634,0.5868443727630241,0.7377049180327869,0.4359838274932615,0.44789644012944985,0.5584992887624467,0.42105263157894735,0.6959459459459459,0.6646706586826348
ridge,0.721017156862745,0.825,0.6170343137254901,0.6267523364485982,0.7336231275683797,0.819672131147541,0.6475741239892183,0.654368932038835,0.5764580369843528,0.8421052631578947,0.31081081081081086,0.3712574850299401
