,all,all,all,all,no revasc,no revasc,no revasc,no revasc,with revasc,with revasc,with revasc,with revasc
,Test AUC,Sensitivity,Specificity,Accuracy,Test AUC,Sensitivity,Specificity,Accuracy,Test AUC,Sensitivity,Specificity,Accuracy
lasso,0.6848707790982833,0.47368421052631576,0.8960573476702509,0.8866822429906542,0.6597204638679293,0.38461538461538464,0.934825543120474,0.9255663430420712,0.5913978494623655,0.6666666666666666,0.5161290322580645,0.5269461077844312
linreg,0.7134188517889706,0.7631578947368421,0.6636798088410991,0.6658878504672897,0.6814326226768622,0.6538461538461539,0.7090190915075707,0.7080906148867314,0.6096774193548387,1.0,0.21935483870967742,0.2754491017964072
SVR10,0.6645601458844242,0.47368421052631576,0.8554360812425328,0.8469626168224299,0.609548285815567,0.34615384615384615,0.8729427254772877,0.8640776699029126,0.7169354838709677,0.75,0.6838709677419355,0.688622754491018
ridge,0.7134188517889706,0.7631578947368421,0.6636798088410991,0.6658878504672897,0.6814326226768622,0.6538461538461539,0.7090190915075707,0.7080906148867314,0.6096774193548387,1.0,0.21935483870967742,0.2754491017964072
