,all,all,all,all,no revasc,no revasc,no revasc,no revasc,with revasc,with revasc,with revasc,with revasc
,Test AUC,Sensitivity,Specificity,Accuracy,Test AUC,Sensitivity,Specificity,Accuracy,Test AUC,Sensitivity,Specificity,Accuracy
lasso,0.6689621449818672,0.6185567010309279,0.7193675889328064,0.7079439252336449,0.6593893977495916,0.5414012738853503,0.7773775216138329,0.7533980582524272,0.522972972972973,0.9459459459459459,0.09999999999999998,0.2874251497005988
linreg,0.6396981921410428,0.5257731958762887,0.7536231884057971,0.727803738317757,0.6391270030654013,0.4713375796178344,0.8069164265129682,0.7728155339805826,0.4706860706860707,0.0,1.0,0.7784431137724551
SVR10,0.5042072450185404,0.03608247422680412,0.9723320158102767,0.8662383177570093,0.5082440022761063,0.044585987261146494,0.9719020172910663,0.8776699029126214,0.48846153846153845,0.0,1.0,0.7784431137724551
ridge,0.638051288320226,0.5257731958762887,0.7503293807641633,0.7248831775700935,0.6376860808751995,0.4713375796178344,0.8040345821325648,0.7702265372168284,0.4668399168399169,0.0,1.0,0.7784431137724551
