,all,all,all,all,no revasc,no revasc,no revasc,no revasc,with revasc,with revasc,with revasc,with revasc
,Test AUC,Sensitivity,Specificity,Accuracy,Test AUC,Sensitivity,Specificity,Accuracy,Test AUC,Sensitivity,Specificity,Accuracy
lasso,0.6604728667547004,0.631578947368421,0.6893667861409797,0.6880841121495327,0.6584417886261205,0.5769230769230769,0.7399605003291639,0.7372168284789644,0.4717741935483871,0.0,1.0,0.9281437125748503
linreg,0.7235584480915551,0.7368421052631579,0.7102747909199523,0.7108644859813084,0.7728389122398339,0.8076923076923077,0.7379855167873601,0.7391585760517799,0.5110215053763442,0.5833333333333334,0.43870967741935485,0.4491017964071856
SVR10,0.6262183235867447,0.2894736842105263,0.962962962962963,0.9480140186915887,0.6181571884336862,0.2692307692307692,0.9670836076366031,0.9553398058252427,0.6279569892473118,0.3333333333333333,0.9225806451612903,0.8802395209580839
ridge,0.7235584480915551,0.7368421052631579,0.7102747909199523,0.7108644859813084,0.7728389122398339,0.8076923076923077,0.7379855167873601,0.7391585760517799,0.5110215053763442,0.5833333333333334,0.43870967741935485,0.4491017964071856
