,all,all,all,all,no revasc,no revasc,no revasc,no revasc,with revasc,with revasc,with revasc,with revasc
,Test AUC,Sensitivity,Specificity,Accuracy,Test AUC,Sensitivity,Specificity,Accuracy,Test AUC,Sensitivity,Specificity,Accuracy
lasso,0.5864148704765672,0.2692307692307692,0.903598971722365,0.8457943925233645,0.5834788732394366,0.224,0.9429577464788732,0.884789644012945,0.47212998102466797,0.0,1.0,0.8143712574850299
linreg,0.6483834289104213,0.5576923076923077,0.7390745501285347,0.7225467289719626,0.6451830985915493,0.496,0.7943661971830986,0.7702265372168284,0.4841081593927894,0.0,1.0,0.8143712574850299
SVR10,0.6053078241381583,0.32051282051282054,0.8901028277634961,0.8382009345794392,0.5820985915492958,0.248,0.9161971830985915,0.8621359223300971,0.6152751423149905,0.6129032258064516,0.6176470588235294,0.6167664670658682
ridge,0.6400533913387383,0.5384615384615384,0.7416452442159382,0.7231308411214953,0.6342394366197183,0.472,0.7964788732394366,0.7702265372168284,0.4877846299810246,0.0,1.0,0.8143712574850299
