,all,all,all,all,no revasc,no revasc,no revasc,no revasc,with revasc,with revasc,with revasc,with revasc
,Test AUC,Sensitivity,Specificity,Accuracy,Test AUC,Sensitivity,Specificity,Accuracy,Test AUC,Sensitivity,Specificity,Accuracy
lasso,0.6912276055037149,0.6597938144329897,0.7226613965744401,0.7155373831775701,0.6791607775473117,0.5859872611464968,0.7723342939481268,0.7533980582524272,0.5826403326403327,0.972972972972973,0.1923076923076923,0.3652694610778443
linreg,0.7031260611493692,0.6855670103092784,0.7206851119894598,0.7167056074766355,0.6886001945703849,0.6178343949044586,0.7593659942363112,0.7449838187702266,0.6403326403326404,0.972972972972973,0.3076923076923077,0.4550898203592814
SVR10,0.5378108743191665,0.12371134020618557,0.9519104084321476,0.8580607476635514,0.5357110079113053,0.11464968152866242,0.9567723342939481,0.8711974110032362,0.5310810810810812,0.16216216216216217,0.9,0.7365269461077845
ridge,0.7021379188568789,0.6855670103092784,0.7187088274044795,0.7149532710280374,0.6907042163035297,0.6242038216560509,0.7572046109510087,0.7436893203883496,0.6268191268191268,0.9459459459459459,0.3076923076923077,0.4491017964071856
