,all,all,all,all,no revasc,no revasc,no revasc,no revasc,with revasc,with revasc,with revasc,with revasc
,Test AUC,Sensitivity,Specificity,Accuracy,Test AUC,Sensitivity,Specificity,Accuracy,Test AUC,Sensitivity,Specificity,Accuracy
lasso,0.7199525785417902,0.76,0.6799051570835803,0.6810747663551402,0.7375816993464053,0.7333333333333333,0.7418300653594772,0.7417475728155339,0.43821656050955415,0.0,1.0,0.9401197604790419
linreg,0.7190634262003557,0.76,0.6781268524007114,0.679322429906542,0.7366013071895425,0.7333333333333333,0.7398692810457517,0.7398058252427184,0.43821656050955415,0.0,1.0,0.9401197604790419
SVR10,0.5008891523414345,1.0,0.001778304682868992,0.016355140186915886,0.5003267973856209,1.0,0.0006535947712418277,0.010355987055016181,0.5063694267515924,1.0,0.01273885350318471,0.0718562874251497
ridge,0.7190634262003557,0.76,0.6781268524007114,0.679322429906542,0.7366013071895425,0.7333333333333333,0.7398692810457517,0.7398058252427184,0.43821656050955415,0.0,1.0,0.9401197604790419
