,all,all,all,all,no revasc,no revasc,no revasc,no revasc,with revasc,with revasc,with revasc,with revasc
,Test AUC,Sensitivity,Specificity,Accuracy,Test AUC,Sensitivity,Specificity,Accuracy,Test AUC,Sensitivity,Specificity,Accuracy
lasso,0.671800931774038,0.7474226804123711,0.5961791831357048,0.6133177570093458,0.6667156151911745,0.6878980891719745,0.6455331412103746,0.6498381877022654,0.5346153846153846,1.0,0.0692307692307692,0.2754491017964072
linreg,0.6574100484902815,0.5618556701030928,0.7529644268774703,0.7313084112149533,0.6482635510930818,0.4968152866242038,0.7997118155619597,0.7689320388349514,0.5458419958419958,0.8378378378378378,0.25384615384615383,0.38323353293413176
SVR10,0.4969370984610787,0.0,1.0,0.8866822429906542,0.4986738009141137,0.0,1.0,0.8983818770226537,0.5037422037422037,0.9459459459459459,0.06153846153846154,0.25748502994011974
ridge,0.6592301318881327,0.5463917525773195,0.772068511198946,0.7464953271028038,0.647715174654454,0.47770700636942676,0.8177233429394812,0.7831715210355987,0.5612266112266111,0.8378378378378378,0.2846153846153846,0.40718562874251496
