,all,all,all,all,no revasc,no revasc,no revasc,no revasc,with revasc,with revasc,with revasc,with revasc
,Test AUC,Sensitivity,Specificity,Accuracy,Test AUC,Sensitivity,Specificity,Accuracy,Test AUC,Sensitivity,Specificity,Accuracy
lasso,0.5658646845319597,0.17006802721088435,0.9616613418530351,0.8936915887850467,0.5393054657760541,0.09401709401709402,0.9845938375350141,0.9171521035598705,0.594647201946472,0.4666666666666667,0.7226277372262774,0.6766467065868264
linreg,0.5856686444545869,0.2857142857142857,0.8856230031948882,0.8341121495327103,0.5650991165697048,0.20512820512820512,0.9250700280112045,0.8705501618122977,0.5372262773722627,0.6,0.4744525547445255,0.49700598802395207
SVR10,0.5068027210884354,0.013605442176870748,1.0,0.915303738317757,0.5042735042735043,0.008547008547008548,1.0,0.9249190938511327,0.5166666666666667,0.03333333333333333,1.0,0.8263473053892215
ridge,0.5856686444545869,0.2857142857142857,0.8856230031948882,0.8341121495327103,0.5650991165697048,0.20512820512820512,0.9250700280112045,0.8705501618122977,0.5372262773722627,0.6,0.4744525547445255,0.49700598802395207
