,all,all,all,all,no revasc,no revasc,no revasc,no revasc,with revasc,with revasc,with revasc,with revasc
,Test AUC,Sensitivity,Specificity,Accuracy,Test AUC,Sensitivity,Specificity,Accuracy,Test AUC,Sensitivity,Specificity,Accuracy
lasso,0.6012301857434601,0.3769230769230769,0.8255372945638433,0.7914719626168224,0.5804438280166435,0.2815533980582524,0.8793342579750347,0.8394822006472492,0.5060846560846561,0.7407407407407407,0.27142857142857146,0.3473053892215569
linreg,0.5944228338033648,0.26153846153846155,0.927307206068268,0.8767523364485982,0.5641470180305131,0.17475728155339806,0.9535367545076283,0.9016181229773462,0.6248677248677248,0.5925925925925926,0.6571428571428571,0.6467065868263473
SVR10,0.5190216862783235,0.05384615384615385,0.984197218710493,0.9135514018691588,0.5221914008321775,0.05825242718446602,0.986130374479889,0.9242718446601942,0.5006613756613757,0.037037037037037035,0.9642857142857143,0.8143712574850299
ridge,0.5941067781775746,0.26153846153846155,0.9266750948166877,0.8761682242990654,0.5641470180305131,0.17475728155339806,0.9535367545076283,0.9016181229773462,0.6212962962962962,0.5925925925925926,0.65,0.6407185628742516
