,all,all,all,all,no revasc,no revasc,no revasc,no revasc,with revasc,with revasc,with revasc,with revasc
,Test AUC,Sensitivity,Specificity,Accuracy,Test AUC,Sensitivity,Specificity,Accuracy,Test AUC,Sensitivity,Specificity,Accuracy
lasso,0.7476467101363367,0.88,0.6152934202726734,0.6191588785046729,0.734640522875817,0.8,0.669281045751634,0.6705501618122978,0.5445859872611465,1.0,0.08917197452229297,0.1437125748502994
linreg,0.7657261410788381,0.88,0.6514522821576764,0.6547897196261683,0.7467320261437909,0.8,0.6934640522875817,0.6944983818770226,0.6210191082802548,1.0,0.2420382165605095,0.2874251497005988
SVR10,0.49778304682868996,0.0,1.0,0.9853971962616822,0.5111111111111111,1.0,0.022222222222222254,0.03171521035598705,0.5328025477707006,0.9,0.16560509554140124,0.20958083832335328
ridge,0.7657261410788381,0.88,0.6514522821576764,0.6547897196261683,0.7467320261437909,0.8,0.6934640522875817,0.6944983818770226,0.6210191082802548,1.0,0.2420382165605095,0.2874251497005988
