,all,all,all,all,no revasc,no revasc,no revasc,no revasc,with revasc,with revasc,with revasc,with revasc
,Test AUC,Sensitivity,Specificity,Accuracy,Test AUC,Sensitivity,Specificity,Accuracy,Test AUC,Sensitivity,Specificity,Accuracy
lasso,0.710399687031362,0.8163265306122449,0.6044728434504792,0.6226635514018691,0.7126966171083817,0.7692307692307693,0.6561624649859944,0.6647249190938511,0.5328467153284672,1.0,0.06569343065693434,0.23353293413173654
linreg,0.7417878333442004,0.7346938775510204,0.7488817891373802,0.7476635514018691,0.7289915966386553,0.6666666666666666,0.7913165266106442,0.7818770226537217,0.6532846715328466,1.0,0.3065693430656934,0.4311377245508982
SVR10,0.5264197691856295,0.10204081632653061,0.9507987220447285,0.8779205607476636,0.5250215470803706,0.10256410256410256,0.9474789915966386,0.883495145631068,0.5427007299270074,0.1,0.9854014598540146,0.8263473053892215
ridge,0.7388189780704614,0.7210884353741497,0.7565495207667732,0.7535046728971962,0.723945988651871,0.6495726495726496,0.7983193277310925,0.7870550161812297,0.6605839416058394,1.0,0.3211678832116789,0.4431137724550898
