,all,all,all,all,no revasc,no revasc,no revasc,no revasc,with revasc,with revasc,with revasc,with revasc
,Test AUC,Sensitivity,Specificity,Accuracy,Test AUC,Sensitivity,Specificity,Accuracy,Test AUC,Sensitivity,Specificity,Accuracy
lasso,0.7194431766316751,0.7142857142857143,0.7246006389776358,0.7237149532710281,0.7098685628097392,0.6410256410256411,0.7787114845938375,0.7682847896440129,0.5802919708029197,1.0,0.16058394160583944,0.31137724550898205
linreg,0.6939275390667449,0.5578231292517006,0.8300319488817891,0.8066588785046729,0.6884830855419091,0.5128205128205128,0.8641456582633054,0.8375404530744337,0.6038929440389295,0.7333333333333333,0.4744525547445255,0.5209580838323353
SVR10,0.6406120275586273,0.5170068027210885,0.7642172523961661,0.7429906542056075,0.6354682898800547,0.49572649572649574,0.7752100840336135,0.7540453074433657,0.6248175182481751,0.6,0.6496350364963503,0.6407185628742516
ridge,0.694886005520419,0.5578231292517006,0.8319488817891374,0.8084112149532711,0.6895335057099763,0.5128205128205128,0.8662464985994398,0.8394822006472492,0.6038929440389295,0.7333333333333333,0.4744525547445255,0.5209580838323353
