,all,all,all,all,no revasc,no revasc,no revasc,no revasc,with revasc,with revasc,with revasc,with revasc
,Test AUC,Sensitivity,Specificity,Accuracy,Test AUC,Sensitivity,Specificity,Accuracy,Test AUC,Sensitivity,Specificity,Accuracy
lasso,0.7725429756965028,0.88,0.6650859513930054,0.6682242990654206,0.7944444444444444,0.8666666666666667,0.7222222222222222,0.7236245954692556,0.5041401273885351,0.9,0.10828025477707004,0.15568862275449102
linreg,0.8055957320687611,0.84,0.7711914641375223,0.772196261682243,0.8392156862745098,0.8666666666666667,0.8117647058823529,0.8122977346278317,0.5878980891719745,0.8,0.37579617834394907,0.40119760479041916
SVR10,0.6287374036751631,0.28,0.977474807350326,0.9672897196261683,0.6578431372549018,0.3333333333333333,0.9823529411764705,0.976051779935275,0.564968152866242,0.2,0.9299363057324841,0.8862275449101796
ridge,0.8052993479549496,0.84,0.7705986959098993,0.7716121495327103,0.8388888888888889,0.8666666666666667,0.8111111111111111,0.8116504854368932,0.5878980891719745,0.8,0.37579617834394907,0.40119760479041916
