,all,all,all,all,no revasc,no revasc,no revasc,no revasc,with revasc,with revasc,with revasc,with revasc
,Test AUC,Sensitivity,Specificity,Accuracy,Test AUC,Sensitivity,Specificity,Accuracy,Test AUC,Sensitivity,Specificity,Accuracy
lasso,0.5762805101666598,0.24742268041237114,0.9051383399209486,0.830607476635514,0.5670831880174012,0.1910828025477707,0.9430835734870318,0.8666666666666667,0.4932432432432432,0.0,1.0,0.7784431137724551
linreg,0.618930225608845,0.5567010309278351,0.6811594202898551,0.6670560747663551,0.6076148607720406,0.49044585987261147,0.7247838616714697,0.7009708737864078,0.5266112266112266,0.8378378378378378,0.2153846153846154,0.3532934131736527
SVR10,0.5829496217214729,0.29896907216494845,0.8669301712779973,0.802570093457944,0.5761210741753703,0.267515923566879,0.8847262247838616,0.8220064724919094,0.5546777546777547,0.43243243243243246,0.676923076923077,0.6227544910179641
ridge,0.618930225608845,0.5567010309278351,0.6811594202898551,0.6670560747663551,0.6076148607720406,0.49044585987261147,0.7247838616714697,0.7009708737864078,0.5266112266112266,0.8378378378378378,0.2153846153846154,0.3532934131736527
