,all,all,all,all,no revasc,no revasc,no revasc,no revasc,with revasc,with revasc,with revasc,with revasc
,Test AUC,Sensitivity,Specificity,Accuracy,Test AUC,Sensitivity,Specificity,Accuracy,Test AUC,Sensitivity,Specificity,Accuracy
lasso,0.7129338175948345,0.7666666666666667,0.6592009685230025,0.6629672897196262,0.7244684862372016,0.7391304347826086,0.7098065376917946,0.7106796116504854,0.5102707749766573,0.8571428571428571,0.1633986928104575,0.2215568862275449
linreg,0.7252017756255044,0.7833333333333333,0.6670702179176755,0.6711448598130841,0.7254691533486092,0.7391304347826086,0.7118078719146097,0.7126213592233009,0.5786647992530345,0.9285714285714286,0.2287581699346405,0.2874251497005988
SVR10,0.5270379338175949,0.16666666666666666,0.887409200968523,0.8621495327102804,0.5193824868753083,0.15217391304347827,0.8865910607071381,0.8647249190938512,0.5548552754435107,0.21428571428571427,0.8954248366013072,0.8383233532934131
ridge,0.7252017756255044,0.7833333333333333,0.6670702179176755,0.6711448598130841,0.7254691533486092,0.7391304347826086,0.7118078719146097,0.7126213592233009,0.5786647992530345,0.9285714285714286,0.2287581699346405,0.2874251497005988
