,all,all,all,all,no revasc,no revasc,no revasc,no revasc,with revasc,with revasc,with revasc,with revasc
,Test AUC,Sensitivity,Specificity,Accuracy,Test AUC,Sensitivity,Specificity,Accuracy,Test AUC,Sensitivity,Specificity,Accuracy
lasso,0.7314164648910412,0.8,0.6628329297820823,0.6676401869158879,0.7298053774980422,0.7391304347826086,0.7204803202134756,0.7210355987055016,0.5490196078431373,1.0,0.0980392156862745,0.17365269461077845
linreg,0.7597054075867635,0.7833333333333333,0.7360774818401937,0.7377336448598131,0.7469544914000639,0.717391304347826,0.7765176784523016,0.7747572815533981,0.6699346405228759,1.0,0.33986928104575165,0.39520958083832336
SVR10,0.5651129943502825,0.31666666666666665,0.8135593220338984,0.7961448598130841,0.571649215418975,0.32608695652173914,0.8172114743162108,0.8025889967637541,0.5317460317460316,0.2857142857142857,0.7777777777777778,0.7365269461077845
ridge,0.7678773204196933,0.7833333333333333,0.7524213075060533,0.7535046728971962,0.7552933839951272,0.717391304347826,0.7931954636424283,0.7909385113268609,0.6764705882352942,1.0,0.3529411764705882,0.40718562874251496
