,all,all,all,all,no revasc,no revasc,no revasc,no revasc,with revasc,with revasc,with revasc,with revasc
,Test AUC,Sensitivity,Specificity,Accuracy,Test AUC,Sensitivity,Specificity,Accuracy,Test AUC,Sensitivity,Specificity,Accuracy
lasso,0.6972266165710896,0.8076923076923077,0.5867609254498715,0.606892523364486,0.699718309859155,0.76,0.6394366197183099,0.6491909385113268,0.5183823529411764,1.0,0.03676470588235292,0.2155688622754491
linreg,0.686152857425351,0.6730769230769231,0.699228791773779,0.6968457943925234,0.685943661971831,0.624,0.747887323943662,0.7378640776699029,0.5310721062618595,0.8709677419354839,0.19117647058823528,0.31736526946107785
SVR10,0.49726451783007053,0.0,1.0,0.9088785046728972,0.5042112676056337,0.888,0.12042253521126756,0.1825242718446602,0.45611954459203036,0.0,1.0,0.8143712574850299
ridge,0.686152857425351,0.6730769230769231,0.699228791773779,0.6968457943925234,0.685943661971831,0.624,0.747887323943662,0.7378640776699029,0.5310721062618595,0.8709677419354839,0.19117647058823528,0.31736526946107785
