,all,all,all,all,no revasc,no revasc,no revasc,no revasc,with revasc,with revasc,with revasc,with revasc
,Test AUC,Sensitivity,Specificity,Accuracy,Test AUC,Sensitivity,Specificity,Accuracy,Test AUC,Sensitivity,Specificity,Accuracy
lasso,0.7311541565778854,0.8666666666666667,0.5956416464891041,0.6051401869158879,0.7382602894683412,0.8260869565217391,0.6504336224149433,0.655663430420712,0.5294117647058824,1.0,0.05882352941176472,0.1377245508982036
linreg,0.7502219531880548,0.8666666666666667,0.6337772397094431,0.6419392523364486,0.7582736316964933,0.8260869565217391,0.6904603068712475,0.6944983818770226,0.5392156862745099,1.0,0.07843137254901966,0.15568862275449102
SVR10,0.49727602905569007,0.0,1.0,0.9649532710280374,0.49766511007338227,0.0,1.0,0.9702265372168285,0.4934640522875817,0.0,1.0,0.9161676646706587
ridge,0.7370460048426151,0.85,0.62409200968523,0.6320093457943925,0.7512689619166402,0.8260869565217391,0.6764509673115411,0.6809061488673139,0.5198412698412699,0.9285714285714286,0.11111111111111116,0.17964071856287425
