,all,all,all,all,no revasc,no revasc,no revasc,no revasc,with revasc,with revasc,with revasc,with revasc
,Test AUC,Sensitivity,Specificity,Accuracy,Test AUC,Sensitivity,Specificity,Accuracy,Test AUC,Sensitivity,Specificity,Accuracy
lasso,0.5,0.0,1.0,0.9532710280373832,0.5,0.0,1.0,0.9605177993527508,0.5,0.0,1.0,0.8862275449101796
linreg,0.6528799019607844,0.6875,0.6182598039215687,0.6214953271028038,0.6629954487207812,0.6885245901639344,0.6374663072776281,0.6394822006472491,0.5549431009957325,0.6842105263157895,0.42567567567567566,0.4550898203592814
SVR10,0.5410539215686274,0.8125,0.26960784313725494,0.2949766355140187,0.5364102337501657,0.8032786885245902,0.2695417789757413,0.2906148867313916,0.5561877667140825,0.8421052631578947,0.2702702702702703,0.33532934131736525
ridge,0.6528799019607844,0.6875,0.6182598039215687,0.6214953271028038,0.6629954487207812,0.6885245901639344,0.6374663072776281,0.6394822006472491,0.5549431009957325,0.6842105263157895,0.42567567567567566,0.4550898203592814
