,all,all,all,all,no revasc,no revasc,no revasc,no revasc,with revasc,with revasc,with revasc,with revasc
,Test AUC,Sensitivity,Specificity,Accuracy,Test AUC,Sensitivity,Specificity,Accuracy,Test AUC,Sensitivity,Specificity,Accuracy
lasso,0.6654060378353437,0.5641025641025641,0.7667095115681234,0.7482476635514018,0.6585633802816901,0.496,0.8211267605633803,0.7948220064724919,0.5186195445920303,0.8387096774193549,0.19852941176470584,0.31736526946107785
linreg,0.6461505503921955,0.5448717948717948,0.7474293059125964,0.7289719626168224,0.638112676056338,0.472,0.8042253521126761,0.7773462783171521,0.4965607210626186,0.0,1.0,0.8143712574850299
SVR10,0.49231263595016805,0.0,1.0,0.9088785046728972,0.49340845070422534,0.0,1.0,0.919093851132686,0.49122390891840606,0.0,1.0,0.8143712574850299
ridge,0.6307593434842793,0.5192307692307693,0.7422879177377892,0.7219626168224299,0.6225915492957746,0.448,0.7971830985915493,0.7689320388349514,0.4877846299810246,0.0,1.0,0.8143712574850299
