,all,all,all,all,no revasc,no revasc,no revasc,no revasc,with revasc,with revasc,with revasc,with revasc
,Test AUC,Sensitivity,Specificity,Accuracy,Test AUC,Sensitivity,Specificity,Accuracy,Test AUC,Sensitivity,Specificity,Accuracy
lasso,0.6975503579044592,0.7422680412371134,0.6528326745718049,0.6629672897196262,0.6927095761669635,0.6815286624203821,0.7038904899135447,0.7016181229773463,0.5538461538461539,1.0,0.10769230769230764,0.30538922155688625
linreg,0.7031090827594638,0.7164948453608248,0.6897233201581028,0.6927570093457944,0.691858330732943,0.6560509554140127,0.7276657060518732,0.7203883495145631,0.6287941787941789,0.972972972972973,0.2846153846153846,0.437125748502994
SVR10,0.4939319234478356,0.0,1.0,0.8866822429906542,0.4945231189999816,0.0,1.0,0.8983818770226537,0.5344074844074844,0.8918918918918919,0.17692307692307696,0.33532934131736525
ridge,0.7031090827594638,0.7164948453608248,0.6897233201581028,0.6927570093457944,0.691858330732943,0.6560509554140127,0.7276657060518732,0.7203883495145631,0.6287941787941789,0.972972972972973,0.2846153846153846,0.437125748502994
