,all,all,all,all,no revasc,no revasc,no revasc,no revasc,with revasc,with revasc,with revasc,with revasc
,Test AUC,Sensitivity,Specificity,Accuracy,Test AUC,Sensitivity,Specificity,Accuracy,Test AUC,Sensitivity,Specificity,Accuracy
lasso,0.6640920846033065,0.5370370370370371,0.791147132169576,0.7751168224299065,0.647342818030703,0.44047619047619047,0.8542094455852156,0.8317152103559871,0.5109265734265734,0.875,0.14685314685314688,0.25149700598802394
linreg,0.6880830331578461,0.6018518518518519,0.7743142144638404,0.7634345794392523,0.6744279847462599,0.5357142857142857,0.8131416837782341,0.7980582524271844,0.6054778554778555,0.8333333333333334,0.3776223776223776,0.4431137724550898
SVR10,0.5366791354945968,0.08333333333333333,0.9900249376558603,0.9328271028037384,0.53790212183436,0.08333333333333333,0.9924709103353867,0.943042071197411,0.5241841491841491,0.08333333333333333,0.965034965034965,0.8383233532934131
ridge,0.6880830331578461,0.6018518518518519,0.7743142144638404,0.7634345794392523,0.6744279847462599,0.5357142857142857,0.8131416837782341,0.7980582524271844,0.6054778554778555,0.8333333333333334,0.3776223776223776,0.4431137724550898
