,all,all,all,all,no revasc,no revasc,no revasc,no revasc,with revasc,with revasc,with revasc,with revasc
,Test AUC,Sensitivity,Specificity,Accuracy,Test AUC,Sensitivity,Specificity,Accuracy,Test AUC,Sensitivity,Specificity,Accuracy
lasso,0.6734002961031199,0.634020618556701,0.7127799736495388,0.7038551401869159,0.6657014629490262,0.5605095541401274,0.770893371757925,0.7495145631067961,0.5191268191268191,0.9459459459459459,0.09230769230769231,0.281437125748503
linreg,0.6724121538106298,0.634020618556701,0.7108036890645586,0.7021028037383178,0.6646207713063749,0.5605095541401274,0.7687319884726225,0.7475728155339806,0.5191268191268191,0.9459459459459459,0.09230769230769231,0.281437125748503
SVR10,0.49808144194069787,0.0,1.0,0.8866822429906542,0.4968152866242038,0.0,1.0,0.8983818770226537,0.5076923076923077,1.0,0.01538461538461533,0.23353293413173654
ridge,0.6724121538106298,0.634020618556701,0.7108036890645586,0.7021028037383178,0.6646207713063749,0.5605095541401274,0.7687319884726225,0.7475728155339806,0.5191268191268191,0.9459459459459459,0.09230769230769231,0.281437125748503
