,all,all,all,all,no revasc,no revasc,no revasc,no revasc,with revasc,with revasc,with revasc,with revasc
,Test AUC,Sensitivity,Specificity,Accuracy,Test AUC,Sensitivity,Specificity,Accuracy,Test AUC,Sensitivity,Specificity,Accuracy
lasso,0.6931051999630553,0.6574074074074074,0.7288029925187032,0.7242990654205608,0.6862594113620808,0.5833333333333334,0.7891854893908282,0.7779935275080906,0.5142773892773893,0.9166666666666666,0.11188811188811187,0.2275449101796407
linreg,0.6427565345894524,0.5648148148148148,0.7206982543640899,0.7108644859813084,0.633775789576611,0.5119047619047619,0.75564681724846,0.7423948220064724,0.5568181818181819,0.75,0.36363636363636365,0.41916167664670656
SVR10,0.5274660570795234,0.05555555555555555,0.9993765586034913,0.9398364485981309,0.5234672924611323,0.047619047619047616,0.999315537303217,0.9475728155339805,0.5416666666666666,0.08333333333333333,1.0,0.8682634730538922
ridge,0.6427565345894524,0.5648148148148148,0.7206982543640899,0.7108644859813084,0.633775789576611,0.5119047619047619,0.75564681724846,0.7423948220064724,0.5568181818181819,0.75,0.36363636363636365,0.41916167664670656
