,all,all,all,all,no revasc,no revasc,no revasc,no revasc,with revasc,with revasc,with revasc,with revasc
,Test AUC,Sensitivity,Specificity,Accuracy,Test AUC,Sensitivity,Specificity,Accuracy,Test AUC,Sensitivity,Specificity,Accuracy
lasso,0.6939231922801069,0.673469387755102,0.7143769968051118,0.7108644859813084,0.6903235653235653,0.6068376068376068,0.7738095238095238,0.7611650485436893,0.5141119221411192,0.9333333333333333,0.0948905109489051,0.24550898203592814
linreg,0.642828888743996,0.5374149659863946,0.7482428115015974,0.7301401869158879,0.6445719313366373,0.49572649572649574,0.7934173669467788,0.7708737864077669,0.4886861313868613,0.0,1.0,0.8203592814371258
SVR10,0.5120079980874138,0.027210884353741496,0.9968051118210862,0.9135514018691588,0.5114199525964231,0.02564102564102564,0.9971988795518207,0.9236245954692557,0.5130170316301704,0.03333333333333333,0.9927007299270073,0.8203592814371258
ridge,0.6444263328334529,0.5374149659863946,0.7514376996805112,0.7330607476635514,0.6463226316167493,0.49572649572649574,0.7969187675070029,0.7741100323624596,0.4886861313868613,0.0,1.0,0.8203592814371258
