,all,all,all,all,no revasc,no revasc,no revasc,no revasc,with revasc,with revasc,with revasc,with revasc
,Test AUC,Sensitivity,Specificity,Accuracy,Test AUC,Sensitivity,Specificity,Accuracy,Test AUC,Sensitivity,Specificity,Accuracy
lasso,0.6694250148192057,0.72,0.6188500296384114,0.6203271028037384,0.6640522875816993,0.6666666666666666,0.661437908496732,0.6614886731391586,0.5019108280254777,0.8,0.20382165605095537,0.23952095808383234
linreg,0.7141553052756373,0.88,0.5483106105512745,0.5531542056074766,0.7238562091503267,0.8666666666666667,0.5810457516339869,0.5838187702265372,0.5646496815286624,0.9,0.2292993630573248,0.2694610778443114
SVR10,0.507113218731476,1.0,0.014226437462951935,0.028621495327102803,0.5049019607843137,1.0,0.009803921568627416,0.019417475728155338,0.5286624203821656,1.0,0.0573248407643312,0.11377245508982035
ridge,0.7138589211618257,0.88,0.5477178423236515,0.552570093457944,0.7235294117647058,0.8666666666666667,0.580392156862745,0.5831715210355987,0.5646496815286624,0.9,0.2292993630573248,0.2694610778443114
