,all,all,all,all,no revasc,no revasc,no revasc,no revasc,with revasc,with revasc,with revasc,with revasc
,Test AUC,Sensitivity,Specificity,Accuracy,Test AUC,Sensitivity,Specificity,Accuracy,Test AUC,Sensitivity,Specificity,Accuracy
lasso,0.688024602812371,0.6054421768707483,0.7706070287539937,0.7564252336448598,0.6784726711197299,0.5299145299145299,0.8270308123249299,0.8045307443365696,0.5412408759124088,0.9,0.18248175182481752,0.31137724550898205
linreg,0.6819543152724349,0.6054421768707483,0.7584664536741215,0.7453271028037384,0.6750430941607413,0.5384615384615384,0.811624649859944,0.7909385113268609,0.5355231143552311,0.8666666666666667,0.2043795620437956,0.32335329341317365
SVR10,0.5020103888200648,0.013605442176870748,0.9904153354632588,0.9065420560747663,0.5039951878187172,0.017094017094017096,0.9908963585434174,0.9171521035598705,0.4927007299270073,0.0,1.0,0.8203592814371258
ridge,0.6854100106496271,0.6666666666666666,0.7041533546325879,0.7009345794392523,0.6783469798175681,0.5982905982905983,0.7584033613445378,0.7462783171521036,0.5360097323600974,0.9333333333333333,0.13868613138686137,0.281437125748503
