,all,all,all,all,no revasc,no revasc,no revasc,no revasc,with revasc,with revasc,with revasc,with revasc
,Test AUC,Sensitivity,Specificity,Accuracy,Test AUC,Sensitivity,Specificity,Accuracy,Test AUC,Sensitivity,Specificity,Accuracy
lasso,0.6886899822169531,0.72,0.6573799644339063,0.6582943925233645,0.6558823529411765,0.6,0.711764705882353,0.7106796116504854,0.5136942675159235,0.9,0.1273885350318471,0.17365269461077845
linreg,0.7160995850622407,0.76,0.6721991701244814,0.673481308411215,0.7245098039215686,0.7333333333333333,0.7156862745098039,0.7158576051779936,0.524203821656051,0.8,0.24840764331210186,0.281437125748503
SVR10,0.6112151748666271,0.52,0.7024303497332542,0.6997663551401869,0.6346405228758171,0.5333333333333333,0.7359477124183007,0.7339805825242719,0.4378980891719745,0.0,1.0,0.9401197604790419
ridge,0.7160995850622407,0.76,0.6721991701244814,0.673481308411215,0.7245098039215686,0.7333333333333333,0.7156862745098039,0.7158576051779936,0.524203821656051,0.8,0.24840764331210186,0.281437125748503
