,all,all,all,all,no revasc,no revasc,no revasc,no revasc,with revasc,with revasc,with revasc,with revasc
,Test AUC,Sensitivity,Specificity,Accuracy,Test AUC,Sensitivity,Specificity,Accuracy,Test AUC,Sensitivity,Specificity,Accuracy
lasso,0.6869736458232033,0.7538461538461538,0.6201011378002528,0.6302570093457944,0.6827323162274619,0.6893203883495146,0.6761442441054091,0.6770226537216828,0.5214285714285714,1.0,0.042857142857142816,0.19760479041916168
linreg,0.6891714480210056,0.6153846153846154,0.7629582806573957,0.7517523364485982,0.685506241331484,0.5631067961165048,0.8079056865464632,0.7915857605177994,0.5574074074074074,0.8148148148148148,0.30000000000000004,0.38323353293413176
SVR10,0.4918846640085578,0.0,1.0,0.9240654205607477,0.4944521497919556,0.0,1.0,0.9333333333333333,0.5022486772486773,0.9259259259259259,0.07857142857142863,0.2155688622754491
ridge,0.6930176018671594,0.6230769230769231,0.7629582806573957,0.7523364485981309,0.6903606102635229,0.5728155339805825,0.8079056865464632,0.7922330097087379,0.5574074074074074,0.8148148148148148,0.30000000000000004,0.38323353293413176
