,all,all,all,all,no revasc,no revasc,no revasc,no revasc,with revasc,with revasc,with revasc,with revasc
,Test AUC,Sensitivity,Specificity,Accuracy,Test AUC,Sensitivity,Specificity,Accuracy,Test AUC,Sensitivity,Specificity,Accuracy
lasso,0.5,0.0,1.0,0.9649532710280374,0.5,0.0,1.0,0.9702265372168285,0.5,0.0,1.0,0.9161676646706587
linreg,0.6834140435835351,0.75,0.6168280871670702,0.6214953271028038,0.6986469240363141,0.7608695652173914,0.6364242828552369,0.6401294498381876,0.5695611577964519,0.7142857142857143,0.4248366013071896,0.4491017964071856
SVR10,0.5340799031476997,0.8,0.2681598062953995,0.2867990654205608,0.525393740754706,0.782608695652174,0.2681787858572382,0.283495145631068,0.5625583566760037,0.8571428571428571,0.2679738562091504,0.31736526946107785
ridge,0.6834140435835351,0.75,0.6168280871670702,0.6214953271028038,0.6986469240363141,0.7608695652173914,0.6364242828552369,0.6401294498381876,0.5695611577964519,0.7142857142857143,0.4248366013071896,0.4491017964071856
