,all,all,all,all,no revasc,no revasc,no revasc,no revasc,with revasc,with revasc,with revasc,with revasc
,Test AUC,Sensitivity,Specificity,Accuracy,Test AUC,Sensitivity,Specificity,Accuracy,Test AUC,Sensitivity,Specificity,Accuracy
lasso,0.6856164830149313,0.673469387755102,0.6977635782747604,0.695677570093458,0.6847931480284422,0.6153846153846154,0.7542016806722689,0.7436893203883496,0.5047445255474453,0.9,0.10948905109489049,0.25149700598802394
linreg,0.6966855751885418,0.6802721088435374,0.7130990415335463,0.7102803738317757,0.6900452488687783,0.6153846153846154,0.7647058823529411,0.7533980582524272,0.5542579075425791,0.9333333333333333,0.17518248175182483,0.31137724550898205
SVR10,0.5220990632674796,0.05442176870748299,0.9897763578274761,0.9094626168224299,0.5089689722042663,0.02564102564102564,0.992296918767507,0.919093851132686,0.5650851581508517,0.16666666666666666,0.9635036496350365,0.8203592814371258
ridge,0.6954076199169763,0.6802721088435374,0.7105431309904153,0.7079439252336449,0.688994828700711,0.6153846153846154,0.7626050420168067,0.7514563106796116,0.5506082725060828,0.9333333333333333,0.16788321167883213,0.30538922155688625
