,all,all,all,all,no revasc,no revasc,no revasc,no revasc,with revasc,with revasc,with revasc,with revasc
,Test AUC,Sensitivity,Specificity,Accuracy,Test AUC,Sensitivity,Specificity,Accuracy,Test AUC,Sensitivity,Specificity,Accuracy
lasso,0.7199525785417902,0.76,0.6799051570835803,0.6810747663551402,0.7375816993464053,0.7333333333333333,0.7418300653594772,0.7417475728155339,0.43821656050955415,0.0,1.0,0.9401197604790419
linreg,0.7363959691760522,0.8,0.6727919383521044,0.6746495327102804,0.7277777777777777,0.7333333333333333,0.7222222222222222,0.7223300970873786,0.5455414012738853,0.9,0.19108280254777066,0.23353293413173654
SVR10,0.5729579134558388,0.68,0.46591582691167754,0.46904205607476634,0.5065359477124183,0.5333333333333333,0.47973856209150323,0.4802588996763754,0.6156050955414013,0.9,0.3312101910828026,0.3652694610778443
ridge,0.7163959691760522,0.76,0.6727919383521044,0.6740654205607477,0.7281045751633987,0.7333333333333333,0.722875816993464,0.7229773462783171,0.4923566878980892,0.0,1.0,0.9401197604790419
