,all,all,all,all,no revasc,no revasc,no revasc,no revasc,with revasc,with revasc,with revasc,with revasc
,Test AUC,Sensitivity,Specificity,Accuracy,Test AUC,Sensitivity,Specificity,Accuracy,Test AUC,Sensitivity,Specificity,Accuracy
lasso,0.7129901960784314,0.725,0.7009803921568627,0.7021028037383178,0.717130263797446,0.6721311475409836,0.7621293800539084,0.7585760517799353,0.4912873399715505,0.0,1.0,0.8862275449101796
linreg,0.6958946078431373,0.7625,0.6292892156862745,0.6355140186915887,0.7089224956917503,0.7540983606557377,0.6637466307277629,0.6673139158576051,0.536628733997155,0.7894736842105263,0.28378378378378377,0.3413173652694611
SVR10,0.5292892156862745,0.1125,0.946078431372549,0.907126168224299,0.5133555742123636,0.08196721311475409,0.944743935309973,0.9106796116504854,0.5849928876244666,0.21052631578947367,0.9594594594594594,0.874251497005988
ridge,0.6958946078431373,0.7625,0.6292892156862745,0.6355140186915887,0.7089224956917503,0.7540983606557377,0.6637466307277629,0.6673139158576051,0.536628733997155,0.7894736842105263,0.28378378378378377,0.3413173652694611
