,all,all,all,all,no revasc,no revasc,no revasc,no revasc,with revasc,with revasc,with revasc,with revasc
,Test AUC,Sensitivity,Specificity,Accuracy,Test AUC,Sensitivity,Specificity,Accuracy,Test AUC,Sensitivity,Specificity,Accuracy
lasso,0.6794707006789269,0.6217948717948718,0.737146529562982,0.7266355140186916,0.6702394366197183,0.544,0.7964788732394366,0.7760517799352751,0.5265654648956356,0.9354838709677419,0.11764705882352944,0.2694610778443114
linreg,0.6288230835146001,0.5256410256410257,0.7320051413881747,0.7132009345794392,0.6216619718309859,0.456,0.7873239436619719,0.7605177993527508,0.48043168880455406,0.0,1.0,0.8143712574850299
SVR10,0.5182255619273614,0.07051282051282051,0.9659383033419023,0.8843457943925234,0.5226197183098592,0.072,0.9732394366197183,0.9003236245954692,0.47711100569259957,0.0,1.0,0.8143712574850299
ridge,0.6323577878847801,0.5256410256410257,0.7390745501285347,0.719626168224299,0.6248309859154929,0.456,0.7936619718309859,0.7663430420711974,0.4877846299810246,0.0,1.0,0.8143712574850299
