,all,all,all,all,no revasc,no revasc,no revasc,no revasc,with revasc,with revasc,with revasc,with revasc
,Test AUC,Sensitivity,Specificity,Accuracy,Test AUC,Sensitivity,Specificity,Accuracy,Test AUC,Sensitivity,Specificity,Accuracy
lasso,0.741727199354318,0.8333333333333334,0.6501210653753027,0.6565420560747663,0.7580778490007831,0.8043478260869565,0.7118078719146097,0.7145631067961165,0.48716153127917833,0.0,1.0,0.9161676646706587
linreg,0.7774414850686038,0.8333333333333334,0.7215496368038741,0.7254672897196262,0.7755605186066072,0.782608695652174,0.7685123415610406,0.7689320388349514,0.630718954248366,1.0,0.261437908496732,0.32335329341317365
SVR10,0.5871468926553673,0.21666666666666667,0.9576271186440678,0.9316588785046729,0.5709458479566087,0.17391304347826086,0.9679786524349566,0.944336569579288,0.6066760037348273,0.35714285714285715,0.8562091503267975,0.8143712574850299
ridge,0.7753228410008072,0.8333333333333334,0.7173123486682809,0.7213785046728972,0.7735591843837921,0.782608695652174,0.7645096731154103,0.7650485436893204,0.6274509803921569,1.0,0.2549019607843137,0.31736526946107785
