,all,all,all,all,no revasc,no revasc,no revasc,no revasc,with revasc,with revasc,with revasc,with revasc
,Test AUC,Sensitivity,Specificity,Accuracy,Test AUC,Sensitivity,Specificity,Accuracy,Test AUC,Sensitivity,Specificity,Accuracy
lasso,0.742675544794189,0.9,0.5853510895883778,0.5963785046728972,0.7543289729384807,0.8695652173913043,0.6390927284856571,0.6459546925566343,0.5294117647058824,1.0,0.05882352941176472,0.1377245508982036
linreg,0.7542574656981437,0.7833333333333333,0.725181598062954,0.7272196261682243,0.7442860457696436,0.717391304347826,0.771180787191461,0.7695792880258899,0.6372549019607843,1.0,0.27450980392156865,0.33532934131736525
SVR10,0.49806295399515743,0.0,1.0,0.9649532710280374,0.4933868956115671,0.0,1.0,0.9702265372168285,0.522642390289449,0.07142857142857142,0.9738562091503268,0.8982035928143712
ridge,0.7584947538337369,0.7833333333333333,0.7336561743341404,0.7353971962616822,0.748288714215274,0.717391304347826,0.7791861240827218,0.7773462783171521,0.6437908496732025,1.0,0.2875816993464052,0.3473053892215569
