,all,all,all,all,no revasc,no revasc,no revasc,no revasc,with revasc,with revasc,with revasc,with revasc
,Test AUC,Sensitivity,Specificity,Accuracy,Test AUC,Sensitivity,Specificity,Accuracy,Test AUC,Sensitivity,Specificity,Accuracy
lasso,0.5,0.0,1.0,0.9088785046728972,0.5,0.0,1.0,0.919093851132686,0.5,0.0,1.0,0.8143712574850299
linreg,0.6065684529694813,0.5897435897435898,0.6233933161953727,0.6203271028037384,0.6047746478873239,0.568,0.6415492957746478,0.6355987055016181,0.5556214421252371,0.6774193548387096,0.4338235294117647,0.47904191616766467
SVR10,0.5474672071715774,0.8205128205128205,0.27442159383033415,0.3241822429906542,0.5493239436619718,0.824,0.27464788732394363,0.31909385113268607,0.5392552182163188,0.8064516129032258,0.2720588235294118,0.3712574850299401
ridge,0.6065684529694813,0.5897435897435898,0.6233933161953727,0.6203271028037384,0.6047746478873239,0.568,0.6415492957746478,0.6355987055016181,0.5556214421252371,0.6774193548387096,0.4338235294117647,0.47904191616766467
