,all,all,all,all,no revasc,no revasc,no revasc,no revasc,with revasc,with revasc,with revasc,with revasc
,Test AUC,Sensitivity,Specificity,Accuracy,Test AUC,Sensitivity,Specificity,Accuracy,Test AUC,Sensitivity,Specificity,Accuracy
lasso,0.7256492485694523,0.7368421052631579,0.7144563918757467,0.7149532710280374,0.7345672760419304,0.6923076923076923,0.7768268597761685,0.7754045307443366,0.46827956989247316,0.0,1.0,0.9281437125748503
linreg,0.7112966107023833,0.7105263157894737,0.7120669056152927,0.7120327102803738,0.7204132273256697,0.6923076923076923,0.7485187623436471,0.7475728155339806,0.5524193548387097,0.75,0.3548387096774194,0.38323353293413176
SVR10,0.5786486826384959,0.15789473684210525,0.9994026284348865,0.9807242990654206,0.576593912999443,0.15384615384615385,0.9993416721527321,0.9851132686084142,0.5833333333333334,0.16666666666666666,1.0,0.9401197604790419
ridge,0.7112966107023833,0.7105263157894737,0.7120669056152927,0.7120327102803738,0.7204132273256697,0.6923076923076923,0.7485187623436471,0.7475728155339806,0.5524193548387097,0.75,0.3548387096774194,0.38323353293413176
