,all,all,all,all,no revasc,no revasc,no revasc,no revasc,with revasc,with revasc,with revasc,with revasc
,Test AUC,Sensitivity,Specificity,Accuracy,Test AUC,Sensitivity,Specificity,Accuracy,Test AUC,Sensitivity,Specificity,Accuracy
lasso,0.5,0.0,1.0,0.9240654205607477,0.5,0.0,1.0,0.9333333333333333,0.5,0.0,1.0,0.8383233532934131
linreg,0.6186910434698045,0.6153846153846154,0.6219974715549936,0.6214953271028038,0.6213592233009707,0.6019417475728155,0.6407766990291262,0.6381877022653721,0.5476190476190477,0.6666666666666666,0.4285714285714286,0.46706586826347307
SVR10,0.5480744918798016,0.823076923076923,0.2730720606826802,0.3148364485981308,0.5544382801664355,0.8349514563106796,0.2739251040221914,0.31132686084142397,0.521031746031746,0.7777777777777778,0.26428571428571423,0.3473053892215569
ridge,0.6186910434698045,0.6153846153846154,0.6219974715549936,0.6214953271028038,0.6213592233009707,0.6019417475728155,0.6407766990291262,0.6381877022653721,0.5476190476190477,0.6666666666666666,0.4285714285714286,0.46706586826347307
