,all,all,all,all,no revasc,no revasc,no revasc,no revasc,with revasc,with revasc,with revasc,with revasc
,Test AUC,Sensitivity,Specificity,Accuracy,Test AUC,Sensitivity,Specificity,Accuracy,Test AUC,Sensitivity,Specificity,Accuracy
lasso,0.7121323529411765,0.7,0.7242647058823529,0.7231308411214953,0.7125292740046839,0.639344262295082,0.7857142857142857,0.7799352750809061,0.5014224751066857,0.8947368421052632,0.10810810810810811,0.19760479041916168
linreg,0.6814950980392157,0.6375,0.7254901960784313,0.7213785046728972,0.669187176881269,0.5573770491803278,0.7809973045822103,0.772168284789644,0.5318278805120911,0.8947368421052632,0.16891891891891897,0.25149700598802394
SVR10,0.5459558823529412,0.125,0.9669117647058824,0.927570093457944,0.5524336087667359,0.13114754098360656,0.9737196765498652,0.940453074433657,0.5019559032716927,0.10526315789473684,0.8986486486486487,0.8083832335329342
ridge,0.6848651960784313,0.6375,0.7322303921568627,0.727803738317757,0.6722195218947461,0.5573770491803278,0.7870619946091644,0.7779935275080906,0.5385846372688479,0.8947368421052632,0.18243243243243246,0.2634730538922156
