,all,all,all,all,no revasc,no revasc,no revasc,no revasc,with revasc,with revasc,with revasc,with revasc
,Test AUC,Sensitivity,Specificity,Accuracy,Test AUC,Sensitivity,Specificity,Accuracy,Test AUC,Sensitivity,Specificity,Accuracy
lasso,0.7121323529411765,0.7,0.7242647058823529,0.7231308411214953,0.7125292740046839,0.639344262295082,0.7857142857142857,0.7799352750809061,0.5014224751066857,0.8947368421052632,0.10810810810810811,0.19760479041916168
linreg,0.6653186274509804,0.6125,0.7181372549019608,0.7132009345794392,0.6639068092439575,0.5737704918032787,0.7540431266846361,0.7469255663430421,0.5474751066856329,0.7368421052631579,0.3581081081081081,0.40119760479041916
SVR10,0.5371936274509803,0.075,0.9993872549019608,0.9561915887850467,0.532449958022182,0.06557377049180328,0.9993261455525606,0.9624595469255663,0.5526315789473684,0.10526315789473684,1.0,0.8982035928143712
ridge,0.6653186274509804,0.6125,0.7181372549019608,0.7132009345794392,0.6639068092439575,0.5737704918032787,0.7540431266846361,0.7469255663430421,0.5474751066856329,0.7368421052631579,0.3581081081081081,0.40119760479041916
