,all,all,all,all,no revasc,no revasc,no revasc,no revasc,with revasc,with revasc,with revasc,with revasc
,Test AUC,Sensitivity,Specificity,Accuracy,Test AUC,Sensitivity,Specificity,Accuracy,Test AUC,Sensitivity,Specificity,Accuracy
lasso,0.7384191176470588,0.7875,0.6893382352941176,0.6939252336448598,0.7513753258804294,0.7540983606557377,0.7486522911051212,0.7488673139158576,0.4946657183499289,0.0,1.0,0.8862275449101796
linreg,0.7436274509803921,0.7875,0.6997549019607843,0.7038551401869159,0.7537338164464672,0.7540983606557377,0.7533692722371967,0.7533980582524272,0.5284495021337127,0.8947368421052632,0.16216216216216217,0.24550898203592814
SVR10,0.4971813725490196,0.0,1.0,0.9532710280373832,0.49539901020723787,0.0,1.0,0.9605177993527508,0.5311166429587482,0.9473684210526315,0.11486486486486491,0.20958083832335328
ridge,0.7509803921568627,0.7875,0.7144607843137255,0.717873831775701,0.7614831425920199,0.7540983606557377,0.7688679245283019,0.7682847896440129,0.5318278805120911,0.8947368421052632,0.16891891891891897,0.25149700598802394
