,all,all,all,all,no revasc,no revasc,no revasc,no revasc,with revasc,with revasc,with revasc,with revasc
,Test AUC,Sensitivity,Specificity,Accuracy,Test AUC,Sensitivity,Specificity,Accuracy,Test AUC,Sensitivity,Specificity,Accuracy
lasso,0.6943498978897209,0.7692307692307693,0.6194690265486726,0.6308411214953271,0.6920943134535368,0.7087378640776699,0.6754507628294035,0.6776699029126214,0.5214285714285714,1.0,0.042857142857142816,0.19760479041916168
linreg,0.6998833025381698,0.7923076923076923,0.6074589127686473,0.6214953271028038,0.6990291262135921,0.7378640776699029,0.6601941747572815,0.6653721682847896,0.5321428571428571,1.0,0.06428571428571428,0.2155688622754491
SVR10,0.49847320820772145,0.0,1.0,0.9240654205607477,0.49930651872399445,0.0,1.0,0.9333333333333333,0.49642857142857144,0.0,1.0,0.8383233532934131
ridge,0.7018622969950402,0.5769230769230769,0.8268015170670038,0.8078271028037384,0.6903606102635229,0.5048543689320388,0.875866851595007,0.8511326860841424,0.5866402116402116,0.8518518518518519,0.3214285714285714,0.40718562874251496
