,all,all,all,all,no revasc,no revasc,no revasc,no revasc,with revasc,with revasc,with revasc,with revasc
,Test AUC,Sensitivity,Specificity,Accuracy,Test AUC,Sensitivity,Specificity,Accuracy,Test AUC,Sensitivity,Specificity,Accuracy
lasso,0.6904827106561474,0.7074829931972789,0.673482428115016,0.6764018691588785,0.6932054873231344,0.6581196581196581,0.7282913165266107,0.7229773462783171,0.5010948905109489,0.9,0.1021897810218978,0.24550898203592814
linreg,0.7227358675099432,0.6122448979591837,0.8332268370607029,0.8142523364485982,0.7101289233642175,0.5470085470085471,0.873249299719888,0.8485436893203884,0.6413625304136253,0.8666666666666667,0.416058394160584,0.49700598802395207
SVR10,0.5711438569037839,0.21768707482993196,0.9246006389776358,0.8639018691588785,0.5814210299504418,0.23076923076923078,0.9320728291316527,0.8789644012944984,0.5066909975669099,0.16666666666666666,0.8467153284671532,0.7245508982035929
ridge,0.7253852339657908,0.6258503401360545,0.8249201277955271,0.8078271028037384,0.7109010270774978,0.5555555555555556,0.8662464985994398,0.8427184466019417,0.647080291970803,0.9,0.3941605839416058,0.48502994011976047
