,all,all,all,all,no revasc,no revasc,no revasc,no revasc,with revasc,with revasc,with revasc,with revasc
,Test AUC,Sensitivity,Specificity,Accuracy,Test AUC,Sensitivity,Specificity,Accuracy,Test AUC,Sensitivity,Specificity,Accuracy
lasso,0.7502515248695215,0.9210526315789473,0.5794504181600956,0.5870327102803738,0.7586342229199372,0.8846153846153846,0.6326530612244898,0.6368932038834951,0.5290322580645161,1.0,0.058064516129032295,0.12574850299401197
linreg,0.7540558385210337,0.7894736842105263,0.7186379928315412,0.7202102803738317,0.7283131614928849,0.6923076923076923,0.7643186306780777,0.7631067961165049,0.635483870967742,1.0,0.2709677419354839,0.32335329341317365
SVR10,0.4994340690435767,0.0,1.0,0.977803738317757,0.4909226717982479,0.0,1.0,0.9831715210355987,0.5287634408602151,0.08333333333333333,0.9741935483870968,0.9101796407185628
ridge,0.7582374394768283,0.7894736842105263,0.7270011947431303,0.7283878504672897,0.7322631285764927,0.6923076923076923,0.7722185648452929,0.7708737864077669,0.6419354838709677,1.0,0.28387096774193543,0.33532934131736525
