,all,all,all,all,no revasc,no revasc,no revasc,no revasc,with revasc,with revasc,with revasc,with revasc
,Test AUC,Sensitivity,Specificity,Accuracy,Test AUC,Sensitivity,Specificity,Accuracy,Test AUC,Sensitivity,Specificity,Accuracy
lasso,0.730575980392157,0.8,0.6611519607843137,0.6676401869158879,0.7420518315584816,0.7704918032786885,0.7136118598382749,0.7158576051779936,0.5149359886201991,0.8947368421052632,0.1351351351351351,0.2215568862275449
linreg,0.711642156862745,0.9,0.5232843137254901,0.5408878504672897,0.7157604613141266,0.8688524590163934,0.5626684636118598,0.574757281553398,0.5641891891891893,1.0,0.1283783783783784,0.2275449101796407
SVR10,0.5495710784313725,0.4,0.6991421568627452,0.6851635514018691,0.5525164597233883,0.39344262295081966,0.7115902964959568,0.6990291262135923,0.49768847795163584,0.0,1.0,0.8862275449101796
ridge,0.711642156862745,0.9,0.5232843137254901,0.5408878504672897,0.7157604613141266,0.8688524590163934,0.5626684636118598,0.574757281553398,0.5641891891891893,1.0,0.1283783783783784,0.2275449101796407
