,all,all,all,all,no revasc,no revasc,no revasc,no revasc,with revasc,with revasc,with revasc,with revasc
,Test AUC,Sensitivity,Specificity,Accuracy,Test AUC,Sensitivity,Specificity,Accuracy,Test AUC,Sensitivity,Specificity,Accuracy
lasso,0.6339460784313725,0.4125,0.8553921568627451,0.834696261682243,0.6116002386107553,0.3114754098360656,0.9117250673854448,0.8880258899676375,0.5136913229018493,0.7368421052631579,0.29054054054054057,0.3413173652694611
linreg,0.6525735294117647,0.4375,0.8676470588235294,0.8475467289719626,0.6385488931112191,0.36065573770491804,0.9164420485175202,0.8944983818770227,0.531294452347084,0.6842105263157895,0.3783783783783784,0.41317365269461076
SVR10,0.49405637254901963,0.0,1.0,0.9532710280373832,0.5,0.0,1.0,0.9605177993527508,0.47706258890469416,0.0,1.0,0.8862275449101796
ridge,0.6528799019607843,0.4375,0.8682598039215687,0.8481308411214953,0.6388858203349388,0.36065573770491804,0.9171159029649596,0.8951456310679612,0.531294452347084,0.6842105263157895,0.3783783783783784,0.41317365269461076
