,all,all,all,all,no revasc,no revasc,no revasc,no revasc,with revasc,with revasc,with revasc,with revasc
,Test AUC,Sensitivity,Specificity,Accuracy,Test AUC,Sensitivity,Specificity,Accuracy,Test AUC,Sensitivity,Specificity,Accuracy
lasso,0.6832128037937167,0.68,0.6864256075874333,0.6863317757009346,0.6702614379084968,0.6,0.7405228758169935,0.7391585760517799,0.47961783439490446,0.0,1.0,0.9401197604790419
linreg,0.7178897451096622,0.68,0.7557794902193242,0.7546728971962616,0.6993464052287582,0.6,0.7986928104575164,0.7967637540453074,0.5687898089171974,0.8,0.33757961783439494,0.3652694610778443
SVR10,0.6457261410788382,0.64,0.6514522821576764,0.6512850467289719,0.680718954248366,0.6666666666666666,0.6947712418300653,0.6944983818770226,0.4146496815286624,0.0,1.0,0.9401197604790419
ridge,0.7399525785417902,0.8,0.6799051570835803,0.6816588785046729,0.7281045751633987,0.7333333333333333,0.722875816993464,0.7229773462783171,0.5805732484076433,0.9,0.2611464968152867,0.2994011976047904
