,all,all,all,all,no revasc,no revasc,no revasc,no revasc,with revasc,with revasc,with revasc,with revasc
,Test AUC,Sensitivity,Specificity,Accuracy,Test AUC,Sensitivity,Specificity,Accuracy,Test AUC,Sensitivity,Specificity,Accuracy
lasso,0.7445924132364811,0.8166666666666667,0.6725181598062955,0.677570093457944,0.7654160744844389,0.8043478260869565,0.7264843228819213,0.7288025889967638,0.5004668534080299,0.8571428571428571,0.14379084967320266,0.20359281437125748
linreg,0.7751210653753027,0.75,0.8002421307506054,0.798481308411215,0.7779751718536995,0.717391304347826,0.838559039359573,0.8349514563106796,0.6409897292250233,0.8571428571428571,0.4248366013071896,0.46107784431137727
SVR10,0.4946933010492332,0.0,1.0,0.9649532710280374,0.5023348899266178,1.0,0.004669779853235467,0.0343042071197411,0.4740896358543418,0.0,1.0,0.9161676646706587
ridge,0.7657384987893463,0.75,0.7814769975786925,0.780373831775701,0.7696362792586362,0.717391304347826,0.8218812541694462,0.8187702265372169,0.6213818860877685,0.8571428571428571,0.3856209150326797,0.4251497005988024
