,all,all,all,all,no revasc,no revasc,no revasc,no revasc,with revasc,with revasc,with revasc,with revasc
,Test AUC,Sensitivity,Specificity,Accuracy,Test AUC,Sensitivity,Specificity,Accuracy,Test AUC,Sensitivity,Specificity,Accuracy
lasso,0.6654137897500728,0.6076923076923076,0.7231352718078381,0.7143691588785047,0.659500693481276,0.5436893203883495,0.7753120665742025,0.7598705501618123,0.5187830687830688,0.8518518518518519,0.18571428571428572,0.2934131736526946
linreg,0.6864922687931537,0.6846153846153846,0.6883691529709228,0.6880841121495327,0.6789181692094313,0.6213592233009708,0.7364771151178918,0.7288025889967638,0.5593915343915343,0.9259259259259259,0.19285714285714284,0.31137724550898205
SVR10,0.4989983467859574,0.0,1.0,0.9240654205607477,0.5024271844660194,1.0,0.004854368932038833,0.07119741100323625,0.48862433862433857,0.0,1.0,0.8383233532934131
ridge,0.6872410775065643,0.7923076923076923,0.5821744627054362,0.5981308411214953,0.6879334257975034,0.7475728155339806,0.6282940360610263,0.6362459546925566,0.53505291005291,0.9629629629629629,0.1071428571428571,0.24550898203592814
