,all,all,all,all,no revasc,no revasc,no revasc,no revasc,with revasc,with revasc,with revasc,with revasc
,Test AUC,Sensitivity,Specificity,Accuracy,Test AUC,Sensitivity,Specificity,Accuracy,Test AUC,Sensitivity,Specificity,Accuracy
lasso,0.7385556184367729,0.8421052631578947,0.6350059737156512,0.6396028037383178,0.7318833240492226,0.7692307692307693,0.6945358788676761,0.6957928802588996,0.5258064516129033,1.0,0.05161290322580647,0.11976047904191617
linreg,0.7782651072124757,0.8157894736842105,0.7407407407407407,0.7424065420560748,0.7985136982832836,0.8076923076923077,0.7893350888742594,0.7896440129449838,0.5489247311827957,0.8333333333333334,0.2645161290322581,0.30538922155688625
SVR10,0.5260328239954726,0.07894736842105263,0.9731182795698925,0.9532710280373832,0.5252949815161796,0.07692307692307693,0.9736668861092824,0.9585760517799353,0.5255376344086021,0.08333333333333333,0.967741935483871,0.9041916167664671
ridge,0.779192605168836,0.868421052631579,0.6899641577060932,0.6939252336448598,0.7923988453942371,0.8461538461538461,0.7386438446346281,0.7404530744336569,0.5647849462365591,0.9166666666666666,0.2129032258064516,0.2634730538922156
