,all,all,all,all,no revasc,no revasc,no revasc,no revasc,with revasc,with revasc,with revasc,with revasc
,Test AUC,Sensitivity,Specificity,Accuracy,Test AUC,Sensitivity,Specificity,Accuracy,Test AUC,Sensitivity,Specificity,Accuracy
lasso,0.7160539215686275,0.85,0.5821078431372548,0.594626168224299,0.7265476558702665,0.819672131147541,0.633423180592992,0.6407766990291263,0.5074679943100995,0.9473684210526315,0.06756756756756754,0.16766467065868262
linreg,0.7033700980392156,0.7125,0.6942401960784313,0.6950934579439252,0.7050008837435376,0.6721311475409836,0.7378706199460916,0.7352750809061489,0.5494310099573257,0.8421052631578947,0.2567567567567568,0.32335329341317365
SVR10,0.6972426470588236,0.775,0.6194852941176471,0.6267523364485982,0.6972460342008748,0.7213114754098361,0.6731805929919137,0.6750809061488673,0.5142247510668563,0.9473684210526315,0.08108108108108103,0.17964071856287425
ridge,0.7033700980392156,0.7125,0.6942401960784313,0.6950934579439252,0.7050008837435376,0.6721311475409836,0.7378706199460916,0.7352750809061489,0.5494310099573257,0.8421052631578947,0.2567567567567568,0.32335329341317365
