,all,all,all,all,no revasc,no revasc,no revasc,no revasc,with revasc,with revasc,with revasc,with revasc
,Test AUC,Sensitivity,Specificity,Accuracy,Test AUC,Sensitivity,Specificity,Accuracy,Test AUC,Sensitivity,Specificity,Accuracy
lasso,0.7018983587106981,0.6730769230769231,0.730719794344473,0.7254672897196262,0.6950704225352113,0.6,0.7901408450704226,0.7747572815533981,0.5390180265654649,0.967741935483871,0.11029411764705888,0.2694610778443114
linreg,0.6762490936655461,0.6282051282051282,0.724293059125964,0.7155373831775701,0.6740422535211267,0.584,0.7640845070422535,0.7495145631067961,0.5576375711574952,0.8064516129032258,0.3088235294117647,0.40119760479041916
SVR10,0.5332542350537209,0.1282051282051282,0.9383033419023137,0.8644859813084113,0.5293661971830986,0.12,0.9387323943661972,0.8724919093851132,0.547556925996205,0.16129032258064516,0.9338235294117647,0.7904191616766467
ridge,0.6756064201436952,0.6282051282051282,0.7230077120822622,0.7143691588785047,0.6733380281690141,0.584,0.7626760563380282,0.7482200647249191,0.5576375711574952,0.8064516129032258,0.3088235294117647,0.40119760479041916
