,all,all,all,all,no revasc,no revasc,no revasc,no revasc,with revasc,with revasc,with revasc,with revasc
,Test AUC,Sensitivity,Specificity,Accuracy,Test AUC,Sensitivity,Specificity,Accuracy,Test AUC,Sensitivity,Specificity,Accuracy
lasso,0.7290133936993022,0.868421052631579,0.5896057347670252,0.5957943925233645,0.7257684711601763,0.8076923076923077,0.6438446346280448,0.6466019417475728,0.5290322580645161,1.0,0.058064516129032295,0.12574850299401197
linreg,0.7612871785197762,0.8947368421052632,0.6278375149342892,0.6337616822429907,0.7650782397326177,0.8461538461538461,0.6840026333113891,0.6867313915857605,0.5387096774193548,1.0,0.07741935483870965,0.1437125748502994
SVR10,0.49731182795698925,0.0,1.0,0.977803738317757,0.4976958525345622,0.0,1.0,0.9831715210355987,0.4935483870967742,0.0,1.0,0.9281437125748503
ridge,0.7433503112620261,0.868421052631579,0.6182795698924731,0.6238317757009346,0.7581657973363043,0.8461538461538461,0.6701777485187623,0.6731391585760518,0.5131720430107527,0.9166666666666666,0.10967741935483866,0.16766467065868262
