,all,all,all,all,no revasc,no revasc,no revasc,no revasc,with revasc,with revasc,with revasc,with revasc
,Test AUC,Sensitivity,Specificity,Accuracy,Test AUC,Sensitivity,Specificity,Accuracy,Test AUC,Sensitivity,Specificity,Accuracy
lasso,0.6654060378353437,0.5641025641025641,0.7667095115681234,0.7482476635514018,0.6585633802816901,0.496,0.8211267605633803,0.7948220064724919,0.5186195445920303,0.8387096774193549,0.19852941176470584,0.31736526946107785
linreg,0.6624645705622568,0.6025641025641025,0.7223650385604112,0.7114485981308412,0.6507464788732394,0.536,0.7654929577464789,0.7469255663430421,0.5715132827324478,0.8709677419354839,0.2720588235294118,0.38323353293413176
SVR10,0.627076329839826,0.6346153846153846,0.6195372750642674,0.6209112149532711,0.6236901408450705,0.584,0.6633802816901408,0.656957928802589,0.5002371916508539,0.8387096774193549,0.16176470588235292,0.2874251497005988
ridge,0.6624645705622568,0.6025641025641025,0.7223650385604112,0.7114485981308412,0.6507464788732394,0.536,0.7654929577464789,0.7469255663430421,0.5715132827324478,0.8709677419354839,0.2720588235294118,0.38323353293413176
