,all,all,all,all,no revasc,no revasc,no revasc,no revasc,with revasc,with revasc,with revasc,with revasc
,Test AUC,Sensitivity,Specificity,Accuracy,Test AUC,Sensitivity,Specificity,Accuracy,Test AUC,Sensitivity,Specificity,Accuracy
lasso,0.7366020984665052,0.8666666666666667,0.6065375302663438,0.6156542056074766,0.7452649592481944,0.8260869565217391,0.6644429619746497,0.6692556634304208,0.5196078431372548,1.0,0.039215686274509776,0.11976047904191617
linreg,0.7213075060532689,0.85,0.5926150121065376,0.6016355140186916,0.7257229457319373,0.8043478260869565,0.6470980653769179,0.6517799352750809,0.5294117647058824,1.0,0.05882352941176472,0.1377245508982036
SVR10,0.49455205811138014,0.0,1.0,0.9649532710280374,0.4943295530353569,0.0,1.0,0.9702265372168285,0.49673202614379086,0.0,1.0,0.9161676646706587
ridge,0.7398103309120257,0.6666666666666666,0.812953995157385,0.8078271028037384,0.7478391391362358,0.6304347826086957,0.8652434956637758,0.858252427184466,0.5431839402427638,0.7857142857142857,0.30065359477124187,0.3413173652694611
