,all,all,all,all,no revasc,no revasc,no revasc,no revasc,with revasc,with revasc,with revasc,with revasc
,Test AUC,Sensitivity,Specificity,Accuracy,Test AUC,Sensitivity,Specificity,Accuracy,Test AUC,Sensitivity,Specificity,Accuracy
lasso,0.7095641646489104,0.7,0.7191283292978208,0.7184579439252337,0.7170142413783102,0.6521739130434783,0.781854569713142,0.7779935275080906,0.48085901027077493,0.0,1.0,0.9161676646706587
linreg,0.6736682808716705,0.65,0.6973365617433414,0.695677570093458,0.6729268787887577,0.6086956521739131,0.7371581054036024,0.7333333333333333,0.546451914098973,0.7857142857142857,0.30718954248366015,0.3473053892215569
SVR10,0.6414245359160613,0.38333333333333336,0.8995157384987893,0.8814252336448598,0.627215244945906,0.34782608695652173,0.9066044029352902,0.889967637540453,0.6650326797385621,0.5,0.8300653594771241,0.8023952095808383
ridge,0.6856537530266342,0.7,0.6713075060532687,0.6723130841121495,0.6823244481828465,0.6521739130434783,0.7124749833222148,0.7106796116504854,0.5625583566760037,0.8571428571428571,0.2679738562091504,0.31736526946107785
