,all,all,all,all,no revasc,no revasc,no revasc,no revasc,with revasc,with revasc,with revasc,with revasc
,Test AUC,Sensitivity,Specificity,Accuracy,Test AUC,Sensitivity,Specificity,Accuracy,Test AUC,Sensitivity,Specificity,Accuracy
lasso,0.6931645903368268,0.717948717948718,0.6683804627249357,0.6728971962616822,0.6917323943661973,0.656,0.7274647887323944,0.7216828478964401,0.5096062618595826,0.967741935483871,0.05147058823529416,0.2215568862275449
linreg,0.6852382835673324,0.6346153846153846,0.7358611825192802,0.7266355140186916,0.6784929577464789,0.576,0.7809859154929577,0.7644012944983819,0.5678368121442126,0.8709677419354839,0.2647058823529411,0.3772455089820359
SVR10,0.5473848131303144,0.1346153846153846,0.9601542416452442,0.884929906542056,0.5499154929577466,0.128,0.971830985915493,0.9035598705501618,0.49976280834914616,0.0,1.0,0.8143712574850299
ridge,0.6829889262408544,0.6346153846153846,0.731362467866324,0.7225467289719626,0.6763802816901409,0.576,0.7767605633802817,0.7605177993527508,0.5641603415559773,0.8709677419354839,0.25735294117647056,0.3712574850299401
