,all,all,all,all,no revasc,no revasc,no revasc,no revasc,with revasc,with revasc,with revasc,with revasc
,Test AUC,Sensitivity,Specificity,Accuracy,Test AUC,Sensitivity,Specificity,Accuracy,Test AUC,Sensitivity,Specificity,Accuracy
lasso,0.6911936487239042,0.7216494845360825,0.660737812911726,0.6676401869158879,0.6850139503294848,0.6560509554140127,0.7139769452449567,0.7080906148867314,0.5461538461538462,1.0,0.09230769230769231,0.2934131736526946
linreg,0.7085863113429227,0.6391752577319587,0.7779973649538867,0.7622663551401869,0.7014950714954385,0.5859872611464968,0.8170028818443804,0.7935275080906149,0.6132016632016632,0.8648648648648649,0.3615384615384616,0.47305389221556887
SVR10,0.5841177349469595,0.3711340206185567,0.7971014492753623,0.7488317757009346,0.5757929660970281,0.34394904458598724,0.8076368876080692,0.7605177993527508,0.5855509355509355,0.4864864864864865,0.6846153846153846,0.6407185628742516
ridge,0.7009867840212978,0.5824742268041238,0.8194993412384717,0.7926401869158879,0.6887401567576497,0.5222929936305732,0.8551873198847262,0.8213592233009709,0.6381496881496881,0.8378378378378378,0.43846153846153846,0.5269461077844312
