,all,all,all,all,no revasc,no revasc,no revasc,no revasc,with revasc,with revasc,with revasc,with revasc
,Test AUC,Sensitivity,Specificity,Accuracy,Test AUC,Sensitivity,Specificity,Accuracy,Test AUC,Sensitivity,Specificity,Accuracy
lasso,0.7155637254901961,0.7375,0.6936274509803921,0.695677570093458,0.7216207856480049,0.6885245901639344,0.7547169811320755,0.7521035598705501,0.4879089615931721,0.0,1.0,0.8862275449101796
linreg,0.7246936274509804,0.7625,0.6868872549019608,0.6904205607476636,0.7285802660068049,0.7213114754098361,0.7358490566037736,0.7352750809061489,0.5453413940256046,0.8947368421052632,0.19594594594594594,0.2754491017964072
SVR10,0.6055759803921569,0.7375,0.4736519607843137,0.48598130841121495,0.621658344748354,0.7540983606557377,0.4892183288409704,0.49967637540453075,0.5008890469416785,0.6842105263157895,0.31756756756756754,0.3592814371257485
ridge,0.725,0.7625,0.6875,0.6910046728971962,0.7289171932305244,0.7213114754098361,0.7365229110512129,0.7359223300970874,0.5453413940256046,0.8947368421052632,0.19594594594594594,0.2754491017964072
