,all,all,all,all,no revasc,no revasc,no revasc,no revasc,with revasc,with revasc,with revasc,with revasc
,Test AUC,Sensitivity,Specificity,Accuracy,Test AUC,Sensitivity,Specificity,Accuracy,Test AUC,Sensitivity,Specificity,Accuracy
lasso,0.6654060378353437,0.5641025641025641,0.7667095115681234,0.7482476635514018,0.6585633802816901,0.496,0.8211267605633803,0.7948220064724919,0.5186195445920303,0.8387096774193549,0.19852941176470584,0.31736526946107785
linreg,0.6838046272493573,0.75,0.6176092544987146,0.6296728971962616,0.6840422535211267,0.704,0.6640845070422535,0.6673139158576051,0.5339184060721063,0.9354838709677419,0.13235294117647056,0.281437125748503
SVR10,0.5596780040867445,0.32051282051282054,0.7988431876606684,0.7552570093457944,0.5765774647887323,0.344,0.8091549295774648,0.7715210355987056,0.45849146110056926,0.0,1.0,0.8143712574850299
ridge,0.6838046272493573,0.75,0.6176092544987146,0.6296728971962616,0.6840422535211267,0.704,0.6640845070422535,0.6673139158576051,0.5339184060721063,0.9354838709677419,0.13235294117647056,0.281437125748503
