,all,all,all,all,no revasc,no revasc,no revasc,no revasc,with revasc,with revasc,with revasc,with revasc
,Test AUC,Sensitivity,Specificity,Accuracy,Test AUC,Sensitivity,Specificity,Accuracy,Test AUC,Sensitivity,Specificity,Accuracy
lasso,0.6684745016663522,0.5263157894736842,0.8106332138590203,0.804322429906542,0.663948954271535,0.46153846153846156,0.8663594470046083,0.859546925566343,0.46559139784946235,0.0,1.0,0.9281437125748503
linreg,0.7423913726969754,0.7631578947368421,0.7216248506571088,0.7225467289719626,0.7813971742543171,0.8076923076923077,0.7551020408163265,0.7559870550161812,0.5301075268817204,0.6666666666666666,0.3935483870967742,0.41317365269461076
SVR10,0.6427089228447463,0.39473684210526316,0.8906810035842294,0.8796728971962616,0.6572264141388566,0.4230769230769231,0.89137590520079,0.883495145631068,0.6086021505376344,0.3333333333333333,0.8838709677419355,0.844311377245509
ridge,0.7420926869144187,0.7631578947368421,0.7210274790919953,0.7219626168224299,0.7810680103306833,0.8076923076923077,0.7544437129690587,0.7553398058252427,0.5301075268817204,0.6666666666666666,0.3935483870967742,0.41317365269461076
