,all,all,all,all,no revasc,no revasc,no revasc,no revasc,with revasc,with revasc,with revasc,with revasc
,Test AUC,Sensitivity,Specificity,Accuracy,Test AUC,Sensitivity,Specificity,Accuracy,Test AUC,Sensitivity,Specificity,Accuracy
lasso,0.7328648682638497,0.8157894736842105,0.6499402628434887,0.6536214953271028,0.7560515521345015,0.8076923076923077,0.7044107965766953,0.7061488673139159,0.4747311827956989,0.0,1.0,0.9281437125748503
linreg,0.77559265547381,0.8421052631578947,0.7090800477897252,0.7120327102803738,0.8029320909505242,0.8461538461538461,0.7597103357472021,0.7611650485436893,0.5231182795698925,0.8333333333333334,0.2129032258064516,0.25748502994011974
SVR10,0.5341287807331949,0.13157894736842105,0.9366786140979689,0.9188084112149533,0.5310300298779562,0.11538461538461539,0.9466754443712969,0.9326860841423948,0.5026881720430109,0.16666666666666666,0.8387096774193549,0.7904191616766467
ridge,0.7911243161667609,0.8421052631578947,0.7401433691756272,0.7424065420560748,0.8177444675140528,0.8461538461538461,0.7893350888742594,0.7902912621359224,0.5456989247311828,0.8333333333333334,0.25806451612903225,0.2994011976047904
