,all,all,all,all,no revasc,no revasc,no revasc,no revasc,with revasc,with revasc,with revasc,with revasc
,Test AUC,Sensitivity,Specificity,Accuracy,Test AUC,Sensitivity,Specificity,Accuracy,Test AUC,Sensitivity,Specificity,Accuracy
lasso,0.6830882352941177,0.6125,0.7536764705882353,0.7470794392523364,0.6836750475012151,0.5573770491803278,0.8099730458221024,0.8,0.4893314366998577,0.0,1.0,0.8862275449101796
linreg,0.7141544117647058,0.6875,0.7408088235294117,0.7383177570093458,0.7022005214086872,0.6065573770491803,0.7978436657681941,0.7902912621359224,0.5581436699857752,0.9473684210526315,0.16891891891891897,0.25748502994011974
SVR10,0.48964460784313724,0.0,1.0,0.9532710280373832,0.4849542662719279,0.0,1.0,0.9605177993527508,0.5101351351351351,1.0,0.020270270270270285,0.1317365269461078
ridge,0.686703431372549,0.6375,0.735906862745098,0.7313084112149533,0.6742410852370642,0.5573770491803278,0.7911051212938005,0.7818770226537217,0.5385846372688479,0.8947368421052632,0.18243243243243246,0.2634730538922156
