,all,all,all,all,no revasc,no revasc,no revasc,no revasc,with revasc,with revasc,with revasc,with revasc
,Test AUC,Sensitivity,Specificity,Accuracy,Test AUC,Sensitivity,Specificity,Accuracy,Test AUC,Sensitivity,Specificity,Accuracy
lasso,0.7048928604414888,0.7314814814814815,0.6783042394014962,0.6816588785046729,0.7026009582477755,0.6666666666666666,0.7385352498288843,0.7346278317152104,0.5106351981351981,0.9583333333333334,0.06293706293706292,0.19161676646706588
linreg,0.6997436963147687,0.6388888888888888,0.7605985037406484,0.7529205607476636,0.6839371272122812,0.5595238095238095,0.8083504449007529,0.7948220064724919,0.5946969696969696,0.9166666666666666,0.2727272727272727,0.3652694610778443
SVR10,0.5549667497921862,0.16666666666666666,0.9432668329177057,0.8942757009345794,0.5573237508555784,0.16666666666666666,0.94798083504449,0.9055016181229774,0.530885780885781,0.16666666666666666,0.8951048951048951,0.7904191616766467
ridge,0.7090837720513531,0.7037037037037037,0.7144638403990025,0.7137850467289719,0.6977486066295101,0.6309523809523809,0.7645448323066393,0.7572815533980582,0.5805652680652681,0.9583333333333334,0.2027972027972028,0.31137724550898205
