,all,all,all,all,no revasc,no revasc,no revasc,no revasc,with revasc,with revasc,with revasc,with revasc
,Test AUC,Sensitivity,Specificity,Accuracy,Test AUC,Sensitivity,Specificity,Accuracy,Test AUC,Sensitivity,Specificity,Accuracy
lasso,0.7481292837829341,0.868421052631579,0.6278375149342892,0.633177570093458,0.7484807818909202,0.8076923076923077,0.6892692560895326,0.6912621359223301,0.5129032258064516,1.0,0.02580645161290318,0.09580838323353294
linreg,0.7600452744765139,0.8157894736842105,0.7043010752688172,0.7067757009345794,0.7817263381779511,0.8076923076923077,0.7557603686635945,0.7566343042071197,0.5166666666666667,0.8333333333333334,0.19999999999999996,0.24550898203592814
SVR10,0.5293183676035967,0.07894736842105263,0.9796893667861409,0.959696261682243,0.5305616042943231,0.07692307692307693,0.9842001316655694,0.9689320388349515,0.5094086021505376,0.08333333333333333,0.935483870967742,0.874251497005988
ridge,0.7606269257372823,0.7894736842105263,0.7317801672640383,0.7330607476635514,0.7756621258925406,0.7692307692307693,0.782093482554312,0.7818770226537217,0.5360215053763442,0.8333333333333334,0.2387096774193549,0.281437125748503
