,all,all,all,all,no revasc,no revasc,no revasc,no revasc,with revasc,with revasc,with revasc,with revasc
,Test AUC,Sensitivity,Specificity,Accuracy,Test AUC,Sensitivity,Specificity,Accuracy,Test AUC,Sensitivity,Specificity,Accuracy
lasso,0.7121323529411765,0.7,0.7242647058823529,0.7231308411214953,0.7125292740046839,0.639344262295082,0.7857142857142857,0.7799352750809061,0.5014224751066857,0.8947368421052632,0.10810810810810811,0.19760479041916168
linreg,0.7112132352941176,0.7,0.7224264705882353,0.7213785046728972,0.7115184923335248,0.639344262295082,0.7836927223719676,0.7779935275080906,0.5014224751066857,0.8947368421052632,0.10810810810810811,0.19760479041916168
SVR10,0.48995098039215684,0.0,1.0,0.9532710280373832,0.4921402059122443,0.0,1.0,0.9605177993527508,0.4973328591749644,0.0,1.0,0.8862275449101796
ridge,0.7112132352941176,0.7,0.7224264705882353,0.7213785046728972,0.7115184923335248,0.639344262295082,0.7836927223719676,0.7779935275080906,0.5014224751066857,0.8947368421052632,0.10810810810810811,0.19760479041916168
