,all,all,all,all,no revasc,no revasc,no revasc,no revasc,with revasc,with revasc,with revasc,with revasc
,Test AUC,Sensitivity,Specificity,Accuracy,Test AUC,Sensitivity,Specificity,Accuracy,Test AUC,Sensitivity,Specificity,Accuracy
lasso,0.6521096648431113,0.631578947368421,0.6726403823178017,0.6717289719626168,0.6488960348407352,0.5769230769230769,0.7208689927583937,0.7184466019417476,0.475,0.0,1.0,0.9281437125748503
linreg,0.7169244796579262,0.631578947368421,0.8022700119474313,0.798481308411215,0.7469362434800222,0.6538461538461539,0.8400263331138907,0.8368932038834952,0.5077956989247312,0.5833333333333334,0.432258064516129,0.4431137724550898
SVR10,0.6503804313651512,0.7368421052631579,0.5639187574671445,0.5677570093457944,0.6501114093279992,0.7307692307692307,0.5694535878867676,0.572168284789644,0.6298387096774194,0.75,0.5096774193548388,0.5269461077844312
ridge,0.7169244796579262,0.631578947368421,0.8022700119474313,0.798481308411215,0.7469362434800222,0.6538461538461539,0.8400263331138907,0.8368932038834952,0.5077956989247312,0.5833333333333334,0.432258064516129,0.4431137724550898
