,all,all,all,all,no revasc,no revasc,no revasc,no revasc,with revasc,with revasc,with revasc,with revasc
,Test AUC,Sensitivity,Specificity,Accuracy,Test AUC,Sensitivity,Specificity,Accuracy,Test AUC,Sensitivity,Specificity,Accuracy
lasso,0.6619371778663814,0.6076923076923076,0.716182048040455,0.7079439252336449,0.653259361997226,0.5339805825242718,0.7725381414701803,0.7566343042071197,0.5123015873015873,0.8888888888888888,0.13571428571428568,0.25748502994011974
linreg,0.7155693863658465,0.6846153846153846,0.7465233881163085,0.741822429906542,0.7094313453536756,0.6310679611650486,0.7877947295423023,0.7773462783171521,0.6051587301587301,0.8888888888888888,0.3214285714285714,0.41317365269461076
SVR10,0.5385198871924536,0.13076923076923078,0.9462705436156763,0.8843457943925234,0.5433425797503467,0.13592233009708737,0.9507628294036061,0.8964401294498382,0.5055555555555555,0.1111111111111111,0.9,0.7724550898203593
ridge,0.7209471943985217,0.7307692307692307,0.7111251580278128,0.7126168224299065,0.7163661581137309,0.6796116504854369,0.753120665742025,0.7482200647249191,0.6022486772486773,0.9259259259259259,0.2785714285714286,0.38323353293413176
