,all,all,all,all,no revasc,no revasc,no revasc,no revasc,with revasc,with revasc,with revasc,with revasc
,Test AUC,Sensitivity,Specificity,Accuracy,Test AUC,Sensitivity,Specificity,Accuracy,Test AUC,Sensitivity,Specificity,Accuracy
lasso,0.6554880947529983,0.7628865979381443,0.5480895915678524,0.572429906542056,0.6549748526955341,0.7515923566878981,0.5583573487031701,0.5779935275080906,0.6246361746361747,0.8108108108108109,0.43846153846153846,0.5209580838323353
linreg,0.66250356546188,0.7835051546391752,0.541501976284585,0.5689252336448598,0.6698177279318637,0.7834394904458599,0.5561959654178674,0.5792880258899676,0.5841995841995842,0.7837837837837838,0.3846153846153846,0.47305389221556887
SVR10,0.5168833109218587,0.845360824742268,0.18840579710144922,0.2628504672897196,0.5157858991538025,0.8471337579617835,0.18443804034582134,0.2517799352750809,0.5343035343035343,0.8378378378378378,0.23076923076923073,0.3652694610778443
ridge,0.66250356546188,0.7835051546391752,0.541501976284585,0.5689252336448598,0.6698177279318637,0.7834394904458599,0.5561959654178674,0.5792880258899676,0.5841995841995842,0.7837837837837838,0.3846153846153846,0.47305389221556887
