,all,all,all,all,no revasc,no revasc,no revasc,no revasc,with revasc,with revasc,with revasc,with revasc
,Test AUC,Sensitivity,Specificity,Accuracy,Test AUC,Sensitivity,Specificity,Accuracy,Test AUC,Sensitivity,Specificity,Accuracy
lasso,0.7264523700854143,0.7346938775510204,0.7182108626198083,0.719626168224299,0.7177871148459383,0.6666666666666666,0.76890756302521,0.7611650485436893,0.5948905109489051,1.0,0.1897810218978102,0.33532934131736525
linreg,0.7387798569907196,0.7619047619047619,0.7156549520766773,0.719626168224299,0.7282284708755297,0.7008547008547008,0.7556022408963585,0.7514563106796116,0.6496350364963503,1.0,0.2992700729927007,0.4251497005988024
SVR10,0.5397057225446088,0.1292517006802721,0.9501597444089457,0.8796728971962616,0.5466673849026791,0.13675213675213677,0.9565826330532213,0.8944983818770227,0.49160583941605845,0.0,1.0,0.8203592814371258
ridge,0.7378213905370453,0.7619047619047619,0.713738019169329,0.717873831775701,0.7314515549809668,0.7094017094017094,0.7535014005602241,0.7501618122977346,0.6329683698296837,0.9666666666666667,0.2992700729927007,0.41916167664670656
