,all,all,all,all,no revasc,no revasc,no revasc,no revasc,with revasc,with revasc,with revasc,with revasc
,Test AUC,Sensitivity,Specificity,Accuracy,Test AUC,Sensitivity,Specificity,Accuracy,Test AUC,Sensitivity,Specificity,Accuracy
lasso,0.6931051999630553,0.6574074074074074,0.7288029925187032,0.7242990654205608,0.6862594113620808,0.5833333333333334,0.7891854893908282,0.7779935275080906,0.5142773892773893,0.9166666666666666,0.11188811188811187,0.2275449101796407
linreg,0.6971113881961761,0.6666666666666666,0.7275561097256857,0.7237149532710281,0.6915273296176788,0.5952380952380952,0.7878165639972622,0.7773462783171521,0.5142773892773893,0.9166666666666666,0.11188811188811187,0.2275449101796407
SVR10,0.4932345063267757,0.0,1.0,0.9369158878504673,0.4943898503960106,0.0,1.0,0.945631067961165,0.5036421911421911,0.9583333333333334,0.04895104895104896,0.17964071856287425
ridge,0.6971113881961761,0.6666666666666666,0.7275561097256857,0.7237149532710281,0.6915273296176788,0.5952380952380952,0.7878165639972622,0.7773462783171521,0.5142773892773893,0.9166666666666666,0.11188811188811187,0.2275449101796407
