,all,all,all,all,no revasc,no revasc,no revasc,no revasc,with revasc,with revasc,with revasc,with revasc
,Test AUC,Sensitivity,Specificity,Accuracy,Test AUC,Sensitivity,Specificity,Accuracy,Test AUC,Sensitivity,Specificity,Accuracy
lasso,0.6924008048795826,0.5789473684210527,0.8058542413381123,0.8008177570093458,0.6835088874259382,0.5,0.8670177748518763,0.86084142394822,0.4782258064516129,0.0,1.0,0.9281437125748503
linreg,0.7160913035276363,0.7368421052631579,0.6953405017921147,0.6962616822429907,0.6945991796222211,0.6538461538461539,0.7353522053982884,0.7339805825242719,0.6099462365591397,0.9166666666666666,0.3032258064516129,0.3473053892215569
SVR10,0.6800918065773752,0.47368421052631576,0.8864994026284349,0.8773364485981309,0.6784321669114297,0.46153846153846156,0.8953258722843976,0.8880258899676375,0.6500000000000001,0.5,0.8,0.7784431137724551
ridge,0.7083411934855058,0.7631578947368421,0.6535244922341696,0.6559579439252337,0.6921051298931483,0.6923076923076923,0.6919025674786043,0.6919093851132686,0.5970430107526882,0.9166666666666666,0.2774193548387097,0.32335329341317365
