,all,all,all,all,no revasc,no revasc,no revasc,no revasc,with revasc,with revasc,with revasc,with revasc
,Test AUC,Sensitivity,Specificity,Accuracy,Test AUC,Sensitivity,Specificity,Accuracy,Test AUC,Sensitivity,Specificity,Accuracy
lasso,0.7652874925903971,0.84,0.6905749851807943,0.6927570093457944,0.8081699346405229,0.8666666666666667,0.7496732026143791,0.7508090614886731,0.4573248407643312,0.0,1.0,0.9401197604790419
linreg,0.797296976882039,0.84,0.7545939537640782,0.7558411214953271,0.8343137254901961,0.8666666666666667,0.8019607843137255,0.8025889967637541,0.5464968152866243,0.8,0.29299363057324845,0.32335329341317365
SVR10,0.49347954949614703,0.0,1.0,0.9853971962616822,0.4957516339869281,0.0,1.0,0.9902912621359223,0.4713375796178344,0.0,1.0,0.9401197604790419
ridge,0.7778897451096621,0.8,0.7557794902193242,0.7564252336448598,0.8016339869281046,0.8,0.8032679738562092,0.8032362459546926,0.5464968152866243,0.8,0.29299363057324845,0.32335329341317365
