,all,all,all,all,no revasc,no revasc,no revasc,no revasc,with revasc,with revasc,with revasc,with revasc
,Test AUC,Sensitivity,Specificity,Accuracy,Test AUC,Sensitivity,Specificity,Accuracy,Test AUC,Sensitivity,Specificity,Accuracy
lasso,0.724203431372549,0.775,0.673406862745098,0.6781542056074766,0.7279064115593654,0.7213114754098361,0.7345013477088949,0.7339805825242719,0.5040896159317212,0.9473684210526315,0.060810810810810856,0.16167664670658682
linreg,0.7480392156862745,0.7375,0.758578431372549,0.7575934579439252,0.7397043877866645,0.6721311475409836,0.807277628032345,0.8019417475728156,0.6088193456614509,0.9473684210526315,0.2702702702702703,0.3473053892215569
SVR10,0.5715073529411765,0.2,0.9430147058823529,0.9082943925233645,0.5720803322875702,0.19672131147540983,0.9474393530997305,0.917799352750809,0.5545874822190612,0.21052631578947367,0.8986486486486487,0.8203592814371258
ridge,0.7494485294117648,0.7875,0.7113970588235294,0.7149532710280374,0.7502540762670674,0.7377049180327869,0.7628032345013477,0.7618122977346279,0.5716571834992887,0.9473684210526315,0.19594594594594594,0.281437125748503
