,all,all,all,all,no revasc,no revasc,no revasc,no revasc,with revasc,with revasc,with revasc,with revasc
,Test AUC,Sensitivity,Specificity,Accuracy,Test AUC,Sensitivity,Specificity,Accuracy,Test AUC,Sensitivity,Specificity,Accuracy
lasso,0.6993046776232617,0.8,0.5986093552465234,0.6139018691588785,0.6990291262135921,0.7475728155339806,0.6504854368932038,0.656957928802589,0.5321428571428571,1.0,0.06428571428571428,0.2155688622754491
linreg,0.737066031313819,0.7307692307692307,0.7433628318584071,0.7424065420560748,0.7233009708737864,0.6601941747572816,0.7864077669902912,0.7779935275080906,0.65,1.0,0.30000000000000004,0.41317365269461076
SVR10,0.533356024506467,0.11538461538461539,0.9513274336283186,0.8878504672897196,0.532246879334258,0.11650485436893204,0.9479889042995839,0.8925566343042072,0.5484126984126985,0.1111111111111111,0.9857142857142858,0.844311377245509
ridge,0.7373286006029369,0.7230769230769231,0.7515802781289507,0.7494158878504673,0.7222607489597781,0.6504854368932039,0.7940360610263523,0.7844660194174757,0.6571428571428571,1.0,0.3142857142857143,0.4251497005988024
