,all,all,all,all,no revasc,no revasc,no revasc,no revasc,with revasc,with revasc,with revasc,with revasc
,Test AUC,Sensitivity,Specificity,Accuracy,Test AUC,Sensitivity,Specificity,Accuracy,Test AUC,Sensitivity,Specificity,Accuracy
lasso,0.6849081001200703,0.6759259259259259,0.6938902743142145,0.6927570093457944,0.6852938300576905,0.6190476190476191,0.7515400410677618,0.7443365695792881,0.48994755244755245,0.0,1.0,0.8562874251497006
linreg,0.7153297312274868,0.6388888888888888,0.7917705735660848,0.782126168224299,0.7046054561454972,0.5714285714285714,0.837782340862423,0.8233009708737864,0.5983391608391608,0.875,0.32167832167832167,0.40119760479041916
SVR10,0.6194929343308396,0.4166666666666667,0.8223192019950125,0.7967289719626168,0.6147086144519409,0.36904761904761907,0.8603696098562629,0.8336569579288026,0.5084498834498835,0.5833333333333334,0.43356643356643354,0.4550898203592814
ridge,0.7236422831809366,0.7222222222222222,0.7250623441396509,0.7248831775700935,0.724980443922949,0.6785714285714286,0.7713894592744696,0.7663430420711974,0.5633741258741258,0.875,0.2517482517482518,0.3413173652694611
