,all,all,all,all,no revasc,no revasc,no revasc,no revasc,with revasc,with revasc,with revasc,with revasc
,Test AUC,Sensitivity,Specificity,Accuracy,Test AUC,Sensitivity,Specificity,Accuracy,Test AUC,Sensitivity,Specificity,Accuracy
lasso,0.5762805101666598,0.24742268041237114,0.9051383399209486,0.830607476635514,0.5670831880174012,0.1910828025477707,0.9430835734870318,0.8666666666666667,0.4932432432432432,0.0,1.0,0.7784431137724551
linreg,0.6311920187984733,0.520618556701031,0.7417654808959157,0.7167056074766355,0.6241694047247563,0.45222929936305734,0.7961095100864554,0.7611650485436893,0.4861746361746362,0.0,1.0,0.7784431137724551
SVR10,0.5870753704684677,0.28350515463917525,0.8906455862977603,0.8218457943925234,0.5594036234145267,0.20382165605095542,0.9149855907780979,0.8427184466019417,0.6261954261954261,0.6216216216216216,0.6307692307692307,0.6287425149700598
ridge,0.6247775830922402,0.5051546391752577,0.7444005270092227,0.7172897196261683,0.615695956240019,0.43312101910828027,0.7982708933717579,0.7611650485436893,0.49002079002079,0.0,1.0,0.7784431137724551
