,all,all,all,all,no revasc,no revasc,no revasc,no revasc,with revasc,with revasc,with revasc,with revasc
,Test AUC,Sensitivity,Specificity,Accuracy,Test AUC,Sensitivity,Specificity,Accuracy,Test AUC,Sensitivity,Specificity,Accuracy
lasso,0.646101113967438,0.5833333333333334,0.7088688946015425,0.697429906542056,0.6385211267605634,0.52,0.7570422535211268,0.7378640776699029,0.5222960151802657,0.8387096774193549,0.20588235294117652,0.32335329341317365
linreg,0.6419566936919122,0.5576923076923077,0.7262210796915167,0.7108644859813084,0.6484084507042254,0.544,0.7528169014084507,0.7359223300970874,0.5307163187855787,0.6129032258064516,0.44852941176470584,0.47904191616766467
SVR10,0.5505981807395689,0.1346153846153846,0.9665809768637532,0.8907710280373832,0.5495633802816903,0.128,0.9711267605633803,0.9029126213592233,0.5402039848197343,0.16129032258064516,0.9191176470588235,0.7784431137724551
ridge,0.6419566936919122,0.5576923076923077,0.7262210796915167,0.7108644859813084,0.6484084507042254,0.544,0.7528169014084507,0.7359223300970874,0.5307163187855787,0.6129032258064516,0.44852941176470584,0.47904191616766467
