,all,all,all,all,no revasc,no revasc,no revasc,no revasc,with revasc,with revasc,with revasc,with revasc
,Test AUC,Sensitivity,Specificity,Accuracy,Test AUC,Sensitivity,Specificity,Accuracy,Test AUC,Sensitivity,Specificity,Accuracy
lasso,0.6882394783639598,0.76,0.6164789567279194,0.6185747663551402,0.6676470588235295,0.6666666666666666,0.6686274509803922,0.6686084142394823,0.5041401273885351,0.9,0.10828025477707004,0.15568862275449102
linreg,0.7002489626556017,0.72,0.6804979253112033,0.6810747663551402,0.6660130718954249,0.6,0.7320261437908497,0.7307443365695793,0.5391719745222929,0.9,0.17834394904458595,0.2215568862275449
SVR10,0.5968583283935981,0.4,0.7937166567871963,0.7879672897196262,0.6120915032679738,0.4,0.8241830065359477,0.8200647249190939,0.4484076433121019,0.0,1.0,0.9401197604790419
ridge,0.6841019561351512,0.68,0.6882039122703023,0.6880841121495327,0.6366013071895424,0.5333333333333333,0.7398692810457517,0.7378640776699029,0.5423566878980892,0.9,0.1847133757961783,0.2275449101796407
