,all,all,all,all,no revasc,no revasc,no revasc,no revasc,with revasc,with revasc,with revasc,with revasc
,Test AUC,Sensitivity,Specificity,Accuracy,Test AUC,Sensitivity,Specificity,Accuracy,Test AUC,Sensitivity,Specificity,Accuracy
lasso,0.741290951392819,0.9210526315789473,0.5615292712066906,0.5695093457943925,0.750075960905454,0.8846153846153846,0.6155365371955234,0.6200647249190938,0.5161290322580645,1.0,0.032258064516129004,0.10179640718562874
linreg,0.7601238759982393,0.9473684210526315,0.5728793309438471,0.5811915887850467,0.7670025826707855,0.9230769230769231,0.6109282422646478,0.6161812297734628,0.6,1.0,0.19999999999999996,0.25748502994011974
SVR10,0.5601301641199774,0.15789473684210525,0.9623655913978495,0.9445093457943925,0.5764040107358079,0.19230769230769232,0.9605003291639236,0.9475728155339805,0.531989247311828,0.08333333333333333,0.9806451612903225,0.9161676646706587
ridge,0.7601238759982393,0.9473684210526315,0.5728793309438471,0.5811915887850467,0.7670025826707855,0.9230769230769231,0.6109282422646478,0.6161812297734628,0.6,1.0,0.19999999999999996,0.25748502994011974
