,all,all,all,all,no revasc,no revasc,no revasc,no revasc,with revasc,with revasc,with revasc,with revasc
,Test AUC,Sensitivity,Specificity,Accuracy,Test AUC,Sensitivity,Specificity,Accuracy,Test AUC,Sensitivity,Specificity,Accuracy
lasso,0.5475768441927115,0.13402061855670103,0.961133069828722,0.8674065420560748,0.5271067750876485,0.07006369426751592,0.984149855907781,0.8912621359223301,0.5603950103950105,0.40540540540540543,0.7153846153846154,0.6467065868263473
linreg,0.5725418687095065,0.25773195876288657,0.8873517786561265,0.8160046728971962,0.5556131720479451,0.18471337579617833,0.9265129682997119,0.8511326860841424,0.5183991683991684,0.5675675675675675,0.46923076923076923,0.49101796407185627
SVR10,0.5051546391752577,0.010309278350515464,1.0,0.8878504672897196,0.5031847133757962,0.006369426751592357,1.0,0.8990291262135922,0.5135135135135135,0.02702702702702703,1.0,0.7844311377245509
ridge,0.5725418687095065,0.25773195876288657,0.8873517786561265,0.8160046728971962,0.5556131720479451,0.18471337579617833,0.9265129682997119,0.8511326860841424,0.5183991683991684,0.5675675675675675,0.46923076923076923,0.49101796407185627
