,all,all,all,all,no revasc,no revasc,no revasc,no revasc,with revasc,with revasc,with revasc,with revasc
,Test AUC,Sensitivity,Specificity,Accuracy,Test AUC,Sensitivity,Specificity,Accuracy,Test AUC,Sensitivity,Specificity,Accuracy
lasso,0.6712727158397787,0.7105263157894737,0.6320191158900836,0.6337616822429907,0.6656327543424319,0.6538461538461539,0.6774193548387097,0.6770226537216828,0.5102150537634409,0.8333333333333334,0.18709677419354842,0.23353293413173654
linreg,0.6922593221404766,0.8421052631578947,0.5424133811230585,0.5490654205607477,0.7094495366384767,0.8461538461538461,0.5727452271231073,0.5773462783171521,0.539247311827957,0.8333333333333334,0.2451612903225806,0.2874251497005988
SVR10,0.47956360435138023,0.0,1.0,0.977803738317757,0.500265863169089,0.34615384615384615,0.6543778801843319,0.6491909385113268,0.49301075268817207,0.0,1.0,0.9281437125748503
ridge,0.6919606363579199,0.8421052631578947,0.5418160095579451,0.548481308411215,0.7094495366384767,0.8461538461538461,0.5727452271231073,0.5773462783171521,0.5360215053763442,0.8333333333333334,0.2387096774193549,0.281437125748503
