,all,all,all,all,no revasc,no revasc,no revasc,no revasc,with revasc,with revasc,with revasc,with revasc
,Test AUC,Sensitivity,Specificity,Accuracy,Test AUC,Sensitivity,Specificity,Accuracy,Test AUC,Sensitivity,Specificity,Accuracy
lasso,0.6975988700564972,0.6833333333333333,0.711864406779661,0.7108644859813084,0.698139339269658,0.6304347826086957,0.7658438959306204,0.7618122977346279,0.5200746965452847,0.8571428571428571,0.18300653594771243,0.23952095808383234
linreg,0.6951977401129944,0.7166666666666667,0.673728813559322,0.6752336448598131,0.6991980160686835,0.6739130434782609,0.7244829886591061,0.7229773462783171,0.5168067226890756,0.8571428571428571,0.17647058823529416,0.23353293413173654
SVR10,0.5030266343825666,1.0,0.006053268765133124,0.04088785046728972,0.5023348899266178,1.0,0.004669779853235467,0.0343042071197411,0.5098039215686274,1.0,0.019607843137254943,0.10179640718562874
ridge,0.7005649717514126,0.8333333333333334,0.5677966101694916,0.5771028037383178,0.7100458276532181,0.8043478260869565,0.6157438292194797,0.6213592233009708,0.5133053221288515,0.9285714285714286,0.0980392156862745,0.16766467065868262
