,all,all,all,all,no revasc,no revasc,no revasc,no revasc,with revasc,with revasc,with revasc,with revasc
,Test AUC,Sensitivity,Specificity,Accuracy,Test AUC,Sensitivity,Specificity,Accuracy,Test AUC,Sensitivity,Specificity,Accuracy
lasso,0.6974034814742779,0.7538461538461538,0.6409608091024019,0.6495327102803738,0.6914008321775312,0.6893203883495146,0.6934812760055479,0.6932038834951456,0.55,1.0,0.09999999999999998,0.24550898203592814
linreg,0.713575804726247,0.7615384615384615,0.6656131479140328,0.6728971962616822,0.70249653259362,0.6990291262135923,0.7059639389736477,0.7055016181229773,0.625,1.0,0.25,0.3712574850299401
SVR10,0.5252650004862394,0.3153846153846154,0.7351453855878635,0.7032710280373832,0.5263522884882108,0.3300970873786408,0.7226074895977809,0.6964401294498382,0.5617724867724868,0.25925925925925924,0.8642857142857143,0.7664670658682635
ridge,0.7132597491004571,0.7615384615384615,0.6649810366624527,0.6723130841121495,0.7021497919556172,0.6990291262135923,0.7052704576976422,0.7048543689320388,0.625,1.0,0.25,0.3712574850299401
