,all,all,all,all,no revasc,no revasc,no revasc,no revasc,with revasc,with revasc,with revasc,with revasc
,Test AUC,Sensitivity,Specificity,Accuracy,Test AUC,Sensitivity,Specificity,Accuracy,Test AUC,Sensitivity,Specificity,Accuracy
lasso,0.7459913223920014,0.7894736842105263,0.7025089605734767,0.7044392523364486,0.7846888134906568,0.8076923076923077,0.761685319289006,0.7624595469255664,0.43629032258064515,0.0,1.0,0.9281437125748503
linreg,0.7707979626485569,0.8157894736842105,0.7258064516129032,0.727803738317757,0.7886387805742645,0.8076923076923077,0.7695852534562212,0.7702265372168284,0.5650537634408602,0.8333333333333334,0.2967741935483871,0.33532934131736525
SVR10,0.5368169527762057,0.13157894736842105,0.9420549581839904,0.9240654205607477,0.5502607991087253,0.15384615384615385,0.9466754443712969,0.9333333333333333,0.49005376344086016,0.0,1.0,0.9281437125748503
ridge,0.779192605168836,0.868421052631579,0.6899641577060932,0.6939252336448598,0.7900946979287994,0.8461538461538461,0.7340355497037525,0.7359223300970874,0.5873655913978494,0.9166666666666666,0.25806451612903225,0.30538922155688625
