,all,all,all,all,no revasc,no revasc,no revasc,no revasc,with revasc,with revasc,with revasc,with revasc
,Test AUC,Sensitivity,Specificity,Accuracy,Test AUC,Sensitivity,Specificity,Accuracy,Test AUC,Sensitivity,Specificity,Accuracy
lasso,0.7626838235294118,0.825,0.7003676470588236,0.7061915887850467,0.7697903318456983,0.7868852459016393,0.7526954177897573,0.7540453074433657,0.5615220483641536,0.9473684210526315,0.17567567567567566,0.2634730538922156
linreg,0.7693014705882352,0.75,0.7886029411764706,0.7867990654205608,0.7662056471212054,0.7049180327868853,0.8274932614555256,0.8226537216828479,0.646692745376956,0.8947368421052632,0.3986486486486487,0.4550898203592814
SVR10,0.5314950980392157,0.0875,0.9754901960784313,0.9339953271028038,0.5226790685343113,0.06557377049180328,0.9797843665768194,0.9436893203883495,0.5451635846372689,0.15789473684210525,0.9324324324324325,0.844311377245509
ridge,0.7689950980392156,0.75,0.7879901960784313,0.7862149532710281,0.7658687198974858,0.7049180327868853,0.8268194070080863,0.8220064724919094,0.646692745376956,0.8947368421052632,0.3986486486486487,0.4550898203592814
