,all,all,all,all,no revasc,no revasc,no revasc,no revasc,with revasc,with revasc,with revasc,with revasc
,Test AUC,Sensitivity,Specificity,Accuracy,Test AUC,Sensitivity,Specificity,Accuracy,Test AUC,Sensitivity,Specificity,Accuracy
lasso,0.6659230131888132,0.654639175257732,0.6772068511198945,0.6746495327102804,0.6568264835991849,0.5859872611464968,0.7276657060518732,0.7132686084142394,0.5422037422037422,0.9459459459459459,0.1384615384615384,0.31736526946107785
linreg,0.6575085231517326,0.5824742268041238,0.7325428194993413,0.7155373831775701,0.6441862919657115,0.5095541401273885,0.7788184438040346,0.7514563106796116,0.5651767151767152,0.8918918918918919,0.2384615384615385,0.38323353293413176
SVR10,0.5186660418619182,0.0979381443298969,0.9393939393939394,0.8440420560747663,0.5158249050092696,0.08280254777070063,0.9488472622478387,0.86084142394822,0.5003118503118503,0.16216216216216217,0.8384615384615385,0.688622754491018
ridge,0.6484760197220977,0.5360824742268041,0.7608695652173914,0.7353971962616822,0.6355820591420548,0.46496815286624205,0.8061959654178674,0.7715210355987056,0.5573804573804574,0.8378378378378378,0.27692307692307694,0.40119760479041916
