,all,all,all,all,no revasc,no revasc,no revasc,no revasc,with revasc,with revasc,with revasc,with revasc
,Test AUC,Sensitivity,Specificity,Accuracy,Test AUC,Sensitivity,Specificity,Accuracy,Test AUC,Sensitivity,Specificity,Accuracy
lasso,0.7182598039215686,0.7625,0.6740196078431373,0.6781542056074766,0.7238632848747293,0.7213114754098361,0.7264150943396226,0.7262135922330097,0.521692745376956,0.8947368421052632,0.14864864864864868,0.23353293413173654
linreg,0.7272058823529413,0.8,0.6544117647058824,0.6612149532710281,0.7349763598603685,0.7704918032786885,0.6994609164420484,0.7022653721682848,0.548719772403983,0.8947368421052632,0.20270270270270274,0.281437125748503
SVR10,0.4962009803921569,0.0,1.0,0.9532710280373832,0.49416176925456234,0.0,1.0,0.9605177993527508,0.5033783783783784,1.0,0.006756756756756799,0.11976047904191617
ridge,0.7272058823529413,0.8,0.6544117647058824,0.6612149532710281,0.7349763598603685,0.7704918032786885,0.6994609164420484,0.7022653721682848,0.548719772403983,0.8947368421052632,0.20270270270270274,0.281437125748503
