,all,all,all,all,no revasc,no revasc,no revasc,no revasc,with revasc,with revasc,with revasc,with revasc
,Test AUC,Sensitivity,Specificity,Accuracy,Test AUC,Sensitivity,Specificity,Accuracy,Test AUC,Sensitivity,Specificity,Accuracy
lasso,0.6794707006789269,0.6217948717948718,0.737146529562982,0.7266355140186916,0.6702394366197183,0.544,0.7964788732394366,0.7760517799352751,0.5265654648956356,0.9354838709677419,0.11764705882352944,0.2694610778443114
linreg,0.6304380067233537,0.5192307692307693,0.7416452442159382,0.7213785046728972,0.6267183098591549,0.464,0.7894366197183098,0.7631067961165049,0.4922912713472486,0.0,1.0,0.8143712574850299
SVR10,0.46543569969019843,0.0,1.0,0.9088785046728972,0.4752676056338028,0.0,1.0,0.919093851132686,0.48126185958254264,0.0,1.0,0.8143712574850299
ridge,0.6304380067233537,0.5192307692307693,0.7416452442159382,0.7213785046728972,0.6267183098591549,0.464,0.7894366197183098,0.7631067961165049,0.4922912713472486,0.0,1.0,0.8143712574850299
