,all,all,all,all,no revasc,no revasc,no revasc,no revasc,with revasc,with revasc,with revasc,with revasc
,Test AUC,Sensitivity,Specificity,Accuracy,Test AUC,Sensitivity,Specificity,Accuracy,Test AUC,Sensitivity,Specificity,Accuracy
lasso,0.679421264254169,0.6602564102564102,0.698586118251928,0.6950934579439252,0.6774647887323944,0.6,0.7549295774647887,0.7423948220064724,0.5067599620493359,0.9032258064516129,0.11029411764705888,0.25748502994011974
linreg,0.6868120097554544,0.6602564102564102,0.7133676092544987,0.7085280373831776,0.6783943661971831,0.592,0.7647887323943662,0.7508090614886731,0.555977229601518,0.9354838709677419,0.17647058823529416,0.31736526946107785
SVR10,0.5204996374662185,0.05128205128205128,0.9897172236503856,0.9042056074766355,0.5081267605633804,0.024,0.9922535211267606,0.913915857605178,0.5622628083491461,0.16129032258064516,0.9632352941176471,0.8143712574850299
ridge,0.6855266627117527,0.6602564102564102,0.7107969151670951,0.7061915887850467,0.677338028169014,0.592,0.7626760563380282,0.7488673139158576,0.5523007590132827,0.9354838709677419,0.16911764705882348,0.31137724550898205
