,all,all,all,all,no revasc,no revasc,no revasc,no revasc,with revasc,with revasc,with revasc,with revasc
,Test AUC,Sensitivity,Specificity,Accuracy,Test AUC,Sensitivity,Specificity,Accuracy,Test AUC,Sensitivity,Specificity,Accuracy
lasso,0.679421264254169,0.6602564102564102,0.698586118251928,0.6950934579439252,0.6774647887323944,0.6,0.7549295774647887,0.7423948220064724,0.5067599620493359,0.9032258064516129,0.11029411764705888,0.25748502994011974
linreg,0.678605563245666,0.5448717948717948,0.8123393316195373,0.7879672897196262,0.6747605633802817,0.496,0.8535211267605634,0.8245954692556634,0.5621442125237192,0.7419354838709677,0.38235294117647056,0.4491017964071856
SVR10,0.5048035726056291,0.01282051282051282,0.9967866323907455,0.907126168224299,0.5062394366197184,0.016,0.9964788732394366,0.9171521035598705,0.5,0.0,1.0,0.8143712574850299
ridge,0.677962889723815,0.5448717948717948,0.8110539845758354,0.7867990654205608,0.6737042253521126,0.496,0.8514084507042253,0.8226537216828479,0.5658206831119544,0.7419354838709677,0.3897058823529411,0.4550898203592814
