,all,all,all,all,no revasc,no revasc,no revasc,no revasc,with revasc,with revasc,with revasc,with revasc
,Test AUC,Sensitivity,Specificity,Accuracy,Test AUC,Sensitivity,Specificity,Accuracy,Test AUC,Sensitivity,Specificity,Accuracy
lasso,0.6408764924004727,0.4793814432989691,0.8023715415019763,0.7657710280373832,0.6297288863598818,0.39490445859872614,0.8645533141210375,0.8168284789644013,0.4881496881496881,0.0,1.0,0.7784431137724551
linreg,0.6180507450117491,0.4587628865979381,0.7773386034255599,0.7412383177570093,0.6158680408964923,0.4140127388535032,0.8177233429394812,0.7766990291262136,0.4974012474012474,0.0,1.0,0.7784431137724551
SVR10,0.5208324844138381,0.05154639175257732,0.9901185770750988,0.8837616822429907,0.5183304576075185,0.044585987261146494,0.9920749279538905,0.8957928802588997,0.5251559251559252,0.08108108108108109,0.9692307692307692,0.7724550898203593
ridge,0.6180507450117491,0.4587628865979381,0.7773386034255599,0.7412383177570093,0.6158680408964923,0.4140127388535032,0.8177233429394812,0.7766990291262136,0.4974012474012474,0.0,1.0,0.7784431137724551
