,all,all,all,all,no revasc,no revasc,no revasc,no revasc,with revasc,with revasc,with revasc,with revasc
,Test AUC,Sensitivity,Specificity,Accuracy,Test AUC,Sensitivity,Specificity,Accuracy,Test AUC,Sensitivity,Specificity,Accuracy
lasso,0.7197069735270075,0.7894736842105263,0.6499402628434887,0.6530373831775701,0.738795766445536,0.7692307692307693,0.7083607636603029,0.7093851132686084,0.45537634408602157,0.0,1.0,0.9281437125748503
linreg,0.741463874740615,0.7105263157894737,0.7724014336917563,0.7710280373831776,0.7562920950017724,0.6923076923076923,0.8202764976958525,0.8181229773462784,0.5266129032258065,0.75,0.3032258064516129,0.33532934131736525
SVR10,0.538577626862856,0.07894736842105263,0.9982078853046595,0.977803738317757,0.5381323745379045,0.07692307692307693,0.9993416721527321,0.9838187702265372,0.5352150537634408,0.08333333333333333,0.9870967741935484,0.9221556886227545
ridge,0.741463874740615,0.7105263157894737,0.7724014336917563,0.7710280373831776,0.7562920950017724,0.6923076923076923,0.8202764976958525,0.8181229773462784,0.5266129032258065,0.75,0.3032258064516129,0.33532934131736525
