,all,all,all,all,no revasc,no revasc,no revasc,no revasc,with revasc,with revasc,with revasc,with revasc
,Test AUC,Sensitivity,Specificity,Accuracy,Test AUC,Sensitivity,Specificity,Accuracy,Test AUC,Sensitivity,Specificity,Accuracy
lasso,0.6491525423728813,0.4,0.8983050847457628,0.8808411214953271,0.6204861211822374,0.30434782608695654,0.9366244162775184,0.917799352750809,0.6185807656395892,0.7142857142857143,0.522875816993464,0.5389221556886228
linreg,0.704862792574657,0.6833333333333333,0.7263922518159807,0.7248831775700935,0.706811787568524,0.6304347826086957,0.7831887925283523,0.7786407766990291,0.5135387488328664,0.8571428571428571,0.16993464052287577,0.2275449101796407
SVR10,0.6317393058918482,0.38333333333333336,0.8801452784503632,0.8627336448598131,0.5956072164051397,0.2826086956521739,0.9086057371581054,0.889967637540453,0.6577964519140991,0.7142857142857143,0.6013071895424836,0.6107784431137725
ridge,0.6983454398708635,0.6666666666666666,0.7300242130750605,0.727803738317757,0.6976100008701454,0.6086956521739131,0.7865243495663776,0.7812297734627832,0.5168067226890756,0.8571428571428571,0.17647058823529416,0.23353293413173654
