,all,all,all,all,no revasc,no revasc,no revasc,no revasc,with revasc,with revasc,with revasc,with revasc
,Test AUC,Sensitivity,Specificity,Accuracy,Test AUC,Sensitivity,Specificity,Accuracy,Test AUC,Sensitivity,Specificity,Accuracy
lasso,0.6577231531590272,0.7755102040816326,0.5399361022364217,0.5601635514018691,0.6601756087050206,0.7692307692307693,0.5511204481792717,0.5676375404530745,0.6116788321167883,0.8,0.4233576642335767,0.49101796407185627
linreg,0.6644128577948751,0.7959183673469388,0.5329073482428115,0.5554906542056075,0.675869065574948,0.8034188034188035,0.5483193277310925,0.5676375404530745,0.5694647201946472,0.7666666666666667,0.3722627737226277,0.4431137724550898
SVR10,0.5153789311251658,0.8435374149659864,0.18722044728434506,0.2435747663551402,0.519437262084321,0.8547008547008547,0.18417366946778713,0.23495145631067962,0.5094890510948905,0.8,0.21897810218978098,0.32335329341317365
ridge,0.6644128577948751,0.7959183673469388,0.5329073482428115,0.5554906542056075,0.675869065574948,0.8034188034188035,0.5483193277310925,0.5676375404530745,0.5694647201946472,0.7666666666666667,0.3722627737226277,0.4431137724550898
