,all,all,all,all,no revasc,no revasc,no revasc,no revasc,with revasc,with revasc,with revasc,with revasc
,Test AUC,Sensitivity,Specificity,Accuracy,Test AUC,Sensitivity,Specificity,Accuracy,Test AUC,Sensitivity,Specificity,Accuracy
lasso,0.7144607843137255,0.875,0.553921568627451,0.5689252336448598,0.7212672882329548,0.8360655737704918,0.6064690026954178,0.6155339805825243,0.5135135135135135,1.0,0.027027027027026973,0.1377245508982036
linreg,0.7496323529411764,0.775,0.7242647058823529,0.7266355140186916,0.7444158455216295,0.7213114754098361,0.7675202156334232,0.7656957928802589,0.618954480796586,0.9473684210526315,0.29054054054054057,0.3652694610778443
SVR10,0.5463235294117648,0.1,0.9926470588235294,0.9509345794392523,0.5468218373028148,0.09836065573770492,0.9952830188679245,0.9598705501618123,0.5357396870554765,0.10526315789473684,0.9662162162162162,0.8682634730538922
ridge,0.750857843137255,0.775,0.7267156862745099,0.7289719626168224,0.7461004816402279,0.7213114754098361,0.77088948787062,0.7689320388349514,0.6155761024182076,0.9473684210526315,0.28378378378378377,0.3592814371257485
