,all,all,all,all,no revasc,no revasc,no revasc,no revasc,with revasc,with revasc,with revasc,with revasc
,Test AUC,Sensitivity,Specificity,Accuracy,Test AUC,Sensitivity,Specificity,Accuracy,Test AUC,Sensitivity,Specificity,Accuracy
lasso,0.7052353173818469,0.8269230769230769,0.583547557840617,0.6057242990654206,0.7053802816901409,0.784,0.6267605633802817,0.6394822006472491,0.5661764705882353,1.0,0.13235294117647056,0.2934131736526946
linreg,0.7294509261090238,0.7371794871794872,0.7217223650385605,0.7231308411214953,0.724281690140845,0.688,0.7605633802816901,0.7546925566343042,0.6258301707779885,0.9354838709677419,0.3161764705882353,0.4311377245508982
SVR10,0.5845115681233934,0.5,0.6690231362467867,0.6536214953271028,0.5840140845070423,0.48,0.6880281690140846,0.6711974110032363,0.5256166982922201,0.5806451612903226,0.47058823529411764,0.49101796407185627
ridge,0.7275146661393448,0.7435897435897436,0.711439588688946,0.7143691588785047,0.7233521126760563,0.696,0.7507042253521127,0.7462783171521036,0.6184772296015181,0.9354838709677419,0.30147058823529416,0.41916167664670656
