,all,all,all,all,no revasc,no revasc,no revasc,no revasc,with revasc,with revasc,with revasc,with revasc
,Test AUC,Sensitivity,Specificity,Accuracy,Test AUC,Sensitivity,Specificity,Accuracy,Test AUC,Sensitivity,Specificity,Accuracy
lasso,0.6689621449818672,0.6185567010309279,0.7193675889328064,0.7079439252336449,0.6593893977495916,0.5414012738853503,0.7773775216138329,0.7533980582524272,0.522972972972973,0.9459459459459459,0.09999999999999998,0.2874251497005988
linreg,0.6702219415128423,0.6237113402061856,0.7167325428194993,0.7061915887850467,0.661133188935186,0.5477707006369427,0.7744956772334294,0.7514563106796116,0.522972972972973,0.9459459459459459,0.09999999999999998,0.2874251497005988
SVR10,0.6607446042676881,0.5876288659793815,0.7338603425559947,0.7172897196261683,0.6499499807265184,0.5095541401273885,0.7903458213256485,0.7618122977346279,0.5248440748440748,0.918918918918919,0.13076923076923075,0.30538922155688625
ridge,0.6702219415128423,0.6237113402061856,0.7167325428194993,0.7061915887850467,0.661133188935186,0.5477707006369427,0.7744956772334294,0.7514563106796116,0.522972972972973,0.9459459459459459,0.09999999999999998,0.2874251497005988
