,all,all,all,all,no revasc,no revasc,no revasc,no revasc,with revasc,with revasc,with revasc,with revasc
,Test AUC,Sensitivity,Specificity,Accuracy,Test AUC,Sensitivity,Specificity,Accuracy,Test AUC,Sensitivity,Specificity,Accuracy
lasso,0.6954604230165327,0.6851851851851852,0.7057356608478803,0.7044392523364486,0.6924806883739122,0.6190476190476191,0.7659137577002053,0.7579288025889968,0.5037878787878788,0.9166666666666666,0.09090909090909094,0.20958083832335328
linreg,0.6839498476032142,0.5555555555555556,0.8123441396508728,0.7961448598130841,0.6760780287474333,0.5,0.8521560574948666,0.8330097087378641,0.5777972027972028,0.75,0.4055944055944056,0.4550898203592814
SVR10,0.5449108709707213,0.12037037037037036,0.9694513715710723,0.9158878504672897,0.5468612496333235,0.11904761904761904,0.974674880219028,0.9281553398058252,0.520541958041958,0.125,0.916083916083916,0.8023952095808383
ridge,0.6875057726055233,0.5925925925925926,0.7824189526184538,0.7704439252336449,0.6736090740197516,0.5238095238095238,0.8234086242299794,0.8071197411003236,0.5984848484848485,0.8333333333333334,0.36363636363636365,0.4311377245508982
