,all,all,all,all,no revasc,no revasc,no revasc,no revasc,with revasc,with revasc,with revasc,with revasc
,Test AUC,Sensitivity,Specificity,Accuracy,Test AUC,Sensitivity,Specificity,Accuracy,Test AUC,Sensitivity,Specificity,Accuracy
lasso,0.7164265262769003,0.7314814814814815,0.7013715710723192,0.7032710280373832,0.70691551774714,0.6547619047619048,0.7590691307323751,0.7533980582524272,0.5559440559440559,1.0,0.11188811188811187,0.23952095808383234
linreg,0.7473215110372218,0.7870370370370371,0.7076059850374065,0.7126168224299065,0.7364696391903784,0.7261904761904762,0.7467488021902806,0.7456310679611651,0.6538461538461539,1.0,0.3076923076923077,0.40718562874251496
SVR10,0.6009397801791816,0.32407407407407407,0.8778054862842892,0.842873831775701,0.6012393663831037,0.2976190476190476,0.9048596851471595,0.8718446601941747,0.5090326340326341,0.4166666666666667,0.6013986013986015,0.5748502994011976
ridge,0.7466980696407131,0.7870370370370371,0.706359102244389,0.7114485981308412,0.7361274078419869,0.7261904761904762,0.7460643394934976,0.7449838187702266,0.6503496503496504,1.0,0.30069930069930073,0.40119760479041916
