,all,all,all,all,no revasc,no revasc,no revasc,no revasc,with revasc,with revasc,with revasc,with revasc
,Test AUC,Sensitivity,Specificity,Accuracy,Test AUC,Sensitivity,Specificity,Accuracy,Test AUC,Sensitivity,Specificity,Accuracy
lasso,0.6720587310570332,0.5263157894736842,0.8178016726403823,0.8113317757009346,0.6678989213551426,0.46153846153846156,0.8742593811718236,0.8673139158576052,0.46559139784946235,0.0,1.0,0.9281437125748503
linreg,0.6842576872288249,0.4473684210526316,0.921146953405018,0.9106308411214953,0.6676203980351445,0.38461538461538464,0.9506254114549045,0.9411003236245955,0.6077956989247313,0.5833333333333334,0.6322580645161291,0.6287425149700598
SVR10,0.5577249575551783,0.13157894736842105,0.9838709677419355,0.9649532710280374,0.5696814706031296,0.15384615384615385,0.9855167873601053,0.9715210355987055,0.5255376344086021,0.08333333333333333,0.967741935483871,0.9041916167664671
ridge,0.683959001446268,0.4473684210526316,0.9205495818399044,0.9100467289719626,0.6676203980351445,0.38461538461538464,0.9506254114549045,0.9411003236245955,0.6045698924731183,0.5833333333333334,0.6258064516129032,0.6227544910179641
