,all,all,all,all,no revasc,no revasc,no revasc,no revasc,with revasc,with revasc,with revasc,with revasc
,Test AUC,Sensitivity,Specificity,Accuracy,Test AUC,Sensitivity,Specificity,Accuracy,Test AUC,Sensitivity,Specificity,Accuracy
lasso,0.6819702421472332,0.7615384615384615,0.6024020227560051,0.6144859813084113,0.677877947295423,0.6990291262135923,0.6567267683772537,0.6595469255663431,0.5214285714285714,1.0,0.042857142857142816,0.19760479041916168
linreg,0.6907517261499563,0.6153846153846154,0.7661188369152971,0.7546728971962616,0.6861997226074895,0.5533980582524272,0.819001386962552,0.801294498381877,0.5366402116402117,0.8518518518518519,0.22142857142857142,0.32335329341317365
SVR10,0.5321987746766508,0.13076923076923078,0.9336283185840708,0.8726635514018691,0.529126213592233,0.11650485436893204,0.941747572815534,0.8867313915857605,0.5175925925925925,0.18518518518518517,0.85,0.7425149700598802
ridge,0.693241272002334,0.7461538461538462,0.6403286978508218,0.6483644859813084,0.691747572815534,0.6893203883495146,0.6941747572815534,0.6938511326860841,0.5243386243386243,0.9629629629629629,0.08571428571428574,0.2275449101796407
