,all,all,all,all,no revasc,no revasc,no revasc,no revasc,with revasc,with revasc,with revasc,with revasc
,Test AUC,Sensitivity,Specificity,Accuracy,Test AUC,Sensitivity,Specificity,Accuracy,Test AUC,Sensitivity,Specificity,Accuracy
lasso,0.7079177057356608,0.75,0.6658354114713216,0.6711448598130841,0.7098489293047814,0.7023809523809523,0.7173169062286106,0.7165048543689321,0.5282634032634033,0.9166666666666666,0.1398601398601399,0.25149700598802394
linreg,0.7053662140943937,0.8240740740740741,0.5866583541147132,0.6016355140186916,0.697993057592647,0.7738095238095238,0.62217659137577,0.63042071197411,0.6118881118881119,1.0,0.22377622377622375,0.33532934131736525
SVR10,0.5449108709707213,0.12037037037037036,0.9694513715710723,0.9158878504672897,0.5395399432873766,0.10714285714285714,0.971937029431896,0.9249190938511327,0.5553613053613053,0.16666666666666666,0.9440559440559441,0.8323353293413174
ridge,0.7053662140943937,0.8240740740740741,0.5866583541147132,0.6016355140186916,0.697993057592647,0.7738095238095238,0.62217659137577,0.63042071197411,0.6118881118881119,1.0,0.22377622377622375,0.33532934131736525
