,all,all,all,all,no revasc,no revasc,no revasc,no revasc,with revasc,with revasc,with revasc,with revasc
,Test AUC,Sensitivity,Specificity,Accuracy,Test AUC,Sensitivity,Specificity,Accuracy,Test AUC,Sensitivity,Specificity,Accuracy
lasso,0.7121323529411765,0.7,0.7242647058823529,0.7231308411214953,0.7125292740046839,0.639344262295082,0.7857142857142857,0.7799352750809061,0.5014224751066857,0.8947368421052632,0.10810810810810811,0.19760479041916168
linreg,0.6852941176470588,0.5875,0.7830882352941176,0.7739485981308412,0.6852492156776103,0.5409836065573771,0.8295148247978437,0.8181229773462784,0.5272048364153628,0.7368421052631579,0.31756756756756754,0.3652694610778443
SVR10,0.5181372549019608,0.0375,0.9987745098039216,0.9538551401869159,0.5078597940877557,0.01639344262295082,0.9993261455525606,0.9605177993527508,0.54925320056899,0.10526315789473684,0.9932432432432432,0.8922155688622755
ridge,0.6787377450980392,0.575,0.7824754901960784,0.7727803738317757,0.6767155671424153,0.5245901639344263,0.8288409703504043,0.8168284789644013,0.5272048364153628,0.7368421052631579,0.31756756756756754,0.3652694610778443
