,all,all,all,all,no revasc,no revasc,no revasc,no revasc,with revasc,with revasc,with revasc,with revasc
,Test AUC,Sensitivity,Specificity,Accuracy,Test AUC,Sensitivity,Specificity,Accuracy,Test AUC,Sensitivity,Specificity,Accuracy
lasso,0.6731693900004074,0.654639175257732,0.691699604743083,0.6875,0.676425778740432,0.6496815286624203,0.7031700288184438,0.6977346278317152,0.6224532224532224,0.6756756756756757,0.5692307692307692,0.592814371257485
linreg,0.6609075968107793,0.6907216494845361,0.6310935441370225,0.6378504672897196,0.6599859578920317,0.6751592356687898,0.6448126801152738,0.6478964401294498,0.6206860706860707,0.7567567567567568,0.48461538461538467,0.5449101796407185
SVR10,0.5593089116172935,0.7628865979381443,0.35573122529644263,0.40186915887850466,0.5456942124488334,0.7261146496815286,0.36527377521613835,0.40194174757281553,0.5863825363825363,0.918918918918919,0.25384615384615383,0.40119760479041916
ridge,0.6609075968107793,0.6907216494845361,0.6310935441370225,0.6378504672897196,0.6599859578920317,0.6751592356687898,0.6448126801152738,0.6478964401294498,0.6206860706860707,0.7567567567567568,0.48461538461538467,0.5449101796407185
