,all,all,all,all,no revasc,no revasc,no revasc,no revasc,with revasc,with revasc,with revasc,with revasc
,Test AUC,Sensitivity,Specificity,Accuracy,Test AUC,Sensitivity,Specificity,Accuracy,Test AUC,Sensitivity,Specificity,Accuracy
lasso,0.6949771467470583,0.7230769230769231,0.6668773704171934,0.6711448598130841,0.6893203883495146,0.6504854368932039,0.7281553398058253,0.7229773462783171,0.5178571428571428,1.0,0.0357142857142857,0.19161676646706588
linreg,0.7089419430127394,0.7769230769230769,0.6409608091024019,0.6512850467289719,0.7073509015256588,0.7184466019417476,0.6962552011095701,0.6977346278317152,0.5357142857142857,1.0,0.0714285714285714,0.2215568862275449
SVR10,0.5190216862783235,0.05384615384615385,0.984197218710493,0.9135514018691588,0.5090152565880721,0.02912621359223301,0.9889042995839112,0.9249190938511327,0.5419312169312169,0.14814814814814814,0.9357142857142857,0.8083832335329342
ridge,0.6977243994943111,0.8,0.595448798988622,0.610981308411215,0.6966019417475728,0.7475728155339806,0.645631067961165,0.6524271844660194,0.5392857142857144,1.0,0.07857142857142863,0.2275449101796407
