,all,all,all,all,no revasc,no revasc,no revasc,no revasc,with revasc,with revasc,with revasc,with revasc
,Test AUC,Sensitivity,Specificity,Accuracy,Test AUC,Sensitivity,Specificity,Accuracy,Test AUC,Sensitivity,Specificity,Accuracy
lasso,0.694070924790719,0.7628205128205128,0.6253213367609254,0.6378504672897196,0.6924929577464788,0.704,0.6809859154929577,0.6828478964401294,0.5220588235294117,1.0,0.044117647058823484,0.2215568862275449
linreg,0.6975809109485201,0.782051282051282,0.6131105398457584,0.6285046728971962,0.6967464788732394,0.728,0.6654929577464789,0.6705501618122978,0.5330882352941176,1.0,0.06617647058823528,0.23952095808383234
SVR10,0.49774240326939556,0.0,1.0,0.9088785046728972,0.4983661971830986,0.0,1.0,0.919093851132686,0.4963235294117647,0.0,1.0,0.8143712574850299
ridge,0.6981823874497396,0.5641025641025641,0.8322622107969152,0.8078271028037384,0.6841408450704225,0.488,0.8802816901408451,0.8485436893203884,0.6009250474383303,0.8709677419354839,0.3308823529411765,0.4311377245508982
