,all,all,all,all,no revasc,no revasc,no revasc,no revasc,with revasc,with revasc,with revasc,with revasc
,Test AUC,Sensitivity,Specificity,Accuracy,Test AUC,Sensitivity,Specificity,Accuracy,Test AUC,Sensitivity,Specificity,Accuracy
lasso,0.7265738498789347,0.8,0.6531476997578692,0.6582943925233645,0.7278040432752271,0.7391304347826086,0.7164776517678453,0.7171521035598706,0.5163398692810457,1.0,0.0326797385620915,0.11377245508982035
linreg,0.7293179983857949,0.8333333333333334,0.6253026634382566,0.6325934579439252,0.7325318328160803,0.782608695652174,0.6824549699799867,0.6854368932038835,0.5326797385620915,1.0,0.065359477124183,0.1437125748502994
SVR10,0.5248587570621469,0.06666666666666667,0.9830508474576272,0.9509345794392523,0.5160686834701395,0.043478260869565216,0.9886591060707138,0.9605177993527508,0.5354808590102708,0.14285714285714285,0.9281045751633987,0.8622754491017964
ridge,0.7238902340597257,0.8666666666666667,0.5811138014527846,0.5911214953271028,0.7295878411694754,0.8260869565217391,0.6330887258172115,0.6388349514563106,0.5359477124183006,1.0,0.07189542483660127,0.1497005988023952
