,all,all,all,all,no revasc,no revasc,no revasc,no revasc,with revasc,with revasc,with revasc,with revasc
,Test AUC,Sensitivity,Specificity,Accuracy,Test AUC,Sensitivity,Specificity,Accuracy,Test AUC,Sensitivity,Specificity,Accuracy
lasso,0.6999854128172712,0.7615384615384615,0.638432364096081,0.6477803738317757,0.6948682385575591,0.6990291262135923,0.6907073509015257,0.6912621359223301,0.55,1.0,0.09999999999999998,0.24550898203592814
linreg,0.7151025965185257,0.7538461538461538,0.6763590391908976,0.6822429906542056,0.7076976421636616,0.6990291262135923,0.7163661581137309,0.7152103559870551,0.6136243386243385,0.9629629629629629,0.26428571428571423,0.3772455089820359
SVR10,0.5067927647573665,0.9769230769230769,0.036662452591656125,0.1080607476635514,0.5117891816920943,1.0,0.023578363384188616,0.08867313915857605,0.5301587301587302,0.8888888888888888,0.17142857142857137,0.2874251497005988
ridge,0.7151025965185257,0.7538461538461538,0.6763590391908976,0.6822429906542056,0.7076976421636616,0.6990291262135923,0.7163661581137309,0.7152103559870551,0.6136243386243385,0.9629629629629629,0.26428571428571423,0.3772455089820359
