,all,all,all,all,no revasc,no revasc,no revasc,no revasc,with revasc,with revasc,with revasc,with revasc
,Test AUC,Sensitivity,Specificity,Accuracy,Test AUC,Sensitivity,Specificity,Accuracy,Test AUC,Sensitivity,Specificity,Accuracy
lasso,0.6356941081517353,0.4166666666666667,0.8547215496368039,0.8393691588785047,0.619014125358935,0.32608695652173914,0.9119412941961308,0.8944983818770227,0.5042016806722689,0.7142857142857143,0.2941176470588235,0.32934131736526945
linreg,0.6387207425343019,0.4166666666666667,0.860774818401937,0.8452102803738317,0.6295501348725236,0.34782608695652173,0.9112741827885257,0.8944983818770227,0.5044351073762838,0.6428571428571429,0.36601307189542487,0.38922155688622756
SVR10,0.5062146892655367,0.016666666666666666,0.9957627118644068,0.9614485981308412,0.4986657771847899,0.0,1.0,0.9702265372168285,0.5259103641456582,0.07142857142857142,0.9803921568627451,0.9041916167664671
ridge,0.6387207425343019,0.4166666666666667,0.860774818401937,0.8452102803738317,0.6295501348725236,0.34782608695652173,0.9112741827885257,0.8944983818770227,0.5044351073762838,0.6428571428571429,0.36601307189542487,0.38922155688622756
