,all,all,all,all,no revasc,no revasc,no revasc,no revasc,with revasc,with revasc,with revasc,with revasc
,Test AUC,Sensitivity,Specificity,Accuracy,Test AUC,Sensitivity,Specificity,Accuracy,Test AUC,Sensitivity,Specificity,Accuracy
lasso,0.710232843137255,0.6625,0.7579656862745098,0.7535046728971962,0.7116344836728381,0.6065573770491803,0.816711590296496,0.8084142394822007,0.5055120910384068,0.8421052631578947,0.16891891891891897,0.24550898203592814
linreg,0.6912990196078432,0.6375,0.7450980392156863,0.740070093457944,0.6868178604568954,0.5737704918032787,0.7998652291105122,0.7909385113268609,0.5190256045519203,0.8421052631578947,0.19594594594594594,0.2694610778443114
SVR10,0.4947916666666667,0.0,1.0,0.9532710280373832,0.49494609164420483,0.0,1.0,0.9605177993527508,0.49324324324324326,0.0,1.0,0.8862275449101796
ridge,0.695281862745098,0.7,0.6905637254901961,0.6910046728971962,0.6929874950289425,0.639344262295082,0.7466307277628033,0.7423948220064724,0.5115576102418208,0.8947368421052632,0.1283783783783784,0.2155688622754491
