,all,all,all,all,no revasc,no revasc,no revasc,no revasc,with revasc,with revasc,with revasc,with revasc
,Test AUC,Sensitivity,Specificity,Accuracy,Test AUC,Sensitivity,Specificity,Accuracy,Test AUC,Sensitivity,Specificity,Accuracy
lasso,0.6975310251896285,0.6870748299319728,0.7079872204472843,0.7061915887850467,0.6953691733103498,0.6239316239316239,0.7668067226890756,0.7559870550161812,0.5141119221411192,0.9333333333333333,0.0948905109489051,0.24550898203592814
linreg,0.710630066723175,0.6870748299319728,0.734185303514377,0.7301401869158879,0.7034223945988651,0.6239316239316239,0.7829131652661064,0.7708737864077669,0.5798053527980535,0.9333333333333333,0.22627737226277367,0.3532934131736527
SVR10,0.5045662993631957,0.013605442176870748,0.9955271565495207,0.9112149532710281,0.5074965883789413,0.017094017094017096,0.9978991596638656,0.9236245954692557,0.4854014598540146,0.0,1.0,0.8203592814371258
ridge,0.7103105779052835,0.6870748299319728,0.7335463258785943,0.7295560747663551,0.7030722545428428,0.6239316239316239,0.7822128851540616,0.7702265372168284,0.5798053527980535,0.9333333333333333,0.22627737226277367,0.3532934131736527
