,all,all,all,all,no revasc,no revasc,no revasc,no revasc,with revasc,with revasc,with revasc,with revasc
,Test AUC,Sensitivity,Specificity,Accuracy,Test AUC,Sensitivity,Specificity,Accuracy,Test AUC,Sensitivity,Specificity,Accuracy
lasso,0.7556497175141244,0.8333333333333334,0.6779661016949152,0.6834112149532711,0.7717536328566871,0.8043478260869565,0.7391594396264176,0.7411003236245954,0.5035014005602241,0.9285714285714286,0.07843137254901966,0.1497005988023952
linreg,0.7613397901533494,0.7333333333333333,0.7893462469733656,0.7873831775700935,0.7634364938944804,0.6956521739130435,0.8312208138759173,0.8271844660194175,0.6181139122315593,0.8571428571428571,0.3790849673202614,0.41916167664670656
SVR10,0.5771791767554479,0.25,0.9043583535108959,0.8814252336448598,0.5666676334947937,0.21739130434782608,0.9159439626417611,0.8951456310679612,0.5739962651727357,0.35714285714285715,0.7908496732026143,0.7544910179640718
ridge,0.7572437449556094,0.7166666666666667,0.7978208232445521,0.7949766355140186,0.7559024857151144,0.6739130434782609,0.837891927951968,0.8330097087378641,0.6311858076563959,0.8571428571428571,0.40522875816993464,0.4431137724550898
