,all,all,all,all,no revasc,no revasc,no revasc,no revasc,with revasc,with revasc,with revasc,with revasc
,Test AUC,Sensitivity,Specificity,Accuracy,Test AUC,Sensitivity,Specificity,Accuracy,Test AUC,Sensitivity,Specificity,Accuracy
lasso,0.7271583977865811,0.7631578947368421,0.6911589008363201,0.6927570093457944,0.7419481440218767,0.7307692307692307,0.7531270572745227,0.7527508090614887,0.4586021505376344,0.0,1.0,0.9281437125748503
linreg,0.7689586870401811,0.7368421052631579,0.8010752688172043,0.7996495327102804,0.7671545044816934,0.6923076923076923,0.8420013166556946,0.8394822006472492,0.6166666666666667,0.8333333333333334,0.4,0.4311377245508982
SVR10,0.6160472866754699,0.2631578947368421,0.9689366786140979,0.9532710280373832,0.6214488276700258,0.2692307692307692,0.9736668861092824,0.9618122977346278,0.5862903225806452,0.25,0.9225806451612903,0.874251497005988
ridge,0.7803401873860277,0.7894736842105263,0.7712066905615292,0.7716121495327103,0.772231224996202,0.7307692307692307,0.8136932192231732,0.8122977346278317,0.635752688172043,0.9166666666666666,0.3548387096774194,0.39520958083832336
