,all,all,all,all,no revasc,no revasc,no revasc,no revasc,with revasc,with revasc,with revasc,with revasc
,Test AUC,Sensitivity,Specificity,Accuracy,Test AUC,Sensitivity,Specificity,Accuracy,Test AUC,Sensitivity,Specificity,Accuracy
lasso,0.6773284556060906,0.7884615384615384,0.5661953727506427,0.5864485981308412,0.6768028169014084,0.736,0.6176056338028169,0.6271844660194175,0.5147058823529411,1.0,0.02941176470588236,0.20958083832335328
linreg,0.6810691450794278,0.6282051282051282,0.7339331619537275,0.7242990654205608,0.6720281690140845,0.568,0.776056338028169,0.7592233009708738,0.5825426944971537,0.8709677419354839,0.2941176470588235,0.40119760479041916
SVR10,0.5217849845099203,0.05128205128205128,0.9922879177377892,0.9065420560747663,0.5215352112676057,0.048,0.9950704225352113,0.9184466019417475,0.5138757115749526,0.06451612903225806,0.9632352941176471,0.7964071856287425
ridge,0.6823544921231296,0.6282051282051282,0.7365038560411311,0.7266355140186916,0.6737887323943662,0.568,0.7795774647887324,0.7624595469255664,0.5788662239089184,0.8709677419354839,0.2867647058823529,0.39520958083832336
