,all,all,all,all,no revasc,no revasc,no revasc,no revasc,with revasc,with revasc,with revasc,with revasc
,Test AUC,Sensitivity,Specificity,Accuracy,Test AUC,Sensitivity,Specificity,Accuracy,Test AUC,Sensitivity,Specificity,Accuracy
lasso,0.6871778663814062,0.6923076923076923,0.6820480404551201,0.6828271028037384,0.6820388349514565,0.6310679611650486,0.7330097087378641,0.7262135922330097,0.5415343915343915,0.9259259259259259,0.15714285714285714,0.281437125748503
linreg,0.7052513857823592,0.7461538461538462,0.6643489254108723,0.6705607476635514,0.70873786407767,0.7087378640776699,0.7087378640776699,0.7087378640776699,0.5480158730158731,0.8888888888888888,0.20714285714285718,0.31736526946107785
SVR10,0.49868229116016727,0.0,1.0,0.9240654205607477,0.4975728155339806,0.0,1.0,0.9333333333333333,0.5035714285714286,1.0,0.0071428571428571175,0.16766467065868262
ridge,0.7052513857823592,0.7461538461538462,0.6643489254108723,0.6705607476635514,0.70873786407767,0.7087378640776699,0.7087378640776699,0.7087378640776699,0.5480158730158731,0.8888888888888888,0.20714285714285718,0.31736526946107785
