,all,all,all,all,no revasc,no revasc,no revasc,no revasc,with revasc,with revasc,with revasc,with revasc
,Test AUC,Sensitivity,Specificity,Accuracy,Test AUC,Sensitivity,Specificity,Accuracy,Test AUC,Sensitivity,Specificity,Accuracy
lasso,0.683578431372549,0.5375,0.829656862745098,0.8160046728971962,0.6636969201537715,0.4426229508196721,0.8847708894878706,0.8673139158576052,0.5595661450924608,0.8421052631578947,0.277027027027027,0.3413173652694611
linreg,0.7533088235294118,0.775,0.7316176470588236,0.7336448598130841,0.7474481905351068,0.7213114754098361,0.7735849056603774,0.7715210355987056,0.6290896159317212,0.9473684210526315,0.31081081081081086,0.38323353293413176
SVR10,0.43437499999999996,0.0,1.0,0.9532710280373832,0.4265112014493394,0.0,1.0,0.9605177993527508,0.5362731152204837,0.3157894736842105,0.7567567567567568,0.7065868263473054
ridge,0.7530024509803921,0.775,0.7310049019607843,0.7330607476635514,0.7474481905351068,0.7213114754098361,0.7735849056603774,0.7715210355987056,0.6257112375533428,0.9473684210526315,0.30405405405405406,0.3772455089820359
