,all,all,all,all,no revasc,no revasc,no revasc,no revasc,with revasc,with revasc,with revasc,with revasc
,Test AUC,Sensitivity,Specificity,Accuracy,Test AUC,Sensitivity,Specificity,Accuracy,Test AUC,Sensitivity,Specificity,Accuracy
lasso,0.6558318502405907,0.5128205128205128,0.7988431876606684,0.7727803738317757,0.651338028169014,0.44,0.8626760563380281,0.8284789644012945,0.46940227703984816,0.0,1.0,0.8143712574850299
linreg,0.6348708061432997,0.5705128205128205,0.699228791773779,0.6875,0.6394788732394366,0.536,0.7429577464788732,0.7262135922330097,0.4761622390891841,0.0,1.0,0.8143712574850299
SVR10,0.530757695603454,0.07051282051282051,0.9910025706940874,0.907126168224299,0.5321267605633804,0.072,0.9922535211267606,0.917799352750809,0.5212286527514232,0.06451612903225806,0.9779411764705882,0.8083832335329342
ridge,0.6307099070595215,0.5576923076923077,0.7037275064267352,0.6904205607476636,0.6335915492957747,0.52,0.7471830985915493,0.7288025889967638,0.4798387096774194,0.0,1.0,0.8143712574850299
