,all,all,all,all,no revasc,no revasc,no revasc,no revasc,with revasc,with revasc,with revasc,with revasc
,Test AUC,Sensitivity,Specificity,Accuracy,Test AUC,Sensitivity,Specificity,Accuracy,Test AUC,Sensitivity,Specificity,Accuracy
lasso,0.5,0.0,1.0,0.9532710280373832,0.5,0.0,1.0,0.9605177993527508,0.5,0.0,1.0,0.8862275449101796
linreg,0.6400735294117648,0.85,0.43014705882352944,0.4497663551401869,0.6459060580619504,0.8524590163934426,0.4393530997304582,0.455663430420712,0.5899715504978662,0.8421052631578947,0.33783783783783783,0.39520958083832336
SVR10,0.5710171568627451,0.65,0.4920343137254902,0.4994158878504673,0.5768580707878573,0.6557377049180327,0.49797843665768193,0.5042071197411003,0.5320056899004267,0.631578947368421,0.43243243243243246,0.4550898203592814
ridge,0.6400735294117648,0.85,0.43014705882352944,0.4497663551401869,0.6459060580619504,0.8524590163934426,0.4393530997304582,0.455663430420712,0.5899715504978662,0.8421052631578947,0.33783783783783783,0.39520958083832336
