,all,all,all,all,no revasc,no revasc,no revasc,no revasc,with revasc,with revasc,with revasc,with revasc
,Test AUC,Sensitivity,Specificity,Accuracy,Test AUC,Sensitivity,Specificity,Accuracy,Test AUC,Sensitivity,Specificity,Accuracy
lasso,0.6985614000395491,0.7692307692307693,0.6278920308483291,0.6407710280373832,0.6979014084507041,0.712,0.6838028169014084,0.686084142394822,0.5220588235294117,1.0,0.044117647058823484,0.2215568862275449
linreg,0.6852794805879641,0.6025641025641025,0.7679948586118253,0.7529205607476636,0.6866901408450705,0.56,0.8133802816901409,0.7928802588996764,0.5341555977229602,0.7741935483870968,0.2941176470588235,0.38323353293413176
SVR10,0.4945702326807725,0.0,1.0,0.9088785046728972,0.49622535211267604,0.0,1.0,0.919093851132686,0.5081831119544592,0.9354838709677419,0.08088235294117652,0.23952095808383234
ridge,0.6884846087930923,0.6089743589743589,0.7679948586118253,0.7535046728971962,0.6906901408450705,0.568,0.8133802816901409,0.7935275080906149,0.5341555977229602,0.7741935483870968,0.2941176470588235,0.38323353293413176
