,all,all,all,all,no revasc,no revasc,no revasc,no revasc,with revasc,with revasc,with revasc,with revasc
,Test AUC,Sensitivity,Specificity,Accuracy,Test AUC,Sensitivity,Specificity,Accuracy,Test AUC,Sensitivity,Specificity,Accuracy
lasso,0.6057619371778663,0.3923076923076923,0.8192161820480405,0.7867990654205608,0.5866851595006936,0.30097087378640774,0.8723994452149793,0.8343042071197411,0.5060846560846561,0.7407407407407407,0.27142857142857146,0.3473053892215569
linreg,0.639069337741904,0.5461538461538461,0.731984829329962,0.717873831775701,0.6341886269070736,0.5048543689320388,0.7635228848821082,0.7462783171521036,0.5554232804232804,0.7037037037037037,0.40714285714285714,0.4550898203592814
SVR10,0.5581250607799281,0.2230769230769231,0.893173198482933,0.8422897196261683,0.5585991678224688,0.22330097087378642,0.8938973647711512,0.8491909385113269,0.553968253968254,0.2222222222222222,0.8857142857142857,0.7784431137724551
ridge,0.6387532821161139,0.5461538461538461,0.7313527180783819,0.7172897196261683,0.6338418862690707,0.5048543689320388,0.7628294036061026,0.7456310679611651,0.5554232804232804,0.7037037037037037,0.40714285714285714,0.4550898203592814
