,all,all,all,all,no revasc,no revasc,no revasc,no revasc,with revasc,with revasc,with revasc,with revasc
,Test AUC,Sensitivity,Specificity,Accuracy,Test AUC,Sensitivity,Specificity,Accuracy,Test AUC,Sensitivity,Specificity,Accuracy
lasso,0.6877760200382308,0.6602564102564102,0.7152956298200515,0.7102803738317757,0.6833239436619718,0.592,0.7746478873239436,0.7598705501618123,0.5155360531309298,0.9354838709677419,0.09558823529411764,0.25149700598802394
linreg,0.6832196295563906,0.7051282051282052,0.6613110539845759,0.665303738317757,0.6792816901408452,0.648,0.7105633802816902,0.7055016181229773,0.5412713472485768,0.9354838709677419,0.1470588235294118,0.2934131736526946
SVR10,0.45539186606024656,0.0,1.0,0.9088785046728972,0.4548591549295775,0.0,1.0,0.919093851132686,0.4124762808349146,0.0,1.0,0.8143712574850299
ridge,0.6832196295563906,0.7051282051282052,0.6613110539845759,0.665303738317757,0.6792816901408452,0.648,0.7105633802816902,0.7055016181229773,0.5412713472485768,0.9354838709677419,0.1470588235294118,0.2934131736526946
