,all,all,all,all,no revasc,no revasc,no revasc,no revasc,with revasc,with revasc,with revasc,with revasc
,Test AUC,Sensitivity,Specificity,Accuracy,Test AUC,Sensitivity,Specificity,Accuracy,Test AUC,Sensitivity,Specificity,Accuracy
lasso,0.7348039215686274,0.825,0.6446078431372548,0.6530373831775701,0.7339655781892094,0.7704918032786885,0.6974393530997305,0.7003236245954693,0.5574324324324325,1.0,0.11486486486486491,0.2155688622754491
linreg,0.7561274509803921,0.8125,0.6997549019607843,0.7050233644859814,0.7493537625381115,0.7540983606557377,0.7446091644204852,0.7449838187702266,0.625,1.0,0.25,0.33532934131736525
SVR10,0.49558823529411766,0.0,1.0,0.9532710280373832,0.4931509875834033,0.0,1.0,0.9605177993527508,0.5067567567567568,1.0,0.013513513513513487,0.12574850299401197
ridge,0.7400735294117647,0.675,0.8051470588235294,0.7990654205607477,0.734992930051699,0.6229508196721312,0.8470350404312669,0.8381877022653722,0.6136201991465149,0.8421052631578947,0.3851351351351351,0.437125748502994
