,all,all,all,all,no revasc,no revasc,no revasc,no revasc,with revasc,with revasc,with revasc,with revasc
,Test AUC,Sensitivity,Specificity,Accuracy,Test AUC,Sensitivity,Specificity,Accuracy,Test AUC,Sensitivity,Specificity,Accuracy
lasso,0.6954604230165327,0.6851851851851852,0.7057356608478803,0.7044392523364486,0.6924806883739122,0.6190476190476191,0.7659137577002053,0.7579288025889968,0.5037878787878788,0.9166666666666666,0.09090909090909094,0.20958083832335328
linreg,0.6805555555555556,0.6111111111111112,0.75,0.7412383177570093,0.678461425638017,0.5595238095238095,0.7973990417522245,0.7844660194174757,0.5287004662004662,0.7916666666666666,0.26573426573426573,0.3413173652694611
SVR10,0.5046296296296297,0.009259259259259259,1.0,0.9375,0.5,0.0,1.0,0.945631067961165,0.5208333333333334,0.041666666666666664,1.0,0.8622754491017964
ridge,0.6805555555555556,0.6111111111111112,0.75,0.7412383177570093,0.678461425638017,0.5595238095238095,0.7973990417522245,0.7844660194174757,0.5287004662004662,0.7916666666666666,0.26573426573426573,0.3413173652694611
