,all,all,all,all,no revasc,no revasc,no revasc,no revasc,with revasc,with revasc,with revasc,with revasc
,Test AUC,Sensitivity,Specificity,Accuracy,Test AUC,Sensitivity,Specificity,Accuracy,Test AUC,Sensitivity,Specificity,Accuracy
lasso,0.6954604230165327,0.6851851851851852,0.7057356608478803,0.7044392523364486,0.6924806883739122,0.6190476190476191,0.7659137577002053,0.7579288025889968,0.5037878787878788,0.9166666666666666,0.09090909090909094,0.20958083832335328
linreg,0.6756372956497644,0.7222222222222222,0.6290523690773067,0.634929906542056,0.6631099051530263,0.6547619047619048,0.6714579055441479,0.6705501618122978,0.5770687645687647,0.9583333333333334,0.19580419580419584,0.30538922155688625
SVR10,0.5050106215941628,0.12037037037037036,0.8896508728179551,0.8411214953271028,0.5171482350640462,0.15476190476190477,0.8795345653661876,0.8401294498381877,0.4965034965034965,0.0,1.0,0.8562874251497006
ridge,0.6747021335550014,0.7222222222222222,0.6271820448877805,0.633177570093458,0.6620832111078517,0.6547619047619048,0.6694045174537988,0.6686084142394823,0.5770687645687647,0.9583333333333334,0.19580419580419584,0.30538922155688625
