,all,all,all,all,no revasc,no revasc,no revasc,no revasc,with revasc,with revasc,with revasc,with revasc
,Test AUC,Sensitivity,Specificity,Accuracy,Test AUC,Sensitivity,Specificity,Accuracy,Test AUC,Sensitivity,Specificity,Accuracy
lasso,0.6930273266556453,0.7153846153846154,0.6706700379266751,0.6740654205607477,0.6914008321775313,0.6601941747572816,0.7226074895977809,0.7184466019417476,0.5308201058201059,0.9259259259259259,0.13571428571428568,0.2634730538922156
linreg,0.7004035787221629,0.7307692307692307,0.6700379266750949,0.6746495327102804,0.7024965325936201,0.6893203883495146,0.7156726768377254,0.713915857605178,0.5444444444444444,0.8888888888888888,0.19999999999999996,0.31137724550898205
SVR10,0.5689001264222503,0.5,0.6378002528445006,0.6273364485981309,0.5724687933425797,0.47572815533980584,0.6692094313453536,0.6563106796116505,0.4534391534391534,0.0,1.0,0.8383233532934131
ridge,0.7004035787221629,0.7307692307692307,0.6700379266750949,0.6746495327102804,0.7024965325936201,0.6893203883495146,0.7156726768377254,0.713915857605178,0.5444444444444444,0.8888888888888888,0.19999999999999996,0.31137724550898205
