,all,all,all,all,no revasc,no revasc,no revasc,no revasc,with revasc,with revasc,with revasc,with revasc
,Test AUC,Sensitivity,Specificity,Accuracy,Test AUC,Sensitivity,Specificity,Accuracy,Test AUC,Sensitivity,Specificity,Accuracy
lasso,0.6877760200382308,0.6602564102564102,0.7152956298200515,0.7102803738317757,0.6833239436619718,0.592,0.7746478873239436,0.7598705501618123,0.5155360531309298,0.9354838709677419,0.09558823529411764,0.25149700598802394
linreg,0.6562685386592841,0.6730769230769231,0.6394601542416453,0.6425233644859814,0.6562676056338028,0.64,0.6725352112676056,0.6699029126213593,0.5502846299810247,0.8064516129032258,0.2941176470588235,0.38922155688622756
SVR10,0.5217273086810362,0.09615384615384616,0.9473007712082262,0.8697429906542056,0.5172394366197183,0.088,0.9464788732394366,0.8770226537216829,0.5424573055028462,0.12903225806451613,0.9558823529411765,0.8023952095808383
ridge,0.6562685386592841,0.6730769230769231,0.6394601542416453,0.6425233644859814,0.6562676056338028,0.64,0.6725352112676056,0.6699029126213593,0.5502846299810247,0.8064516129032258,0.2941176470588235,0.38922155688622756
