,all,all,all,all,no revasc,no revasc,no revasc,no revasc,with revasc,with revasc,with revasc,with revasc
,Test AUC,Sensitivity,Specificity,Accuracy,Test AUC,Sensitivity,Specificity,Accuracy,Test AUC,Sensitivity,Specificity,Accuracy
lasso,0.5475768441927115,0.13402061855670103,0.961133069828722,0.8674065420560748,0.5271067750876485,0.07006369426751592,0.984149855907781,0.8912621359223301,0.5603950103950105,0.40540540540540543,0.7153846153846154,0.6467065868263473
linreg,0.5922198226097822,0.41237113402061853,0.772068511198946,0.7313084112149533,0.5863704363149103,0.36942675159235666,0.8033141210374639,0.7592233009708738,0.5165280665280666,0.5945945945945946,0.43846153846153846,0.47305389221556887
SVR10,0.5556381837197615,0.14948453608247422,0.9617918313570487,0.8697429906542056,0.5616063070173829,0.1592356687898089,0.9639769452449568,0.8822006472491909,0.5232848232848233,0.10810810810810811,0.9384615384615385,0.7544910179640718
ridge,0.5922198226097822,0.41237113402061853,0.772068511198946,0.7313084112149533,0.5863704363149103,0.36942675159235666,0.8033141210374639,0.7592233009708738,0.5165280665280666,0.5945945945945946,0.43846153846153846,0.47305389221556887
