,all,all,all,all,no revasc,no revasc,no revasc,no revasc,with revasc,with revasc,with revasc,with revasc
,Test AUC,Sensitivity,Specificity,Accuracy,Test AUC,Sensitivity,Specificity,Accuracy,Test AUC,Sensitivity,Specificity,Accuracy
lasso,0.6786467602662976,0.7628205128205128,0.5944730077120823,0.6098130841121495,0.6781830985915491,0.712,0.6443661971830985,0.6498381877022654,0.5206356736242884,0.967741935483871,0.07352941176470584,0.23952095808383234
linreg,0.6775097224968691,0.6474358974358975,0.7075835475578407,0.7021028037383178,0.6706478873239436,0.592,0.7492957746478873,0.7365695792880259,0.5715132827324478,0.8709677419354839,0.2720588235294118,0.38323353293413176
SVR10,0.6719646035198735,0.7115384615384616,0.6323907455012854,0.6396028037383178,0.6706056338028169,0.656,0.6852112676056338,0.6828478964401294,0.5081831119544592,0.9354838709677419,0.08088235294117652,0.23952095808383234
ridge,0.6775097224968691,0.6474358974358975,0.7075835475578407,0.7021028037383178,0.6706478873239436,0.592,0.7492957746478873,0.7365695792880259,0.5715132827324478,0.8709677419354839,0.2720588235294118,0.38323353293413176
