,all,all,all,all,no revasc,no revasc,no revasc,no revasc,with revasc,with revasc,with revasc,with revasc
,Test AUC,Sensitivity,Specificity,Accuracy,Test AUC,Sensitivity,Specificity,Accuracy,Test AUC,Sensitivity,Specificity,Accuracy
lasso,0.698769168684423,0.6166666666666667,0.7808716707021792,0.7751168224299065,0.7015546596281579,0.5652173913043478,0.837891927951968,0.8297734627831715,0.503968253968254,0.7857142857142857,0.2222222222222222,0.2694610778443114
linreg,0.7547619047619047,0.8666666666666667,0.6428571428571428,0.6507009345794392,0.7546045189546655,0.8260869565217391,0.6831220813875918,0.6873786407766991,0.6241830065359477,1.0,0.24836601307189543,0.31137724550898205
SVR10,0.4949959644874899,0.0,1.0,0.9649532710280374,0.491798880413029,0.0,1.0,0.9702265372168285,0.5098039215686274,1.0,0.019607843137254943,0.10179640718562874
ridge,0.7715294592413237,0.8166666666666667,0.7263922518159807,0.7295560747663551,0.7765611857180148,0.782608695652174,0.7705136757838559,0.7708737864077669,0.6113445378151261,0.9285714285714286,0.2941176470588235,0.3473053892215569
