,all,all,all,all,no revasc,no revasc,no revasc,no revasc,with revasc,with revasc,with revasc,with revasc
,Test AUC,Sensitivity,Specificity,Accuracy,Test AUC,Sensitivity,Specificity,Accuracy,Test AUC,Sensitivity,Specificity,Accuracy
lasso,0.6905421631107417,0.7962962962962963,0.5847880299251871,0.5981308411214953,0.6925906913073238,0.75,0.6351813826146475,0.6414239482200648,0.5141317016317016,0.9583333333333334,0.0699300699300699,0.19760479041916168
linreg,0.6952064283735107,0.8611111111111112,0.5293017456359101,0.5502336448598131,0.7031143052703629,0.8333333333333334,0.5728952772073922,0.5870550161812298,0.5211247086247087,0.9583333333333334,0.08391608391608396,0.20958083832335328
SVR10,0.5554747390782304,0.3148148148148148,0.796134663341646,0.7657710280373832,0.5707685538281021,0.35714285714285715,0.784394250513347,0.7611650485436893,0.5413752913752914,0.16666666666666666,0.916083916083916,0.8083832335329342
ridge,0.6952064283735107,0.8611111111111112,0.5293017456359101,0.5502336448598131,0.7031143052703629,0.8333333333333334,0.5728952772073922,0.5870550161812298,0.5211247086247087,0.9583333333333334,0.08391608391608396,0.20958083832335328
