,all,all,all,all,no revasc,no revasc,no revasc,no revasc,with revasc,with revasc,with revasc,with revasc
,Test AUC,Sensitivity,Specificity,Accuracy,Test AUC,Sensitivity,Specificity,Accuracy,Test AUC,Sensitivity,Specificity,Accuracy
lasso,0.6519465225824328,0.4722222222222222,0.8316708229426434,0.8089953271028038,0.6399603989439718,0.39285714285714285,0.8870636550308009,0.8601941747572815,0.5078671328671329,0.75,0.26573426573426573,0.33532934131736525
linreg,0.6969382100304794,0.6388888888888888,0.7549875311720698,0.7476635514018691,0.693788501026694,0.5833333333333334,0.8042436687200547,0.7922330097087379,0.5425407925407926,0.8333333333333334,0.2517482517482518,0.33532934131736525
SVR10,0.5187840583725871,0.046296296296296294,0.9912718204488778,0.9316588785046729,0.5263395912779897,0.05952380952380952,0.9931553730321697,0.9423948220064725,0.486013986013986,0.0,1.0,0.8562874251497006
ridge,0.7018333795141776,0.6574074074074074,0.7462593516209477,0.7406542056074766,0.6949496431015939,0.5952380952380952,0.7946611909650925,0.7838187702265372,0.5633741258741258,0.875,0.2517482517482518,0.3413173652694611
