,all,all,all,all,no revasc,no revasc,no revasc,no revasc,with revasc,with revasc,with revasc,with revasc
,Test AUC,Sensitivity,Specificity,Accuracy,Test AUC,Sensitivity,Specificity,Accuracy,Test AUC,Sensitivity,Specificity,Accuracy
lasso,0.6584119420402607,0.6461538461538462,0.6706700379266751,0.6688084112149533,0.6681692094313454,0.6504854368932039,0.6858529819694867,0.683495145631068,0.571957671957672,0.6296296296296297,0.5142857142857142,0.5329341317365269
linreg,0.6585237771078479,0.7076923076923077,0.6093552465233881,0.616822429906542,0.6685159500693482,0.7087378640776699,0.6282940360610263,0.6336569579288026,0.5589947089947089,0.7037037037037037,0.41428571428571426,0.46107784431137727
SVR10,0.5907225517844987,0.6384615384615384,0.5429835651074589,0.5502336448598131,0.6095700416088766,0.6699029126213593,0.5492371705963939,0.5572815533980583,0.4985449735449735,0.0,1.0,0.8383233532934131
ridge,0.6585237771078479,0.7076923076923077,0.6093552465233881,0.616822429906542,0.6685159500693482,0.7087378640776699,0.6282940360610263,0.6336569579288026,0.5589947089947089,0.7037037037037037,0.41428571428571426,0.46107784431137727
