,all,all,all,all,no revasc,no revasc,no revasc,no revasc,with revasc,with revasc,with revasc,with revasc
,Test AUC,Sensitivity,Specificity,Accuracy,Test AUC,Sensitivity,Specificity,Accuracy,Test AUC,Sensitivity,Specificity,Accuracy
lasso,0.6928102959593962,0.7435897435897436,0.6420308483290489,0.6512850467289719,0.6904788732394366,0.688,0.6929577464788732,0.6925566343042071,0.5390180265654649,0.967741935483871,0.11029411764705888,0.2694610778443114
linreg,0.6932140267615846,0.6794871794871795,0.7069408740359897,0.7044392523364486,0.6892394366197183,0.632,0.7464788732394366,0.7372168284789644,0.5825426944971537,0.8709677419354839,0.2941176470588235,0.40119760479041916
SVR10,0.5528804956825523,0.6089743589743589,0.4967866323907455,0.5070093457943925,0.5569154929577466,0.592,0.521830985915493,0.5275080906148867,0.4563567362428842,0.0,1.0,0.8143712574850299
ridge,0.6932140267615846,0.6794871794871795,0.7069408740359897,0.7044392523364486,0.6892394366197183,0.632,0.7464788732394366,0.7372168284789644,0.5825426944971537,0.8709677419354839,0.2941176470588235,0.40119760479041916
