,all,all,all,all,no revasc,no revasc,no revasc,no revasc,with revasc,with revasc,with revasc,with revasc
,Test AUC,Sensitivity,Specificity,Accuracy,Test AUC,Sensitivity,Specificity,Accuracy,Test AUC,Sensitivity,Specificity,Accuracy
lasso,0.7320924718435091,0.84,0.6241849436870184,0.6273364485981309,0.7068627450980393,0.7333333333333333,0.6803921568627451,0.6809061488673139,0.5382165605095541,1.0,0.07643312101910826,0.1317365269461078
linreg,0.751061055127445,0.84,0.6621221102548903,0.6647196261682243,0.7215686274509804,0.7333333333333333,0.7098039215686274,0.7100323624595469,0.5987261146496815,1.0,0.197452229299363,0.24550898203592814
SVR10,0.499407231772377,0.0,1.0,0.9853971962616822,0.4996732026143791,0.0,1.0,0.9902912621359223,0.4968152866242038,0.0,1.0,0.9401197604790419
ridge,0.7501719027860105,0.84,0.6603438055720213,0.6629672897196262,0.7209150326797384,0.7333333333333333,0.7084967320261437,0.7087378640776699,0.5955414012738853,1.0,0.19108280254777066,0.23952095808383234
