,all,all,all,all,no revasc,no revasc,no revasc,no revasc,with revasc,with revasc,with revasc,with revasc
,Test AUC,Sensitivity,Specificity,Accuracy,Test AUC,Sensitivity,Specificity,Accuracy,Test AUC,Sensitivity,Specificity,Accuracy
lasso,0.6662286242071093,0.5979381443298969,0.7345191040843215,0.7190420560747663,0.6495323886268104,0.5159235668789809,0.7831412103746398,0.7559870550161812,0.5806652806652807,0.9459459459459459,0.2153846153846154,0.3772455089820359
linreg,0.670041970579846,0.5515463917525774,0.7885375494071146,0.7616822429906542,0.6570811688907653,0.47770700636942676,0.8364553314121037,0.8,0.5708939708939709,0.8648648648648649,0.27692307692307694,0.40718562874251496
SVR10,0.5021902122977874,0.010309278350515464,0.9940711462450593,0.8825934579439252,0.4978386167146974,0.0,1.0,0.8983818770226537,0.5154885654885655,0.05405405405405406,0.9769230769230769,0.7724550898203593
ridge,0.671030112872336,0.5515463917525774,0.7905138339920948,0.7634345794392523,0.6570811688907653,0.47770700636942676,0.8364553314121037,0.8,0.5824324324324325,0.8648648648648649,0.30000000000000004,0.4251497005988024
