,all,all,all,all,no revasc,no revasc,no revasc,no revasc,with revasc,with revasc,with revasc,with revasc
,Test AUC,Sensitivity,Specificity,Accuracy,Test AUC,Sensitivity,Specificity,Accuracy,Test AUC,Sensitivity,Specificity,Accuracy
lasso,0.5,0.0,1.0,0.977803738317757,0.5,0.0,1.0,0.9831715210355987,0.5,0.0,1.0,0.9281437125748503
linreg,0.6877318744890901,0.7631578947368421,0.6123058542413381,0.6156542056074766,0.7198435205347647,0.8076923076923077,0.6319947333772218,0.6349514563106796,0.543010752688172,0.6666666666666666,0.4193548387096774,0.437125748502994
SVR10,0.5282493869081306,0.7894736842105263,0.2670250896057348,0.2786214953271028,0.4986960044563731,0.0,1.0,0.9831715210355987,0.5938172043010752,0.9166666666666666,0.2709677419354839,0.31736526946107785
ridge,0.6877318744890901,0.7631578947368421,0.6123058542413381,0.6156542056074766,0.7198435205347647,0.8076923076923077,0.6319947333772218,0.6349514563106796,0.543010752688172,0.6666666666666666,0.4193548387096774,0.437125748502994
