,all,all,all,all,no revasc,no revasc,no revasc,no revasc,with revasc,with revasc,with revasc,with revasc
,Test AUC,Sensitivity,Specificity,Accuracy,Test AUC,Sensitivity,Specificity,Accuracy,Test AUC,Sensitivity,Specificity,Accuracy
lasso,0.7373294346978557,0.7894736842105263,0.6851851851851851,0.6875,0.7578872740163063,0.7692307692307693,0.7465437788018433,0.7469255663430421,0.4586021505376344,0.0,1.0,0.9281437125748503
linreg,0.7412123498710935,0.7894736842105263,0.6929510155316607,0.6950934579439252,0.7565706183217704,0.7692307692307693,0.7439104674127716,0.7443365695792881,0.5134408602150538,0.8333333333333334,0.19354838709677424,0.23952095808383234
SVR10,0.49850657108721624,0.0,1.0,0.977803738317757,0.4990125082290981,0.0,1.0,0.9831715210355987,0.4935483870967742,0.0,1.0,0.9281437125748503
ridge,0.7409136640885368,0.7894736842105263,0.6923536439665472,0.6945093457943925,0.7562414543981364,0.7692307692307693,0.7432521395655036,0.7436893203883496,0.5134408602150538,0.8333333333333334,0.19354838709677424,0.23952095808383234
