,all,all,all,all,no revasc,no revasc,no revasc,no revasc,with revasc,with revasc,with revasc,with revasc
,Test AUC,Sensitivity,Specificity,Accuracy,Test AUC,Sensitivity,Specificity,Accuracy,Test AUC,Sensitivity,Specificity,Accuracy
lasso,0.7199525785417902,0.76,0.6799051570835803,0.6810747663551402,0.7375816993464053,0.7333333333333333,0.7418300653594772,0.7417475728155339,0.43821656050955415,0.0,1.0,0.9401197604790419
linreg,0.7276585655008891,0.76,0.6953171310017783,0.6962616822429907,0.7392156862745098,0.7333333333333333,0.7450980392156863,0.7449838187702266,0.5050955414012739,0.8,0.21019108280254772,0.24550898203592814
SVR10,0.537628927089508,0.08,0.995257854179016,0.981892523364486,0.5316993464052288,0.06666666666666667,0.9967320261437909,0.9877022653721683,0.5404458598726115,0.1,0.9808917197452229,0.9281437125748503
ridge,0.7276585655008891,0.76,0.6953171310017783,0.6962616822429907,0.7392156862745098,0.7333333333333333,0.7450980392156863,0.7449838187702266,0.5050955414012739,0.8,0.21019108280254772,0.24550898203592814
