,all,all,all,all,no revasc,no revasc,no revasc,no revasc,with revasc,with revasc,with revasc,with revasc
,Test AUC,Sensitivity,Specificity,Accuracy,Test AUC,Sensitivity,Specificity,Accuracy,Test AUC,Sensitivity,Specificity,Accuracy
lasso,0.7128529208325474,0.8157894736842105,0.6099163679808841,0.6144859813084113,0.7141084721729882,0.7692307692307693,0.6589861751152073,0.6608414239482201,0.5228494623655914,0.9166666666666666,0.12903225806451613,0.18562874251497005
linreg,0.7573885430421933,0.868421052631579,0.6463560334528076,0.6512850467289719,0.7465057983491163,0.8076923076923077,0.685319289005925,0.6873786407766991,0.6322580645161291,1.0,0.2645161290322581,0.31736526946107785
SVR10,0.6011758787650129,0.3684210526315789,0.8339307048984468,0.8235981308411215,0.5572618625614016,0.2692307692307692,0.8452929558920342,0.8355987055016181,0.6529569892473119,0.5833333333333334,0.7225806451612904,0.7125748502994012
ridge,0.7573885430421933,0.868421052631579,0.6463560334528076,0.6512850467289719,0.7465057983491163,0.8076923076923077,0.685319289005925,0.6873786407766991,0.6322580645161291,1.0,0.2645161290322581,0.31736526946107785
