,all,all,all,all,no revasc,no revasc,no revasc,no revasc,with revasc,with revasc,with revasc,with revasc
,Test AUC,Sensitivity,Specificity,Accuracy,Test AUC,Sensitivity,Specificity,Accuracy,Test AUC,Sensitivity,Specificity,Accuracy
lasso,0.6731592029664643,0.7731958762886598,0.5731225296442688,0.5957943925233645,0.6718322656436424,0.7197452229299363,0.6239193083573487,0.6336569579288026,0.5153846153846153,1.0,0.03076923076923077,0.24550898203592814
linreg,0.6558616193309157,0.5824742268041238,0.7292490118577075,0.7126168224299065,0.6495323886268104,0.5159235668789809,0.7831412103746398,0.7559870550161812,0.5093555093555093,0.8648648648648649,0.15384615384615385,0.31137724550898205
SVR10,0.5412031566222512,0.14432989690721648,0.9380764163372859,0.8481308411214953,0.5335496246260026,0.11464968152866242,0.9524495677233429,0.8673139158576052,0.5274428274428273,0.2702702702702703,0.7846153846153846,0.6706586826347305
ridge,0.6565203808592425,0.5824742268041238,0.7305665349143611,0.7137850467289719,0.6502528497219112,0.5159235668789809,0.7845821325648414,0.7572815533980582,0.5093555093555093,0.8648648648648649,0.15384615384615385,0.31137724550898205
