,all,all,all,all,no revasc,no revasc,no revasc,no revasc,with revasc,with revasc,with revasc,with revasc
,Test AUC,Sensitivity,Specificity,Accuracy,Test AUC,Sensitivity,Specificity,Accuracy,Test AUC,Sensitivity,Specificity,Accuracy
lasso,0.6862242541793666,0.7870370370370371,0.5854114713216958,0.5981308411214953,0.6869805417033343,0.7380952380952381,0.6358658453114305,0.6414239482200648,0.5141317016317016,0.9583333333333334,0.0699300699300699,0.19760479041916168
linreg,0.6824605153782212,0.6666666666666666,0.6982543640897756,0.6962616822429907,0.6801603598318178,0.6190476190476191,0.7412731006160165,0.7346278317152104,0.5460372960372961,0.8333333333333334,0.25874125874125875,0.3413173652694611
SVR10,0.6774614389951048,0.7314814814814815,0.6234413965087282,0.6302570093457944,0.6777525178449203,0.6785714285714286,0.676933607118412,0.6770226537216828,0.49679487179487175,0.0,1.0,0.8562874251497006
ridge,0.6824605153782212,0.6666666666666666,0.6982543640897756,0.6962616822429907,0.6801603598318178,0.6190476190476191,0.7412731006160165,0.7346278317152104,0.5460372960372961,0.8333333333333334,0.25874125874125875,0.3413173652694611
