,all,all,all,all,no revasc,no revasc,no revasc,no revasc,with revasc,with revasc,with revasc,with revasc
,Test AUC,Sensitivity,Specificity,Accuracy,Test AUC,Sensitivity,Specificity,Accuracy,Test AUC,Sensitivity,Specificity,Accuracy
lasso,0.6877051139944796,0.6054421768707483,0.7699680511182109,0.7558411214953271,0.6784726711197299,0.5299145299145299,0.8270308123249299,0.8045307443365696,0.5375912408759124,0.9,0.17518248175182483,0.30538922155688625
linreg,0.6996935515420225,0.6530612244897959,0.7463258785942493,0.7383177570093458,0.6869568340156575,0.5811965811965812,0.7927170868347339,0.7766990291262136,0.5980535279805352,0.9333333333333333,0.26277372262773724,0.38323353293413176
SVR10,0.5793918845493469,0.2789115646258503,0.8798722044728434,0.8282710280373832,0.5974017812253107,0.29914529914529914,0.8956582633053222,0.8504854368932039,0.4576642335766423,0.0,1.0,0.8203592814371258
ridge,0.7006520179956967,0.6530612244897959,0.7482428115015974,0.740070093457944,0.6876571141277025,0.5811965811965812,0.7941176470588236,0.7779935275080906,0.6017031630170316,0.9333333333333333,0.27007299270072993,0.38922155688622756
