,all,all,all,all,no revasc,no revasc,no revasc,no revasc,with revasc,with revasc,with revasc,with revasc
,Test AUC,Sensitivity,Specificity,Accuracy,Test AUC,Sensitivity,Specificity,Accuracy,Test AUC,Sensitivity,Specificity,Accuracy
lasso,0.7324754901960784,0.8375,0.6274509803921569,0.6372663551401869,0.7412619857717292,0.8032786885245902,0.679245283018868,0.6841423948220064,0.5277382645803699,0.9473684210526315,0.10810810810810811,0.20359281437125748
linreg,0.7354166666666666,0.7625,0.7083333333333333,0.7108644859813084,0.7281328708408821,0.7049180327868853,0.7513477088948787,0.7495145631067961,0.6121977240398293,0.9473684210526315,0.277027027027027,0.3532934131736527
SVR10,0.5217524509803921,0.0625,0.9810049019607843,0.9380841121495327,0.5076333348062392,0.03278688524590164,0.9824797843665768,0.9449838187702265,0.5620554765291608,0.15789473684210525,0.9662162162162162,0.874251497005988
ridge,0.7354166666666666,0.7625,0.7083333333333333,0.7108644859813084,0.7281328708408821,0.7049180327868853,0.7513477088948787,0.7495145631067961,0.6121977240398293,0.9473684210526315,0.277027027027027,0.3532934131736527
