,all,all,all,all,no revasc,no revasc,no revasc,no revasc,with revasc,with revasc,with revasc,with revasc
,Test AUC,Sensitivity,Specificity,Accuracy,Test AUC,Sensitivity,Specificity,Accuracy,Test AUC,Sensitivity,Specificity,Accuracy
lasso,0.6887400303210071,0.6602564102564102,0.7172236503856041,0.7120327102803738,0.6826197183098591,0.592,0.7732394366197183,0.7585760517799353,0.5339184060721063,0.9354838709677419,0.13235294117647056,0.281437125748503
linreg,0.6881797508404193,0.5961538461538461,0.7802056555269923,0.7634345794392523,0.6803239436619719,0.536,0.8246478873239437,0.801294498381877,0.5774430740037951,0.8387096774193549,0.3161764705882353,0.41317365269461076
SVR10,0.5140893810559621,0.038461538461538464,0.9897172236503856,0.9030373831775701,0.512830985915493,0.032,0.9936619718309859,0.9158576051779935,0.5065227703984819,0.06451612903225806,0.9485294117647058,0.7844311377245509
ridge,0.6856172961571418,0.5897435897435898,0.781491002570694,0.764018691588785,0.6770281690140845,0.528,0.826056338028169,0.8019417475728156,0.5774430740037951,0.8387096774193549,0.3161764705882353,0.41317365269461076
