,all,all,all,all,no revasc,no revasc,no revasc,no revasc,with revasc,with revasc,with revasc,with revasc
,Test AUC,Sensitivity,Specificity,Accuracy,Test AUC,Sensitivity,Specificity,Accuracy,Test AUC,Sensitivity,Specificity,Accuracy
lasso,0.60490409333597,0.38461538461538464,0.8251928020565553,0.7850467289719626,0.5957887323943662,0.312,0.8795774647887324,0.8336569579288026,0.46738614800759004,0.0,1.0,0.8143712574850299
linreg,0.6065684529694814,0.33974358974358976,0.8733933161953727,0.8247663551401869,0.5922112676056338,0.264,0.9204225352112676,0.8673139158576052,0.5137571157495255,0.6451612903225806,0.38235294117647056,0.4311377245508982
SVR10,0.520796256014765,0.07051282051282051,0.9710796915167095,0.889018691588785,0.5294366197183099,0.08,0.9788732394366197,0.9061488673139159,0.46098197343453506,0.0,1.0,0.8143712574850299
ridge,0.6065684529694814,0.33974358974358976,0.8733933161953727,0.8247663551401869,0.5922112676056338,0.264,0.9204225352112676,0.8673139158576052,0.5137571157495255,0.6451612903225806,0.38235294117647056,0.4311377245508982
