,all,all,all,all,no revasc,no revasc,no revasc,no revasc,with revasc,with revasc,with revasc,with revasc
,Test AUC,Sensitivity,Specificity,Accuracy,Test AUC,Sensitivity,Specificity,Accuracy,Test AUC,Sensitivity,Specificity,Accuracy
lasso,0.6803872986894437,0.7959183673469388,0.5648562300319488,0.584696261682243,0.6799181210945917,0.7435897435897436,0.6162464985994398,0.6258899676375405,0.5145985401459854,1.0,0.029197080291970767,0.20359281437125748
linreg,0.6897893981873899,0.6530612244897959,0.726517571884984,0.7202102803738317,0.6806543130072542,0.5811965811965812,0.7801120448179272,0.7650485436893204,0.5506082725060828,0.9333333333333333,0.16788321167883213,0.30538922155688625
SVR10,0.557764447632088,0.17687074829931973,0.9386581469648563,0.8732476635514018,0.5491901888960712,0.1452991452991453,0.9530812324929971,0.8919093851132686,0.5441605839416059,0.3,0.7883211678832117,0.7005988023952096
ridge,0.6904283758231726,0.6530612244897959,0.7277955271565495,0.7213785046728972,0.681354593119299,0.5811965811965812,0.7815126050420168,0.7663430420711974,0.5506082725060828,0.9333333333333333,0.16788321167883213,0.30538922155688625
