,all,all,all,all,no revasc,no revasc,no revasc,no revasc,with revasc,with revasc,with revasc,with revasc
,Test AUC,Sensitivity,Specificity,Accuracy,Test AUC,Sensitivity,Specificity,Accuracy,Test AUC,Sensitivity,Specificity,Accuracy
lasso,0.7459558823529412,0.775,0.7169117647058824,0.719626168224299,0.7498066811011445,0.7213114754098361,0.7783018867924528,0.7760517799352751,0.5243598862019914,0.9473684210526315,0.10135135135135132,0.19760479041916168
linreg,0.7450367647058824,0.775,0.7150735294117647,0.717873831775701,0.7380142282709558,0.7213114754098361,0.7547169811320755,0.7533980582524272,0.6324679943100995,0.9473684210526315,0.31756756756756754,0.38922155688622756
SVR10,0.5365808823529411,0.1375,0.9356617647058824,0.8983644859813084,0.5339026114621537,0.13114754098360656,0.9366576819407009,0.9048543689320389,0.5417852062588905,0.15789473684210525,0.9256756756756757,0.8383233532934131
ridge,0.7444240196078431,0.775,0.7138480392156863,0.7167056074766355,0.7373403738235164,0.7213114754098361,0.7533692722371967,0.7521035598705501,0.6324679943100995,0.9473684210526315,0.31756756756756754,0.38922155688622756
