,all,all,all,all,no revasc,no revasc,no revasc,no revasc,with revasc,with revasc,with revasc,with revasc
,Test AUC,Sensitivity,Specificity,Accuracy,Test AUC,Sensitivity,Specificity,Accuracy,Test AUC,Sensitivity,Specificity,Accuracy
lasso,0.7004017733444168,0.6944444444444444,0.706359102244389,0.705607476635514,0.700963136794759,0.6428571428571429,0.7590691307323751,0.7527508090614887,0.5214160839160839,0.875,0.1678321678321678,0.2694610778443114
linreg,0.7319317447122933,0.6851851851851852,0.7786783042394014,0.7727803738317757,0.7314217268016036,0.6428571428571429,0.8199863107460643,0.8103559870550162,0.5949883449883451,0.8333333333333334,0.35664335664335667,0.4251497005988024
SVR10,0.6872633231735477,0.7037037037037037,0.6708229426433916,0.6728971962616822,0.695548547961279,0.6785714285714286,0.7125256673511293,0.7106796116504854,0.5182109557109557,0.7916666666666666,0.2447552447552448,0.32335329341317365
ridge,0.7355684861919276,0.7685185185185185,0.7026184538653366,0.7067757009345794,0.72880610149604,0.7142857142857143,0.7433264887063655,0.7417475728155339,0.6225233100233101,0.9583333333333334,0.28671328671328666,0.38323353293413176
