,all,all,all,all,no revasc,no revasc,no revasc,no revasc,with revasc,with revasc,with revasc,with revasc
,Test AUC,Sensitivity,Specificity,Accuracy,Test AUC,Sensitivity,Specificity,Accuracy,Test AUC,Sensitivity,Specificity,Accuracy
lasso,0.6945859310269888,0.7422680412371134,0.6469038208168643,0.6577102803738317,0.6939784137006919,0.7006369426751592,0.6873198847262247,0.6886731391585761,0.5671517671517672,0.918918918918919,0.2153846153846154,0.3712574850299401
linreg,0.6874957554025236,0.7577319587628866,0.6172595520421608,0.633177570093458,0.6822789515226051,0.7197452229299363,0.6448126801152738,0.6524271844660194,0.620997920997921,0.918918918918919,0.32307692307692304,0.4550898203592814
SVR10,0.546306860627793,0.24742268041237114,0.8451910408432147,0.7774532710280374,0.5541470107747939,0.267515923566879,0.840778097982709,0.7825242718446602,0.5272349272349273,0.16216216216216217,0.8923076923076922,0.7305389221556886
ridge,0.6874957554025236,0.7577319587628866,0.6172595520421608,0.633177570093458,0.6819187209750547,0.7197452229299363,0.6440922190201729,0.6517799352750809,0.6248440748440749,0.918918918918919,0.3307692307692308,0.46107784431137727
