,all,all,all,all,no revasc,no revasc,no revasc,no revasc,with revasc,with revasc,with revasc,with revasc
,Test AUC,Sensitivity,Specificity,Accuracy,Test AUC,Sensitivity,Specificity,Accuracy,Test AUC,Sensitivity,Specificity,Accuracy
lasso,0.711397274564778,0.7755102040816326,0.6472843450479233,0.6582943925233645,0.7087642749407455,0.717948717948718,0.6995798319327731,0.7009708737864078,0.551094890510949,1.0,0.1021897810218978,0.2634730538922156
linreg,0.7309795483688682,0.7891156462585034,0.6728434504792332,0.6828271028037384,0.7239639445521799,0.7350427350427351,0.7128851540616247,0.7145631067961165,0.6277372262773723,1.0,0.25547445255474455,0.38922155688622756
SVR10,0.5241942144269848,0.3129251700680272,0.7354632587859424,0.6991822429906542,0.528361344537815,0.3333333333333333,0.7233893557422969,0.6938511326860841,0.5473236009732361,0.23333333333333334,0.8613138686131387,0.7485029940119761
ridge,0.7306600595509769,0.7891156462585034,0.6722044728434504,0.6822429906542056,0.7236138044961574,0.7350427350427351,0.7121848739495799,0.713915857605178,0.6277372262773723,1.0,0.25547445255474455,0.38922155688622756
