,all,all,all,all,no revasc,no revasc,no revasc,no revasc,with revasc,with revasc,with revasc,with revasc
,Test AUC,Sensitivity,Specificity,Accuracy,Test AUC,Sensitivity,Specificity,Accuracy,Test AUC,Sensitivity,Specificity,Accuracy
lasso,0.7303023117960878,0.92,0.5406046235921755,0.5461448598130841,0.7300653594771243,0.8666666666666667,0.5934640522875817,0.596116504854369,0.5127388535031847,1.0,0.02547770700636942,0.08383233532934131
linreg,0.8150681683461765,0.92,0.7101363366923532,0.7132009345794392,0.8104575163398693,0.8666666666666667,0.7542483660130719,0.7553398058252427,0.6401273885350318,1.0,0.28025477707006374,0.32335329341317365
SVR10,0.5955542382928275,0.2,0.991108476585655,0.9795560747663551,0.5967320261437908,0.2,0.9934640522875817,0.9857605177993527,0.5840764331210191,0.2,0.9681528662420382,0.9221556886227545
ridge,0.8162537048014226,0.92,0.7125074096028453,0.7155373831775701,0.8120915032679739,0.8666666666666667,0.757516339869281,0.7585760517799353,0.6369426751592357,1.0,0.2738853503184714,0.31736526946107785
