,all,all,all,all,no revasc,no revasc,no revasc,no revasc,with revasc,with revasc,with revasc,with revasc
,Test AUC,Sensitivity,Specificity,Accuracy,Test AUC,Sensitivity,Specificity,Accuracy,Test AUC,Sensitivity,Specificity,Accuracy
lasso,0.6980355927258582,0.7538461538461538,0.6422250316055627,0.6507009345794392,0.6920943134535369,0.6893203883495146,0.694868238557559,0.6944983818770226,0.55,1.0,0.09999999999999998,0.24550898203592814
linreg,0.7006710104055236,0.7692307692307693,0.6321112515802781,0.6425233644859814,0.70249653259362,0.7281553398058253,0.6768377253814146,0.6802588996763754,0.5486772486772487,0.9259259259259259,0.17142857142857137,0.2934131736526946
SVR10,0.5271224350870368,0.9461538461538461,0.10809102402022752,0.17172897196261683,0.5301664355062413,0.9611650485436893,0.0991678224687933,0.15663430420711974,0.5444444444444444,0.8888888888888888,0.19999999999999996,0.31137724550898205
ridge,0.7006710104055236,0.7692307692307693,0.6321112515802781,0.6425233644859814,0.70249653259362,0.7281553398058253,0.6768377253814146,0.6802588996763754,0.5486772486772487,0.9259259259259259,0.17142857142857137,0.2934131736526946
