,all,all,all,all,no revasc,no revasc,no revasc,no revasc,with revasc,with revasc,with revasc,with revasc
,Test AUC,Sensitivity,Specificity,Accuracy,Test AUC,Sensitivity,Specificity,Accuracy,Test AUC,Sensitivity,Specificity,Accuracy
lasso,0.7153645524599881,0.72,0.7107291049199762,0.7108644859813084,0.7199346405228758,0.6666666666666666,0.773202614379085,0.772168284789644,0.45095541401273886,0.0,1.0,0.9401197604790419
linreg,0.7915115589804387,0.88,0.7030231179608772,0.705607476635514,0.7745098039215688,0.8,0.7490196078431373,0.7495145631067961,0.6273885350318471,1.0,0.2547770700636943,0.2994011976047904
SVR10,0.71407231772377,0.44,0.98814463544754,0.9801401869158879,0.7290849673202615,0.4666666666666667,0.9915032679738562,0.9864077669902913,0.6777070063694267,0.4,0.9554140127388535,0.9221556886227545
ridge,0.7921043272080616,0.88,0.7042086544161232,0.7067757009345794,0.7748366013071896,0.8,0.7496732026143791,0.7501618122977346,0.6305732484076434,1.0,0.2611464968152867,0.30538922155688625
