,all,all,all,all,no revasc,no revasc,no revasc,no revasc,with revasc,with revasc,with revasc,with revasc
,Test AUC,Sensitivity,Specificity,Accuracy,Test AUC,Sensitivity,Specificity,Accuracy,Test AUC,Sensitivity,Specificity,Accuracy
lasso,0.7172388857448281,0.6578947368421053,0.7765830346475507,0.7739485981308412,0.7244138350129132,0.6153846153846154,0.8334430546412113,0.8297734627831715,0.4846774193548387,0.0,1.0,0.9281437125748503
linreg,0.7893322014714206,0.8421052631578947,0.7365591397849462,0.7389018691588785,0.7975262065123816,0.8076923076923077,0.7873601053324556,0.7877022653721683,0.5776881720430107,0.9166666666666666,0.2387096774193549,0.2874251497005988
SVR10,0.5182827139533421,0.10526315789473684,0.9313022700119474,0.9129672897196262,0.5035701625563377,0.07692307692307693,0.9302172481895984,0.9158576051779935,0.5543010752688172,0.16666666666666666,0.9419354838709677,0.8862275449101796
ridge,0.7869427152109665,0.8421052631578947,0.7317801672640383,0.7342289719626168,0.7942345672760418,0.8076923076923077,0.7807768268597761,0.7812297734627832,0.5841397849462365,0.9166666666666666,0.25161290322580643,0.2994011976047904
