,all,all,all,all,no revasc,no revasc,no revasc,no revasc,with revasc,with revasc,with revasc,with revasc
,Test AUC,Sensitivity,Specificity,Accuracy,Test AUC,Sensitivity,Specificity,Accuracy,Test AUC,Sensitivity,Specificity,Accuracy
lasso,0.6877760200382308,0.6602564102564102,0.7152956298200515,0.7102803738317757,0.6833239436619718,0.592,0.7746478873239436,0.7598705501618123,0.5155360531309298,0.9354838709677419,0.09558823529411764,0.25149700598802394
linreg,0.6484823017599367,0.4807692307692308,0.8161953727506427,0.7856308411214953,0.6528732394366197,0.448,0.8577464788732394,0.8245954692556634,0.49762808349146104,0.0,1.0,0.8143712574850299
SVR10,0.5365005602794807,0.10256410256410256,0.9704370179948586,0.8913551401869159,0.5400281690140846,0.104,0.976056338028169,0.9055016181229774,0.5042694497153699,0.0967741935483871,0.9117647058823529,0.7604790419161677
ridge,0.645878650056028,0.5064102564102564,0.7853470437017995,0.759929906542056,0.6460845070422535,0.464,0.828169014084507,0.7987055016181229,0.5078273244781784,0.6774193548387096,0.3382352941176471,0.40119760479041916
