,all,all,all,all,no revasc,no revasc,no revasc,no revasc,with revasc,with revasc,with revasc,with revasc
,Test AUC,Sensitivity,Specificity,Accuracy,Test AUC,Sensitivity,Specificity,Accuracy,Test AUC,Sensitivity,Specificity,Accuracy
lasso,0.7056464758427332,0.7755102040816326,0.6357827476038338,0.6477803738317757,0.704634417869712,0.7264957264957265,0.6827731092436975,0.686084142394822,0.5563260340632603,0.9666666666666667,0.14598540145985406,0.2934131736526946
linreg,0.7431005629088696,0.8095238095238095,0.6766773162939297,0.6880841121495327,0.7367844573726927,0.7606837606837606,0.7128851540616247,0.7165048543689321,0.6496350364963503,1.0,0.2992700729927007,0.4251497005988024
SVR10,0.5927517332811718,0.3401360544217687,0.8453674121405751,0.8019859813084113,0.6002118796236444,0.3418803418803419,0.8585434173669468,0.8194174757281554,0.5206812652068127,0.3333333333333333,0.708029197080292,0.6407185628742516
ridge,0.7431005629088696,0.8095238095238095,0.6766773162939297,0.6880841121495327,0.7367844573726927,0.7606837606837606,0.7128851540616247,0.7165048543689321,0.6496350364963503,1.0,0.2992700729927007,0.4251497005988024
