,all,all,all,all,no revasc,no revasc,no revasc,no revasc,with revasc,with revasc,with revasc,with revasc
,Test AUC,Sensitivity,Specificity,Accuracy,Test AUC,Sensitivity,Specificity,Accuracy,Test AUC,Sensitivity,Specificity,Accuracy
lasso,0.6684618895481516,0.5714285714285714,0.7654952076677316,0.7488317757009346,0.662150757738993,0.5042735042735043,0.8200280112044818,0.7961165048543689,0.5152068126520681,0.8333333333333334,0.1970802919708029,0.31137724550898205
linreg,0.6401751755015105,0.6394557823129252,0.6408945686900959,0.6407710280373832,0.6273612008906126,0.5726495726495726,0.6820728291316527,0.6737864077669903,0.5558394160583942,0.9,0.21167883211678828,0.33532934131736525
SVR10,0.4890830453587186,0.0,1.0,0.9141355140186916,0.4922879408173526,0.0,1.0,0.9242718446601942,0.4937956204379562,0.0,1.0,0.8203592814371258
ridge,0.6531807611223405,0.6258503401360545,0.6805111821086263,0.6758177570093458,0.6398225957049486,0.5555555555555556,0.7240896358543417,0.7113268608414239,0.5631386861313868,0.9,0.22627737226277367,0.3473053892215569
