,all,all,all,all,no revasc,no revasc,no revasc,no revasc,with revasc,with revasc,with revasc,with revasc
,Test AUC,Sensitivity,Specificity,Accuracy,Test AUC,Sensitivity,Specificity,Accuracy,Test AUC,Sensitivity,Specificity,Accuracy
lasso,0.6645406046235922,0.68,0.6490812092471844,0.6495327102803738,0.6496732026143791,0.6,0.6993464052287581,0.6983818770226538,0.47961783439490446,0.0,1.0,0.9401197604790419
linreg,0.7289863663307647,0.8,0.6579727326615293,0.6600467289719626,0.7179738562091503,0.7333333333333333,0.7026143790849673,0.7029126213592233,0.5614649681528663,0.9,0.22292993630573243,0.2634730538922156
SVR10,0.523094250148192,0.16,0.8861885002963841,0.8755841121495327,0.5431372549019607,0.2,0.8862745098039215,0.8796116504854369,0.49267515923566885,0.0,1.0,0.9401197604790419
ridge,0.7289863663307647,0.8,0.6579727326615293,0.6600467289719626,0.7179738562091503,0.7333333333333333,0.7026143790849673,0.7029126213592233,0.5614649681528663,0.9,0.22292993630573243,0.2634730538922156
