,all,all,all,all,no revasc,no revasc,no revasc,no revasc,with revasc,with revasc,with revasc,with revasc
,Test AUC,Sensitivity,Specificity,Accuracy,Test AUC,Sensitivity,Specificity,Accuracy,Test AUC,Sensitivity,Specificity,Accuracy
lasso,0.739093137254902,0.8875,0.5906862745098039,0.6045560747663551,0.7479950068490124,0.8524590163934426,0.6435309973045822,0.6517799352750809,0.5304054054054055,1.0,0.060810810810810856,0.16766467065868262
linreg,0.7530024509803921,0.775,0.7310049019607843,0.7330607476635514,0.7402622508947904,0.7049180327868853,0.7756064690026954,0.7728155339805826,0.6418918918918919,1.0,0.28378378378378377,0.3652694610778443
SVR10,0.5111519607843137,0.075,0.9473039215686274,0.9065420560747663,0.5048219256771685,0.06557377049180328,0.9440700808625337,0.9093851132686084,0.5424964438122333,0.10526315789473684,0.9797297297297297,0.8802395209580839
ridge,0.7572916666666666,0.775,0.7395833333333333,0.7412383177570093,0.7443053775794265,0.7049180327868853,0.7836927223719676,0.7805825242718447,0.6486486486486487,1.0,0.29729729729729726,0.3772455089820359
