,all,all,all,all,no revasc,no revasc,no revasc,no revasc,with revasc,with revasc,with revasc,with revasc
,Test AUC,Sensitivity,Specificity,Accuracy,Test AUC,Sensitivity,Specificity,Accuracy,Test AUC,Sensitivity,Specificity,Accuracy
lasso,0.7680853586247776,0.96,0.5761707172495554,0.5817757009345794,0.7813725490196078,0.9333333333333333,0.6294117647058823,0.6323624595469256,0.5286624203821656,1.0,0.0573248407643312,0.11377245508982035
linreg,0.7729934795494959,0.84,0.7059869590989922,0.7079439252336449,0.7415032679738562,0.7333333333333333,0.7496732026143791,0.7495145631067961,0.6401273885350318,1.0,0.28025477707006374,0.32335329341317365
SVR10,0.6042916419679906,0.24,0.968583283935981,0.9579439252336449,0.6189542483660131,0.26666666666666666,0.9712418300653595,0.9644012944983819,0.5713375796178344,0.2,0.9426751592356688,0.8982035928143712
ridge,0.7857379964433906,0.84,0.7314759928867813,0.7330607476635514,0.75359477124183,0.7333333333333333,0.7738562091503268,0.7734627831715211,0.6592356687898089,1.0,0.3184713375796179,0.3592814371257485
