,all,all,all,all,no revasc,no revasc,no revasc,no revasc,with revasc,with revasc,with revasc,with revasc
,Test AUC,Sensitivity,Specificity,Accuracy,Test AUC,Sensitivity,Specificity,Accuracy,Test AUC,Sensitivity,Specificity,Accuracy
lasso,0.7147058823529411,0.7125,0.7169117647058824,0.7167056074766355,0.712639741946887,0.6557377049180327,0.7695417789757413,0.7650485436893204,0.5419630156472262,0.8947368421052632,0.18918918918918914,0.2694610778443114
linreg,0.7229166666666668,0.675,0.7708333333333334,0.7663551401869159,0.722526622774071,0.6229508196721312,0.8221024258760108,0.8142394822006472,0.5494310099573257,0.8421052631578947,0.2567567567567568,0.32335329341317365
SVR10,0.5097426470588236,0.025,0.9944852941176471,0.9491822429906542,0.49797843665768193,0.0,1.0,0.9605177993527508,0.5424964438122333,0.10526315789473684,0.9797297297297297,0.8802395209580839
ridge,0.7303921568627451,0.6875,0.7732843137254902,0.7692757009345794,0.7310602713092662,0.639344262295082,0.8227762803234502,0.8155339805825242,0.5595661450924608,0.8421052631578947,0.277027027027027,0.3413173652694611
