,all,all,all,all,no revasc,no revasc,no revasc,no revasc,with revasc,with revasc,with revasc,with revasc
,Test AUC,Sensitivity,Specificity,Accuracy,Test AUC,Sensitivity,Specificity,Accuracy,Test AUC,Sensitivity,Specificity,Accuracy
lasso,0.6639715471250741,0.52,0.8079430942501482,0.8037383177570093,0.6653594771241831,0.4666666666666667,0.8640522875816994,0.8601941747572815,0.4305732484076433,0.0,1.0,0.9401197604790419
linreg,0.6747954949614701,0.48,0.8695909899229401,0.8639018691588785,0.6898692810457517,0.4666666666666667,0.9130718954248366,0.9087378640776699,0.47292993630573255,0.0,1.0,0.9401197604790419
SVR10,0.5872554831061054,0.2,0.974510966212211,0.9632009345794392,0.6232026143790849,0.26666666666666666,0.9797385620915032,0.9728155339805825,0.5117834394904459,0.1,0.9235668789808917,0.874251497005988
ridge,0.6747954949614701,0.48,0.8695909899229401,0.8639018691588785,0.6898692810457517,0.4666666666666667,0.9130718954248366,0.9087378640776699,0.47292993630573255,0.0,1.0,0.9401197604790419
