,all,all,all,all,no revasc,no revasc,no revasc,no revasc,with revasc,with revasc,with revasc,with revasc
,Test AUC,Sensitivity,Specificity,Accuracy,Test AUC,Sensitivity,Specificity,Accuracy,Test AUC,Sensitivity,Specificity,Accuracy
lasso,0.6735802670361165,0.7061855670103093,0.6409749670619236,0.6483644859813084,0.667894968703537,0.6369426751592356,0.6988472622478386,0.6925566343042071,0.5115384615384615,1.0,0.023076923076923106,0.23952095808383234
linreg,0.6688874400662836,0.654639175257732,0.6831357048748353,0.6799065420560748,0.6639737329980359,0.5923566878980892,0.7355907780979827,0.7210355987055016,0.520997920997921,0.918918918918919,0.12307692307692308,0.2994011976047904
SVR10,0.49955516618448037,0.0,1.0,0.8866822429906542,0.49922217735274144,0.0,1.0,0.8983818770226537,0.4904365904365904,0.0,1.0,0.7784431137724551
ridge,0.6751286961954824,0.6855670103092784,0.6646903820816864,0.6670560747663551,0.6705313056407055,0.6242038216560509,0.7168587896253602,0.7074433656957929,0.5268191268191268,0.9459459459459459,0.10769230769230764,0.2934131736526946
