,all,all,all,all,no revasc,no revasc,no revasc,no revasc,with revasc,with revasc,with revasc,with revasc
,Test AUC,Sensitivity,Specificity,Accuracy,Test AUC,Sensitivity,Specificity,Accuracy,Test AUC,Sensitivity,Specificity,Accuracy
lasso,0.7436440677966102,0.75,0.7372881355932204,0.7377336448598131,0.7345549206717521,0.6739130434782609,0.7951967978652434,0.7915857605177994,0.5849673202614378,1.0,0.16993464052287577,0.23952095808383234
linreg,0.7675746569814366,0.7833333333333333,0.7518159806295399,0.7529205607476636,0.7552933839951272,0.717391304347826,0.7931954636424283,0.7909385113268609,0.673202614379085,1.0,0.3464052287581699,0.40119760479041916
SVR10,0.622497982243745,0.6166666666666667,0.6283292978208233,0.6279205607476636,0.6287597528787309,0.6304347826086957,0.6270847231487658,0.6271844660194175,0.6059757236227824,0.5714285714285714,0.6405228758169934,0.6347305389221557
ridge,0.7678773204196933,0.7833333333333333,0.7524213075060533,0.7535046728971962,0.7552933839951272,0.717391304347826,0.7931954636424283,0.7909385113268609,0.6764705882352942,1.0,0.3529411764705882,0.40718562874251496
