,all,all,all,all,no revasc,no revasc,no revasc,no revasc,with revasc,with revasc,with revasc,with revasc
,Test AUC,Sensitivity,Specificity,Accuracy,Test AUC,Sensitivity,Specificity,Accuracy,Test AUC,Sensitivity,Specificity,Accuracy
lasso,0.7028833997860546,0.7692307692307693,0.6365360303413401,0.6466121495327103,0.7028432732316227,0.7184466019417476,0.6872399445214978,0.6893203883495146,0.5386243386243386,0.9629629629629629,0.11428571428571432,0.25149700598802394
linreg,0.717363609841486,0.7153846153846154,0.7193426042983565,0.7190420560747663,0.7108183079056867,0.6601941747572816,0.7614424410540915,0.7546925566343042,0.6058201058201058,0.9259259259259259,0.2857142857142857,0.38922155688622756
SVR10,0.5219196732471069,0.06153846153846154,0.9823008849557522,0.9123831775700935,0.5110957004160888,0.038834951456310676,0.9833564493758669,0.920388349514563,0.5597883597883597,0.14814814814814814,0.9714285714285714,0.8383233532934131
ridge,0.717363609841486,0.7153846153846154,0.7193426042983565,0.7190420560747663,0.7108183079056867,0.6601941747572816,0.7614424410540915,0.7546925566343042,0.6058201058201058,0.9259259259259259,0.2857142857142857,0.38922155688622756
