,all,all,all,all,no revasc,no revasc,no revasc,no revasc,with revasc,with revasc,with revasc,with revasc
,Test AUC,Sensitivity,Specificity,Accuracy,Test AUC,Sensitivity,Specificity,Accuracy,Test AUC,Sensitivity,Specificity,Accuracy
lasso,0.7367320631327423,0.7894736842105263,0.6839904420549582,0.6863317757009346,0.7575581100926723,0.7692307692307693,0.7458854509545754,0.7462783171521036,0.45537634408602157,0.0,1.0,0.9281437125748503
linreg,0.7444978934792179,0.7894736842105263,0.6995221027479093,0.701518691588785,0.759203929710842,0.7692307692307693,0.749177090190915,0.7495145631067961,0.5231182795698925,0.8333333333333334,0.2129032258064516,0.25748502994011974
SVR10,0.5239263032132302,0.05263157894736842,0.995221027479092,0.9742990654205608,0.5175849496125994,0.038461538461538464,0.9967083607636603,0.9805825242718447,0.531989247311828,0.08333333333333333,0.9806451612903225,0.9161676646706587
ridge,0.7444978934792179,0.7894736842105263,0.6995221027479093,0.701518691588785,0.759203929710842,0.7692307692307693,0.749177090190915,0.7495145631067961,0.5231182795698925,0.8333333333333334,0.2129032258064516,0.25748502994011974
