,all,all,all,all,no revasc,no revasc,no revasc,no revasc,with revasc,with revasc,with revasc,with revasc
,Test AUC,Sensitivity,Specificity,Accuracy,Test AUC,Sensitivity,Specificity,Accuracy,Test AUC,Sensitivity,Specificity,Accuracy
lasso,0.7150524616626311,0.7666666666666667,0.6634382566585957,0.6670560747663551,0.7311396003132523,0.7391304347826086,0.723148765843896,0.7236245954692556,0.4677871148459384,0.0,1.0,0.9161676646706587
linreg,0.7111783696529459,0.8666666666666667,0.5556900726392252,0.5665887850467289,0.7175798358325841,0.8260869565217391,0.609072715143429,0.6155339805825243,0.5163398692810457,1.0,0.0326797385620915,0.11377245508982035
SVR10,0.49227199354317996,0.0,1.0,0.9649532710280374,0.4891304347826087,0.0,1.0,0.9702265372168285,0.5065359477124183,1.0,0.013071895424836555,0.09580838323353294
ridge,0.7111783696529459,0.8666666666666667,0.5556900726392252,0.5665887850467289,0.7175798358325841,0.8260869565217391,0.609072715143429,0.6155339805825243,0.5163398692810457,1.0,0.0326797385620915,0.11377245508982035
