,all,all,all,all,no revasc,no revasc,no revasc,no revasc,with revasc,with revasc,with revasc,with revasc
,Test AUC,Sensitivity,Specificity,Accuracy,Test AUC,Sensitivity,Specificity,Accuracy,Test AUC,Sensitivity,Specificity,Accuracy
lasso,0.7109362389023407,0.7166666666666667,0.7052058111380145,0.705607476635514,0.7178771354816254,0.6739130434782609,0.76184122748499,0.7592233009708738,0.503734827264239,0.8571428571428571,0.15032679738562094,0.20958083832335328
linreg,0.7330710250201775,0.7833333333333333,0.6828087167070218,0.6863317757009346,0.737810714389303,0.7391304347826086,0.7364909939959974,0.7365695792880259,0.5427170868347339,0.9285714285714286,0.1568627450980392,0.2215568862275449
SVR10,0.5006053268765134,1.0,0.001210653753026647,0.036214953271028034,0.5003335557038026,1.0,0.0006671114076051143,0.030420711974110032,0.5032679738562091,1.0,0.006535947712418277,0.08982035928143713
ridge,0.7155165456012913,0.7833333333333333,0.6476997578692494,0.6524532710280374,0.7313353830089625,0.7608695652173914,0.7018012008005337,0.7035598705501618,0.4873949579831933,0.0,1.0,0.9161676646706587
