,all,all,all,all,no revasc,no revasc,no revasc,no revasc,with revasc,with revasc,with revasc,with revasc
,Test AUC,Sensitivity,Specificity,Accuracy,Test AUC,Sensitivity,Specificity,Accuracy,Test AUC,Sensitivity,Specificity,Accuracy
lasso,0.7030586840545346,0.76,0.6461173681090693,0.6477803738317757,0.7189542483660131,0.7333333333333333,0.7045751633986927,0.7048543689320388,0.43821656050955415,0.0,1.0,0.9401197604790419
linreg,0.7241138114997037,0.68,0.7682276229994072,0.7669392523364486,0.7415032679738561,0.6666666666666666,0.8163398692810457,0.8148867313915857,0.49968152866242044,0.0,1.0,0.9401197604790419
SVR10,0.5591108476585656,0.12,0.998221695317131,0.9853971962616822,0.5663398692810457,0.13333333333333333,0.9993464052287582,0.9909385113268608,0.5436305732484077,0.1,0.9872611464968153,0.9341317365269461
ridge,0.7241138114997037,0.68,0.7682276229994072,0.7669392523364486,0.7415032679738561,0.6666666666666666,0.8163398692810457,0.8148867313915857,0.49968152866242044,0.0,1.0,0.9401197604790419
