,all,all,all,all,no revasc,no revasc,no revasc,no revasc,with revasc,with revasc,with revasc,with revasc
,Test AUC,Sensitivity,Specificity,Accuracy,Test AUC,Sensitivity,Specificity,Accuracy,Test AUC,Sensitivity,Specificity,Accuracy
lasso,0.6646971734376486,0.5876288659793815,0.7417654808959157,0.7242990654205608,0.6514482644688779,0.5031847133757962,0.7997118155619597,0.7695792880258899,0.5345114345114346,0.9459459459459459,0.12307692307692308,0.30538922155688625
linreg,0.6374502533175773,0.520618556701031,0.7542819499341238,0.727803738317757,0.6263307880100589,0.45222929936305734,0.8004322766570605,0.7650485436893204,0.5361746361746362,0.8108108108108109,0.2615384615384615,0.38323353293413176
SVR10,0.5155352267633756,0.20103092783505155,0.8300395256916996,0.7587616822429907,0.5115503221424769,0.19745222929936307,0.8256484149855907,0.7618122977346279,0.5465696465696466,0.21621621621621623,0.8769230769230769,0.7305389221556886
ridge,0.6374502533175773,0.520618556701031,0.7542819499341238,0.727803738317757,0.6263307880100589,0.45222929936305734,0.8004322766570605,0.7650485436893204,0.5361746361746362,0.8108108108108109,0.2615384615384615,0.38323353293413176
