,all,all,all,all,no revasc,no revasc,no revasc,no revasc,with revasc,with revasc,with revasc,with revasc
,Test AUC,Sensitivity,Specificity,Accuracy,Test AUC,Sensitivity,Specificity,Accuracy,Test AUC,Sensitivity,Specificity,Accuracy
lasso,0.7409839952578541,0.84,0.6419679905157083,0.6448598130841121,0.7147058823529411,0.7333333333333333,0.696078431372549,0.6964401294498382,0.5573248407643312,1.0,0.1146496815286624,0.16766467065868262
linreg,0.7404149377593362,0.68,0.8008298755186722,0.7990654205607477,0.7555555555555554,0.6666666666666666,0.8444444444444444,0.8427184466019417,0.5378980891719746,0.7,0.37579617834394907,0.39520958083832336
SVR10,0.535696502667457,0.12,0.951393005334914,0.9392523364485982,0.5764705882352941,0.2,0.9529411764705882,0.945631067961165,0.4681528662420382,0.0,1.0,0.9401197604790419
ridge,0.7401185536455247,0.68,0.8002371072910492,0.798481308411215,0.7552287581699346,0.6666666666666666,0.8437908496732026,0.8420711974110032,0.5378980891719746,0.7,0.37579617834394907,0.39520958083832336
