,all,all,all,all,no revasc,no revasc,no revasc,no revasc,with revasc,with revasc,with revasc,with revasc
,Test AUC,Sensitivity,Specificity,Accuracy,Test AUC,Sensitivity,Specificity,Accuracy,Test AUC,Sensitivity,Specificity,Accuracy
lasso,0.7124899112187248,0.7833333333333333,0.6416464891041163,0.6466121495327103,0.7151289265307306,0.7391304347826086,0.6911274182788525,0.6925566343042071,0.5427170868347339,0.9285714285714286,0.1568627450980392,0.2215568862275449
linreg,0.737913640032284,0.7833333333333333,0.6924939467312349,0.695677570093458,0.7256069263567017,0.717391304347826,0.733822548365577,0.7333333333333333,0.6437908496732025,1.0,0.2875816993464052,0.3473053892215569
SVR10,0.5046811945117029,0.9833333333333333,0.026029055690072633,0.05957943925233645,0.5090060040026685,1.0,0.018012008005336866,0.04724919093851133,0.5165732959850606,0.9285714285714286,0.10457516339869277,0.17365269461077845
ridge,0.7262510088781275,0.7666666666666667,0.6858353510895884,0.6886682242990654,0.7226049250224788,0.717391304347826,0.7278185456971314,0.7275080906148867,0.6015406162464987,0.9285714285714286,0.27450980392156865,0.32934131736526945
