,all,all,all,all,no revasc,no revasc,no revasc,no revasc,with revasc,with revasc,with revasc,with revasc
,Test AUC,Sensitivity,Specificity,Accuracy,Test AUC,Sensitivity,Specificity,Accuracy,Test AUC,Sensitivity,Specificity,Accuracy
lasso,0.6895791345583877,0.72,0.6591582691167753,0.6600467289719626,0.6558823529411765,0.6,0.711764705882353,0.7106796116504854,0.5232484076433122,0.9,0.14649681528662417,0.19161676646706588
linreg,0.7197984588026082,0.8,0.6395969176052163,0.6419392523364486,0.7091503267973857,0.7333333333333333,0.6849673202614379,0.6854368932038835,0.5487261146496816,0.9,0.197452229299363,0.23952095808383234
SVR10,0.5026674570243035,1.0,0.005334914048606976,0.01985981308411215,0.5026143790849673,1.0,0.005228758169934622,0.01488673139158576,0.5031847133757962,1.0,0.006369426751592355,0.0658682634730539
ridge,0.7197984588026082,0.8,0.6395969176052163,0.6419392523364486,0.7091503267973857,0.7333333333333333,0.6849673202614379,0.6854368932038835,0.5487261146496816,0.9,0.197452229299363,0.23952095808383234
