,all,all,all,all,no revasc,no revasc,no revasc,no revasc,with revasc,with revasc,with revasc,with revasc
,Test AUC,Sensitivity,Specificity,Accuracy,Test AUC,Sensitivity,Specificity,Accuracy,Test AUC,Sensitivity,Specificity,Accuracy
lasso,0.5874921214492187,0.272108843537415,0.9028753993610223,0.8487149532710281,0.5820494864612512,0.2222222222222222,0.9418767507002801,0.887378640776699,0.48150851581508514,0.0,1.0,0.8203592814371258
linreg,0.6531807611223405,0.6258503401360545,0.6805111821086263,0.6758177570093458,0.6398225957049486,0.5555555555555556,0.7240896358543417,0.7113268608414239,0.5631386861313868,0.9,0.22627737226277367,0.3473053892215569
SVR10,0.5992545260915867,0.3333333333333333,0.8651757188498402,0.8195093457943925,0.595722904546434,0.3076923076923077,0.8837535014005602,0.8401294498381877,0.5524330900243309,0.43333333333333335,0.6715328467153285,0.6287425149700598
ridge,0.6531807611223405,0.6258503401360545,0.6805111821086263,0.6758177570093458,0.6398225957049486,0.5555555555555556,0.7240896358543417,0.7113268608414239,0.5631386861313868,0.9,0.22627737226277367,0.3473053892215569
