,all,all,all,all,no revasc,no revasc,no revasc,no revasc,with revasc,with revasc,with revasc,with revasc
,Test AUC,Sensitivity,Specificity,Accuracy,Test AUC,Sensitivity,Specificity,Accuracy,Test AUC,Sensitivity,Specificity,Accuracy
lasso,0.7113970588235294,0.75,0.6727941176470589,0.6764018691588785,0.7160034907869737,0.7049180327868853,0.727088948787062,0.7262135922330097,0.5115576102418208,0.8947368421052632,0.1283783783783784,0.2155688622754491
linreg,0.71875,0.75,0.6875,0.6904205607476636,0.7275694843356457,0.7213114754098361,0.7338274932614555,0.7333333333333333,0.5325391180654339,0.8421052631578947,0.22297297297297303,0.2934131736526946
SVR10,0.6389093137254902,0.6375,0.6403186274509804,0.6401869158878505,0.6614268039414961,0.6557377049180327,0.6671159029649596,0.6666666666666666,0.47528449502133713,0.0,1.0,0.8862275449101796
ridge,0.71875,0.75,0.6875,0.6904205607476636,0.7275694843356457,0.7213114754098361,0.7338274932614555,0.7333333333333333,0.5325391180654339,0.8421052631578947,0.22297297297297303,0.2934131736526946
