,all,all,all,all,no revasc,no revasc,no revasc,no revasc,with revasc,with revasc,with revasc,with revasc
,Test AUC,Sensitivity,Specificity,Accuracy,Test AUC,Sensitivity,Specificity,Accuracy,Test AUC,Sensitivity,Specificity,Accuracy
lasso,0.7107949959644875,0.7333333333333333,0.6882566585956417,0.6898364485981309,0.7230762537343736,0.6956521739130435,0.7505003335557038,0.7488673139158576,0.4677871148459384,0.0,1.0,0.9161676646706587
linreg,0.7194108151735271,0.7166666666666667,0.7221549636803875,0.7219626168224299,0.7228804710386634,0.6739130434782609,0.771847898599066,0.7689320388349514,0.546218487394958,0.8571428571428571,0.23529411764705888,0.2874251497005988
SVR10,0.5080306698950767,0.016666666666666666,0.9993946731234867,0.9649532710280374,0.5105360095135888,0.021739130434782608,0.9993328885923949,0.9702265372168285,0.5,0.0,1.0,0.9161676646706587
ridge,0.7194108151735271,0.7166666666666667,0.7221549636803875,0.7219626168224299,0.7228804710386634,0.6739130434782609,0.771847898599066,0.7689320388349514,0.546218487394958,0.8571428571428571,0.23529411764705888,0.2874251497005988
