,all,all,all,all,no revasc,no revasc,no revasc,no revasc,with revasc,with revasc,with revasc,with revasc
,Test AUC,Sensitivity,Specificity,Accuracy,Test AUC,Sensitivity,Specificity,Accuracy,Test AUC,Sensitivity,Specificity,Accuracy
lasso,0.6892827504445762,0.72,0.6585655008891523,0.6594626168224299,0.6565359477124183,0.6,0.7130718954248366,0.7119741100323624,0.5136942675159235,0.9,0.1273885350318471,0.17365269461077845
linreg,0.6963959691760522,0.72,0.6727919383521044,0.673481308411215,0.6931372549019608,0.6666666666666666,0.7196078431372549,0.7190938511326861,0.5082802547770701,0.8,0.21656050955414008,0.25149700598802394
SVR10,0.6559454653230586,0.68,0.6318909306461173,0.6325934579439252,0.7630718954248366,0.8666666666666667,0.6594771241830065,0.6614886731391586,0.3815286624203822,0.0,1.0,0.9401197604790419
ridge,0.6963959691760522,0.72,0.6727919383521044,0.673481308411215,0.6931372549019608,0.6666666666666666,0.7196078431372549,0.7190938511326861,0.5082802547770701,0.8,0.21656050955414008,0.25149700598802394
