,all,all,all,all,no revasc,no revasc,no revasc,no revasc,with revasc,with revasc,with revasc,with revasc
,Test AUC,Sensitivity,Specificity,Accuracy,Test AUC,Sensitivity,Specificity,Accuracy,Test AUC,Sensitivity,Specificity,Accuracy
lasso,0.7079177057356608,0.75,0.6658354114713216,0.6711448598130841,0.7098489293047814,0.7023809523809523,0.7173169062286106,0.7165048543689321,0.5282634032634033,0.9166666666666666,0.1398601398601399,0.25149700598802394
linreg,0.6896416366491179,0.8518518518518519,0.527431421446384,0.5478971962616822,0.6940818421824582,0.8214285714285714,0.5667351129363449,0.5805825242718446,0.5421037296037295,0.9583333333333334,0.12587412587412583,0.24550898203592814
SVR10,0.5445067885840953,0.3888888888888889,0.7001246882793017,0.6804906542056075,0.5467390241517551,0.38095238095238093,0.7125256673511293,0.6944983818770226,0.4950466200466201,0.0,1.0,0.8562874251497006
ridge,0.6896416366491179,0.8518518518518519,0.527431421446384,0.5478971962616822,0.6940818421824582,0.8214285714285714,0.5667351129363449,0.5805825242718446,0.5421037296037295,0.9583333333333334,0.12587412587412583,0.24550898203592814
