,all,all,all,all,no revasc,no revasc,no revasc,no revasc,with revasc,with revasc,with revasc,with revasc
,Test AUC,Sensitivity,Specificity,Accuracy,Test AUC,Sensitivity,Specificity,Accuracy,Test AUC,Sensitivity,Specificity,Accuracy
lasso,0.6837420338043779,0.7222222222222222,0.6452618453865336,0.6501168224299065,0.6839126821159676,0.6785714285714286,0.6892539356605065,0.6886731391585761,0.5354020979020979,0.875,0.19580419580419584,0.2934131736526946
linreg,0.6904036205781842,0.8240740740740741,0.5567331670822943,0.5735981308411215,0.6900484012907011,0.7976190476190477,0.5824777549623545,0.5941747572815534,0.6051864801864801,0.9166666666666666,0.29370629370629375,0.38323353293413176
SVR10,0.5802392167728826,0.28703703703703703,0.8734413965087282,0.8364485981308412,0.6023271731690623,0.3333333333333333,0.8713210130047913,0.8420711974110032,0.5100524475524476,0.125,0.8951048951048951,0.7844311377245509
ridge,0.6900918998799298,0.8240740740740741,0.5561097256857855,0.5730140186915887,0.6900484012907011,0.7976190476190477,0.5824777549623545,0.5941747572815534,0.6016899766899766,0.9166666666666666,0.28671328671328666,0.3772455089820359
