,all,all,all,all,no revasc,no revasc,no revasc,no revasc,with revasc,with revasc,with revasc,with revasc
,Test AUC,Sensitivity,Specificity,Accuracy,Test AUC,Sensitivity,Specificity,Accuracy,Test AUC,Sensitivity,Specificity,Accuracy
lasso,0.5,0.0,1.0,0.9853971962616822,0.5,0.0,1.0,0.9902912621359223,0.5,0.0,1.0,0.9401197604790419
linreg,0.6643864848844103,0.72,0.6087729697688204,0.6103971962616822,0.7143790849673203,0.8,0.6287581699346405,0.63042071197411,0.5070063694267516,0.6,0.4140127388535032,0.4251497005988024
SVR10,0.533372851215175,0.8,0.2667457024303498,0.27453271028037385,0.5,0.0,1.0,0.9902912621359223,0.5837579617834395,0.9,0.26751592356687903,0.30538922155688625
ridge,0.6643864848844103,0.72,0.6087729697688204,0.6103971962616822,0.7143790849673203,0.8,0.6287581699346405,0.63042071197411,0.5070063694267516,0.6,0.4140127388535032,0.4251497005988024
