,all,all,all,all,no revasc,no revasc,no revasc,no revasc,with revasc,with revasc,with revasc,with revasc
,Test AUC,Sensitivity,Specificity,Accuracy,Test AUC,Sensitivity,Specificity,Accuracy,Test AUC,Sensitivity,Specificity,Accuracy
lasso,0.7104564315352696,0.84,0.5809128630705394,0.584696261682243,0.6849673202614379,0.7333333333333333,0.6366013071895424,0.6375404530744336,0.5191082802547771,1.0,0.03821656050955413,0.09580838323353294
linreg,0.7175933609958507,0.68,0.7551867219917012,0.7540887850467289,0.7356209150326797,0.6666666666666666,0.8045751633986928,0.8032362459546926,0.4869426751592356,0.0,1.0,0.9401197604790419
SVR10,0.6845761707172495,0.48,0.8891523414344991,0.883177570093458,0.6611111111111111,0.4,0.9222222222222223,0.9171521035598705,0.5834394904458599,0.6,0.5668789808917197,0.5688622754491018
ridge,0.7158150563129817,0.68,0.7516301126259632,0.7505841121495327,0.7339869281045751,0.6666666666666666,0.8013071895424837,0.8,0.48375796178343944,0.0,1.0,0.9401197604790419
