,all,all,all,all,no revasc,no revasc,no revasc,no revasc,with revasc,with revasc,with revasc,with revasc
,Test AUC,Sensitivity,Specificity,Accuracy,Test AUC,Sensitivity,Specificity,Accuracy,Test AUC,Sensitivity,Specificity,Accuracy
lasso,0.605299584734032,0.3269230769230769,0.8836760925449871,0.8329439252336449,0.5876056338028169,0.24,0.9352112676056338,0.8789644012944984,0.5115037950664136,0.6774193548387096,0.34558823529411764,0.40718562874251496
linreg,0.6148902511370378,0.36538461538461536,0.8643958868894601,0.8189252336448598,0.6050422535211267,0.296,0.9140845070422535,0.8640776699029126,0.49537476280834913,0.0,1.0,0.8143712574850299
SVR10,0.568840221475183,0.19230769230769232,0.9453727506426736,0.8767523364485982,0.5619154929577465,0.152,0.971830985915493,0.9055016181229774,0.5119781783681215,0.3548387096774194,0.6691176470588236,0.6107784431137725
ridge,0.6152115878979633,0.36538461538461536,0.8650385604113111,0.8195093457943925,0.6053943661971831,0.296,0.9147887323943662,0.8647249190938512,0.49537476280834913,0.0,1.0,0.8143712574850299
