,all,all,all,all,no revasc,no revasc,no revasc,no revasc,with revasc,with revasc,with revasc,with revasc
,Test AUC,Sensitivity,Specificity,Accuracy,Test AUC,Sensitivity,Specificity,Accuracy,Test AUC,Sensitivity,Specificity,Accuracy
lasso,0.7257263922518159,0.9,0.5514527845036319,0.5636682242990654,0.7366505206369462,0.8695652173913043,0.6037358238825884,0.6116504854368932,0.5196078431372548,1.0,0.039215686274509776,0.11976047904191617
linreg,0.7132768361581922,0.8333333333333334,0.5932203389830508,0.6016355140186916,0.7095164892537054,0.782608695652174,0.6364242828552369,0.6407766990291263,0.5849673202614378,1.0,0.16993464052287577,0.23952095808383234
SVR10,0.6997780468119451,0.7833333333333333,0.6162227602905569,0.6220794392523364,0.7093207065579952,0.7608695652173914,0.657771847898599,0.6608414239482201,0.5331465919701214,0.8571428571428571,0.20915032679738566,0.2634730538922156
ridge,0.7132768361581922,0.8333333333333334,0.5932203389830508,0.6016355140186916,0.7095164892537054,0.782608695652174,0.6364242828552369,0.6407766990291263,0.5849673202614378,1.0,0.16993464052287577,0.23952095808383234
