,all,all,all,all,no revasc,no revasc,no revasc,no revasc,with revasc,with revasc,with revasc,with revasc
,Test AUC,Sensitivity,Specificity,Accuracy,Test AUC,Sensitivity,Specificity,Accuracy,Test AUC,Sensitivity,Specificity,Accuracy
lasso,0.6505270092226614,0.5,0.8010540184453228,0.7669392523364486,0.6406092255731567,0.4267515923566879,0.8544668587896254,0.8110032362459547,0.5207900207900208,0.8108108108108109,0.23076923076923073,0.3592814371257485
linreg,0.64606169267756,0.634020618556701,0.658102766798419,0.655373831775701,0.6448815139778631,0.5923566878980892,0.6974063400576369,0.6867313915857605,0.5246361746361747,0.8108108108108109,0.2384615384615385,0.3652694610778443
SVR10,0.498139168466376,0.0,1.0,0.8866822429906542,0.4961521870812607,0.0,1.0,0.8983818770226537,0.5115384615384615,1.0,0.023076923076923106,0.23952095808383234
ridge,0.637277073740543,0.5360824742268041,0.738471673254282,0.7155373831775701,0.6396180179518713,0.4968152866242038,0.782420749279539,0.7533980582524272,0.485966735966736,0.0,1.0,0.7784431137724551
