,all,all,all,all,no revasc,no revasc,no revasc,no revasc,with revasc,with revasc,with revasc,with revasc
,Test AUC,Sensitivity,Specificity,Accuracy,Test AUC,Sensitivity,Specificity,Accuracy,Test AUC,Sensitivity,Specificity,Accuracy
lasso,0.7373161764705881,0.8625,0.6121323529411764,0.6238317757009346,0.7444047987274093,0.819672131147541,0.6691374663072776,0.6750809061488673,0.5202702702702703,1.0,0.04054054054054057,0.1497005988023952
linreg,0.7424632352941176,0.825,0.6599264705882353,0.6676401869158879,0.7472162078564799,0.7868852459016393,0.7075471698113207,0.7106796116504854,0.5649004267425319,0.9473684210526315,0.18243243243243246,0.2694610778443114
SVR10,0.5428921568627451,0.125,0.9607843137254902,0.9217289719626168,0.5559133489461359,0.14754098360655737,0.9642857142857143,0.9320388349514563,0.489153627311522,0.0,1.0,0.8862275449101796
ridge,0.7495098039215686,0.825,0.6740196078431373,0.6810747663551402,0.7467688126905572,0.7704918032786885,0.7230458221024259,0.7249190938511327,0.5912162162162162,1.0,0.18243243243243246,0.2754491017964072
