,all,all,all,all,no revasc,no revasc,no revasc,no revasc,with revasc,with revasc,with revasc,with revasc
,Test AUC,Sensitivity,Specificity,Accuracy,Test AUC,Sensitivity,Specificity,Accuracy,Test AUC,Sensitivity,Specificity,Accuracy
lasso,0.7036165264827976,0.782312925170068,0.6249201277955272,0.6384345794392523,0.7035839977016448,0.7264957264957265,0.680672268907563,0.6841423948220064,0.5218978102189781,1.0,0.04379562043795615,0.2155688622754491
linreg,0.7220534220077808,0.7687074829931972,0.6753993610223642,0.6834112149532711,0.724242261006967,0.7264957264957265,0.7219887955182073,0.7223300970873786,0.5615571776155718,0.9333333333333333,0.1897810218978102,0.32335329341317365
SVR10,0.5284497185455652,0.09523809523809523,0.9616613418530351,0.8872663551401869,0.5383986928104575,0.1111111111111111,0.9656862745098039,0.9009708737864077,0.47652068126520686,0.0,1.0,0.8203592814371258
ridge,0.7256808154571732,0.7619047619047619,0.6894568690095846,0.695677570093458,0.7233983336924514,0.7094017094017094,0.7373949579831933,0.7352750809061489,0.5782238442822385,0.9666666666666667,0.1897810218978102,0.32934131736526945
