,all,all,all,all,no revasc,no revasc,no revasc,no revasc,with revasc,with revasc,with revasc,with revasc
,Test AUC,Sensitivity,Specificity,Accuracy,Test AUC,Sensitivity,Specificity,Accuracy,Test AUC,Sensitivity,Specificity,Accuracy
lasso,0.7121323529411765,0.7,0.7242647058823529,0.7231308411214953,0.7125292740046839,0.639344262295082,0.7857142857142857,0.7799352750809061,0.5014224751066857,0.8947368421052632,0.10810810810810811,0.19760479041916168
linreg,0.6798406862745098,0.625,0.7346813725490196,0.7295560747663551,0.6698610313287083,0.5573770491803278,0.782345013477089,0.7734627831715211,0.5494310099573257,0.8421052631578947,0.2567567567567568,0.32335329341317365
SVR10,0.46519607843137256,0.0,1.0,0.9532710280373832,0.46261212496133625,0.0,1.0,0.9605177993527508,0.5392958748221905,0.8421052631578947,0.2364864864864865,0.30538922155688625
ridge,0.6798406862745098,0.625,0.7346813725490196,0.7295560747663551,0.6698610313287083,0.5573770491803278,0.782345013477089,0.7734627831715211,0.5494310099573257,0.8421052631578947,0.2567567567567568,0.32335329341317365
