,all,all,all,all,no revasc,no revasc,no revasc,no revasc,with revasc,with revasc,with revasc,with revasc
,Test AUC,Sensitivity,Specificity,Accuracy,Test AUC,Sensitivity,Specificity,Accuracy,Test AUC,Sensitivity,Specificity,Accuracy
lasso,0.6939231922801069,0.673469387755102,0.7143769968051118,0.7108644859813084,0.6903235653235653,0.6068376068376068,0.7738095238095238,0.7611650485436893,0.5141119221411192,0.9333333333333333,0.0948905109489051,0.24550898203592814
linreg,0.6960465975527591,0.6802721088435374,0.7118210862619808,0.7091121495327103,0.6931965093729799,0.6153846153846154,0.7710084033613446,0.7592233009708738,0.5141119221411192,0.9333333333333333,0.0948905109489051,0.24550898203592814
SVR10,0.6879854817326292,0.6462585034013606,0.7297124600638978,0.7225467289719626,0.6845058536235007,0.5811965811965812,0.7878151260504201,0.772168284789644,0.5120437956204379,0.9,0.12408759124087587,0.2634730538922156
ridge,0.6960465975527591,0.6802721088435374,0.7118210862619808,0.7091121495327103,0.6931965093729799,0.6153846153846154,0.7710084033613446,0.7592233009708738,0.5141119221411192,0.9333333333333333,0.0948905109489051,0.24550898203592814
