,all,all,all,all,no revasc,no revasc,no revasc,no revasc,with revasc,with revasc,with revasc,with revasc
,Test AUC,Sensitivity,Specificity,Accuracy,Test AUC,Sensitivity,Specificity,Accuracy,Test AUC,Sensitivity,Specificity,Accuracy
lasso,0.5849946513663328,0.2692307692307692,0.9007585335018964,0.852803738317757,0.576629680998613,0.21359223300970873,0.9396671289875174,0.8912621359223301,0.4907407407407407,0.0,1.0,0.8383233532934131
linreg,0.6646747058251483,0.5923076923076923,0.7370417193426043,0.7260514018691588,0.6529126213592232,0.5145631067961165,0.7912621359223301,0.7728155339805826,0.5337301587301587,0.8888888888888888,0.1785714285714286,0.2934131736526946
SVR10,0.6091267139939707,0.33076923076923076,0.8874841972187105,0.8452102803738317,0.5780166435506241,0.24271844660194175,0.9133148404993066,0.8686084142394822,0.644047619047619,0.6666666666666666,0.6214285714285714,0.6287425149700598
ridge,0.6544004667898473,0.5692307692307692,0.7395701643489254,0.7266355140186916,0.6393897364771151,0.4854368932038835,0.7933425797503467,0.7728155339805826,0.5373015873015873,0.8888888888888888,0.18571428571428572,0.2994011976047904
