,all,all,all,all,no revasc,no revasc,no revasc,no revasc,with revasc,with revasc,with revasc,with revasc
,Test AUC,Sensitivity,Specificity,Accuracy,Test AUC,Sensitivity,Specificity,Accuracy,Test AUC,Sensitivity,Specificity,Accuracy
lasso,0.7033432128037937,0.84,0.5666864256075874,0.570677570093458,0.6754901960784313,0.7333333333333333,0.6176470588235294,0.6187702265372168,0.535031847133758,1.0,0.07006369426751591,0.12574850299401197
linreg,0.7357794902193242,0.96,0.5115589804386484,0.518107476635514,0.7444444444444445,0.9333333333333333,0.5555555555555556,0.5592233009708738,0.5414012738853503,1.0,0.08280254777070062,0.1377245508982036
SVR10,0.5350800237107292,0.28,0.7901600474214582,0.7827102803738317,0.5892156862745098,0.4,0.7784313725490196,0.7747572815533981,0.5022292993630574,0.1,0.9044585987261147,0.8562874251497006
ridge,0.7357794902193242,0.96,0.5115589804386484,0.518107476635514,0.7444444444444445,0.9333333333333333,0.5555555555555556,0.5592233009708738,0.5414012738853503,1.0,0.08280254777070062,0.1377245508982036
