,all,all,all,all,no revasc,no revasc,no revasc,no revasc,with revasc,with revasc,with revasc,with revasc
,Test AUC,Sensitivity,Specificity,Accuracy,Test AUC,Sensitivity,Specificity,Accuracy,Test AUC,Sensitivity,Specificity,Accuracy
lasso,0.7418886198547217,0.85,0.6337772397094431,0.6413551401869159,0.7500725121095223,0.8043478260869565,0.6957971981320881,0.6990291262135923,0.5130718954248366,1.0,0.02614379084967322,0.10778443113772455
linreg,0.7553268765133172,0.8,0.7106537530266344,0.7137850467289719,0.7725585172723844,0.782608695652174,0.7625083388925951,0.7631067961165049,0.5298786181139122,0.8571428571428571,0.20261437908496727,0.25748502994011974
SVR10,0.5233454398708636,0.06666666666666667,0.9800242130750605,0.9480140186915887,0.5137337935435218,0.043478260869565216,0.9839893262174784,0.9559870550161812,0.542016806722689,0.14285714285714285,0.9411764705882353,0.874251497005988
ridge,0.7609160613397901,0.7833333333333333,0.7384987893462469,0.740070093457944,0.7750311802070946,0.7608695652173914,0.7891927951967979,0.7883495145631068,0.5494864612511672,0.8571428571428571,0.24183006535947715,0.2934131736526946
