,all,all,all,all,no revasc,no revasc,no revasc,no revasc,with revasc,with revasc,with revasc,with revasc
,Test AUC,Sensitivity,Specificity,Accuracy,Test AUC,Sensitivity,Specificity,Accuracy,Test AUC,Sensitivity,Specificity,Accuracy
lasso,0.6915331883198208,0.7371794871794872,0.6458868894601543,0.6542056074766355,0.687887323943662,0.68,0.6957746478873239,0.6944983818770226,0.5463709677419355,0.967741935483871,0.125,0.281437125748503
linreg,0.6877677806341045,0.6666666666666666,0.7088688946015425,0.7050233644859814,0.6832253521126761,0.608,0.7584507042253521,0.7462783171521036,0.5472011385199241,0.9032258064516129,0.19117647058823528,0.32335329341317365
SVR10,0.6000758025179619,0.391025641025641,0.8091259640102828,0.7710280373831776,0.5990140845070422,0.36,0.8380281690140845,0.7993527508090615,0.5117409867172675,0.5161290322580645,0.5073529411764706,0.5089820359281437
ridge,0.6852135653549535,0.6538461538461539,0.7165809768637532,0.7108644859813084,0.6790985915492957,0.592,0.7661971830985915,0.7521035598705501,0.5508776091081593,0.9032258064516129,0.19852941176470584,0.32934131736526945
