,all,all,all,all,no revasc,no revasc,no revasc,no revasc,with revasc,with revasc,with revasc,with revasc
,Test AUC,Sensitivity,Specificity,Accuracy,Test AUC,Sensitivity,Specificity,Accuracy,Test AUC,Sensitivity,Specificity,Accuracy
lasso,0.6830882352941177,0.6125,0.7536764705882353,0.7470794392523364,0.6836750475012151,0.5573770491803278,0.8099730458221024,0.8,0.4893314366998577,0.0,1.0,0.8862275449101796
linreg,0.6858455882352942,0.7375,0.6341911764705883,0.639018691588785,0.6658068578498518,0.6557377049180327,0.6758760107816711,0.6750809061488673,0.6081081081081081,1.0,0.21621621621621623,0.30538922155688625
SVR10,0.47873774509803924,0.0,1.0,0.9532710280373832,0.48069020370288545,0.0,1.0,0.9605177993527508,0.4912873399715505,0.0,1.0,0.8862275449101796
ridge,0.705453431372549,0.7375,0.673406862745098,0.6764018691588785,0.6866963457204718,0.6557377049180327,0.717654986522911,0.7152103559870551,0.6148648648648649,1.0,0.22972972972972971,0.31736526946107785
