,all,all,all,all,no revasc,no revasc,no revasc,no revasc,with revasc,with revasc,with revasc,with revasc
,Test AUC,Sensitivity,Specificity,Accuracy,Test AUC,Sensitivity,Specificity,Accuracy,Test AUC,Sensitivity,Specificity,Accuracy
lasso,0.7095641646489104,0.7,0.7191283292978208,0.7184579439252337,0.7170142413783102,0.6521739130434783,0.781854569713142,0.7779935275080906,0.48085901027077493,0.0,1.0,0.9161676646706587
linreg,0.677138821630347,0.6333333333333333,0.7209443099273607,0.717873831775701,0.6715346462859296,0.5652173913043478,0.7778519012675117,0.7715210355987056,0.5102707749766573,0.8571428571428571,0.1633986928104575,0.2215568862275449
SVR10,0.5497175141242938,0.13333333333333333,0.9661016949152542,0.9369158878504673,0.5627447283696377,0.15217391304347827,0.9733155436957972,0.9488673139158577,0.4834267040149393,0.0,1.0,0.9161676646706587
ridge,0.6804681194511703,0.6333333333333333,0.7276029055690072,0.7242990654205608,0.6745366476201525,0.5652173913043478,0.7838559039359573,0.7773462783171521,0.5168067226890756,0.8571428571428571,0.17647058823529416,0.23353293413173654
