,all,all,all,all,no revasc,no revasc,no revasc,no revasc,with revasc,with revasc,with revasc,with revasc
,Test AUC,Sensitivity,Specificity,Accuracy,Test AUC,Sensitivity,Specificity,Accuracy,Test AUC,Sensitivity,Specificity,Accuracy
lasso,0.6915889678555128,0.7755102040816326,0.607667731629393,0.6220794392523364,0.6898567119155354,0.717948717948718,0.6617647058823529,0.6660194174757281,0.5218978102189781,1.0,0.04379562043795615,0.2155688622754491
linreg,0.7022690226250244,0.6326530612244898,0.771884984025559,0.759929906542056,0.6984396322631616,0.5726495726495726,0.8242296918767507,0.8051779935275081,0.5464720194647202,0.8666666666666667,0.22627737226277367,0.3413173652694611
SVR10,0.5279976527352154,0.12244897959183673,0.9335463258785942,0.8639018691588785,0.521870286576169,0.10256410256410256,0.9411764705882353,0.8776699029126214,0.527007299270073,0.2,0.8540145985401459,0.7365269461077845
ridge,0.7002347264784508,0.7551020408163265,0.645367412140575,0.6547897196261683,0.6998671263377145,0.7008547008547008,0.6988795518207283,0.6990291262135923,0.5271289537712895,0.9666666666666667,0.08759124087591241,0.24550898203592814
