,all,all,all,all,no revasc,no revasc,no revasc,no revasc,with revasc,with revasc,with revasc,with revasc
,Test AUC,Sensitivity,Specificity,Accuracy,Test AUC,Sensitivity,Specificity,Accuracy,Test AUC,Sensitivity,Specificity,Accuracy
lasso,0.6713525026624069,0.6666666666666666,0.676038338658147,0.6752336448598131,0.6831950729009553,0.6752136752136753,0.6911764705882353,0.6899676375404531,0.5757907542579075,0.6333333333333333,0.5182481751824817,0.5389221556886228
linreg,0.6712938210427941,0.7278911564625851,0.6146964856230033,0.6244158878504673,0.679774473892121,0.7264957264957265,0.6330532212885154,0.6401294498381876,0.578345498783455,0.7333333333333333,0.4233576642335767,0.47904191616766467
SVR10,0.5885310034556954,0.6326530612244898,0.544408945686901,0.5519859813084113,0.6088935574229691,0.6666666666666666,0.5511204481792717,0.5598705501618123,0.48722627737226276,0.0,1.0,0.8203592814371258
ridge,0.6712938210427941,0.7278911564625851,0.6146964856230033,0.6244158878504673,0.679774473892121,0.7264957264957265,0.6330532212885154,0.6401294498381876,0.578345498783455,0.7333333333333333,0.4233576642335767,0.47904191616766467
