,all,all,all,all,no revasc,no revasc,no revasc,no revasc,with revasc,with revasc,with revasc,with revasc
,Test AUC,Sensitivity,Specificity,Accuracy,Test AUC,Sensitivity,Specificity,Accuracy,Test AUC,Sensitivity,Specificity,Accuracy
lasso,0.7258474576271186,0.85,0.6016949152542372,0.6103971962616822,0.7297256141775676,0.8043478260869565,0.6551034022681788,0.6595469255663431,0.5392156862745099,1.0,0.07843137254901966,0.15568862275449102
linreg,0.7712066182405165,0.7833333333333333,0.7590799031476998,0.759929906542056,0.7813687385793427,0.7608695652173914,0.8018679119412941,0.8006472491909385,0.5985060690943045,0.8571428571428571,0.33986928104575165,0.38323353293413176
SVR10,0.5183414043583535,0.05,0.986682808716707,0.9538551401869159,0.5160686834701395,0.043478260869565216,0.9886591060707138,0.9605177993527508,0.5193744164332399,0.07142857142857142,0.9673202614379085,0.8922155688622755
ridge,0.7630548829701372,0.8166666666666667,0.7094430992736078,0.7132009345794392,0.7665545146039388,0.782608695652174,0.7505003335557038,0.7514563106796116,0.6178804855275444,0.9285714285714286,0.30718954248366015,0.3592814371257485
