,all,all,all,all,no revasc,no revasc,no revasc,no revasc,with revasc,with revasc,with revasc,with revasc
,Test AUC,Sensitivity,Specificity,Accuracy,Test AUC,Sensitivity,Specificity,Accuracy,Test AUC,Sensitivity,Specificity,Accuracy
lasso,0.6680992736077481,0.7,0.6361985472154963,0.6384345794392523,0.6669808858079298,0.6521739130434783,0.6817878585723816,0.6809061488673139,0.523342670401494,0.8571428571428571,0.1895424836601307,0.24550898203592814
linreg,0.6902744148506861,0.8333333333333334,0.5472154963680387,0.5572429906542056,0.7019027177538648,0.8260869565217391,0.5777184789859906,0.5851132686084143,0.5527544351073763,0.8571428571428571,0.24836601307189543,0.2994011976047904
SVR10,0.5192897497982244,0.36666666666666664,0.6719128329297821,0.6612149532710281,0.5459436725933231,0.43478260869565216,0.657104736490994,0.6504854368932039,0.4799253034547152,0.0,1.0,0.9161676646706587
ridge,0.6899717514124295,0.8333333333333334,0.5466101694915254,0.5566588785046729,0.7019027177538648,0.8260869565217391,0.5777184789859906,0.5851132686084143,0.5494864612511672,0.8571428571428571,0.24183006535947715,0.2934131736526946
