,all,all,all,all,no revasc,no revasc,no revasc,no revasc,with revasc,with revasc,with revasc,with revasc
,Test AUC,Sensitivity,Specificity,Accuracy,Test AUC,Sensitivity,Specificity,Accuracy,Test AUC,Sensitivity,Specificity,Accuracy
lasso,0.7161384644406716,0.8157894736842105,0.6164874551971327,0.6209112149532711,0.6998151617967286,0.7307692307692307,0.6688610928242265,0.6699029126213593,0.5516129032258065,1.0,0.10322580645161294,0.16766467065868262
linreg,0.7358360057850721,0.7894736842105263,0.6821983273596177,0.6845794392523364,0.7466957006127513,0.7692307692307693,0.7241606319947334,0.7249190938511327,0.5521505376344087,0.8333333333333334,0.2709677419354839,0.31137724550898205
SVR10,0.6414512984971389,0.7894736842105263,0.49342891278375145,0.5,0.662898161746088,0.8076923076923077,0.5181040157998683,0.5229773462783172,0.5008064516129032,0.75,0.25161290322580643,0.2874251497005988
ridge,0.7358360057850721,0.7894736842105263,0.6821983273596177,0.6845794392523364,0.7466957006127513,0.7692307692307693,0.7241606319947334,0.7249190938511327,0.5521505376344087,0.8333333333333334,0.2709677419354839,0.31137724550898205
