,all,all,all,all,no revasc,no revasc,no revasc,no revasc,with revasc,with revasc,with revasc,with revasc
,Test AUC,Sensitivity,Specificity,Accuracy,Test AUC,Sensitivity,Specificity,Accuracy,Test AUC,Sensitivity,Specificity,Accuracy
lasso,0.7174425048489885,0.7777777777777778,0.6571072319201995,0.6647196261682243,0.7137479221668134,0.7142857142857143,0.7132101300479123,0.7132686084142394,0.541958041958042,1.0,0.08391608391608396,0.2155688622754491
linreg,0.7268403066408056,0.7685185185185185,0.6851620947630923,0.6904205607476636,0.7173780189693947,0.7023809523809523,0.732375085557837,0.7307443365695793,0.6013986013986015,1.0,0.2027972027972028,0.31736526946107785
SVR10,0.5307564422277639,0.08333333333333333,0.9781795511221945,0.9217289719626168,0.5212061210521169,0.05952380952380952,0.9828884325804244,0.9326860841423948,0.5483682983682984,0.16666666666666666,0.9300699300699301,0.8203592814371258
ridge,0.729957513623349,0.7685185185185185,0.6913965087281795,0.6962616822429907,0.7208003324533099,0.7023809523809523,0.7392197125256674,0.7372168284789644,0.6013986013986015,1.0,0.2027972027972028,0.31736526946107785
