,all,all,all,all,no revasc,no revasc,no revasc,no revasc,with revasc,with revasc,with revasc,with revasc
,Test AUC,Sensitivity,Specificity,Accuracy,Test AUC,Sensitivity,Specificity,Accuracy,Test AUC,Sensitivity,Specificity,Accuracy
lasso,0.6703744756688619,0.6870748299319728,0.6536741214057509,0.6565420560747663,0.6646286719816131,0.6324786324786325,0.6967787114845938,0.6919093851132686,0.5521897810218979,0.9,0.2043795620437956,0.32934131736526945
linreg,0.691549846775771,0.8163265306122449,0.5667731629392971,0.5882009345794392,0.695054945054945,0.7948717948717948,0.5952380952380952,0.6103559870550161,0.5850364963503649,0.9,0.27007299270072993,0.38323353293413176
SVR10,0.554221816522136,0.42857142857142855,0.6798722044728435,0.6582943925233645,0.5673256482080012,0.4700854700854701,0.6645658263305323,0.6498381877022654,0.5530413625304136,0.26666666666666666,0.8394160583941606,0.7365269461077845
ridge,0.6912303579578797,0.8163265306122449,0.5661341853035144,0.5876168224299065,0.695054945054945,0.7948717948717948,0.5952380952380952,0.6103559870550161,0.5813868613138686,0.9,0.26277372262773724,0.3772455089820359
