,all,all,all,all,no revasc,no revasc,no revasc,no revasc,with revasc,with revasc,with revasc,with revasc
,Test AUC,Sensitivity,Specificity,Accuracy,Test AUC,Sensitivity,Specificity,Accuracy,Test AUC,Sensitivity,Specificity,Accuracy
lasso,0.7147296206618241,0.7333333333333333,0.6961259079903148,0.697429906542056,0.7230762537343736,0.6956521739130435,0.7505003335557038,0.7488673139158576,0.5102707749766573,0.8571428571428571,0.1633986928104575,0.2215568862275449
linreg,0.7587772397094431,0.75,0.7675544794188862,0.7669392523364486,0.7639658322939932,0.717391304347826,0.8105403602401601,0.8077669902912621,0.6017740429505136,0.8571428571428571,0.3464052287581699,0.38922155688622756
SVR10,0.6712671509281679,0.6833333333333333,0.6592009685230025,0.6600467289719626,0.6881906778431998,0.6739130434782609,0.7024683122081388,0.7016181229773463,0.4747899159663866,0.0,1.0,0.9161676646706587
ridge,0.7450363196125909,0.8,0.6900726392251816,0.6939252336448598,0.7470125010876818,0.7608695652173914,0.733155436957972,0.7339805825242719,0.5982726423902895,0.9285714285714286,0.2679738562091504,0.32335329341317365
