,all,all,all,all,no revasc,no revasc,no revasc,no revasc,with revasc,with revasc,with revasc,with revasc
,Test AUC,Sensitivity,Specificity,Accuracy,Test AUC,Sensitivity,Specificity,Accuracy,Test AUC,Sensitivity,Specificity,Accuracy
lasso,0.6939231922801069,0.673469387755102,0.7143769968051118,0.7108644859813084,0.6903235653235653,0.6068376068376068,0.7738095238095238,0.7611650485436893,0.5141119221411192,0.9333333333333333,0.0948905109489051,0.24550898203592814
linreg,0.6782334659103259,0.5986394557823129,0.7578274760383387,0.7441588785046729,0.6758151978740214,0.5470085470085471,0.8046218487394958,0.7851132686084142,0.535036496350365,0.8,0.27007299270072993,0.3652694610778443
SVR10,0.5034013605442177,0.006802721088435374,1.0,0.9147196261682243,0.5,0.0,1.0,0.9242718446601942,0.5166666666666667,0.03333333333333333,1.0,0.8263473053892215
ridge,0.6782334659103259,0.5986394557823129,0.7578274760383387,0.7441588785046729,0.6758151978740214,0.5470085470085471,0.8046218487394958,0.7851132686084142,0.535036496350365,0.8,0.27007299270072993,0.3652694610778443
