,all,all,all,all,no revasc,no revasc,no revasc,no revasc,with revasc,with revasc,with revasc,with revasc
,Test AUC,Sensitivity,Specificity,Accuracy,Test AUC,Sensitivity,Specificity,Accuracy,Test AUC,Sensitivity,Specificity,Accuracy
lasso,0.7335251210463435,0.9210526315789473,0.5459976105137396,0.554322429906542,0.7411885349673368,0.8846153846153846,0.5977616853192891,0.602588996763754,0.5193548387096774,1.0,0.03870967741935483,0.10778443113772455
linreg,0.7325504621769477,0.7894736842105263,0.6756272401433692,0.6781542056074766,0.7215399807565706,0.7307692307692307,0.7123107307439105,0.7126213592233009,0.6163978494623656,0.9166666666666666,0.31612903225806455,0.3592814371257485
SVR10,0.526630195560586,0.07894736842105263,0.9743130227001194,0.9544392523364486,0.5243074897452777,0.07692307692307693,0.9716919025674786,0.9566343042071197,0.5416666666666666,0.08333333333333333,1.0,0.9341317365269461
ridge,0.7325504621769477,0.7894736842105263,0.6756272401433692,0.6781542056074766,0.7215399807565706,0.7307692307692307,0.7123107307439105,0.7126213592233009,0.6163978494623656,0.9166666666666666,0.31612903225806455,0.3592814371257485
