,all,all,all,all,no revasc,no revasc,no revasc,no revasc,with revasc,with revasc,with revasc,with revasc
,Test AUC,Sensitivity,Specificity,Accuracy,Test AUC,Sensitivity,Specificity,Accuracy,Test AUC,Sensitivity,Specificity,Accuracy
lasso,0.706093623890234,0.7166666666666667,0.6955205811138014,0.6962616822429907,0.7158758012588102,0.6739130434782609,0.7578385590393596,0.7553398058252427,0.4710550887021475,0.0,1.0,0.9161676646706587
linreg,0.7302259887005651,0.8333333333333334,0.6271186440677966,0.6343457943925234,0.7439307364329842,0.8260869565217391,0.6617745163442295,0.6666666666666666,0.5723622782446312,0.8571428571428571,0.2875816993464052,0.33532934131736525
SVR10,0.548365617433414,0.15,0.9467312348668281,0.9188084112149533,0.5269962583751487,0.10869565217391304,0.9452968645763843,0.920388349514563,0.6232492997198879,0.2857142857142857,0.9607843137254902,0.9041916167664671
ridge,0.7302259887005651,0.8333333333333334,0.6271186440677966,0.6343457943925234,0.7439307364329842,0.8260869565217391,0.6617745163442295,0.6666666666666666,0.5723622782446312,0.8571428571428571,0.2875816993464052,0.33532934131736525
