,all,all,all,all,no revasc,no revasc,no revasc,no revasc,with revasc,with revasc,with revasc,with revasc
,Test AUC,Sensitivity,Specificity,Accuracy,Test AUC,Sensitivity,Specificity,Accuracy,Test AUC,Sensitivity,Specificity,Accuracy
lasso,0.673455250761984,0.7222222222222222,0.6246882793017456,0.6308411214953271,0.6726190476190478,0.6785714285714286,0.6666666666666667,0.6673139158576051,0.5354020979020979,0.875,0.19580419580419584,0.2934131736526946
linreg,0.6683753579015425,0.7407407407407407,0.5960099750623442,0.6051401869158879,0.6639899286203188,0.7023809523809523,0.6255989048596852,0.6297734627831715,0.5843531468531469,0.875,0.29370629370629375,0.3772455089820359
SVR10,0.5501408515747668,0.25925925925925924,0.8410224438902743,0.804322429906542,0.5673584628923438,0.2976190476190476,0.83709787816564,0.8077669902912621,0.5030594405594405,0.125,0.8811188811188811,0.7724550898203593
ridge,0.6683753579015425,0.7407407407407407,0.5960099750623442,0.6051401869158879,0.6636476972719272,0.7023809523809523,0.624914442162902,0.629126213592233,0.5878496503496504,0.875,0.30069930069930073,0.38323353293413176
