,all,all,all,all,no revasc,no revasc,no revasc,no revasc,with revasc,with revasc,with revasc,with revasc
,Test AUC,Sensitivity,Specificity,Accuracy,Test AUC,Sensitivity,Specificity,Accuracy,Test AUC,Sensitivity,Specificity,Accuracy
lasso,0.7025646041164069,0.7687074829931972,0.6364217252396166,0.6477803738317757,0.7023899303311067,0.7094017094017094,0.6953781512605042,0.6964401294498382,0.5109489051094891,1.0,0.021897810218978075,0.19760479041916168
linreg,0.7309991089087392,0.7687074829931972,0.6932907348242812,0.6997663551401869,0.7247988939165411,0.7094017094017094,0.7401960784313726,0.7378640776699029,0.6021897810218978,1.0,0.2043795620437956,0.3473053892215569
SVR10,0.5089804611940623,0.07482993197278912,0.9431309904153354,0.8685747663551402,0.5122728578610931,0.08547008547008547,0.9390756302521008,0.8744336569579289,0.509367396593674,0.03333333333333333,0.9854014598540146,0.8143712574850299
ridge,0.7287626871834996,0.7687074829931972,0.6888178913738019,0.695677570093458,0.7233983336924514,0.7094017094017094,0.7373949579831933,0.7352750809061489,0.5912408759124088,1.0,0.18248175182481752,0.32934131736526945
