,all,all,all,all,no revasc,no revasc,no revasc,no revasc,with revasc,with revasc,with revasc,with revasc
,Test AUC,Sensitivity,Specificity,Accuracy,Test AUC,Sensitivity,Specificity,Accuracy,Test AUC,Sensitivity,Specificity,Accuracy
lasso,0.7008150224946208,0.8163265306122449,0.5853035143769968,0.6051401869158879,0.7035929756517991,0.7692307692307693,0.6379551820728291,0.6478964401294498,0.5182481751824817,1.0,0.03649635036496346,0.20958083832335328
linreg,0.7065658212166656,0.8163265306122449,0.5968051118210862,0.6156542056074766,0.7146627881921999,0.7948717948717948,0.634453781512605,0.6466019417475728,0.5521897810218979,0.9,0.2043795620437956,0.32934131736526945
SVR10,0.5263263132729131,0.08843537414965986,0.9642172523961662,0.889018691588785,0.5327246283128636,0.10256410256410256,0.9628851540616247,0.8977346278317152,0.5057177615571777,0.03333333333333333,0.9781021897810219,0.8083832335329342
ridge,0.7065658212166656,0.8163265306122449,0.5968051118210862,0.6156542056074766,0.7146627881921999,0.7948717948717948,0.634453781512605,0.6466019417475728,0.5521897810218979,0.9,0.2043795620437956,0.32934131736526945
