,all,all,all,all,no revasc,no revasc,no revasc,no revasc,with revasc,with revasc,with revasc,with revasc
,Test AUC,Sensitivity,Specificity,Accuracy,Test AUC,Sensitivity,Specificity,Accuracy,Test AUC,Sensitivity,Specificity,Accuracy
lasso,0.6654060378353437,0.5641025641025641,0.7667095115681234,0.7482476635514018,0.6585633802816901,0.496,0.8211267605633803,0.7948220064724919,0.5186195445920303,0.8387096774193549,0.19852941176470584,0.31736526946107785
linreg,0.6654060378353437,0.5641025641025641,0.7667095115681234,0.7482476635514018,0.6585633802816901,0.496,0.8211267605633803,0.7948220064724919,0.5186195445920303,0.8387096774193549,0.19852941176470584,0.31736526946107785
SVR10,0.49135686507151805,0.0,1.0,0.9088785046728972,0.49552112676056337,0.0,1.0,0.919093851132686,0.47877134724857684,0.0,1.0,0.8143712574850299
ridge,0.6654060378353437,0.5641025641025641,0.7667095115681234,0.7482476635514018,0.6585633802816901,0.496,0.8211267605633803,0.7948220064724919,0.5186195445920303,0.8387096774193549,0.19852941176470584,0.31736526946107785
