,all,all,all,all,no revasc,no revasc,no revasc,no revasc,with revasc,with revasc,with revasc,with revasc
,Test AUC,Sensitivity,Specificity,Accuracy,Test AUC,Sensitivity,Specificity,Accuracy,Test AUC,Sensitivity,Specificity,Accuracy
lasso,0.6617972644418184,0.6701030927835051,0.6534914361001318,0.655373831775701,0.6520861249288717,0.5923566878980892,0.7118155619596542,0.6996763754045308,0.5153846153846153,1.0,0.03076923076923077,0.24550898203592814
linreg,0.6760353422164269,0.634020618556701,0.7180500658761528,0.7085280373831776,0.6614360579305788,0.554140127388535,0.7687319884726225,0.7469255663430421,0.574948024948025,0.972972972972973,0.17692307692307696,0.3532934131736527
SVR10,0.5007402577998724,0.05154639175257732,0.9499341238471674,0.8481308411214953,0.50098202977294,0.050955414012738856,0.9510086455331412,0.859546925566343,0.4962577962577962,0.0,1.0,0.7784431137724551
ridge,0.6726668296592097,0.6701030927835051,0.6752305665349143,0.6746495327102804,0.6660203931790232,0.6050955414012739,0.7269452449567724,0.7145631067961165,0.5345114345114346,0.9459459459459459,0.12307692307692308,0.30538922155688625
