,all,all,all,all,no revasc,no revasc,no revasc,no revasc,with revasc,with revasc,with revasc,with revasc
,Test AUC,Sensitivity,Specificity,Accuracy,Test AUC,Sensitivity,Specificity,Accuracy,Test AUC,Sensitivity,Specificity,Accuracy
lasso,0.685753184868229,0.6692307692307692,0.7022756005056889,0.6997663551401869,0.6816920943134535,0.6019417475728155,0.7614424410540915,0.7508090614886731,0.5093915343915344,0.9259259259259259,0.09285714285714286,0.2275449101796407
linreg,0.6987114655256248,0.6692307692307692,0.7281921618204804,0.7237149532710281,0.6896671289875173,0.6019417475728155,0.7773925104022191,0.7656957928802589,0.5736772486772487,0.9259259259259259,0.22142857142857142,0.33532934131736525
SVR10,0.5013177088398327,0.007692307692307693,0.9949431099873578,0.9199766355140186,0.5034674063800277,0.009708737864077669,0.9972260748959778,0.9313915857605178,0.4857142857142857,0.0,1.0,0.8383233532934131
ridge,0.6983954098998346,0.6692307692307692,0.7275600505689002,0.7231308411214953,0.6893203883495145,0.6019417475728155,0.7766990291262136,0.7650485436893204,0.5736772486772487,0.9259259259259259,0.22142857142857142,0.33532934131736525
