,all,all,all,all,no revasc,no revasc,no revasc,no revasc,with revasc,with revasc,with revasc,with revasc
,Test AUC,Sensitivity,Specificity,Accuracy,Test AUC,Sensitivity,Specificity,Accuracy,Test AUC,Sensitivity,Specificity,Accuracy
lasso,0.6972115363717373,0.6870748299319728,0.7073482428115017,0.705607476635514,0.6953691733103498,0.6239316239316239,0.7668067226890756,0.7559870550161812,0.5104622871046228,0.9333333333333333,0.08759124087591241,0.23952095808383234
linreg,0.7042207298254765,0.7074829931972789,0.7009584664536741,0.701518691588785,0.6987359046182576,0.6495726495726496,0.7478991596638656,0.7404530744336569,0.5725060827250608,0.9333333333333333,0.21167883211678828,0.3413173652694611
SVR10,0.582515050748734,0.6870748299319728,0.4779552715654952,0.495911214953271,0.6022498743086979,0.7094017094017094,0.4950980392156863,0.511326860841424,0.4496350364963504,0.0,1.0,0.8203592814371258
ridge,0.7045402186433678,0.7074829931972789,0.7015974440894568,0.7021028037383178,0.6990860446742799,0.6495726495726496,0.7485994397759104,0.7411003236245954,0.5725060827250608,0.9333333333333333,0.21167883211678828,0.3413173652694611
