,all,all,all,all,no revasc,no revasc,no revasc,no revasc,with revasc,with revasc,with revasc,with revasc
,Test AUC,Sensitivity,Specificity,Accuracy,Test AUC,Sensitivity,Specificity,Accuracy,Test AUC,Sensitivity,Specificity,Accuracy
lasso,0.6688748269725133,0.6153846153846154,0.7223650385604112,0.7126168224299065,0.6610845070422535,0.544,0.778169014084507,0.7592233009708738,0.5214658444022771,0.9032258064516129,0.13970588235294112,0.281437125748503
linreg,0.7022444136840023,0.6538461538461539,0.7506426735218509,0.741822429906542,0.6914225352112675,0.592,0.7908450704225352,0.7747572815533981,0.6170540796963947,0.9032258064516129,0.3308823529411765,0.437125748502994
SVR10,0.5307000197745699,0.11538461538461539,0.9460154241645244,0.8703271028037384,0.5353521126760564,0.12,0.9507042253521126,0.883495145631068,0.4969165085388994,0.0,1.0,0.8143712574850299
ridge,0.7070067892690001,0.6987179487179487,0.7152956298200515,0.7137850467289719,0.6981690140845072,0.64,0.7563380281690141,0.7469255663430421,0.6111242884250474,0.9354838709677419,0.2867647058823529,0.40718562874251496
