,all,all,all,all,no revasc,no revasc,no revasc,no revasc,with revasc,with revasc,with revasc,with revasc
,Test AUC,Sensitivity,Specificity,Accuracy,Test AUC,Sensitivity,Specificity,Accuracy,Test AUC,Sensitivity,Specificity,Accuracy
lasso,0.6553526970954358,0.68,0.6307053941908713,0.6314252336448598,0.6895424836601307,0.7333333333333333,0.645751633986928,0.6466019417475728,0.5420382165605095,0.6,0.4840764331210191,0.49101796407185627
linreg,0.6276348547717843,0.72,0.5352697095435685,0.5379672897196262,0.6428104575163399,0.7333333333333333,0.5522875816993464,0.5540453074433657,0.5347133757961784,0.7,0.3694267515923567,0.38922155688622756
SVR10,0.5502786010669828,0.72,0.3805572021339656,0.3855140186915888,0.5235294117647058,0.6666666666666666,0.3803921568627451,0.3831715210355987,0.5910828025477708,0.8,0.3821656050955414,0.40718562874251496
ridge,0.6276348547717843,0.72,0.5352697095435685,0.5379672897196262,0.6428104575163399,0.7333333333333333,0.5522875816993464,0.5540453074433657,0.5347133757961784,0.7,0.3694267515923567,0.38922155688622756
