,all,all,all,all,no revasc,no revasc,no revasc,no revasc,with revasc,with revasc,with revasc,with revasc
,Test AUC,Sensitivity,Specificity,Accuracy,Test AUC,Sensitivity,Specificity,Accuracy,Test AUC,Sensitivity,Specificity,Accuracy
lasso,0.7358455882352942,0.8375,0.6341911764705883,0.6436915887850467,0.7374453183686094,0.7868852459016393,0.6880053908355794,0.6919093851132686,0.5472972972972974,1.0,0.09459459459459463,0.19760479041916168
linreg,0.7237745098039216,0.825,0.6225490196078431,0.6320093457943925,0.7273375016570192,0.7868852459016393,0.667789757412399,0.6724919093851133,0.5581436699857752,0.9473684210526315,0.16891891891891897,0.25748502994011974
SVR10,0.5283088235294118,0.95,0.10661764705882348,0.14602803738317757,0.5324610048164022,0.9672131147540983,0.09770889487870615,0.13203883495145632,0.5453413940256046,0.8947368421052632,0.19594594594594594,0.2754491017964072
ridge,0.7237745098039216,0.825,0.6225490196078431,0.6320093457943925,0.7273375016570192,0.7868852459016393,0.667789757412399,0.6724919093851133,0.5581436699857752,0.9473684210526315,0.16891891891891897,0.25748502994011974
