,all,all,all,all,no revasc,no revasc,no revasc,no revasc,with revasc,with revasc,with revasc,with revasc
,Test AUC,Sensitivity,Specificity,Accuracy,Test AUC,Sensitivity,Specificity,Accuracy,Test AUC,Sensitivity,Specificity,Accuracy
lasso,0.641136892410237,0.7631578947368421,0.519115890083632,0.5245327102803738,0.6505798349116321,0.7692307692307693,0.531928900592495,0.5359223300970873,0.5717741935483871,0.75,0.3935483870967742,0.41916167664670656
linreg,0.6504118719738414,0.7894736842105263,0.5113500597371565,0.5175233644859814,0.6675064566769636,0.8076923076923077,0.5273206056616195,0.5320388349514563,0.5524193548387097,0.75,0.3548387096774194,0.38323353293413176
SVR10,0.51364522417154,0.8421052631578947,0.18518518518518523,0.19976635514018692,0.5139261659998987,0.8461538461538461,0.18169848584595127,0.1928802588996764,0.5263440860215054,0.8333333333333334,0.21935483870967742,0.2634730538922156
ridge,0.6504118719738414,0.7894736842105263,0.5113500597371565,0.5175233644859814,0.6675064566769636,0.8076923076923077,0.5273206056616195,0.5320388349514563,0.5524193548387097,0.75,0.3548387096774194,0.38323353293413176
