,all,all,all,all,no revasc,no revasc,no revasc,no revasc,with revasc,with revasc,with revasc,with revasc
,Test AUC,Sensitivity,Specificity,Accuracy,Test AUC,Sensitivity,Specificity,Accuracy,Test AUC,Sensitivity,Specificity,Accuracy
lasso,0.6894482702416365,0.7010309278350515,0.6778656126482213,0.6804906542056075,0.6830246517006553,0.6369426751592356,0.729106628242075,0.7197411003236246,0.5518711018711019,0.972972972972973,0.13076923076923075,0.31736526946107785
linreg,0.7063723292992679,0.5721649484536082,0.8405797101449275,0.8101635514018691,0.690713394151875,0.5031847133757962,0.8782420749279539,0.8401294498381877,0.6516632016632017,0.8648648648648649,0.43846153846153846,0.5329341317365269
SVR10,0.5272299417301659,0.0979381443298969,0.9565217391304348,0.8592289719626168,0.53324675563061,0.10828025477707007,0.9582132564841499,0.8718446601941747,0.4962577962577962,0.0,1.0,0.7784431137724551
ridge,0.7060429485351045,0.5721649484536082,0.8399209486166008,0.8095794392523364,0.6903531636043246,0.5031847133757962,0.877521613832853,0.8394822006472492,0.6516632016632017,0.8648648648648649,0.43846153846153846,0.5329341317365269
