,all,all,all,all,no revasc,no revasc,no revasc,no revasc,with revasc,with revasc,with revasc,with revasc
,Test AUC,Sensitivity,Specificity,Accuracy,Test AUC,Sensitivity,Specificity,Accuracy,Test AUC,Sensitivity,Specificity,Accuracy
lasso,0.7340560635448418,0.7592592592592593,0.708852867830424,0.7120327102803738,0.7254571233010658,0.6904761904761905,0.7604380561259412,0.7566343042071197,0.5909090909090908,1.0,0.18181818181818177,0.2994011976047904
linreg,0.7365036482866906,0.7685185185185185,0.7044887780548628,0.7085280373831776,0.7238804145888335,0.7023809523809523,0.7453798767967146,0.7430420711974111,0.6433566433566433,1.0,0.28671328671328666,0.38922155688622756
SVR10,0.5438833471875866,0.1388888888888889,0.9488778054862843,0.8977803738317757,0.5488413024347315,0.14285714285714285,0.9548254620123203,0.9106796116504854,0.5065559440559441,0.125,0.8881118881118881,0.7784431137724551
ridge,0.7355684861919276,0.7685185185185185,0.7026184538653366,0.7067757009345794,0.72880610149604,0.7142857142857143,0.7433264887063655,0.7417475728155339,0.6225233100233101,0.9583333333333334,0.28671328671328666,0.38323353293413176
