,all,all,all,all,no revasc,no revasc,no revasc,no revasc,with revasc,with revasc,with revasc,with revasc
,Test AUC,Sensitivity,Specificity,Accuracy,Test AUC,Sensitivity,Specificity,Accuracy,Test AUC,Sensitivity,Specificity,Accuracy
lasso,0.6697771076973228,0.634020618556701,0.7055335968379446,0.697429906542056,0.6610184658308706,0.5605095541401274,0.7615273775216138,0.7411003236245954,0.5268191268191268,0.9459459459459459,0.10769230769230764,0.2934131736526946
linreg,0.6637497792809313,0.6134020618556701,0.7140974967061924,0.7026869158878505,0.6564501918170303,0.5477707006369427,0.7651296829971181,0.7430420711974111,0.5305613305613306,0.8918918918918919,0.16923076923076918,0.32934131736526945
SVR10,0.4948623392146476,0.0,1.0,0.8866822429906542,0.49914875456597957,0.0,1.0,0.8983818770226537,0.49979209979209976,0.0,1.0,0.7784431137724551
ridge,0.6629348165654755,0.5979381443298969,0.727931488801054,0.7132009345794392,0.6541006626406506,0.5286624203821656,0.7795389048991355,0.7540453074433657,0.5344074844074844,0.8918918918918919,0.17692307692307696,0.33532934131736525
