,all,all,all,all,no revasc,no revasc,no revasc,no revasc,with revasc,with revasc,with revasc,with revasc
,Test AUC,Sensitivity,Specificity,Accuracy,Test AUC,Sensitivity,Specificity,Accuracy,Test AUC,Sensitivity,Specificity,Accuracy
lasso,0.6688006723353768,0.6730769230769231,0.6645244215938304,0.665303738317757,0.6705774647887325,0.632,0.7091549295774648,0.7029126213592233,0.5186195445920303,0.8387096774193549,0.19852941176470584,0.31736526946107785
linreg,0.6642854788741678,0.6858974358974359,0.6426735218508998,0.6466121495327103,0.6675633802816902,0.664,0.6711267605633803,0.6705501618122978,0.5598908918406071,0.7741935483870968,0.34558823529411764,0.4251497005988024
SVR10,0.5396809702722298,0.1282051282051282,0.9511568123393316,0.8761682242990654,0.5466478873239435,0.144,0.9492957746478873,0.8841423948220065,0.5175521821631879,0.06451612903225806,0.9705882352941176,0.8023952095808383
ridge,0.6642854788741678,0.6858974358974359,0.6426735218508998,0.6466121495327103,0.6675633802816902,0.664,0.6711267605633803,0.6705501618122978,0.5598908918406071,0.7741935483870968,0.34558823529411764,0.4251497005988024
