,all,all,all,all,no revasc,no revasc,no revasc,no revasc,with revasc,with revasc,with revasc,with revasc
,Test AUC,Sensitivity,Specificity,Accuracy,Test AUC,Sensitivity,Specificity,Accuracy,Test AUC,Sensitivity,Specificity,Accuracy
lasso,0.671909593469432,0.6494845360824743,0.69433465085639,0.6892523364485982,0.6615668422694982,0.5796178343949044,0.7435158501440922,0.7268608414239482,0.5575883575883576,0.9459459459459459,0.16923076923076918,0.3413173652694611
linreg,0.6526187468589979,0.4896907216494845,0.8155467720685112,0.7786214953271028,0.6384478422878541,0.4267515923566879,0.8501440922190202,0.8071197411003236,0.6014553014553015,0.7567567567567568,0.4461538461538461,0.5149700598802395
SVR10,0.4890896866468359,0.0,1.0,0.8866822429906542,0.4954317259861598,0.0,1.0,0.8983818770226537,0.4633056133056133,0.0,1.0,0.7784431137724551
ridge,0.6540347445771022,0.5103092783505154,0.7977602108036891,0.7651869158878505,0.6436218542924798,0.45222929936305734,0.8350144092219021,0.7961165048543689,0.5783783783783785,0.7567567567567568,0.4,0.47904191616766467
