,all,all,all,all,no revasc,no revasc,no revasc,no revasc,with revasc,with revasc,with revasc,with revasc
,Test AUC,Sensitivity,Specificity,Accuracy,Test AUC,Sensitivity,Specificity,Accuracy,Test AUC,Sensitivity,Specificity,Accuracy
lasso,0.5658646845319597,0.17006802721088435,0.9616613418530351,0.8936915887850467,0.5393054657760541,0.09401709401709402,0.9845938375350141,0.9171521035598705,0.594647201946472,0.4666666666666667,0.7226277372262774,0.6766467065868264
linreg,0.6020321227532547,0.43537414965986393,0.7686900958466454,0.740070093457944,0.59679128061481,0.39316239316239315,0.8004201680672269,0.7695792880258899,0.518978102189781,0.6,0.43795620437956206,0.46706586826347307
SVR10,0.5652257068961769,0.17006802721088435,0.9603833865814696,0.8925233644859814,0.5708360267183796,0.1794871794871795,0.9621848739495799,0.9029126213592233,0.5374695863746959,0.13333333333333333,0.9416058394160584,0.7964071856287425
ridge,0.6020321227532547,0.43537414965986393,0.7686900958466454,0.740070093457944,0.59679128061481,0.39316239316239315,0.8004201680672269,0.7695792880258899,0.518978102189781,0.6,0.43795620437956206,0.46706586826347307
