,all,all,all,all,no revasc,no revasc,no revasc,no revasc,with revasc,with revasc,with revasc,with revasc
,Test AUC,Sensitivity,Specificity,Accuracy,Test AUC,Sensitivity,Specificity,Accuracy,Test AUC,Sensitivity,Specificity,Accuracy
lasso,0.6665817747171401,0.654639175257732,0.6785243741765481,0.6758177570093458,0.6621725802602838,0.5923566878980892,0.7319884726224783,0.7177993527508091,0.5133056133056133,0.918918918918919,0.10769230769230764,0.2874251497005988
linreg,0.6721506866060878,0.5103092783505154,0.83399209486166,0.7973130841121495,0.6527997026377136,0.43312101910828027,0.872478386167147,0.827831715210356,0.6304573804573804,0.8378378378378378,0.42307692307692313,0.5149700598802395
SVR10,0.5494206973364303,0.17525773195876287,0.9235836627140975,0.8387850467289719,0.5510448980341048,0.17197452229299362,0.9301152737752161,0.8530744336569579,0.5215176715176715,0.1891891891891892,0.8538461538461538,0.7065868263473054
ridge,0.6759300761990138,0.5257731958762887,0.8260869565217391,0.7920560747663551,0.6523821105380055,0.4394904458598726,0.8652737752161384,0.8220064724919094,0.6497920997920998,0.8918918918918919,0.4076923076923077,0.5149700598802395
