,all,all,all,all,no revasc,no revasc,no revasc,no revasc,with revasc,with revasc,with revasc,with revasc
,Test AUC,Sensitivity,Specificity,Accuracy,Test AUC,Sensitivity,Specificity,Accuracy,Test AUC,Sensitivity,Specificity,Accuracy
lasso,0.7091737525542152,0.7628205128205128,0.6555269922879177,0.665303738317757,0.7069295774647886,0.704,0.7098591549295774,0.7093851132686084,0.5441176470588236,1.0,0.08823529411764708,0.25748502994011974
linreg,0.736248434513216,0.6987179487179487,0.7737789203084833,0.7669392523364486,0.7306901408450704,0.648,0.8133802816901409,0.8,0.6317599620493359,0.9032258064516129,0.3602941176470589,0.46107784431137727
SVR10,0.603585788675763,0.41025641025641024,0.7969151670951157,0.7616822429906542,0.600225352112676,0.392,0.8084507042253521,0.7747572815533981,0.5801707779886148,0.4838709677419355,0.6764705882352942,0.6407185628742516
ridge,0.7318156350932701,0.6474358974358975,0.8161953727506427,0.8008177570093458,0.7224084507042254,0.592,0.8528169014084507,0.8317152103559871,0.6523956356736244,0.8709677419354839,0.4338235294117647,0.5149700598802395
