,all,all,all,all,no revasc,no revasc,no revasc,no revasc,with revasc,with revasc,with revasc,with revasc
,Test AUC,Sensitivity,Specificity,Accuracy,Test AUC,Sensitivity,Specificity,Accuracy,Test AUC,Sensitivity,Specificity,Accuracy
lasso,0.7102729287891383,0.7777777777777778,0.6427680798004988,0.6512850467289719,0.7069032951989831,0.7142857142857143,0.6995208761122519,0.7003236245954693,0.5314685314685315,1.0,0.06293706293706292,0.19760479041916168
linreg,0.7454050060035098,0.7962962962962963,0.6945137157107232,0.7009345794392523,0.7420797887943678,0.7380952380952381,0.7460643394934976,0.7456310679611651,0.583916083916084,1.0,0.1678321678321678,0.2874251497005988
SVR10,0.5227902466057079,0.05555555555555555,0.9900249376558603,0.9310747663551402,0.531265278185196,0.07142857142857142,0.9911019849418207,0.9411003236245955,0.48951048951048953,0.0,1.0,0.8562874251497006
ridge,0.7488339336843077,0.7962962962962963,0.7013715710723192,0.7073598130841121,0.7451598709298914,0.7380952380952381,0.7522245037645449,0.7514563106796116,0.5909090909090908,1.0,0.18181818181818177,0.2994011976047904
