,all,all,all,all,no revasc,no revasc,no revasc,no revasc,with revasc,with revasc,with revasc,with revasc
,Test AUC,Sensitivity,Specificity,Accuracy,Test AUC,Sensitivity,Specificity,Accuracy,Test AUC,Sensitivity,Specificity,Accuracy
lasso,0.7318014705882354,0.8625,0.6011029411764706,0.6133177570093458,0.7373293270292961,0.819672131147541,0.6549865229110512,0.6614886731391586,0.5304054054054055,1.0,0.060810810810810856,0.16766467065868262
linreg,0.744546568627451,0.85,0.639093137254902,0.6489485981308412,0.7490113119172817,0.8032786885245902,0.694743935309973,0.6990291262135923,0.5405405405405406,1.0,0.08108108108108103,0.18562874251497005
SVR10,0.5169117647058824,0.0375,0.9963235294117647,0.951518691588785,0.5147088065043525,0.03278688524590164,0.9966307277628033,0.9585760517799353,0.5229374110953058,0.05263157894736842,0.9932432432432432,0.8862275449101796
ridge,0.7399509803921569,0.85,0.6299019607843137,0.6401869158878505,0.7504694887543635,0.819672131147541,0.681266846361186,0.6867313915857605,0.5311166429587482,0.9473684210526315,0.11486486486486491,0.20958083832335328
