,all,all,all,all,no revasc,no revasc,no revasc,no revasc,with revasc,with revasc,with revasc,with revasc
,Test AUC,Sensitivity,Specificity,Accuracy,Test AUC,Sensitivity,Specificity,Accuracy,Test AUC,Sensitivity,Specificity,Accuracy
lasso,0.7015649081209246,0.84,0.5631298162418494,0.5671728971962616,0.6741830065359478,0.7333333333333333,0.6150326797385621,0.6161812297734628,0.5286624203821656,1.0,0.0573248407643312,0.11377245508982035
linreg,0.7827741553052756,0.84,0.7255483106105513,0.7272196261682243,0.7875816993464052,0.8,0.7751633986928105,0.7754045307443366,0.5710191082802547,0.9,0.2420382165605095,0.281437125748503
SVR10,0.507705986959099,1.0,0.01541197391819793,0.029789719626168224,0.5052287581699346,1.0,0.010457516339869244,0.020064724919093852,0.5318471337579618,1.0,0.06369426751592355,0.11976047904191617
ridge,0.7719620628334322,0.8,0.7439241256668643,0.7447429906542056,0.7630718954248366,0.7333333333333333,0.7928104575163398,0.7922330097087379,0.5837579617834395,0.9,0.26751592356687903,0.30538922155688625
