,all,all,all,all,no revasc,no revasc,no revasc,no revasc,with revasc,with revasc,with revasc,with revasc
,Test AUC,Sensitivity,Specificity,Accuracy,Test AUC,Sensitivity,Specificity,Accuracy,Test AUC,Sensitivity,Specificity,Accuracy
lasso,0.6311743341404359,0.45,0.8123486682808717,0.7996495327102804,0.6187385793427502,0.3695652173913043,0.8679119412941961,0.8530744336569579,0.49112978524743234,0.0,1.0,0.9161676646706587
linreg,0.6521993543179984,0.43333333333333335,0.8710653753026634,0.8557242990654206,0.6332192476143516,0.34782608695652173,0.9186124082721815,0.9016181229773462,0.5597572362278245,0.7142857142857143,0.40522875816993464,0.4311377245508982
SVR10,0.6374697336561743,0.35,0.9249394673123487,0.9047897196261683,0.6114221074919512,0.2608695652173913,0.961974649766511,0.9411003236245955,0.6024743230625583,0.6428571428571429,0.5620915032679739,0.5688622754491018
ridge,0.6521993543179984,0.43333333333333335,0.8710653753026634,0.8557242990654206,0.6332192476143516,0.34782608695652173,0.9186124082721815,0.9016181229773462,0.5597572362278245,0.7142857142857143,0.40522875816993464,0.4311377245508982
