,all,all,all,all,no revasc,no revasc,no revasc,no revasc,with revasc,with revasc,with revasc,with revasc
,Test AUC,Sensitivity,Specificity,Accuracy,Test AUC,Sensitivity,Specificity,Accuracy,Test AUC,Sensitivity,Specificity,Accuracy
lasso,0.6700283435501945,0.717948717948718,0.6221079691516709,0.6308411214953271,0.6801971830985916,0.728,0.6323943661971831,0.6401294498381876,0.5960626185958253,0.6774193548387096,0.5147058823529411,0.5449101796407185
linreg,0.643802320216202,0.6217948717948718,0.6658097686375322,0.6617990654205608,0.6507323943661971,0.624,0.6774647887323944,0.6731391585760518,0.5785104364326377,0.6129032258064516,0.5441176470588236,0.5568862275449101
SVR10,0.5465114362929273,0.8141025641025641,0.2789203084832905,0.3276869158878505,0.5549577464788732,0.824,0.28591549295774643,0.3294498381877023,0.49003795066413663,0.0,1.0,0.8143712574850299
ridge,0.643802320216202,0.6217948717948718,0.6658097686375322,0.6617990654205608,0.6507323943661971,0.624,0.6774647887323944,0.6731391585760518,0.5785104364326377,0.6129032258064516,0.5441176470588236,0.5568862275449101
