,all,all,all,all,no revasc,no revasc,no revasc,no revasc,with revasc,with revasc,with revasc,with revasc
,Test AUC,Sensitivity,Specificity,Accuracy,Test AUC,Sensitivity,Specificity,Accuracy,Test AUC,Sensitivity,Specificity,Accuracy
lasso,0.7200968523002421,0.85,0.5901937046004843,0.5992990654205608,0.7253893900281347,0.8043478260869565,0.6464309539693129,0.6511326860841424,0.5196078431372548,1.0,0.039215686274509776,0.11976047904191617
linreg,0.7412025827280065,0.7166666666666667,0.7657384987893463,0.764018691588785,0.7554311570032195,0.6956521739130435,0.8152101400933955,0.8116504854368932,0.5333800186741363,0.7857142857142857,0.28104575163398693,0.32335329341317365
SVR10,0.6297619047619049,0.36666666666666664,0.8928571428571429,0.8744158878504673,0.5927429880790093,0.2608695652173913,0.9246164109406271,0.9048543689320389,0.6479925303454716,0.7142857142857143,0.5816993464052287,0.592814371257485
ridge,0.7307506053268766,0.7,0.7615012106537531,0.7593457943925234,0.7425602575630129,0.6739130434782609,0.8112074716477652,0.8071197411003236,0.5301120448179272,0.7857142857142857,0.27450980392156865,0.31736526946107785
