,all,all,all,all,no revasc,no revasc,no revasc,no revasc,with revasc,with revasc,with revasc,with revasc
,Test AUC,Sensitivity,Specificity,Accuracy,Test AUC,Sensitivity,Specificity,Accuracy,Test AUC,Sensitivity,Specificity,Accuracy
lasso,0.7061281980234598,0.7962962962962963,0.6159600997506234,0.6273364485981309,0.7051188031680845,0.7380952380952381,0.6721423682409309,0.6757281553398058,0.520979020979021,1.0,0.04195804195804198,0.17964071856287425
linreg,0.7091530433176318,0.8148148148148148,0.6034912718204488,0.616822429906542,0.7091522440598416,0.7619047619047619,0.6563997262149213,0.6621359223300971,0.5314685314685315,1.0,0.06293706293706292,0.19760479041916168
SVR10,0.49933037775930544,0.0,1.0,0.9369158878504673,0.5004766793781167,0.011904761904761904,0.9890485968514716,0.9359223300970874,0.4965034965034965,0.0,1.0,0.8562874251497006
ridge,0.7123972476216867,0.6018518518518519,0.8229426433915212,0.8089953271028038,0.7042021120563215,0.5357142857142857,0.8726899383983573,0.8543689320388349,0.574009324009324,0.8333333333333334,0.3146853146853147,0.38922155688622756
