,all,all,all,all,no revasc,no revasc,no revasc,no revasc,with revasc,with revasc,with revasc,with revasc
,Test AUC,Sensitivity,Specificity,Accuracy,Test AUC,Sensitivity,Specificity,Accuracy,Test AUC,Sensitivity,Specificity,Accuracy
lasso,0.6700555532917702,0.7268041237113402,0.6133069828722002,0.6261682242990654,0.6644234475669523,0.6624203821656051,0.6664265129682997,0.6660194174757281,0.523076923076923,1.0,0.0461538461538461,0.25748502994011974
linreg,0.6744223951754207,0.5721649484536082,0.7766798418972332,0.7535046728971962,0.6654972558233448,0.5031847133757962,0.8278097982708934,0.7948220064724919,0.5478170478170478,0.8648648648648649,0.23076923076923073,0.3712574850299401
SVR10,0.5208562541597055,0.10824742268041238,0.9334650856389987,0.8399532710280374,0.515047082362011,0.08917197452229299,0.9409221902017291,0.8543689320388349,0.5215176715176715,0.1891891891891892,0.8538461538461538,0.7065868263473054
ridge,0.6817570596145227,0.711340206185567,0.6521739130434783,0.6588785046728972,0.677146239835533,0.6496815286624203,0.7046109510086456,0.6990291262135923,0.5326403326403326,0.972972972972973,0.09230769230769231,0.2874251497005988
