,all,all,all,all,no revasc,no revasc,no revasc,no revasc,with revasc,with revasc,with revasc,with revasc
,Test AUC,Sensitivity,Specificity,Accuracy,Test AUC,Sensitivity,Specificity,Accuracy,Test AUC,Sensitivity,Specificity,Accuracy
lasso,0.6782834539566626,0.7687074829931972,0.5878594249201278,0.6033878504672897,0.6736784457372693,0.7094017094017094,0.6379551820728291,0.6433656957928803,0.5328467153284672,1.0,0.06569343065693434,0.23353293413173654
linreg,0.6914064028167178,0.6326530612244898,0.7501597444089457,0.740070093457944,0.6805106658047835,0.5641025641025641,0.7969187675070029,0.7792880258899676,0.5813868613138686,0.9,0.26277372262773724,0.3772455089820359
SVR10,0.4934233118167395,0.0,1.0,0.9141355140186916,0.49635495223730514,0.0,1.0,0.9242718446601942,0.4958637469586375,0.0,1.0,0.8203592814371258
ridge,0.6979091956271327,0.6258503401360545,0.7699680511182109,0.7575934579439252,0.6856909430438842,0.5555555555555556,0.8158263305322129,0.7961165048543689,0.595985401459854,0.9,0.291970802919708,0.40119760479041916
