,all,all,all,all,no revasc,no revasc,no revasc,no revasc,with revasc,with revasc,with revasc,with revasc
,Test AUC,Sensitivity,Specificity,Accuracy,Test AUC,Sensitivity,Specificity,Accuracy,Test AUC,Sensitivity,Specificity,Accuracy
lasso,0.7093552465233881,0.7,0.7187104930467763,0.7172897196261683,0.6972954230235784,0.6213592233009708,0.7732316227461858,0.7631067961165049,0.5785714285714285,1.0,0.15714285714285714,0.2934131736526946
linreg,0.7063405620927746,0.5846153846153846,0.8280657395701644,0.8095794392523364,0.6979889042995839,0.5339805825242718,0.861997226074896,0.8401294498381877,0.6281746031746032,0.7777777777777778,0.47857142857142854,0.5269461077844312
SVR10,0.646547700087523,0.5307692307692308,0.7623261694058154,0.7447429906542056,0.644244105409154,0.5145631067961165,0.7739251040221914,0.7566343042071197,0.6177248677248677,0.5925925925925926,0.6428571428571428,0.6347305389221557
ridge,0.7072887289701448,0.5846153846153846,0.8299620733249051,0.8113317757009346,0.6990291262135923,0.5339805825242718,0.8640776699029127,0.8420711974110032,0.6281746031746032,0.7777777777777778,0.47857142857142854,0.5269461077844312
