,all,all,all,all,no revasc,no revasc,no revasc,no revasc,with revasc,with revasc,with revasc,with revasc
,Test AUC,Sensitivity,Specificity,Accuracy,Test AUC,Sensitivity,Specificity,Accuracy,Test AUC,Sensitivity,Specificity,Accuracy
lasso,0.6715292775355528,0.7422680412371134,0.6007905138339921,0.616822429906542,0.6688769984764771,0.6878980891719745,0.6498559077809798,0.6537216828478964,0.524948024948025,0.972972972972973,0.07692307692307687,0.2754491017964072
linreg,0.6685750376920255,0.6237113402061856,0.7134387351778656,0.7032710280373832,0.6606008737311625,0.5668789808917197,0.7543227665706052,0.7352750809061489,0.5708939708939709,0.8648648648648649,0.27692307692307694,0.40718562874251496
SVR10,0.6645307852165764,0.6907216494845361,0.6383399209486166,0.6442757009345794,0.6603874887571358,0.6305732484076433,0.6902017291066282,0.6841423948220064,0.5152806652806653,0.9459459459459459,0.08461538461538465,0.2754491017964072
ridge,0.6685750376920255,0.6237113402061856,0.7134387351778656,0.7032710280373832,0.6606008737311625,0.5668789808917197,0.7543227665706052,0.7352750809061489,0.5708939708939709,0.8648648648648649,0.27692307692307694,0.40718562874251496
