,all,all,all,all,no revasc,no revasc,no revasc,no revasc,with revasc,with revasc,with revasc,with revasc
,Test AUC,Sensitivity,Specificity,Accuracy,Test AUC,Sensitivity,Specificity,Accuracy,Test AUC,Sensitivity,Specificity,Accuracy
lasso,0.606442672371876,0.35384615384615387,0.859039190897598,0.820677570093458,0.5832177531206657,0.2524271844660194,0.9140083217753121,0.8699029126213592,0.5167989417989418,0.7407407407407407,0.2928571428571428,0.3652694610778443
linreg,0.6204560925799865,0.36923076923076925,0.8716814159292036,0.8335280373831776,0.6054091539528432,0.2912621359223301,0.9195561719833565,0.8776699029126214,0.5226190476190475,0.6666666666666666,0.37857142857142856,0.4251497005988024
SVR10,0.4964699017796363,0.0,1.0,0.9240654205607477,0.5,0.0,1.0,0.9333333333333333,0.48505291005291,0.0,1.0,0.8383233532934131
ridge,0.6207721482057765,0.36923076923076925,0.8723135271807838,0.8341121495327103,0.605755894590846,0.2912621359223301,0.920249653259362,0.8783171521035599,0.5226190476190475,0.6666666666666666,0.37857142857142856,0.4251497005988024
