,all,all,all,all,no revasc,no revasc,no revasc,no revasc,with revasc,with revasc,with revasc,with revasc
,Test AUC,Sensitivity,Specificity,Accuracy,Test AUC,Sensitivity,Specificity,Accuracy,Test AUC,Sensitivity,Specificity,Accuracy
lasso,0.6885246458307865,0.7835051546391752,0.5935441370223979,0.615070093457944,0.6890086088217479,0.732484076433121,0.6455331412103746,0.654368932038835,0.5192307692307692,1.0,0.038461538461538436,0.25149700598802394
linreg,0.679919997826766,0.7577319587628866,0.6021080368906455,0.6197429906542056,0.6790368765946512,0.7197452229299363,0.638328530259366,0.6466019417475728,0.5671517671517672,0.918918918918919,0.2153846153846154,0.3712574850299401
SVR10,0.5150598318460264,0.06701030927835051,0.9631093544137023,0.8615654205607477,0.5191243414893812,0.07643312101910828,0.9618155619596542,0.8718446601941747,0.501975051975052,0.02702702702702703,0.9769230769230769,0.7664670658682635
ridge,0.679919997826766,0.7577319587628866,0.6021080368906455,0.6197429906542056,0.6790368765946512,0.7197452229299363,0.638328530259366,0.6466019417475728,0.5671517671517672,0.918918918918919,0.2153846153846154,0.3712574850299401
