,all,all,all,all,no revasc,no revasc,no revasc,no revasc,with revasc,with revasc,with revasc,with revasc
,Test AUC,Sensitivity,Specificity,Accuracy,Test AUC,Sensitivity,Specificity,Accuracy,Test AUC,Sensitivity,Specificity,Accuracy
lasso,0.7053857762686286,0.8157894736842105,0.5949820788530467,0.5998831775700935,0.6892819162404417,0.7307692307692307,0.6477946017116525,0.6491909385113268,0.5387096774193548,1.0,0.07741935483870965,0.1437125748502994
linreg,0.7707822423442117,0.7894736842105263,0.7520908004778972,0.7529205607476636,0.781916240441586,0.7692307692307693,0.7946017116524029,0.7941747572815534,0.5844086021505377,0.8333333333333334,0.3354838709677419,0.3712574850299401
SVR10,0.5329025969942779,0.07894736842105263,0.986857825567503,0.9667056074766355,0.5328657517597609,0.07692307692307693,0.9888084265964451,0.973462783171521,0.5255376344086021,0.08333333333333333,0.967741935483871,0.9041916167664671
ridge,0.7726057976482424,0.8421052631578947,0.7031063321385902,0.7061915887850467,0.7758013875525396,0.8076923076923077,0.7439104674127716,0.7449838187702266,0.6099462365591397,0.9166666666666666,0.3032258064516129,0.3473053892215569
