,all,all,all,all,no revasc,no revasc,no revasc,no revasc,with revasc,with revasc,with revasc,with revasc
,Test AUC,Sensitivity,Specificity,Accuracy,Test AUC,Sensitivity,Specificity,Accuracy,Test AUC,Sensitivity,Specificity,Accuracy
lasso,0.7740248962655603,0.88,0.6680497925311204,0.6711448598130841,0.7977124183006536,0.8666666666666667,0.7287581699346406,0.7300970873786408,0.48821656050955414,0.0,1.0,0.9401197604790419
linreg,0.7897451096621222,0.8,0.7794902193242442,0.7797897196261683,0.8107843137254902,0.8,0.8215686274509804,0.8213592233009709,0.5847133757961784,0.8,0.3694267515923567,0.39520958083832336
SVR10,0.5908002371072911,0.28,0.9016004742145821,0.8925233644859814,0.5901960784313726,0.26666666666666666,0.9137254901960784,0.9074433656957929,0.54171974522293,0.3,0.7834394904458599,0.7544910179640718
ridge,0.7738944872554832,0.76,0.7877889745109662,0.7873831775700935,0.780718954248366,0.7333333333333333,0.8281045751633986,0.8271844660194175,0.5974522292993631,0.8,0.39490445859872614,0.41916167664670656
