,all,all,all,all,no revasc,no revasc,no revasc,no revasc,with revasc,with revasc,with revasc,with revasc
,Test AUC,Sensitivity,Specificity,Accuracy,Test AUC,Sensitivity,Specificity,Accuracy,Test AUC,Sensitivity,Specificity,Accuracy
lasso,0.7366020984665052,0.8666666666666667,0.6065375302663438,0.6156542056074766,0.7452649592481944,0.8260869565217391,0.6644429619746497,0.6692556634304208,0.5196078431372548,1.0,0.039215686274509776,0.11976047904191617
linreg,0.7438458434221147,0.8333333333333334,0.6543583535108959,0.6606308411214953,0.7537416248513502,0.8043478260869565,0.7031354236157439,0.7061488673139159,0.5525210084033614,0.9285714285714286,0.17647058823529416,0.23952095808383234
SVR10,0.5207828894269572,0.08333333333333333,0.9582324455205811,0.927570093457944,0.5353351509702121,0.10869565217391304,0.961974649766511,0.9365695792880259,0.4607843137254902,0.0,1.0,0.9161676646706587
ridge,0.7508071025020179,0.8333333333333334,0.6682808716707022,0.6740654205607477,0.7505438408214171,0.782608695652174,0.7184789859906604,0.7203883495145631,0.5882352941176471,1.0,0.17647058823529416,0.24550898203592814
