,all,all,all,all,no revasc,no revasc,no revasc,no revasc,with revasc,with revasc,with revasc,with revasc
,Test AUC,Sensitivity,Specificity,Accuracy,Test AUC,Sensitivity,Specificity,Accuracy,Test AUC,Sensitivity,Specificity,Accuracy
lasso,0.7124087928327331,0.7870370370370371,0.6377805486284289,0.647196261682243,0.7084066686222744,0.7261904761904762,0.6906228610540726,0.6925566343042071,0.548951048951049,1.0,0.09790209790209792,0.2275449101796407
linreg,0.7193128290385149,0.7777777777777778,0.6608478802992519,0.6682242990654206,0.7079299892441577,0.7142857142857143,0.7015742642026009,0.7022653721682848,0.6223776223776224,1.0,0.2447552447552448,0.3532934131736527
SVR10,0.5196730396231644,0.3055555555555556,0.7337905236907731,0.7067757009345794,0.5151315146181676,0.30952380952380953,0.7207392197125257,0.6983818770226538,0.5793997668997669,0.2916666666666667,0.8671328671328671,0.7844311377245509
ridge,0.7190011083402605,0.7777777777777778,0.6602244389027432,0.6676401869158879,0.7075877578957661,0.7142857142857143,0.7008898015058179,0.7016181229773463,0.6223776223776224,1.0,0.2447552447552448,0.3532934131736527
