,all,all,all,all,no revasc,no revasc,no revasc,no revasc,with revasc,with revasc,with revasc,with revasc
,Test AUC,Sensitivity,Specificity,Accuracy,Test AUC,Sensitivity,Specificity,Accuracy,Test AUC,Sensitivity,Specificity,Accuracy
lasso,0.7373486682808718,0.85,0.6246973365617434,0.6325934579439252,0.7417336195144589,0.8043478260869565,0.6791194129419613,0.6828478964401294,0.5457516339869282,1.0,0.09150326797385622,0.16766467065868262
linreg,0.729903147699758,0.8,0.6598062953995157,0.6647196261682243,0.7204658177915712,0.7391304347826086,0.7018012008005337,0.7029126213592233,0.6241830065359477,1.0,0.24836601307189543,0.31137724550898205
SVR10,0.5098264729620662,0.9833333333333333,0.03631961259079908,0.06950934579439252,0.5113408939292862,1.0,0.022681787858572333,0.05177993527508091,0.5492530345471521,0.9285714285714286,0.16993464052287577,0.23353293413173654
ridge,0.729903147699758,0.8,0.6598062953995157,0.6647196261682243,0.7204658177915712,0.7391304347826086,0.7018012008005337,0.7029126213592233,0.6241830065359477,1.0,0.24836601307189543,0.31137724550898205
