,all,all,all,all,no revasc,no revasc,no revasc,no revasc,with revasc,with revasc,with revasc,with revasc
,Test AUC,Sensitivity,Specificity,Accuracy,Test AUC,Sensitivity,Specificity,Accuracy,Test AUC,Sensitivity,Specificity,Accuracy
lasso,0.7056295399515738,0.7,0.7112590799031477,0.7108644859813084,0.7086753487832467,0.6521739130434783,0.7651767845230153,0.7618122977346279,0.5200746965452847,0.8571428571428571,0.18300653594771243,0.23952095808383234
linreg,0.7245359160613398,0.6833333333333333,0.7657384987893463,0.7628504672897196,0.7353598050874496,0.6521739130434783,0.8185456971314209,0.8135922330097087,0.5170401493930905,0.7857142857142857,0.24836601307189543,0.2934131736526946
SVR10,0.5053066989507667,0.016666666666666666,0.9939467312348669,0.959696261682243,0.49799866577718477,0.0,1.0,0.9702265372168285,0.522642390289449,0.07142857142857142,0.9738562091503268,0.8982035928143712
ridge,0.7254439063761098,0.6833333333333333,0.7675544794188862,0.7646028037383178,0.7353598050874496,0.6521739130434783,0.8185456971314209,0.8135922330097087,0.526844070961718,0.7857142857142857,0.2679738562091504,0.31137724550898205
