,all,all,all,all,no revasc,no revasc,no revasc,no revasc,with revasc,with revasc,with revasc,with revasc
,Test AUC,Sensitivity,Specificity,Accuracy,Test AUC,Sensitivity,Specificity,Accuracy,Test AUC,Sensitivity,Specificity,Accuracy
lasso,0.6910729104919977,0.64,0.7421458209839953,0.7406542056074766,0.6996732026143792,0.6,0.7993464052287582,0.7974110032362459,0.44235668789808913,0.0,1.0,0.9401197604790419
linreg,0.7557913455838766,0.92,0.5915826911677534,0.5963785046728972,0.7866013071895425,0.9333333333333333,0.6398692810457516,0.6427184466019418,0.5105095541401274,0.9,0.12101910828025475,0.16766467065868262
SVR10,0.6156727919383521,0.44,0.7913455838767042,0.7862149532710281,0.7339869281045751,0.6666666666666666,0.8013071895424837,0.8,0.3971337579617835,0.0,1.0,0.9401197604790419
ridge,0.7557913455838766,0.92,0.5915826911677534,0.5963785046728972,0.7866013071895425,0.9333333333333333,0.6398692810457516,0.6427184466019418,0.5105095541401274,0.9,0.12101910828025475,0.16766467065868262
