,all,all,all,all,no revasc,no revasc,no revasc,no revasc,with revasc,with revasc,with revasc,with revasc
,Test AUC,Sensitivity,Specificity,Accuracy,Test AUC,Sensitivity,Specificity,Accuracy,Test AUC,Sensitivity,Specificity,Accuracy
lasso,0.7060427789862237,0.6987179487179487,0.7133676092544987,0.7120327102803738,0.6976901408450704,0.632,0.7633802816901408,0.7527508090614887,0.5794592030360531,0.967741935483871,0.19117647058823528,0.33532934131736525
linreg,0.6872404587700217,0.5769230769230769,0.7975578406169666,0.7774532710280374,0.6776056338028169,0.52,0.8352112676056338,0.8097087378640777,0.6054316888045541,0.8064516129032258,0.40441176470588236,0.47904191616766467
SVR10,0.513108891964933,0.05128205128205128,0.9749357326478149,0.8907710280373832,0.5097887323943662,0.04,0.9795774647887324,0.9035598705501618,0.5116223908918406,0.0967741935483871,0.9264705882352942,0.7724550898203593
ridge,0.6869191220090963,0.5769230769230769,0.7969151670951157,0.7768691588785047,0.6772535211267605,0.52,0.8345070422535211,0.8090614886731392,0.6054316888045541,0.8064516129032258,0.40441176470588236,0.47904191616766467
