,all,all,all,all,no revasc,no revasc,no revasc,no revasc,with revasc,with revasc,with revasc,with revasc
,Test AUC,Sensitivity,Specificity,Accuracy,Test AUC,Sensitivity,Specificity,Accuracy,Test AUC,Sensitivity,Specificity,Accuracy
lasso,0.6247549019607843,0.35,0.8995098039215687,0.8738317757009346,0.6083469577128718,0.2786885245901639,0.9380053908355795,0.9119741100323625,0.546230440967283,0.5789473684210527,0.5135135135135135,0.5209580838323353
linreg,0.7095588235294118,0.6875,0.7316176470588236,0.7295560747663551,0.7050064071406478,0.6229508196721312,0.7870619946091644,0.7805825242718447,0.5352062588904695,0.8947368421052632,0.17567567567567566,0.25748502994011974
SVR10,0.6289828431372549,0.375,0.8829656862745098,0.8592289719626168,0.58599929300517,0.26229508196721313,0.9097035040431267,0.8841423948220065,0.6758534850640114,0.7368421052631579,0.6148648648648649,0.6287425149700598
ridge,0.6985906862745098,0.6625,0.7346813725490196,0.7313084112149533,0.6899606734125756,0.5901639344262295,0.7897574123989218,0.7818770226537217,0.5385846372688479,0.8947368421052632,0.18243243243243246,0.2634730538922156
