,all,all,all,all,no revasc,no revasc,no revasc,no revasc,with revasc,with revasc,with revasc,with revasc
,Test AUC,Sensitivity,Specificity,Accuracy,Test AUC,Sensitivity,Specificity,Accuracy,Test AUC,Sensitivity,Specificity,Accuracy
lasso,0.7375100887812751,0.8666666666666667,0.6083535108958837,0.6174065420560748,0.7462656263596021,0.8260869565217391,0.666444296197465,0.6711974110032363,0.5196078431372548,1.0,0.039215686274509776,0.11976047904191617
linreg,0.7926957223567392,0.7833333333333333,0.8020581113801453,0.8014018691588785,0.8013820808074947,0.7608695652173914,0.8418945963975983,0.8394822006472492,0.634453781512605,0.8571428571428571,0.4117647058823529,0.4491017964071856
SVR10,0.6210653753026635,0.25,0.9921307506053268,0.9661214953271028,0.6165632160570815,0.2391304347826087,0.9939959973315544,0.9715210355987055,0.6297852474323061,0.2857142857142857,0.9738562091503268,0.9161676646706587
ridge,0.8024011299435028,0.8166666666666667,0.788135593220339,0.7891355140186916,0.8055805319488354,0.782608695652174,0.8285523682454969,0.8271844660194175,0.6603641456582634,0.9285714285714286,0.3921568627450981,0.437125748502994
