,all,all,all,all,no revasc,no revasc,no revasc,no revasc,with revasc,with revasc,with revasc,with revasc
,Test AUC,Sensitivity,Specificity,Accuracy,Test AUC,Sensitivity,Specificity,Accuracy,Test AUC,Sensitivity,Specificity,Accuracy
lasso,0.5608479994726782,0.16025641025641027,0.961439588688946,0.8884345794392523,0.5362535211267606,0.088,0.9845070422535211,0.9119741100323625,0.5861005692599621,0.45161290322580644,0.7205882352941176,0.6706586826347305
linreg,0.5841490343418363,0.28205128205128205,0.8862467866323908,0.8311915887850467,0.5670281690140845,0.208,0.926056338028169,0.8679611650485437,0.5256166982922201,0.5806451612903226,0.47058823529411764,0.49101796407185627
SVR10,0.5064102564102564,0.01282051282051282,1.0,0.9100467289719626,0.504,0.008,1.0,0.9197411003236245,0.5161290322580645,0.03225806451612903,1.0,0.8203592814371258
ridge,0.5841490343418363,0.28205128205128205,0.8862467866323908,0.8311915887850467,0.5670281690140845,0.208,0.926056338028169,0.8679611650485437,0.5256166982922201,0.5806451612903226,0.47058823529411764,0.49101796407185627
