,all,all,all,all,no revasc,no revasc,no revasc,no revasc,with revasc,with revasc,with revasc,with revasc
,Test AUC,Sensitivity,Specificity,Accuracy,Test AUC,Sensitivity,Specificity,Accuracy,Test AUC,Sensitivity,Specificity,Accuracy
lasso,0.7646828689982217,0.92,0.6093657379964434,0.6139018691588785,0.7683006535947713,0.8666666666666667,0.6699346405228759,0.6718446601941748,0.5095541401273885,1.0,0.019108280254777066,0.07784431137724551
linreg,0.7910610551274452,0.92,0.6621221102548903,0.6658878504672897,0.7892156862745098,0.8666666666666667,0.711764705882353,0.7132686084142394,0.589171974522293,1.0,0.17834394904458595,0.2275449101796407
SVR10,0.5109543568464731,0.08,0.941908713692946,0.929322429906542,0.5356209150326797,0.13333333333333333,0.9379084967320261,0.9300970873786408,0.49044585987261147,0.0,1.0,0.9401197604790419
ridge,0.7889863663307647,0.92,0.6579727326615293,0.6617990654205608,0.7879084967320261,0.8666666666666667,0.7091503267973855,0.7106796116504854,0.5796178343949044,1.0,0.15923566878980888,0.20958083832335328
