,all,all,all,all,no revasc,no revasc,no revasc,no revasc,with revasc,with revasc,with revasc,with revasc
,Test AUC,Sensitivity,Specificity,Accuracy,Test AUC,Sensitivity,Specificity,Accuracy,Test AUC,Sensitivity,Specificity,Accuracy
lasso,0.721997549019608,0.8625,0.5814950980392157,0.594626168224299,0.7344074499580222,0.8360655737704918,0.6327493261455526,0.6407766990291263,0.5074679943100995,0.9473684210526315,0.06756756756756754,0.16766467065868262
linreg,0.7319240196078431,0.9375,0.5263480392156863,0.5455607476635514,0.7440568247094693,0.9180327868852459,0.5700808625336927,0.5838187702265372,0.5439189189189189,1.0,0.08783783783783783,0.19161676646706588
SVR10,0.5401960784313725,0.2875,0.7928921568627451,0.7692757009345794,0.5544330785206133,0.32786885245901637,0.7809973045822103,0.7631067961165049,0.5350284495021338,0.15789473684210525,0.9121621621621622,0.8263473053892215
ridge,0.7319240196078431,0.9375,0.5263480392156863,0.5455607476635514,0.7440568247094693,0.9180327868852459,0.5700808625336927,0.5838187702265372,0.5439189189189189,1.0,0.08783783783783783,0.19161676646706588
