,all,all,all,all,no revasc,no revasc,no revasc,no revasc,with revasc,with revasc,with revasc,with revasc
,Test AUC,Sensitivity,Specificity,Accuracy,Test AUC,Sensitivity,Specificity,Accuracy,Test AUC,Sensitivity,Specificity,Accuracy
lasso,0.7466911764705882,0.7875,0.7058823529411764,0.709696261682243,0.759124652025982,0.7540983606557377,0.7641509433962264,0.7637540453074434,0.5081792318634424,0.8947368421052632,0.1216216216216216,0.20958083832335328
linreg,0.7666666666666667,0.7625,0.7708333333333334,0.7704439252336449,0.7690115328531659,0.7213114754098361,0.816711590296496,0.8129449838187702,0.602773826458037,0.8947368421052632,0.31081081081081086,0.3772455089820359
SVR10,0.5194852941176471,0.05,0.9889705882352942,0.9450934579439252,0.5212208916972295,0.04918032786885246,0.9932614555256065,0.9559870550161812,0.49928876244665715,0.0,1.0,0.8862275449101796
ridge,0.7675857843137255,0.7625,0.772671568627451,0.772196261682243,0.770022314524325,0.7213114754098361,0.818733153638814,0.8148867313915857,0.602773826458037,0.8947368421052632,0.31081081081081086,0.3772455089820359
