,all,all,all,all,no revasc,no revasc,no revasc,no revasc,with revasc,with revasc,with revasc,with revasc
,Test AUC,Sensitivity,Specificity,Accuracy,Test AUC,Sensitivity,Specificity,Accuracy,Test AUC,Sensitivity,Specificity,Accuracy
lasso,0.69634940426711,0.6944444444444444,0.6982543640897756,0.6980140186915887,0.6946685244939865,0.6309523809523809,0.7583846680355921,0.7514563106796116,0.5002913752913752,0.9166666666666666,0.08391608391608396,0.20359281437125748
linreg,0.7044541424217234,0.6944444444444444,0.7144638403990025,0.7132009345794392,0.7026742935367165,0.6428571428571429,0.7624914442162902,0.7559870550161812,0.5493881118881119,0.875,0.22377622377622375,0.31736526946107785
SVR10,0.5166481943289923,0.037037037037037035,0.9962593516209476,0.9357476635514018,0.5168304488119684,0.03571428571428571,0.997946611909651,0.945631067961165,0.5103438228438228,0.041666666666666664,0.9790209790209791,0.844311377245509
ridge,0.7044541424217234,0.6944444444444444,0.7144638403990025,0.7132009345794392,0.7026742935367165,0.6428571428571429,0.7624914442162902,0.7559870550161812,0.5493881118881119,0.875,0.22377622377622375,0.31736526946107785
