,all,all,all,all,no revasc,no revasc,no revasc,no revasc,with revasc,with revasc,with revasc,with revasc
,Test AUC,Sensitivity,Specificity,Accuracy,Test AUC,Sensitivity,Specificity,Accuracy,Test AUC,Sensitivity,Specificity,Accuracy
lasso,0.7004479541886025,0.6851851851851852,0.7157107231920199,0.7137850467289719,0.6945340764642614,0.6190476190476191,0.7700205338809035,0.7618122977346279,0.5387529137529137,0.9166666666666666,0.16083916083916083,0.2694610778443114
linreg,0.7123741571995936,0.7314814814814815,0.6932668329177057,0.695677570093458,0.7056810403832992,0.6666666666666666,0.7446954140999316,0.7404530744336569,0.5630827505827506,0.9583333333333334,0.1678321678321678,0.281437125748503
SVR10,0.5006234413965087,1.0,0.0012468827930174342,0.06425233644859812,0.5003422313483915,1.0,0.000684462696783017,0.05501618122977346,0.5034965034965035,1.0,0.006993006993006978,0.1497005988023952
ridge,0.7041770573566086,0.75,0.658354114713217,0.6641355140186916,0.7064266158208663,0.7023809523809523,0.7104722792607803,0.7100323624595469,0.5212703962703963,0.9166666666666666,0.12587412587412583,0.23952095808383234
