,all,all,all,all,no revasc,no revasc,no revasc,no revasc,with revasc,with revasc,with revasc,with revasc
,Test AUC,Sensitivity,Specificity,Accuracy,Test AUC,Sensitivity,Specificity,Accuracy,Test AUC,Sensitivity,Specificity,Accuracy
lasso,0.6934053754502632,0.7222222222222222,0.6645885286783042,0.6682242990654206,0.6940451745379878,0.6666666666666666,0.7214236824093088,0.7184466019417476,0.5002913752913752,0.9166666666666666,0.08391608391608396,0.20359281437125748
linreg,0.679181675441027,0.5740740740740741,0.7842892768079801,0.7710280373831776,0.6710790065512858,0.5119047619047619,0.8302532511978097,0.8129449838187702,0.5531759906759905,0.7916666666666666,0.3146853146853147,0.38323353293413176
SVR10,0.5129537267941258,0.027777777777777776,0.9981296758104738,0.9369158878504673,0.5115625305563704,0.023809523809523808,0.999315537303217,0.9462783171521035,0.5138403263403264,0.041666666666666664,0.986013986013986,0.8502994011976048
ridge,0.679181675441027,0.5740740740740741,0.7842892768079801,0.7710280373831776,0.6710790065512858,0.5119047619047619,0.8302532511978097,0.8129449838187702,0.5531759906759905,0.7916666666666666,0.3146853146853147,0.38323353293413176
