,all,all,all,all,no revasc,no revasc,no revasc,no revasc,with revasc,with revasc,with revasc,with revasc
,Test AUC,Sensitivity,Specificity,Accuracy,Test AUC,Sensitivity,Specificity,Accuracy,Test AUC,Sensitivity,Specificity,Accuracy
lasso,0.6629825926286103,0.5307692307692308,0.7951959544879899,0.7751168224299065,0.647364771151179,0.4368932038834951,0.8578363384188628,0.8297734627831715,0.5194444444444445,0.8888888888888888,0.15000000000000002,0.2694610778443114
linreg,0.6688855392395215,0.5615384615384615,0.7762326169405815,0.759929906542056,0.6601941747572815,0.5048543689320388,0.8155339805825242,0.7948220064724919,0.5746031746031746,0.7777777777777778,0.37142857142857144,0.437125748502994
SVR10,0.5295584946027424,0.06923076923076923,0.9898862199747156,0.9199766355140186,0.5301664355062413,0.06796116504854369,0.992371705963939,0.9307443365695793,0.5191798941798941,0.07407407407407407,0.9642857142857143,0.8203592814371258
ridge,0.6688855392395215,0.5615384615384615,0.7762326169405815,0.759929906542056,0.6601941747572815,0.5048543689320388,0.8155339805825242,0.7948220064724919,0.5746031746031746,0.7777777777777778,0.37142857142857144,0.437125748502994
