,all,all,all,all,no revasc,no revasc,no revasc,no revasc,with revasc,with revasc,with revasc,with revasc
,Test AUC,Sensitivity,Specificity,Accuracy,Test AUC,Sensitivity,Specificity,Accuracy,Test AUC,Sensitivity,Specificity,Accuracy
lasso,0.698507244967422,0.7307692307692307,0.6662452591656132,0.6711448598130841,0.691747572815534,0.6601941747572816,0.7233009708737864,0.7190938511326861,0.5392857142857144,1.0,0.07857142857142863,0.2275449101796407
linreg,0.7262617913060392,0.676923076923077,0.7756005056890013,0.768107476635514,0.7135922330097088,0.6116504854368932,0.8155339805825242,0.8019417475728156,0.6451058201058202,0.9259259259259259,0.3642857142857143,0.4550898203592814
SVR10,0.6371584168044344,0.4076923076923077,0.8666245259165613,0.8317757009345794,0.6341886269070736,0.3883495145631068,0.8800277392510403,0.8472491909385114,0.6050264550264551,0.48148148148148145,0.7285714285714286,0.688622754491018
ridge,0.7231595837790529,0.7307692307692307,0.7155499367888749,0.7167056074766355,0.713245492371706,0.6699029126213593,0.7565880721220527,0.7508090614886731,0.6279100529100529,0.9629629629629629,0.2928571428571428,0.40119760479041916
