,all,all,all,all,no revasc,no revasc,no revasc,no revasc,with revasc,with revasc,with revasc,with revasc
,Test AUC,Sensitivity,Specificity,Accuracy,Test AUC,Sensitivity,Specificity,Accuracy,Test AUC,Sensitivity,Specificity,Accuracy
lasso,0.7059988681380871,0.8421052631578947,0.5698924731182795,0.5759345794392523,0.695016964602218,0.7692307692307693,0.6208031599736669,0.6233009708737864,0.5354838709677419,1.0,0.07096774193548383,0.1377245508982036
linreg,0.7311513550902344,0.9473684210526315,0.5149342891278375,0.5245327102803738,0.7409986327037018,0.9230769230769231,0.5589203423304806,0.5650485436893203,0.5419354838709678,1.0,0.08387096774193548,0.1497005988023952
SVR10,0.5267402376910016,0.2631578947368421,0.7903225806451613,0.7786214953271028,0.5624778447359092,0.34615384615384615,0.7788018433179723,0.7715210355987056,0.49327956989247307,0.0,1.0,0.9281437125748503
ridge,0.7311513550902344,0.9473684210526315,0.5149342891278375,0.5245327102803738,0.7409986327037018,0.9230769230769231,0.5589203423304806,0.5650485436893203,0.5419354838709678,1.0,0.08387096774193548,0.1497005988023952
