,all,all,all,all,no revasc,no revasc,no revasc,no revasc,with revasc,with revasc,with revasc,with revasc
,Test AUC,Sensitivity,Specificity,Accuracy,Test AUC,Sensitivity,Specificity,Accuracy,Test AUC,Sensitivity,Specificity,Accuracy
lasso,0.6843776488231076,0.6326530612244898,0.7361022364217252,0.7272196261682243,0.6755368814192344,0.5555555555555556,0.7955182072829132,0.7773462783171521,0.5250608272506082,0.9333333333333333,0.11678832116788318,0.2634730538922156
linreg,0.6387689900241247,0.5510204081632653,0.726517571884984,0.7114485981308412,0.628115348703584,0.49572649572649574,0.7605042016806722,0.7404530744336569,0.5694647201946472,0.7666666666666667,0.3722627737226277,0.4431137724550898
SVR10,0.5200886744474147,0.04081632653061224,0.9993610223642172,0.9170560747663551,0.5167438770379947,0.03418803418803419,0.9992997198879552,0.9262135922330097,0.5333333333333333,0.06666666666666667,1.0,0.8323353293413174
ridge,0.6387689900241247,0.5510204081632653,0.726517571884984,0.7114485981308412,0.628115348703584,0.49572649572649574,0.7605042016806722,0.7404530744336569,0.5694647201946472,0.7666666666666667,0.3722627737226277,0.4431137724550898
