,all,all,all,all,no revasc,no revasc,no revasc,no revasc,with revasc,with revasc,with revasc,with revasc
,Test AUC,Sensitivity,Specificity,Accuracy,Test AUC,Sensitivity,Specificity,Accuracy,Test AUC,Sensitivity,Specificity,Accuracy
lasso,0.698507244967422,0.7307692307692307,0.6662452591656132,0.6711448598130841,0.691747572815534,0.6601941747572816,0.7233009708737864,0.7190938511326861,0.5392857142857144,1.0,0.07857142857142863,0.2275449101796407
linreg,0.7210006807351941,0.7384615384615385,0.7035398230088495,0.7061915887850467,0.7139389736477115,0.6796116504854369,0.7482662968099861,0.7436893203883496,0.6029100529100528,0.9629629629629629,0.24285714285714288,0.3592814371257485
SVR10,0.5724107750656423,0.3230769230769231,0.8217446270543616,0.7838785046728972,0.5721220527045769,0.3300970873786408,0.8141470180305131,0.7818770226537217,0.5981481481481482,0.2962962962962963,0.9,0.8023952095808383
ridge,0.7210006807351941,0.7384615384615385,0.7035398230088495,0.7061915887850467,0.7139389736477115,0.6796116504854369,0.7482662968099861,0.7436893203883496,0.6029100529100528,0.9629629629629629,0.24285714285714288,0.3592814371257485
