,all,all,all,all,no revasc,no revasc,no revasc,no revasc,with revasc,with revasc,with revasc,with revasc
,Test AUC,Sensitivity,Specificity,Accuracy,Test AUC,Sensitivity,Specificity,Accuracy,Test AUC,Sensitivity,Specificity,Accuracy
lasso,0.6950184562652428,0.7756410256410257,0.6143958868894601,0.6290887850467289,0.6948591549295774,0.72,0.6697183098591549,0.6737864077669903,0.5183823529411764,1.0,0.03676470588235292,0.2155688622754491
linreg,0.6805665414277239,0.7692307692307693,0.5919023136246786,0.6080607476635514,0.6849014084507044,0.736,0.6338028169014085,0.6420711974110033,0.5288187855787476,0.9032258064516129,0.15441176470588236,0.2934131736526946
SVR10,0.609674708325094,0.4230769230769231,0.7962724935732648,0.7622663551401869,0.6174084507042255,0.432,0.8028169014084507,0.7728155339805826,0.5575189753320684,0.3870967741935484,0.7279411764705883,0.6646706586826348
ridge,0.6805665414277239,0.7692307692307693,0.5919023136246786,0.6080607476635514,0.6849014084507044,0.736,0.6338028169014085,0.6420711974110033,0.5288187855787476,0.9032258064516129,0.15441176470588236,0.2934131736526946
