,all,all,all,all,no revasc,no revasc,no revasc,no revasc,with revasc,with revasc,with revasc,with revasc
,Test AUC,Sensitivity,Specificity,Accuracy,Test AUC,Sensitivity,Specificity,Accuracy,Test AUC,Sensitivity,Specificity,Accuracy
lasso,0.7039359810314166,0.84,0.5678719620628334,0.5718457943925234,0.6761437908496732,0.7333333333333333,0.6189542483660131,0.6200647249190938,0.535031847133758,1.0,0.07006369426751591,0.12574850299401197
linreg,0.7208417308832247,0.76,0.6816834617664493,0.6828271028037384,0.696078431372549,0.6666666666666666,0.7254901960784313,0.7249190938511327,0.5773885350318472,0.9,0.2547770700636943,0.2934131736526946
SVR10,0.6832009484291642,0.76,0.6064018968583285,0.6086448598130841,0.6637254901960784,0.6666666666666666,0.6607843137254902,0.6608414239482201,0.48821656050955414,0.0,1.0,0.9401197604790419
ridge,0.7208417308832247,0.76,0.6816834617664493,0.6828271028037384,0.696078431372549,0.6666666666666666,0.7254901960784313,0.7249190938511327,0.5773885350318472,0.9,0.2547770700636943,0.2934131736526946
