,all,all,all,all,no revasc,no revasc,no revasc,no revasc,with revasc,with revasc,with revasc,with revasc
,Test AUC,Sensitivity,Specificity,Accuracy,Test AUC,Sensitivity,Specificity,Accuracy,Test AUC,Sensitivity,Specificity,Accuracy
lasso,0.7136029411764706,0.85,0.5772058823529411,0.5899532710280374,0.7159924439927533,0.8032786885245902,0.6287061994609164,0.6355987055016181,0.5304054054054055,1.0,0.060810810810810856,0.16766467065868262
linreg,0.7582107843137255,0.775,0.741421568627451,0.7429906542056075,0.755534443904379,0.7213114754098361,0.7897574123989218,0.7870550161812297,0.6020625889046941,0.9473684210526315,0.2567567567567568,0.33532934131736525
SVR10,0.49485294117647055,0.0,1.0,0.9532710280373832,0.49685718704431975,0.0,1.0,0.9605177993527508,0.5040896159317212,0.9473684210526315,0.060810810810810856,0.16167664670658682
ridge,0.7614583333333332,0.7625,0.7604166666666666,0.7605140186915887,0.7564347576333349,0.7049180327868853,0.8079514824797844,0.8038834951456311,0.6155761024182076,0.9473684210526315,0.28378378378378377,0.3592814371257485
