,all,all,all,all,no revasc,no revasc,no revasc,no revasc,with revasc,with revasc,with revasc,with revasc
,Test AUC,Sensitivity,Specificity,Accuracy,Test AUC,Sensitivity,Specificity,Accuracy,Test AUC,Sensitivity,Specificity,Accuracy
lasso,0.6730526111057085,0.6153846153846154,0.7307206068268015,0.7219626168224299,0.6622746185852981,0.5339805825242718,0.7905686546463245,0.7734627831715211,0.5201058201058202,0.9259259259259259,0.11428571428571432,0.24550898203592814
linreg,0.634644558980842,0.5461538461538461,0.7231352718078381,0.709696261682243,0.6213592233009708,0.4854368932038835,0.7572815533980582,0.7391585760517799,0.5746031746031746,0.7777777777777778,0.37142857142857144,0.437125748502994
SVR10,0.5227608674511329,0.046153846153846156,0.9993678887484198,0.9269859813084113,0.5190707350901526,0.038834951456310676,0.9993065187239945,0.9352750809061489,0.537037037037037,0.07407407407407407,1.0,0.8502994011976048
ridge,0.634644558980842,0.5461538461538461,0.7231352718078381,0.709696261682243,0.6213592233009708,0.4854368932038835,0.7572815533980582,0.7391585760517799,0.5746031746031746,0.7777777777777778,0.37142857142857144,0.437125748502994
