,all,all,all,all,no revasc,no revasc,no revasc,no revasc,with revasc,with revasc,with revasc,with revasc
,Test AUC,Sensitivity,Specificity,Accuracy,Test AUC,Sensitivity,Specificity,Accuracy,Test AUC,Sensitivity,Specificity,Accuracy
lasso,0.6737704250030561,0.6597938144329897,0.6877470355731226,0.6845794392523364,0.6679362690210907,0.5923566878980892,0.7435158501440922,0.7281553398058253,0.5191268191268191,0.9459459459459459,0.09230769230769231,0.281437125748503
linreg,0.6824395908887169,0.7680412371134021,0.5968379446640316,0.6162383177570093,0.6769328548615062,0.7133757961783439,0.6404899135446687,0.6478964401294498,0.5653846153846154,1.0,0.13076923076923075,0.32335329341317365
SVR10,0.5089917552938619,0.020618556701030927,0.997364953886693,0.8866822429906542,0.5060091962040419,0.012738853503184714,0.9992795389048992,0.8990291262135922,0.5154885654885655,0.05405405405405406,0.9769230769230769,0.7724550898203593
ridge,0.6824395908887169,0.7680412371134021,0.5968379446640316,0.6162383177570093,0.6769328548615062,0.7133757961783439,0.6404899135446687,0.6478964401294498,0.5653846153846154,1.0,0.13076923076923075,0.32335329341317365
