,all,all,all,all,no revasc,no revasc,no revasc,no revasc,with revasc,with revasc,with revasc,with revasc
,Test AUC,Sensitivity,Specificity,Accuracy,Test AUC,Sensitivity,Specificity,Accuracy,Test AUC,Sensitivity,Specificity,Accuracy
lasso,0.7414043583535109,0.8,0.6828087167070218,0.6869158878504673,0.7734214113756998,0.8043478260869565,0.742494996664443,0.7443365695792881,0.4418767507002801,0.0,1.0,0.9161676646706587
linreg,0.757001614205004,0.8166666666666667,0.6973365617433414,0.701518691588785,0.7784247469327378,0.8043478260869565,0.752501667778519,0.7540453074433657,0.5070028011204482,0.8571428571428571,0.1568627450980392,0.2155688622754491
SVR10,0.5186440677966102,0.05,0.9872881355932204,0.9544392523364486,0.5065333410679584,0.021739130434782608,0.9913275517011341,0.9624595469255663,0.5452847805788982,0.14285714285714285,0.9477124183006536,0.8802395209580839
ridge,0.7557909604519774,0.8166666666666667,0.6949152542372881,0.6991822429906542,0.7774240798213302,0.8043478260869565,0.7505003335557038,0.7521035598705501,0.503734827264239,0.8571428571428571,0.15032679738562094,0.20958083832335328
