,all,all,all,all,no revasc,no revasc,no revasc,no revasc,with revasc,with revasc,with revasc,with revasc
,Test AUC,Sensitivity,Specificity,Accuracy,Test AUC,Sensitivity,Specificity,Accuracy,Test AUC,Sensitivity,Specificity,Accuracy
lasso,0.7466911764705882,0.7875,0.7058823529411764,0.709696261682243,0.759124652025982,0.7540983606557377,0.7641509433962264,0.7637540453074434,0.5081792318634424,0.8947368421052632,0.1216216216216216,0.20958083832335328
linreg,0.7704044117647059,0.7375,0.8033088235294118,0.8002336448598131,0.7654213247315628,0.6885245901639344,0.8423180592991913,0.8362459546925566,0.6534495021337128,0.8947368421052632,0.41216216216216217,0.46706586826347307
SVR10,0.6331495098039216,0.425,0.8412990196078431,0.8218457943925234,0.6468505589677876,0.4426229508196721,0.851078167115903,0.8349514563106796,0.5558321479374111,0.3684210526315789,0.7432432432432432,0.7005988023952096
ridge,0.7685049019607842,0.7625,0.7745098039215687,0.7739485981308412,0.7686746056294463,0.7213114754098361,0.8160377358490566,0.8122977346278317,0.6264224751066857,0.8947368421052632,0.3581081081081081,0.41916167664670656
