,all,all,all,all,no revasc,no revasc,no revasc,no revasc,with revasc,with revasc,with revasc,with revasc
,Test AUC,Sensitivity,Specificity,Accuracy,Test AUC,Sensitivity,Specificity,Accuracy,Test AUC,Sensitivity,Specificity,Accuracy
lasso,0.7334622398289632,0.8157894736842105,0.6511350059737157,0.6547897196261683,0.7772573049070746,0.8461538461538461,0.7083607636603029,0.7106796116504854,0.42016129032258065,0.0,1.0,0.9281437125748503
linreg,0.7450323838269509,0.6842105263157895,0.8058542413381123,0.8031542056074766,0.7518737023345318,0.6538461538461539,0.8499012508229098,0.8466019417475729,0.5620967741935483,0.75,0.37419354838709673,0.40119760479041916
SVR10,0.589762937810476,0.2631578947368421,0.9163679808841099,0.9018691588785047,0.5961032055502101,0.2692307692307692,0.9229756418696511,0.9119741100323625,0.5508064516129032,0.25,0.8516129032258064,0.8083832335329342
ridge,0.7405520970885996,0.6842105263157895,0.7968936678614098,0.794392523364486,0.7482528991745582,0.6538461538461539,0.8426596445029625,0.8394822006472492,0.5491935483870968,0.75,0.34838709677419355,0.3772455089820359
