,all,all,all,all,no revasc,no revasc,no revasc,no revasc,with revasc,with revasc,with revasc,with revasc
,Test AUC,Sensitivity,Specificity,Accuracy,Test AUC,Sensitivity,Specificity,Accuracy,Test AUC,Sensitivity,Specificity,Accuracy
lasso,0.7032009484291643,0.8,0.6064018968583285,0.6092289719626168,0.6944444444444444,0.7333333333333333,0.6555555555555556,0.6563106796116505,0.5136942675159235,0.9,0.1273885350318471,0.17365269461077845
linreg,0.7612803793716656,0.88,0.6425607587433313,0.6460280373831776,0.7408496732026144,0.8,0.6816993464052288,0.6828478964401294,0.6305732484076434,1.0,0.2611464968152867,0.30538922155688625
SVR10,0.6164196799051571,0.4,0.8328393598103142,0.826518691588785,0.5555555555555555,0.26666666666666666,0.8444444444444444,0.8388349514563107,0.6598726114649682,0.6,0.7197452229299364,0.7125748502994012
ridge,0.7612803793716656,0.88,0.6425607587433313,0.6460280373831776,0.7408496732026144,0.8,0.6816993464052288,0.6828478964401294,0.6305732484076434,1.0,0.2611464968152867,0.30538922155688625
