,all,all,all,all,no revasc,no revasc,no revasc,no revasc,with revasc,with revasc,with revasc,with revasc
,Test AUC,Sensitivity,Specificity,Accuracy,Test AUC,Sensitivity,Specificity,Accuracy,Test AUC,Sensitivity,Specificity,Accuracy
lasso,0.6075416748168916,0.35374149659863946,0.8613418530351438,0.8177570093457944,0.5908119658119657,0.26495726495726496,0.9166666666666666,0.8673139158576052,0.49233576642335763,0.0,1.0,0.8203592814371258
linreg,0.6207341722631544,0.3673469387755102,0.8741214057507987,0.830607476635514,0.6107071033541622,0.29914529914529914,0.9222689075630253,0.8750809061488674,0.5027980535279805,0.6333333333333333,0.3722627737226277,0.41916167664670656
SVR10,0.4969181282736737,0.0,1.0,0.9141355140186916,0.5,0.0,1.0,0.9242718446601942,0.4869829683698297,0.0,1.0,0.8203592814371258
ridge,0.6210536610810459,0.3673469387755102,0.8747603833865815,0.8311915887850467,0.6110572434101846,0.29914529914529914,0.9229691876750701,0.8757281553398059,0.5027980535279805,0.6333333333333333,0.3722627737226277,0.41916167664670656
