,all,all,all,all,no revasc,no revasc,no revasc,no revasc,with revasc,with revasc,with revasc,with revasc
,Test AUC,Sensitivity,Specificity,Accuracy,Test AUC,Sensitivity,Specificity,Accuracy,Test AUC,Sensitivity,Specificity,Accuracy
lasso,0.7104564315352696,0.84,0.5809128630705394,0.584696261682243,0.6849673202614379,0.7333333333333333,0.6366013071895424,0.6375404530744336,0.5191082802547771,1.0,0.03821656050955413,0.09580838323353294
linreg,0.6913692946058092,0.64,0.7427385892116183,0.7412383177570093,0.6990196078431373,0.6,0.7980392156862746,0.7961165048543689,0.45191082802547766,0.0,1.0,0.9401197604790419
SVR10,0.5044339063426201,0.08,0.9288678126852401,0.9164719626168224,0.5022875816993464,0.06666666666666667,0.9379084967320261,0.9294498381877022,0.4703821656050956,0.0,1.0,0.9401197604790419
ridge,0.7085358624777712,0.8,0.6170717249555424,0.6197429906542056,0.7029411764705883,0.7333333333333333,0.6725490196078432,0.6731391585760518,0.48821656050955414,0.0,1.0,0.9401197604790419
