,all,all,all,all,no revasc,no revasc,no revasc,no revasc,with revasc,with revasc,with revasc,with revasc
,Test AUC,Sensitivity,Specificity,Accuracy,Test AUC,Sensitivity,Specificity,Accuracy,Test AUC,Sensitivity,Specificity,Accuracy
lasso,0.7538200339558574,0.8947368421052632,0.6129032258064516,0.6191588785046729,0.7598116169544742,0.8461538461538461,0.6734693877551021,0.6763754045307443,0.5096774193548388,1.0,0.01935483870967747,0.08982035928143713
linreg,0.762466201345658,0.868421052631579,0.6565113500597372,0.6612149532710281,0.7789031245252445,0.8461538461538461,0.7116524028966426,0.713915857605178,0.5163978494623656,0.9166666666666666,0.11612903225806448,0.17365269461077845
SVR10,0.49432497013142174,0.0,1.0,0.977803738317757,0.4960500329163924,0.0,1.0,0.9831715210355987,0.4774193548387097,0.0,1.0,0.9281437125748503
ridge,0.7657674652581274,0.8947368421052632,0.6367980884109916,0.6425233644859814,0.7686990428925914,0.8461538461538461,0.6912442396313364,0.6938511326860841,0.5516129032258065,1.0,0.10322580645161294,0.16766467065868262
