,all,all,all,all,no revasc,no revasc,no revasc,no revasc,with revasc,with revasc,with revasc,with revasc
,Test AUC,Sensitivity,Specificity,Accuracy,Test AUC,Sensitivity,Specificity,Accuracy,Test AUC,Sensitivity,Specificity,Accuracy
lasso,0.6721744563519553,0.5670103092783505,0.7773386034255599,0.7535046728971962,0.6581044989812588,0.4840764331210191,0.8321325648414986,0.7967637540453074,0.5556133056133057,0.918918918918919,0.1923076923076923,0.3532934131736527
linreg,0.6866909797210112,0.6237113402061856,0.7496706192358367,0.7353971962616822,0.6729634354521926,0.554140127388535,0.7917867435158501,0.7676375404530744,0.6094594594594596,0.918918918918919,0.30000000000000004,0.437125748502994
SVR10,0.5359738125314101,0.17010309278350516,0.9018445322793149,0.8189252336448598,0.5296605113897098,0.1464968152866242,0.9128242074927954,0.8349514563106796,0.5274428274428273,0.2702702702702703,0.7846153846153846,0.6706586826347305
ridge,0.6865585482797495,0.6649484536082474,0.7081686429512517,0.7032710280373832,0.6743630573248408,0.5987261146496815,0.75,0.7346278317152104,0.6037422037422038,0.9459459459459459,0.2615384615384615,0.41317365269461076
