,all,all,all,all,no revasc,no revasc,no revasc,no revasc,with revasc,with revasc,with revasc,with revasc
,Test AUC,Sensitivity,Specificity,Accuracy,Test AUC,Sensitivity,Specificity,Accuracy,Test AUC,Sensitivity,Specificity,Accuracy
lasso,0.7042067534427466,0.8421052631578947,0.5663082437275986,0.572429906542056,0.6937003089076821,0.7692307692307693,0.6181698485845951,0.6207119741100323,0.5290322580645161,1.0,0.058064516129032295,0.12574850299401197
linreg,0.7860466578632961,0.8421052631578947,0.7299880525686977,0.7324766355140186,0.793576239428774,0.8076923076923077,0.7794601711652402,0.7799352750809061,0.5809139784946236,0.9166666666666666,0.2451612903225806,0.2934131736526946
SVR10,0.5077658303464755,1.0,0.015531660692950977,0.037383177570093455,0.5052666227781435,1.0,0.010533245556286985,0.027184466019417475,0.532258064516129,1.0,0.06451612903225812,0.1317365269461078
ridge,0.7821480223857135,0.8157894736842105,0.7485065710872163,0.75,0.7832328961361219,0.7692307692307693,0.7972350230414746,0.7967637540453074,0.5938172043010752,0.9166666666666666,0.2709677419354839,0.31736526946107785
