,all,all,all,all,no revasc,no revasc,no revasc,no revasc,with revasc,with revasc,with revasc,with revasc
,Test AUC,Sensitivity,Specificity,Accuracy,Test AUC,Sensitivity,Specificity,Accuracy,Test AUC,Sensitivity,Specificity,Accuracy
lasso,0.6881723935580621,0.673469387755102,0.7028753993610224,0.7003504672897196,0.6875942684766214,0.6153846153846154,0.7598039215686274,0.7488673139158576,0.5047445255474453,0.9,0.10948905109489049,0.25149700598802394
linreg,0.7210058464280281,0.6394557823129252,0.802555910543131,0.7885514018691588,0.7099942541119011,0.5726495726495726,0.8473389355742297,0.8265372168284789,0.6178832116788322,0.9,0.33576642335766427,0.437125748502994
SVR10,0.6103779530981722,0.3945578231292517,0.8261980830670926,0.7891355140186916,0.6072865043453279,0.3504273504273504,0.8641456582633054,0.8252427184466019,0.498661800486618,0.0,1.0,0.8203592814371258
ridge,0.7211536371737193,0.7074829931972789,0.7348242811501597,0.7324766355140186,0.7191158514687926,0.6581196581196581,0.7801120448179272,0.7708737864077669,0.5813868613138686,0.9,0.26277372262773724,0.3772455089820359
