,all,all,all,all,no revasc,no revasc,no revasc,no revasc,with revasc,with revasc,with revasc,with revasc
,Test AUC,Sensitivity,Specificity,Accuracy,Test AUC,Sensitivity,Specificity,Accuracy,Test AUC,Sensitivity,Specificity,Accuracy
lasso,0.7137713400566871,0.6858974358974359,0.7416452442159382,0.7365654205607477,0.7008309859154929,0.608,0.7936619718309859,0.7786407766990291,0.5992647058823529,1.0,0.19852941176470584,0.3473053892215569
linreg,0.7134829609122667,0.6602564102564102,0.7667095115681234,0.7570093457943925,0.7028169014084508,0.6,0.8056338028169014,0.7889967637540453,0.6317599620493359,0.9032258064516129,0.3602941176470589,0.46107784431137727
SVR10,0.4990359897172236,0.0,1.0,0.9088785046728972,0.498943661971831,0.0,1.0,0.919093851132686,0.5,0.0,1.0,0.8143712574850299
ridge,0.7128402873904158,0.6602564102564102,0.7654241645244216,0.7558411214953271,0.7021126760563381,0.6,0.8042253521126761,0.7877022653721683,0.6317599620493359,0.9032258064516129,0.3602941176470589,0.46107784431137727
