,all,all,all,all,no revasc,no revasc,no revasc,no revasc,with revasc,with revasc,with revasc,with revasc
,Test AUC,Sensitivity,Specificity,Accuracy,Test AUC,Sensitivity,Specificity,Accuracy,Test AUC,Sensitivity,Specificity,Accuracy
lasso,0.7476467101363367,0.88,0.6152934202726734,0.6191588785046729,0.734640522875817,0.8,0.669281045751634,0.6705501618122978,0.5445859872611465,1.0,0.08917197452229297,0.1437125748502994
linreg,0.7549021932424422,0.92,0.5898043864848844,0.594626168224299,0.75,0.8666666666666667,0.6333333333333333,0.6355987055016181,0.5828025477707006,1.0,0.16560509554140124,0.2155688622754491
SVR10,0.6885477178423236,0.68,0.6970954356846473,0.6968457943925234,0.7431372549019608,0.7333333333333333,0.7529411764705882,0.7527508090614887,0.37643312101910825,0.0,1.0,0.9401197604790419
ridge,0.7549021932424422,0.92,0.5898043864848844,0.594626168224299,0.75,0.8666666666666667,0.6333333333333333,0.6355987055016181,0.5828025477707006,1.0,0.16560509554140124,0.2155688622754491
