,all,all,all,all,no revasc,no revasc,no revasc,no revasc,with revasc,with revasc,with revasc,with revasc
,Test AUC,Sensitivity,Specificity,Accuracy,Test AUC,Sensitivity,Specificity,Accuracy,Test AUC,Sensitivity,Specificity,Accuracy
lasso,0.6192502188077409,0.4230769230769231,0.8154235145385588,0.7856308411214953,0.5970873786407768,0.32038834951456313,0.8737864077669903,0.8368932038834952,0.5145502645502645,0.8148148148148148,0.2142857142857143,0.31137724550898205
linreg,0.6421277837207041,0.5769230769230769,0.7073324905183312,0.697429906542056,0.6199722607489597,0.49514563106796117,0.7447988904299584,0.7281553398058253,0.6051587301587301,0.8888888888888888,0.3214285714285714,0.41317365269461076
SVR10,0.5716133424098025,0.25384615384615383,0.8893805309734513,0.8411214953271028,0.5759361997226075,0.2524271844660194,0.8994452149791956,0.8563106796116505,0.5224867724867724,0.25925925925925924,0.7857142857142857,0.7005988023952096
ridge,0.6321744627054362,0.6,0.6643489254108723,0.6594626168224299,0.6123439667128987,0.5242718446601942,0.7004160887656034,0.6886731391585761,0.5908730158730158,0.8888888888888888,0.2928571428571428,0.38922155688622756
