,all,all,all,all,no revasc,no revasc,no revasc,no revasc,with revasc,with revasc,with revasc,with revasc
,Test AUC,Sensitivity,Specificity,Accuracy,Test AUC,Sensitivity,Specificity,Accuracy,Test AUC,Sensitivity,Specificity,Accuracy
lasso,0.6503063725490197,0.6125,0.6881127450980392,0.6845794392523364,0.6530091467456144,0.6065573770491803,0.6994609164420484,0.6957928802588996,0.6029516358463727,0.631578947368421,0.5743243243243243,0.5808383233532934
linreg,0.6677083333333333,0.7,0.6354166666666667,0.6384345794392523,0.684779726923247,0.7213114754098361,0.6482479784366577,0.6511326860841424,0.5691678520625889,0.631578947368421,0.5067567567567568,0.5209580838323353
SVR10,0.5044117647058823,0.7625,0.24632352941176472,0.27044392523364486,0.511593610534223,0.7704918032786885,0.25269541778975746,0.27313915857605175,0.4596372688477952,0.0,1.0,0.8862275449101796
ridge,0.6677083333333333,0.7,0.6354166666666667,0.6384345794392523,0.684779726923247,0.7213114754098361,0.6482479784366577,0.6511326860841424,0.5691678520625889,0.631578947368421,0.5067567567567568,0.5209580838323353
