,all,all,all,all,no revasc,no revasc,no revasc,no revasc,with revasc,with revasc,with revasc,with revasc
,Test AUC,Sensitivity,Specificity,Accuracy,Test AUC,Sensitivity,Specificity,Accuracy,Test AUC,Sensitivity,Specificity,Accuracy
lasso,0.7450564971751413,0.8333333333333334,0.6567796610169492,0.6629672897196262,0.7458740609681817,0.782608695652174,0.7091394262841895,0.7113268608414239,0.5718954248366013,1.0,0.14379084967320266,0.2155688622754491
linreg,0.7128329297820823,0.85,0.5756658595641646,0.5852803738317757,0.708711604838008,0.8043478260869565,0.6130753835890594,0.6187702265372168,0.6045751633986929,1.0,0.20915032679738566,0.2754491017964072
SVR10,0.5503228410008071,0.13333333333333333,0.9673123486682809,0.9380841121495327,0.5393378194158425,0.10869565217391304,0.9699799866577719,0.944336569579288,0.5777310924369747,0.21428571428571427,0.9411764705882353,0.8802395209580839
ridge,0.7128329297820823,0.85,0.5756658595641646,0.5852803738317757,0.708711604838008,0.8043478260869565,0.6130753835890594,0.6187702265372168,0.6045751633986929,1.0,0.20915032679738566,0.2754491017964072
