,all,all,all,all,no revasc,no revasc,no revasc,no revasc,with revasc,with revasc,with revasc,with revasc
,Test AUC,Sensitivity,Specificity,Accuracy,Test AUC,Sensitivity,Specificity,Accuracy,Test AUC,Sensitivity,Specificity,Accuracy
lasso,0.6524409219099485,0.46923076923076923,0.8356510745891277,0.8078271028037384,0.6393897364771152,0.3883495145631068,0.8904299583911235,0.856957928802589,0.5246031746031746,0.7777777777777778,0.27142857142857146,0.3532934131736527
linreg,0.6744724302246425,0.5923076923076923,0.7566371681415929,0.7441588785046729,0.6751040221914008,0.5436893203883495,0.8065187239944521,0.7889967637540453,0.5103174603174603,0.7777777777777778,0.24285714285714288,0.32934131736526945
SVR10,0.5148059904697073,0.038461538461538464,0.9911504424778761,0.9188084112149533,0.5208044382801664,0.04854368932038835,0.9930651872399445,0.9300970873786408,0.4857142857142857,0.0,1.0,0.8383233532934131
ridge,0.6777399591558884,0.6076923076923076,0.747787610619469,0.7371495327102804,0.6751040221914008,0.5533980582524272,0.7968099861303745,0.7805825242718447,0.5288359788359789,0.8148148148148148,0.24285714285714288,0.33532934131736525
