,all,all,all,all,no revasc,no revasc,no revasc,no revasc,with revasc,with revasc,with revasc,with revasc
,Test AUC,Sensitivity,Specificity,Accuracy,Test AUC,Sensitivity,Specificity,Accuracy,Test AUC,Sensitivity,Specificity,Accuracy
lasso,0.7121481774438071,0.6987179487179487,0.7255784061696657,0.7231308411214953,0.7017887323943661,0.624,0.7795774647887324,0.7669902912621359,0.5808823529411764,1.0,0.16176470588235292,0.31736526946107785
linreg,0.6843978643464504,0.5384615384615384,0.8303341902313625,0.8037383177570093,0.6803943661971831,0.496,0.8647887323943662,0.8349514563106796,0.5901328273244781,0.7096774193548387,0.47058823529411764,0.5149700598802395
SVR10,0.6391223386724671,0.5128205128205128,0.7654241645244216,0.7424065420560748,0.6320281690140844,0.488,0.776056338028169,0.7527508090614887,0.633657495256167,0.6129032258064516,0.6544117647058824,0.6467065868263473
ridge,0.6853618746292268,0.5384615384615384,0.8322622107969152,0.8054906542056075,0.6814507042253521,0.496,0.8669014084507043,0.8368932038834952,0.5901328273244781,0.7096774193548387,0.47058823529411764,0.5149700598802395
