,all,all,all,all,no revasc,no revasc,no revasc,no revasc,with revasc,with revasc,with revasc,with revasc
,Test AUC,Sensitivity,Specificity,Accuracy,Test AUC,Sensitivity,Specificity,Accuracy,Test AUC,Sensitivity,Specificity,Accuracy
lasso,0.6730526111057085,0.6153846153846154,0.7307206068268015,0.7219626168224299,0.6622746185852981,0.5339805825242718,0.7905686546463245,0.7734627831715211,0.5201058201058202,0.9259259259259259,0.11428571428571432,0.24550898203592814
linreg,0.6427064086356121,0.5692307692307692,0.716182048040455,0.7050233644859814,0.6175450762829403,0.47572815533980584,0.7593619972260749,0.7404530744336569,0.5986772486772487,0.9259259259259259,0.27142857142857146,0.3772455089820359
SVR10,0.5484732082077215,0.1076923076923077,0.9892541087231352,0.9223130841121495,0.539875173370319,0.08737864077669903,0.992371705963939,0.9320388349514563,0.5711640211640211,0.18518518518518517,0.9571428571428572,0.8323353293413174
ridge,0.6433385198871924,0.5692307692307692,0.7174462705436156,0.7061915887850467,0.6178918169209432,0.47572815533980584,0.7600554785020804,0.7411003236245954,0.6022486772486773,0.9259259259259259,0.2785714285714286,0.38323353293413176
