,all,all,all,all,no revasc,no revasc,no revasc,no revasc,with revasc,with revasc,with revasc,with revasc
,Test AUC,Sensitivity,Specificity,Accuracy,Test AUC,Sensitivity,Specificity,Accuracy,Test AUC,Sensitivity,Specificity,Accuracy
lasso,0.7594362745098039,0.8375,0.6813725490196079,0.6886682242990654,0.7705746542353409,0.8032786885245902,0.7378706199460916,0.7404530744336569,0.5311166429587482,0.9473684210526315,0.11486486486486491,0.20958083832335328
linreg,0.7752450980392156,0.7625,0.7879901960784313,0.7867990654205608,0.7740654412089611,0.7213114754098361,0.8268194070080863,0.8226537216828479,0.646692745376956,0.8947368421052632,0.3986486486486487,0.4550898203592814
SVR10,0.6042279411764706,0.225,0.9834558823529411,0.9480140186915887,0.6172230568688967,0.2459016393442623,0.988544474393531,0.9592233009708738,0.5451635846372689,0.15789473684210525,0.9324324324324325,0.844311377245509
ridge,0.774938725490196,0.7625,0.7873774509803921,0.7862149532710281,0.7737285139852415,0.7213114754098361,0.8261455525606469,0.8220064724919094,0.646692745376956,0.8947368421052632,0.3986486486486487,0.4550898203592814
