,all,all,all,all,no revasc,no revasc,no revasc,no revasc,with revasc,with revasc,with revasc,with revasc
,Test AUC,Sensitivity,Specificity,Accuracy,Test AUC,Sensitivity,Specificity,Accuracy,Test AUC,Sensitivity,Specificity,Accuracy
lasso,0.6853836429057667,0.6615384615384615,0.709228824273072,0.705607476635514,0.6806518723994451,0.5922330097087378,0.7690707350901526,0.7572815533980582,0.5093915343915344,0.9259259259259259,0.09285714285714286,0.2275449101796407
linreg,0.6815958377905281,0.7076923076923077,0.6554993678887484,0.6594626168224299,0.6778779472954231,0.6504854368932039,0.7052704576976422,0.7016181229773463,0.5343915343915344,0.9259259259259259,0.1428571428571429,0.2694610778443114
SVR10,0.4679179227851794,0.0,1.0,0.9240654205607477,0.4642857142857143,0.0,1.0,0.9333333333333333,0.4384920634920635,0.0,1.0,0.8383233532934131
ridge,0.6815958377905281,0.7076923076923077,0.6554993678887484,0.6594626168224299,0.6778779472954231,0.6504854368932039,0.7052704576976422,0.7016181229773463,0.5343915343915344,0.9259259259259259,0.1428571428571429,0.2694610778443114
