,all,all,all,all,no revasc,no revasc,no revasc,no revasc,with revasc,with revasc,with revasc,with revasc
,Test AUC,Sensitivity,Specificity,Accuracy,Test AUC,Sensitivity,Specificity,Accuracy,Test AUC,Sensitivity,Specificity,Accuracy
lasso,0.7185501944499374,0.717948717948718,0.7191516709511567,0.7190420560747663,0.7088591549295775,0.648,0.7697183098591549,0.7598705501618123,0.5955882352941176,1.0,0.19117647058823528,0.3413173652694611
linreg,0.7336118251928021,0.75,0.7172236503856041,0.7202102803738317,0.7225211267605633,0.688,0.7570422535211268,0.7514563106796116,0.6507352941176471,1.0,0.30147058823529416,0.4311377245508982
SVR10,0.5393596335113044,0.1282051282051282,0.9505141388174807,0.8755841121495327,0.5465211267605633,0.136,0.9570422535211267,0.8906148867313916,0.4895635673624288,0.0,1.0,0.8143712574850299
ridge,0.7326478149100257,0.75,0.7152956298200515,0.7184579439252337,0.7254647887323944,0.696,0.7549295774647887,0.7501618122977346,0.6346062618595826,0.967741935483871,0.30147058823529416,0.4251497005988024
