,all,all,all,all,no revasc,no revasc,no revasc,no revasc,with revasc,with revasc,with revasc,with revasc
,Test AUC,Sensitivity,Specificity,Accuracy,Test AUC,Sensitivity,Specificity,Accuracy,Test AUC,Sensitivity,Specificity,Accuracy
lasso,0.7256492485694523,0.7368421052631579,0.7144563918757467,0.7149532710280374,0.7345672760419304,0.6923076923076923,0.7768268597761685,0.7754045307443366,0.46827956989247316,0.0,1.0,0.9281437125748503
linreg,0.692149280010061,0.6578947368421053,0.7264038231780168,0.7248831775700935,0.6758874765787208,0.5769230769230769,0.7748518762343647,0.7715210355987056,0.5424731182795699,0.8333333333333334,0.25161290322580643,0.2934131736526946
SVR10,0.48322643526378667,0.0,1.0,0.977803738317757,0.4743758545601864,0.0,1.0,0.9831715210355987,0.5776881720430107,0.9166666666666666,0.2387096774193549,0.2874251497005988
ridge,0.692149280010061,0.6578947368421053,0.7264038231780168,0.7248831775700935,0.6758874765787208,0.5769230769230769,0.7748518762343647,0.7715210355987056,0.5424731182795699,0.8333333333333334,0.25161290322580643,0.2934131736526946
