,all,all,all,all,no revasc,no revasc,no revasc,no revasc,with revasc,with revasc,with revasc,with revasc
,Test AUC,Sensitivity,Specificity,Accuracy,Test AUC,Sensitivity,Specificity,Accuracy,Test AUC,Sensitivity,Specificity,Accuracy
lasso,0.6603982451136193,0.6185567010309279,0.7022397891963109,0.6927570093457944,0.6524876557939756,0.5477707006369427,0.7572046109510087,0.7359223300970874,0.5171517671517671,0.918918918918919,0.11538461538461542,0.2934131736526946
linreg,0.6461465846270866,0.4793814432989691,0.8129117259552042,0.7751168224299065,0.6437939389489528,0.43312101910828027,0.8544668587896254,0.8116504854368932,0.5224532224532225,0.6756756756756757,0.36923076923076925,0.437125748502994
SVR10,0.5035077353544408,0.010309278350515464,0.9967061923583662,0.884929906542056,0.5045682740138402,0.012738853503184714,0.9963976945244957,0.8964401294498382,0.5,0.0,1.0,0.7784431137724551
ridge,0.64548782309876,0.4793814432989691,0.8115942028985508,0.7739485981308412,0.6427132473063015,0.43312101910828027,0.8523054755043228,0.8097087378640777,0.5262993762993763,0.6756756756756757,0.3769230769230769,0.4431137724550898
