,all,all,all,all,no revasc,no revasc,no revasc,no revasc,with revasc,with revasc,with revasc,with revasc
,Test AUC,Sensitivity,Specificity,Accuracy,Test AUC,Sensitivity,Specificity,Accuracy,Test AUC,Sensitivity,Specificity,Accuracy
lasso,0.7439319625227945,0.8421052631578947,0.6457586618876942,0.6501168224299065,0.7345166354382944,0.7692307692307693,0.6998025016458196,0.7009708737864078,0.5580645161290323,1.0,0.11612903225806448,0.17964071856287425
linreg,0.7578915927812363,0.7105263157894737,0.8052568697729988,0.8031542056074766,0.7704461437180331,0.6923076923076923,0.8485845951283739,0.8459546925566344,0.5653225806451613,0.75,0.38064516129032255,0.40718562874251496
SVR10,0.5553511915990693,0.15789473684210525,0.9528076463560334,0.9351635514018691,0.5926723046538714,0.23076923076923078,0.9545753785385122,0.9423948220064725,0.467741935483871,0.0,1.0,0.9281437125748503
ridge,0.7575929069986794,0.7105263157894737,0.8046594982078853,0.802570093457944,0.7701169797943991,0.6923076923076923,0.847926267281106,0.8453074433656957,0.5653225806451613,0.75,0.38064516129032255,0.40718562874251496
