,all,all,all,all,no revasc,no revasc,no revasc,no revasc,with revasc,with revasc,with revasc,with revasc
,Test AUC,Sensitivity,Specificity,Accuracy,Test AUC,Sensitivity,Specificity,Accuracy,Test AUC,Sensitivity,Specificity,Accuracy
lasso,0.6978967170585278,0.711340206185567,0.6844532279314888,0.6875,0.6951004056608969,0.6560509554140127,0.734149855907781,0.7262135922330097,0.5498960498960499,0.9459459459459459,0.15384615384615385,0.32934131736526945
linreg,0.7086576205805251,0.8092783505154639,0.6080368906455863,0.6308411214953271,0.7031310229629766,0.7643312101910829,0.6419308357348703,0.654368932038835,0.6230769230769231,1.0,0.24615384615384617,0.41317365269461076
SVR10,0.5289922986023389,0.08762886597938144,0.9703557312252964,0.8703271028037384,0.5280727436259843,0.08280254777070063,0.973342939481268,0.8828478964401294,0.5232848232848233,0.10810810810810811,0.9384615384615385,0.7544910179640718
ridge,0.7086576205805251,0.8092783505154639,0.6080368906455863,0.6308411214953271,0.7031310229629766,0.7643312101910829,0.6419308357348703,0.654368932038835,0.6230769230769231,1.0,0.24615384615384617,0.41317365269461076
