,all,all,all,all,no revasc,no revasc,no revasc,no revasc,with revasc,with revasc,with revasc,with revasc
,Test AUC,Sensitivity,Specificity,Accuracy,Test AUC,Sensitivity,Specificity,Accuracy,Test AUC,Sensitivity,Specificity,Accuracy
lasso,0.7200968523002421,0.85,0.5901937046004843,0.5992990654205608,0.7253893900281347,0.8043478260869565,0.6464309539693129,0.6511326860841424,0.5196078431372548,1.0,0.039215686274509776,0.11976047904191617
linreg,0.7178773204196933,0.6833333333333333,0.7524213075060533,0.75,0.730022913826609,0.6521739130434783,0.8078719146097398,0.8032362459546926,0.4974323062558357,0.0,1.0,0.9161676646706587
SVR10,0.5148910411622277,0.1,0.9297820823244553,0.9007009345794392,0.5127911361197319,0.08695652173913043,0.9386257505003336,0.9132686084142395,0.4929971988795518,0.0,1.0,0.9161676646706587
ridge,0.712953995157385,0.8,0.62590799031477,0.6320093457943925,0.7213287118948865,0.7608695652173914,0.6817878585723816,0.6841423948220064,0.5035014005602241,0.9285714285714286,0.07843137254901966,0.1497005988023952
