,all,all,all,all,no revasc,no revasc,no revasc,no revasc,with revasc,with revasc,with revasc,with revasc
,Test AUC,Sensitivity,Specificity,Accuracy,Test AUC,Sensitivity,Specificity,Accuracy,Test AUC,Sensitivity,Specificity,Accuracy
lasso,0.657410288826218,0.6384615384615384,0.6763590391908976,0.673481308411215,0.6650485436893204,0.6407766990291263,0.6893203883495146,0.686084142394822,0.5862433862433863,0.6296296296296297,0.5428571428571429,0.5568862275449101
linreg,0.6552562481766021,0.6923076923076923,0.618204804045512,0.6238317757009346,0.6563800277392511,0.6796116504854369,0.6331484049930651,0.6362459546925566,0.6025132275132276,0.7407407407407407,0.4642857142857143,0.5089820359281437
SVR10,0.5645045220266459,0.7769230769230769,0.3520859671302149,0.38434579439252337,0.5502773925104022,0.7378640776699029,0.3626907073509015,0.3877022653721683,0.5843915343915345,0.9259259259259259,0.24285714285714288,0.3532934131736527
ridge,0.6552562481766021,0.6923076923076923,0.618204804045512,0.6238317757009346,0.6563800277392511,0.6796116504854369,0.6331484049930651,0.6362459546925566,0.6025132275132276,0.7407407407407407,0.4642857142857143,0.5089820359281437
