,all,all,all,all,no revasc,no revasc,no revasc,no revasc,with revasc,with revasc,with revasc,with revasc
,Test AUC,Sensitivity,Specificity,Accuracy,Test AUC,Sensitivity,Specificity,Accuracy,Test AUC,Sensitivity,Specificity,Accuracy
lasso,0.7352328431372549,0.8375,0.6329656862745099,0.6425233644859814,0.7367714639211701,0.7868852459016393,0.6866576819407009,0.6906148867313916,0.5472972972972974,1.0,0.09459459459459463,0.19760479041916168
linreg,0.7272058823529413,0.8,0.6544117647058824,0.6612149532710281,0.7168982811188194,0.7377049180327869,0.6960916442048517,0.6977346278317152,0.6182432432432432,1.0,0.2364864864864865,0.32335329341317365
SVR10,0.5033088235294118,0.275,0.7316176470588236,0.7102803738317757,0.48177831293358664,0.0,1.0,0.9605177993527508,0.6200213371266003,0.3684210526315789,0.8716216216216216,0.8143712574850299
ridge,0.7268995098039217,0.8,0.6537990196078431,0.6606308411214953,0.7165613538950998,0.7377049180327869,0.6954177897574124,0.6970873786407767,0.6182432432432432,1.0,0.2364864864864865,0.32335329341317365
