,all,all,all,all,no revasc,no revasc,no revasc,no revasc,with revasc,with revasc,with revasc,with revasc
,Test AUC,Sensitivity,Specificity,Accuracy,Test AUC,Sensitivity,Specificity,Accuracy,Test AUC,Sensitivity,Specificity,Accuracy
lasso,0.7151638055712758,0.6842105263157895,0.7461170848267622,0.7447429906542056,0.72850306375652,0.6538461538461539,0.8031599736668861,0.8006472491909385,0.4685483870967742,0.0,1.0,0.9281437125748503
linreg,0.7583160409985537,0.9210526315789473,0.5955794504181601,0.602803738317757,0.7834607788524839,0.9230769230769231,0.6438446346280448,0.6485436893203883,0.5196236559139785,0.9166666666666666,0.1225806451612903,0.17964071856287425
SVR10,0.5799691882034836,0.3684210526315789,0.7915173237753883,0.782126168224299,0.6509216589861752,0.5,0.8018433179723502,0.7967637540453074,0.38682795698924727,0.0,1.0,0.9281437125748503
ridge,0.7583160409985537,0.9210526315789473,0.5955794504181601,0.602803738317757,0.7834607788524839,0.9230769230769231,0.6438446346280448,0.6485436893203883,0.5196236559139785,0.9166666666666666,0.1225806451612903,0.17964071856287425
