,all,all,all,all,no revasc,no revasc,no revasc,no revasc,with revasc,with revasc,with revasc,with revasc
,Test AUC,Sensitivity,Specificity,Accuracy,Test AUC,Sensitivity,Specificity,Accuracy,Test AUC,Sensitivity,Specificity,Accuracy
lasso,0.6963944367543339,0.7051282051282052,0.6876606683804627,0.6892523364485982,0.6940704225352113,0.648,0.7401408450704225,0.7326860841423948,0.5375948766603416,0.9354838709677419,0.13970588235294112,0.2874251497005988
linreg,0.7041065190165449,0.7051282051282052,0.7030848329048843,0.7032710280373832,0.7041830985915494,0.664,0.7443661971830986,0.7378640776699029,0.5715132827324478,0.8709677419354839,0.2720588235294118,0.38323353293413176
SVR10,0.6589463450003297,0.5897435897435898,0.7281491002570695,0.7155373831775701,0.6595774647887324,0.56,0.7591549295774648,0.7430420711974111,0.5570445920303605,0.7096774193548387,0.40441176470588236,0.46107784431137727
ridge,0.7041065190165449,0.7051282051282052,0.7030848329048843,0.7032710280373832,0.7041830985915494,0.664,0.7443661971830986,0.7378640776699029,0.5715132827324478,0.8709677419354839,0.2720588235294118,0.38323353293413176
