,all,all,all,all,no revasc,no revasc,no revasc,no revasc,with revasc,with revasc,with revasc,with revasc
,Test AUC,Sensitivity,Specificity,Accuracy,Test AUC,Sensitivity,Specificity,Accuracy,Test AUC,Sensitivity,Specificity,Accuracy
lasso,0.7434436274509804,0.8625,0.6243872549019608,0.6355140186915887,0.7521541248729617,0.819672131147541,0.6846361185983827,0.6899676375404531,0.5101351351351351,1.0,0.020270270270270285,0.1317365269461078
linreg,0.7641544117647059,0.85,0.6783088235294117,0.6863317757009346,0.7651838186558261,0.8032786885245902,0.727088948787062,0.7300970873786408,0.5945945945945945,1.0,0.18918918918918914,0.281437125748503
SVR10,0.5021446078431373,0.0625,0.9417892156862745,0.9007009345794392,0.5014526534399717,0.06557377049180328,0.9373315363881402,0.9029126213592233,0.5195590327169275,0.05263157894736842,0.9864864864864865,0.8802395209580839
ridge,0.7620098039215687,0.85,0.6740196078431373,0.6822429906542056,0.7638361097609474,0.8032786885245902,0.7243935309973046,0.7275080906148867,0.5844594594594594,1.0,0.16891891891891897,0.2634730538922156
