,all,all,all,all,no revasc,no revasc,no revasc,no revasc,with revasc,with revasc,with revasc,with revasc
,Test AUC,Sensitivity,Specificity,Accuracy,Test AUC,Sensitivity,Specificity,Accuracy,Test AUC,Sensitivity,Specificity,Accuracy
lasso,0.6934053754502632,0.7222222222222222,0.6645885286783042,0.6682242990654206,0.6940451745379878,0.6666666666666666,0.7214236824093088,0.7184466019417476,0.5002913752913752,0.9166666666666666,0.08391608391608396,0.20359281437125748
linreg,0.6808788214648562,0.7962962962962963,0.5654613466334164,0.5800233644859814,0.6777402952967635,0.7380952380952381,0.6173853524982889,0.623948220064725,0.5174825174825175,1.0,0.034965034965035,0.17365269461077845
SVR10,0.4966172531633878,0.0,1.0,0.9369158878504673,0.49404761904761907,0.0,1.0,0.945631067961165,0.513986013986014,1.0,0.027972027972028024,0.16766467065868262
ridge,0.6808788214648562,0.7962962962962963,0.5654613466334164,0.5800233644859814,0.6777402952967635,0.7380952380952381,0.6173853524982889,0.623948220064725,0.5174825174825175,1.0,0.034965034965035,0.17365269461077845
