,all,all,all,all,no revasc,no revasc,no revasc,no revasc,with revasc,with revasc,with revasc,with revasc
,Test AUC,Sensitivity,Specificity,Accuracy,Test AUC,Sensitivity,Specificity,Accuracy,Test AUC,Sensitivity,Specificity,Accuracy
lasso,0.7012106537530267,0.65,0.7524213075060533,0.7488317757009346,0.7106186733184442,0.6086956521739131,0.8125416944629753,0.8064724919093851,0.4745564892623716,0.0,1.0,0.9161676646706587
linreg,0.6868240516545601,0.6333333333333333,0.7403147699757869,0.7365654205607477,0.6805406502885981,0.5652173913043478,0.7958639092728486,0.7889967637540453,0.5266106442577031,0.8571428571428571,0.196078431372549,0.25149700598802394
SVR10,0.4948547215496368,0.0,1.0,0.9649532710280374,0.494996664442962,0.0,1.0,0.9702265372168285,0.4934640522875817,0.0,1.0,0.9161676646706587
ridge,0.6929176755447942,0.7,0.6858353510895884,0.6863317757009346,0.6864648896365694,0.6304347826086957,0.742494996664443,0.7391585760517799,0.5296451914098973,0.9285714285714286,0.130718954248366,0.19760479041916168
