,all,all,all,all,no revasc,no revasc,no revasc,no revasc,with revasc,with revasc,with revasc,with revasc
,Test AUC,Sensitivity,Specificity,Accuracy,Test AUC,Sensitivity,Specificity,Accuracy,Test AUC,Sensitivity,Specificity,Accuracy
lasso,0.6730039871632791,0.6538461538461539,0.6921618204804045,0.6892523364485982,0.6705963938973647,0.5922330097087378,0.7489597780859917,0.7385113268608414,0.4980158730158729,0.0,1.0,0.8383233532934131
linreg,0.6930127394729164,0.5769230769230769,0.809102402022756,0.7914719626168224,0.6820388349514563,0.5145631067961165,0.8495145631067962,0.8271844660194175,0.6038359788359788,0.8148148148148148,0.3928571428571429,0.46107784431137727
SVR10,0.506112029563357,0.015384615384615385,0.9968394437420987,0.9223130841121495,0.5079750346740638,0.019417475728155338,0.9965325936199723,0.9313915857605178,0.5,0.0,1.0,0.8383233532934131
ridge,0.6923806282213362,0.5769230769230769,0.8078381795195955,0.790303738317757,0.6809986130374481,0.5145631067961165,0.8474341192787795,0.8252427184466019,0.6074074074074074,0.8148148148148148,0.4,0.46706586826347307
