,all,all,all,all,no revasc,no revasc,no revasc,no revasc,with revasc,with revasc,with revasc,with revasc
,Test AUC,Sensitivity,Specificity,Accuracy,Test AUC,Sensitivity,Specificity,Accuracy,Test AUC,Sensitivity,Specificity,Accuracy
lasso,0.7088688946015425,0.75,0.6677377892030849,0.6752336448598131,0.7056197183098591,0.688,0.7232394366197183,0.7203883495145631,0.5441176470588236,1.0,0.08823529411764708,0.25748502994011974
linreg,0.7267236833432207,0.6089743589743589,0.8444730077120822,0.8230140186915887,0.7117887323943664,0.544,0.8795774647887324,0.8524271844660194,0.674454459203036,0.8709677419354839,0.4779411764705882,0.5508982035928144
SVR10,0.5069952541032233,0.057692307692307696,0.9562982005141388,0.8744158878504673,0.5084084507042254,0.064,0.9528169014084507,0.8809061488673139,0.5124525616698292,0.03225806451612903,0.9926470588235294,0.8143712574850299
ridge,0.7270203018917673,0.6282051282051282,0.8258354755784062,0.8078271028037384,0.7156901408450704,0.568,0.8633802816901408,0.8394822006472492,0.6523956356736244,0.8709677419354839,0.4338235294117647,0.5149700598802395
