,all,all,all,all,no revasc,no revasc,no revasc,no revasc,with revasc,with revasc,with revasc,with revasc
,Test AUC,Sensitivity,Specificity,Accuracy,Test AUC,Sensitivity,Specificity,Accuracy,Test AUC,Sensitivity,Specificity,Accuracy
lasso,0.6345494693823742,0.5705128205128205,0.698586118251928,0.6869158878504673,0.6389295774647887,0.568,0.7098591549295774,0.6983818770226538,0.5807637571157495,0.5806451612903226,0.5808823529411764,0.5808383233532934
linreg,0.639929800276844,0.6346153846153846,0.6452442159383034,0.6442757009345794,0.6445211267605635,0.632,0.6570422535211268,0.6550161812297735,0.5836100569259961,0.6451612903225806,0.5220588235294117,0.5449101796407185
SVR10,0.47659185287719996,0.0,1.0,0.9088785046728972,0.48464788732394365,0.0,1.0,0.919093851132686,0.4195920303605313,0.0,1.0,0.8143712574850299
ridge,0.639929800276844,0.6346153846153846,0.6452442159383034,0.6442757009345794,0.6445211267605635,0.632,0.6570422535211268,0.6550161812297735,0.5836100569259961,0.6451612903225806,0.5220588235294117,0.5449101796407185
