,all,all,all,all,no revasc,no revasc,no revasc,no revasc,with revasc,with revasc,with revasc,with revasc
,Test AUC,Sensitivity,Specificity,Accuracy,Test AUC,Sensitivity,Specificity,Accuracy,Test AUC,Sensitivity,Specificity,Accuracy
lasso,0.6716656787196206,0.6,0.7433313574392413,0.7412383177570093,0.6683006535947712,0.5333333333333333,0.8032679738562092,0.8006472491909385,0.4296178343949044,0.0,1.0,0.9401197604790419
linreg,0.6660343805572022,0.6,0.7320687611144043,0.7301401869158879,0.6271241830065359,0.4666666666666667,0.7875816993464052,0.7844660194174757,0.49554140127388535,0.0,1.0,0.9401197604790419
SVR10,0.4949614700652045,0.0,1.0,0.9853971962616822,0.4950980392156863,0.0,1.0,0.9902912621359223,0.49363057324840764,0.0,1.0,0.9401197604790419
ridge,0.6787670420865444,0.68,0.6775340841730884,0.677570093457944,0.6336601307189542,0.5333333333333333,0.7339869281045752,0.7320388349514563,0.5136942675159235,0.9,0.1273885350318471,0.17365269461077845
