,all,all,all,all,no revasc,no revasc,no revasc,no revasc,with revasc,with revasc,with revasc,with revasc
,Test AUC,Sensitivity,Specificity,Accuracy,Test AUC,Sensitivity,Specificity,Accuracy,Test AUC,Sensitivity,Specificity,Accuracy
lasso,0.6716656787196206,0.6,0.7433313574392413,0.7412383177570093,0.6683006535947712,0.5333333333333333,0.8032679738562092,0.8006472491909385,0.4296178343949044,0.0,1.0,0.9401197604790419
linreg,0.6559573206876113,0.6,0.7119146413752223,0.7102803738317757,0.6464052287581699,0.5333333333333333,0.7594771241830065,0.7572815533980582,0.4742038216560509,0.0,1.0,0.9401197604790419
SVR10,0.5881327800829875,0.28,0.8962655601659751,0.8872663551401869,0.5202614379084967,0.13333333333333333,0.9071895424836601,0.8996763754045307,0.6449044585987262,0.5,0.7898089171974523,0.7724550898203593
ridge,0.6958032009484292,0.72,0.6716064018968584,0.6723130841121495,0.6924836601307188,0.6666666666666666,0.7183006535947712,0.7177993527508091,0.5082802547770701,0.8,0.21656050955414008,0.25149700598802394
