,all,all,all,all,no revasc,no revasc,no revasc,no revasc,with revasc,with revasc,with revasc,with revasc
,Test AUC,Sensitivity,Specificity,Accuracy,Test AUC,Sensitivity,Specificity,Accuracy,Test AUC,Sensitivity,Specificity,Accuracy
lasso,0.6062274868384594,0.3888888888888889,0.82356608478803,0.7961448598130841,0.581597731495062,0.2857142857142857,0.8774811772758384,0.8453074433656957,0.5113636363636364,0.75,0.2727272727272727,0.3413173652694611
linreg,0.6116768264523875,0.2962962962962963,0.9270573566084788,0.8872663551401869,0.5779187444998533,0.20238095238095238,0.9534565366187543,0.912621359223301,0.6411713286713286,0.625,0.6573426573426573,0.6526946107784432
SVR10,0.5246143899510484,0.06481481481481481,0.9844139650872819,0.9264018691588785,0.5288696587464554,0.07142857142857142,0.9863107460643394,0.9365695792880259,0.5033508158508159,0.041666666666666664,0.965034965034965,0.8323353293413174
ridge,0.6113651057541332,0.2962962962962963,0.92643391521197,0.8866822429906542,0.5779187444998533,0.20238095238095238,0.9534565366187543,0.912621359223301,0.6376748251748252,0.625,0.6503496503496504,0.6467065868263473
