,all,all,all,all,no revasc,no revasc,no revasc,no revasc,with revasc,with revasc,with revasc,with revasc
,Test AUC,Sensitivity,Specificity,Accuracy,Test AUC,Sensitivity,Specificity,Accuracy,Test AUC,Sensitivity,Specificity,Accuracy
lasso,0.7161764705882353,0.7375,0.6948529411764706,0.6968457943925234,0.7219577128717245,0.6885245901639344,0.7553908355795148,0.7527508090614887,0.4912873399715505,0.0,1.0,0.8862275449101796
linreg,0.7267156862745098,0.75,0.7034313725490196,0.705607476635514,0.729143652512041,0.7049180327868853,0.7533692722371967,0.7514563106796116,0.548719772403983,0.8947368421052632,0.20270270270270274,0.281437125748503
SVR10,0.49846813725490197,0.0,1.0,0.9532710280373832,0.49898921832884097,0.0,1.0,0.9605177993527508,0.49324324324324326,0.0,1.0,0.8862275449101796
ridge,0.7264093137254902,0.75,0.7028186274509804,0.7050233644859814,0.7288067252883212,0.7049180327868853,0.7526954177897573,0.7508090614886731,0.548719772403983,0.8947368421052632,0.20270270270270274,0.281437125748503
