,all,all,all,all,no revasc,no revasc,no revasc,no revasc,with revasc,with revasc,with revasc,with revasc
,Test AUC,Sensitivity,Specificity,Accuracy,Test AUC,Sensitivity,Specificity,Accuracy,Test AUC,Sensitivity,Specificity,Accuracy
lasso,0.7316789215686273,0.85,0.6133578431372548,0.6244158878504673,0.7368819318633733,0.8032786885245902,0.6704851752021563,0.6757281553398058,0.5202702702702703,1.0,0.04054054054054057,0.1497005988023952
linreg,0.7722426470588235,0.7375,0.8069852941176471,0.8037383177570093,0.7753026821616368,0.7049180327868853,0.8456873315363882,0.8401294498381877,0.6305120910384068,0.8421052631578947,0.41891891891891897,0.46706586826347307
SVR10,0.5897671568627451,0.1875,0.9920343137254902,0.9544392523364486,0.5871315894127525,0.18032786885245902,0.9939353099730458,0.9618122977346278,0.5917496443812233,0.21052631578947367,0.972972972972973,0.8862275449101796
ridge,0.7842524509803921,0.775,0.7935049019607843,0.7926401869158879,0.7852945075339137,0.7377049180327869,0.8328840970350404,0.829126213592233,0.646692745376956,0.8947368421052632,0.3986486486486487,0.4550898203592814
