,all,all,all,all,no revasc,no revasc,no revasc,no revasc,with revasc,with revasc,with revasc,with revasc
,Test AUC,Sensitivity,Specificity,Accuracy,Test AUC,Sensitivity,Specificity,Accuracy,Test AUC,Sensitivity,Specificity,Accuracy
lasso,0.7007606876616461,0.7619047619047619,0.6396166134185304,0.6501168224299065,0.6998671263377145,0.7008547008547008,0.6988795518207283,0.6990291262135923,0.5109489051094891,1.0,0.021897810218978075,0.19760479041916168
linreg,0.7147638608158918,0.7074829931972789,0.7220447284345048,0.7207943925233645,0.7010432378079438,0.6324786324786325,0.7696078431372549,0.7592233009708738,0.6131386861313868,1.0,0.22627737226277367,0.3652694610778443
SVR10,0.5583643041881289,0.21768707482993196,0.8990415335463259,0.8405373831775701,0.5516501472383826,0.18803418803418803,0.915266106442577,0.8601941747572815,0.5316301703163017,0.3333333333333333,0.7299270072992701,0.6586826347305389
ridge,0.7212470930864359,0.7210884353741497,0.721405750798722,0.7213785046728972,0.7095902463549523,0.6495726495726496,0.7696078431372549,0.7605177993527508,0.6094890510948905,1.0,0.21897810218978098,0.3592814371257485
