,all,all,all,all,no revasc,no revasc,no revasc,no revasc,with revasc,with revasc,with revasc,with revasc
,Test AUC,Sensitivity,Specificity,Accuracy,Test AUC,Sensitivity,Specificity,Accuracy,Test AUC,Sensitivity,Specificity,Accuracy
lasso,0.7538200339558574,0.8947368421052632,0.6129032258064516,0.6191588785046729,0.7598116169544742,0.8461538461538461,0.6734693877551021,0.6763754045307443,0.5096774193548388,1.0,0.01935483870967747,0.08982035928143713
linreg,0.7804030686034082,0.8947368421052632,0.6660692951015532,0.6711448598130841,0.7808781080670482,0.8461538461538461,0.7156023699802502,0.7177993527508091,0.5903225806451613,1.0,0.1806451612903226,0.23952095808383234
SVR10,0.49704458278312263,0.0,1.0,0.977803738317757,0.5071909657163113,0.07692307692307693,0.9374588545095457,0.9229773462783172,0.49032258064516127,0.0,1.0,0.9281437125748503
ridge,0.7783122681255109,0.8947368421052632,0.6618876941457587,0.6670560747663551,0.7795614523725123,0.8461538461538461,0.7129690585911784,0.7152103559870551,0.5806451612903225,1.0,0.16129032258064513,0.2215568862275449
