,all,all,all,all,no revasc,no revasc,no revasc,no revasc,with revasc,with revasc,with revasc,with revasc
,Test AUC,Sensitivity,Specificity,Accuracy,Test AUC,Sensitivity,Specificity,Accuracy,Test AUC,Sensitivity,Specificity,Accuracy
lasso,0.7145446568763276,0.7962962962962963,0.6327930174563591,0.643107476635514,0.7168891170431212,0.75,0.6837782340862423,0.6873786407766991,0.5351107226107226,0.9583333333333334,0.11188811188811187,0.23353293413173654
linreg,0.7317008404913641,0.7314814814814815,0.7319201995012469,0.731892523364486,0.7117067566246209,0.6547619047619048,0.7686516084873374,0.7624595469255664,0.6783216783216783,1.0,0.35664335664335667,0.4491017964071856
SVR10,0.5621247806409901,0.23148148148148148,0.8927680798004988,0.8510514018691588,0.5585460056712623,0.21428571428571427,0.9028062970568104,0.8653721682847897,0.5409382284382285,0.2916666666666667,0.7902097902097902,0.718562874251497
ridge,0.7247044425972107,0.7592592592592593,0.690149625935162,0.6945093457943925,0.7093722499266647,0.6904761904761905,0.7282683093771389,0.7262135922330097,0.6503496503496504,1.0,0.30069930069930073,0.40119760479041916
