,all,all,all,all,no revasc,no revasc,no revasc,no revasc,with revasc,with revasc,with revasc,with revasc
,Test AUC,Sensitivity,Specificity,Accuracy,Test AUC,Sensitivity,Specificity,Accuracy,Test AUC,Sensitivity,Specificity,Accuracy
lasso,0.7308514931396287,0.8666666666666667,0.5950363196125907,0.6045560747663551,0.7392609565797489,0.8260869565217391,0.6524349566377585,0.6576051779935275,0.5163398692810457,1.0,0.0326797385620915,0.11377245508982035
linreg,0.7485673930589185,0.8833333333333333,0.6138014527845037,0.6232476635514018,0.7569974185689009,0.8695652173913043,0.6444296197464976,0.6511326860841424,0.6211484593837535,0.9285714285714286,0.3137254901960784,0.3652694610778443
SVR10,0.6056295399515739,0.75,0.46125907990314774,0.4713785046728972,0.6203193433303362,0.8043478260869565,0.4362908605737158,0.44724919093851134,0.6386554621848739,0.5714285714285714,0.7058823529411764,0.6946107784431138
ridge,0.7485673930589185,0.8833333333333333,0.6138014527845037,0.6232476635514018,0.7569974185689009,0.8695652173913043,0.6444296197464976,0.6511326860841424,0.6211484593837535,0.9285714285714286,0.3137254901960784,0.3652694610778443
