,all,all,all,all,no revasc,no revasc,no revasc,no revasc,with revasc,with revasc,with revasc,with revasc
,Test AUC,Sensitivity,Specificity,Accuracy,Test AUC,Sensitivity,Specificity,Accuracy,Test AUC,Sensitivity,Specificity,Accuracy
lasso,0.640010594515301,0.5567010309278351,0.7233201581027668,0.7044392523364486,0.6402398171772609,0.5477707006369427,0.7327089337175792,0.713915857605178,0.6088357588357589,0.5945945945945946,0.6230769230769231,0.6167664670658682
linreg,0.6226111405403203,0.5515463917525774,0.6936758893280632,0.677570093457944,0.623006112446998,0.5414012738853503,0.7046109510086456,0.6880258899676376,0.5857588357588358,0.5945945945945946,0.5769230769230769,0.5808383233532934
SVR10,0.4800503918612391,0.0,1.0,0.8866822429906542,0.48222709667945446,0.0,1.0,0.8983818770226537,0.4995841995841996,0.0,1.0,0.7784431137724551
ridge,0.6226111405403203,0.5515463917525774,0.6936758893280632,0.677570093457944,0.623006112446998,0.5414012738853503,0.7046109510086456,0.6880258899676376,0.5857588357588358,0.5945945945945946,0.5769230769230769,0.5808383233532934
