,all,all,all,all,no revasc,no revasc,no revasc,no revasc,with revasc,with revasc,with revasc,with revasc
,Test AUC,Sensitivity,Specificity,Accuracy,Test AUC,Sensitivity,Specificity,Accuracy,Test AUC,Sensitivity,Specificity,Accuracy
lasso,0.6902138821630347,0.7333333333333333,0.647094430992736,0.6501168224299065,0.7055935841285494,0.717391304347826,0.6937958639092728,0.6944983818770226,0.48762838468720815,0.0,1.0,0.9161676646706587
linreg,0.687953995157385,0.75,0.62590799031477,0.6302570093457944,0.6974504742291963,0.7391304347826086,0.6557705136757839,0.658252427184466,0.5595238095238095,0.7857142857142857,0.33333333333333337,0.3712574850299401
SVR10,0.5745762711864407,0.2,0.9491525423728814,0.9228971962616822,0.5932143167909041,0.2391304347826087,0.9472981987991995,0.9262135922330097,0.5193744164332399,0.07142857142857142,0.9673202614379085,0.8922155688622755
ridge,0.687953995157385,0.75,0.62590799031477,0.6302570093457944,0.6974504742291963,0.7391304347826086,0.6557705136757839,0.658252427184466,0.5595238095238095,0.7857142857142857,0.33333333333333337,0.3712574850299401
