,all,all,all,all,no revasc,no revasc,no revasc,no revasc,with revasc,with revasc,with revasc,with revasc
,Test AUC,Sensitivity,Specificity,Accuracy,Test AUC,Sensitivity,Specificity,Accuracy,Test AUC,Sensitivity,Specificity,Accuracy
lasso,0.7320465686274511,0.825,0.639093137254902,0.6477803738317757,0.7326178692943308,0.7704918032786885,0.694743935309973,0.6977346278317152,0.5405405405405406,1.0,0.08108108108108103,0.18562874251497005
linreg,0.7450980392156864,0.8125,0.6776960784313726,0.6839953271028038,0.7392459458265211,0.7540983606557377,0.7243935309973046,0.7255663430420712,0.6047297297297297,1.0,0.20945945945945943,0.2994011976047904
SVR10,0.5059436274509803,0.0125,0.9993872549019608,0.9532710280373832,0.4996630727762803,0.0,1.0,0.9605177993527508,0.5263157894736842,0.05263157894736842,1.0,0.8922155688622755
ridge,0.7441789215686274,0.8125,0.6758578431372548,0.6822429906542056,0.7385720913790818,0.7540983606557377,0.7230458221024259,0.7242718446601941,0.6013513513513513,1.0,0.20270270270270274,0.2934131736526946
