,all,all,all,all,no revasc,no revasc,no revasc,no revasc,with revasc,with revasc,with revasc,with revasc
,Test AUC,Sensitivity,Specificity,Accuracy,Test AUC,Sensitivity,Specificity,Accuracy,Test AUC,Sensitivity,Specificity,Accuracy
lasso,0.7153645524599881,0.72,0.7107291049199762,0.7108644859813084,0.7199346405228758,0.6666666666666666,0.773202614379085,0.772168284789644,0.45095541401273886,0.0,1.0,0.9401197604790419
linreg,0.7867694131594546,0.88,0.6935388263189093,0.6962616822429907,0.8333333333333334,0.9333333333333333,0.7333333333333334,0.7352750809061489,0.5528662420382167,0.8,0.30573248407643316,0.33532934131736525
SVR10,0.7281327800829877,0.56,0.8962655601659751,0.8913551401869159,0.7519607843137255,0.6,0.903921568627451,0.9009708737864077,0.660828025477707,0.5,0.821656050955414,0.8023952095808383
ridge,0.7934321280379373,0.92,0.6668642560758744,0.6705607476635514,0.8205882352941176,0.9333333333333333,0.7078431372549019,0.7100323624595469,0.5837579617834395,0.9,0.26751592356687903,0.30538922155688625
