,all,all,all,all,no revasc,no revasc,no revasc,no revasc,with revasc,with revasc,with revasc,with revasc
,Test AUC,Sensitivity,Specificity,Accuracy,Test AUC,Sensitivity,Specificity,Accuracy,Test AUC,Sensitivity,Specificity,Accuracy
lasso,0.706093623890234,0.7166666666666667,0.6955205811138014,0.6962616822429907,0.7158758012588102,0.6739130434782609,0.7578385590393596,0.7553398058252427,0.4710550887021475,0.0,1.0,0.9161676646706587
linreg,0.7045803066989509,0.7166666666666667,0.6924939467312349,0.6933411214953271,0.7142080227397976,0.6739130434782609,0.7545030020013342,0.7521035598705501,0.4710550887021475,0.0,1.0,0.9161676646706587
SVR10,0.7145682001614205,0.7166666666666667,0.7124697336561743,0.7126168224299065,0.7235475824462686,0.6739130434782609,0.7731821214142762,0.7702265372168284,0.4873949579831933,0.0,1.0,0.9161676646706587
ridge,0.7045803066989509,0.7166666666666667,0.6924939467312349,0.6933411214953271,0.7142080227397976,0.6739130434782609,0.7545030020013342,0.7521035598705501,0.4710550887021475,0.0,1.0,0.9161676646706587
