,all,all,all,all,no revasc,no revasc,no revasc,no revasc,with revasc,with revasc,with revasc,with revasc
,Test AUC,Sensitivity,Specificity,Accuracy,Test AUC,Sensitivity,Specificity,Accuracy,Test AUC,Sensitivity,Specificity,Accuracy
lasso,0.6192502188077409,0.4230769230769231,0.8154235145385588,0.7856308411214953,0.5970873786407768,0.32038834951456313,0.8737864077669903,0.8368932038834952,0.5145502645502645,0.8148148148148148,0.2142857142857143,0.31137724550898205
linreg,0.6370174073713897,0.5692307692307692,0.7048040455120101,0.6945093457943925,0.6165048543689321,0.4854368932038835,0.7475728155339806,0.7300970873786408,0.5765873015873015,0.8888888888888888,0.26428571428571423,0.3652694610778443
SVR10,0.54499659632403,0.1076923076923077,0.9823008849557522,0.9158878504672897,0.532246879334258,0.07766990291262135,0.9868238557558946,0.9262135922330097,0.578968253968254,0.2222222222222222,0.9357142857142857,0.8203592814371258
ridge,0.6394923660410387,0.5615384615384615,0.7174462705436156,0.705607476635514,0.6182385575589459,0.47572815533980584,0.760748959778086,0.7417475728155339,0.5801587301587301,0.8888888888888888,0.27142857142857146,0.3712574850299401
