,all,all,all,all,no revasc,no revasc,no revasc,no revasc,with revasc,with revasc,with revasc,with revasc
,Test AUC,Sensitivity,Specificity,Accuracy,Test AUC,Sensitivity,Specificity,Accuracy,Test AUC,Sensitivity,Specificity,Accuracy
lasso,0.6671857491266232,0.6794871794871795,0.6548843187660669,0.657126168224299,0.6609436619718311,0.624,0.697887323943662,0.6919093851132686,0.5545540796963947,0.9032258064516129,0.20588235294117652,0.33532934131736525
linreg,0.6879078505042515,0.8076923076923077,0.5681233933161953,0.5899532710280374,0.6902394366197183,0.784,0.5964788732394366,0.6116504854368932,0.5876423149905123,0.9032258064516129,0.2720588235294118,0.38922155688622756
SVR10,0.547986289631534,0.4166666666666667,0.679305912596401,0.655373831775701,0.5600422535211267,0.456,0.6640845070422535,0.6472491909385113,0.5481499051233397,0.25806451612903225,0.8382352941176471,0.7305389221556886
ridge,0.6875865137433261,0.8076923076923077,0.5674807197943444,0.5893691588785047,0.6902394366197183,0.784,0.5964788732394366,0.6116504854368932,0.5839658444022771,0.9032258064516129,0.2647058823529411,0.38323353293413176
