,all,all,all,all,no revasc,no revasc,no revasc,no revasc,with revasc,with revasc,with revasc,with revasc
,Test AUC,Sensitivity,Specificity,Accuracy,Test AUC,Sensitivity,Specificity,Accuracy,Test AUC,Sensitivity,Specificity,Accuracy
lasso,0.6922396187882913,0.7384615384615385,0.6460176991150443,0.6530373831775701,0.6879334257975035,0.6699029126213593,0.7059639389736477,0.7035598705501618,0.5142857142857142,1.0,0.02857142857142858,0.18562874251497005
linreg,0.721263250024312,0.7307692307692307,0.7117572692793932,0.7132009345794392,0.7122052704576978,0.6601941747572816,0.7642163661581137,0.7572815533980582,0.5857142857142856,1.0,0.17142857142857137,0.30538922155688625
SVR10,0.5144413109014879,0.07692307692307693,0.9519595448798989,0.8855140186915887,0.515256588072122,0.07766990291262135,0.9528432732316228,0.8944983818770227,0.5084656084656084,0.07407407407407407,0.9428571428571428,0.8023952095808383
ridge,0.7234805017990859,0.7769230769230769,0.6700379266750949,0.6781542056074766,0.7205270457697642,0.7184466019417476,0.7226074895977809,0.7223300970873786,0.5642857142857143,1.0,0.12857142857142856,0.2694610778443114
