,all,all,all,all,no revasc,no revasc,no revasc,no revasc,with revasc,with revasc,with revasc,with revasc
,Test AUC,Sensitivity,Specificity,Accuracy,Test AUC,Sensitivity,Specificity,Accuracy,Test AUC,Sensitivity,Specificity,Accuracy
lasso,0.7436633076467102,0.76,0.7273266152934204,0.727803738317757,0.6924836601307189,0.6,0.7849673202614379,0.7831715210355987,0.5828025477707006,1.0,0.16560509554140124,0.2155688622754491
linreg,0.7907765263781861,0.84,0.7415530527563723,0.7429906542056075,0.7581699346405228,0.7333333333333333,0.7830065359477124,0.7825242718446602,0.6687898089171975,1.0,0.33757961783439494,0.3772455089820359
SVR10,0.6114997036158862,0.6,0.6229994072317724,0.6226635514018691,0.6444444444444444,0.6666666666666666,0.6222222222222222,0.6226537216828479,0.5652866242038217,0.5,0.6305732484076434,0.6227544910179641
ridge,0.7910729104919976,0.84,0.7421458209839953,0.7435747663551402,0.7581699346405228,0.7333333333333333,0.7830065359477124,0.7825242718446602,0.6719745222929936,1.0,0.3439490445859873,0.38323353293413176
