,all,all,all,all,no revasc,no revasc,no revasc,no revasc,with revasc,with revasc,with revasc,with revasc
,Test AUC,Sensitivity,Specificity,Accuracy,Test AUC,Sensitivity,Specificity,Accuracy,Test AUC,Sensitivity,Specificity,Accuracy
lasso,0.708852867830424,0.75,0.6677057356608479,0.6728971962616822,0.7112178546983475,0.7023809523809523,0.7200547570157426,0.7190938511326861,0.5247668997668997,0.9166666666666666,0.13286713286713292,0.24550898203592814
linreg,0.7191281056617715,0.8148148148148148,0.6234413965087282,0.6355140186915887,0.7129167888921482,0.7619047619047619,0.6639288158795346,0.6692556634304208,0.6048951048951049,1.0,0.2097902097902098,0.32335329341317365
SVR10,0.5577722360764755,0.16666666666666666,0.9488778054862843,0.8995327102803738,0.5775765131514617,0.20238095238095238,0.9527720739219713,0.9119741100323625,0.4753787878787879,0.0,1.0,0.8562874251497006
ridge,0.7158839013577167,0.7777777777777778,0.6539900249376558,0.6617990654205608,0.7118289821061895,0.7261904761904762,0.6974674880219027,0.6990291262135923,0.5840617715617716,0.9583333333333334,0.2097902097902098,0.31736526946107785
