,all,all,all,all,no revasc,no revasc,no revasc,no revasc,with revasc,with revasc,with revasc,with revasc
,Test AUC,Sensitivity,Specificity,Accuracy,Test AUC,Sensitivity,Specificity,Accuracy,Test AUC,Sensitivity,Specificity,Accuracy
lasso,0.7197069735270075,0.7894736842105263,0.6499402628434887,0.6530373831775701,0.738795766445536,0.7692307692307693,0.7083607636603029,0.7093851132686084,0.45537634408602157,0.0,1.0,0.9281437125748503
linreg,0.696739608878828,0.8421052631578947,0.5513739545997611,0.5578271028037384,0.6867878665113689,0.7692307692307693,0.6043449637919684,0.6071197411003236,0.5161290322580645,1.0,0.032258064516129004,0.10179640718562874
SVR10,0.5014934289127837,1.0,0.0029868578255675127,0.02511682242990654,0.500329163923634,1.0,0.0006583278472679366,0.017475728155339806,0.5129032258064516,1.0,0.02580645161290318,0.09580838323353294
ridge,0.696739608878828,0.8421052631578947,0.5513739545997611,0.5578271028037384,0.6867878665113689,0.7692307692307693,0.6043449637919684,0.6071197411003236,0.5161290322580645,1.0,0.032258064516129004,0.10179640718562874
