,all,all,all,all,no revasc,no revasc,no revasc,no revasc,with revasc,with revasc,with revasc,with revasc
,Test AUC,Sensitivity,Specificity,Accuracy,Test AUC,Sensitivity,Specificity,Accuracy,Test AUC,Sensitivity,Specificity,Accuracy
lasso,0.7153645524599881,0.72,0.7107291049199762,0.7108644859813084,0.7199346405228758,0.6666666666666666,0.773202614379085,0.772168284789644,0.45095541401273886,0.0,1.0,0.9401197604790419
linreg,0.7627741553052757,0.8,0.7255483106105513,0.7266355140186916,0.7872549019607844,0.8,0.7745098039215687,0.7747572815533981,0.524203821656051,0.8,0.24840764331210186,0.281437125748503
SVR10,0.503117960877297,0.96,0.0462359217545939,0.05957943925233645,0.5133986928104575,1.0,0.02679738562091505,0.036245954692556634,0.5678343949044586,0.9,0.23566878980891715,0.2754491017964072
ridge,0.7627741553052757,0.8,0.7255483106105513,0.7266355140186916,0.7872549019607844,0.8,0.7745098039215687,0.7747572815533981,0.524203821656051,0.8,0.24840764331210186,0.281437125748503
