,all,all,all,all,no revasc,no revasc,no revasc,no revasc,with revasc,with revasc,with revasc,with revasc
,Test AUC,Sensitivity,Specificity,Accuracy,Test AUC,Sensitivity,Specificity,Accuracy,Test AUC,Sensitivity,Specificity,Accuracy
lasso,0.7155024509803921,0.7625,0.6685049019607843,0.6728971962616822,0.724200212098449,0.7213114754098361,0.727088948787062,0.7268608414239482,0.4879089615931721,0.0,1.0,0.8862275449101796
linreg,0.7115808823529411,0.8625,0.5606617647058824,0.5747663551401869,0.7164398391586762,0.819672131147541,0.6132075471698113,0.6213592233009708,0.5168918918918919,1.0,0.03378378378378377,0.1437125748502994
SVR10,0.49436274509803924,0.0,1.0,0.9532710280373832,0.4918032786885246,0.0,1.0,0.9605177993527508,0.5067567567567568,1.0,0.013513513513513487,0.12574850299401197
ridge,0.7115808823529411,0.8625,0.5606617647058824,0.5747663551401869,0.7164398391586762,0.819672131147541,0.6132075471698113,0.6213592233009708,0.5168918918918919,1.0,0.03378378378378377,0.1437125748502994
