,all,all,all,all,no revasc,no revasc,no revasc,no revasc,with revasc,with revasc,with revasc,with revasc
,Test AUC,Sensitivity,Specificity,Accuracy,Test AUC,Sensitivity,Specificity,Accuracy,Test AUC,Sensitivity,Specificity,Accuracy
lasso,0.723763882549825,0.7619047619047619,0.6856230031948882,0.6921728971962616,0.7198251095309919,0.7008547008547008,0.738795518207283,0.7359223300970874,0.5656934306569343,1.0,0.13138686131386856,0.2874251497005988
linreg,0.7487818130447067,0.6598639455782312,0.837699680511182,0.822429906542056,0.736470229117288,0.5982905982905983,0.8746498599439776,0.8537216828478964,0.6762773722627737,0.9,0.45255474452554745,0.5329341317365269
SVR10,0.5819673556323488,0.2585034013605442,0.9054313099041533,0.8498831775700935,0.584437621202327,0.2564102564102564,0.9124649859943977,0.8627831715210356,0.5493917274939172,0.26666666666666666,0.8321167883211679,0.7305389221556886
ridge,0.749101301862598,0.6598639455782312,0.8383386581469648,0.8230140186915887,0.7368203691733104,0.5982905982905983,0.8753501400560224,0.8543689320388349,0.6762773722627737,0.9,0.45255474452554745,0.5329341317365269
