,all,all,all,all,no revasc,no revasc,no revasc,no revasc,with revasc,with revasc,with revasc,with revasc
,Test AUC,Sensitivity,Specificity,Accuracy,Test AUC,Sensitivity,Specificity,Accuracy,Test AUC,Sensitivity,Specificity,Accuracy
lasso,0.7111908021994742,0.7687074829931972,0.6536741214057509,0.6635514018691588,0.7086924513395101,0.7094017094017094,0.7079831932773109,0.7080906148867314,0.5437956204379562,1.0,0.08759124087591241,0.25149700598802394
linreg,0.735358935906631,0.7755102040816326,0.6952076677316295,0.7021028037383178,0.7290723981900453,0.717948717948718,0.7401960784313726,0.7385113268608414,0.6131386861313868,1.0,0.22627737226277367,0.3652694610778443
SVR10,0.5030818717263262,0.006802721088435374,0.9993610223642172,0.9141355140186916,0.4996498599439776,0.0,1.0,0.9242718446601942,0.5166666666666667,0.03333333333333333,1.0,0.8263473053892215
ridge,0.7344004694529569,0.7755102040816326,0.6932907348242812,0.7003504672897196,0.7283721180780005,0.717948717948718,0.738795518207283,0.7372168284789644,0.6094890510948905,1.0,0.21897810218978098,0.3592814371257485
