,all,all,all,all,no revasc,no revasc,no revasc,no revasc,with revasc,with revasc,with revasc,with revasc
,Test AUC,Sensitivity,Specificity,Accuracy,Test AUC,Sensitivity,Specificity,Accuracy,Test AUC,Sensitivity,Specificity,Accuracy
lasso,0.712360206165516,0.7230769230769231,0.7016434892541088,0.7032710280373832,0.7021497919556172,0.6504854368932039,0.7538141470180305,0.7469255663430421,0.5821428571428571,1.0,0.16428571428571426,0.2994011976047904
linreg,0.7288923465914616,0.6461538461538462,0.8116308470290772,0.7990654205607477,0.7170596393897365,0.5825242718446602,0.8515950069348128,0.8336569579288026,0.6444444444444444,0.8888888888888888,0.4,0.47904191616766467
SVR10,0.5084897403481474,0.08461538461538462,0.9323640960809102,0.8679906542056075,0.4986130374479889,0.0,1.0,0.9333333333333333,0.5247354497354497,0.18518518518518517,0.8642857142857143,0.7544910179640718
ridge,0.727890693377419,0.6384615384615384,0.8173198482932996,0.8037383177570093,0.7149791955617198,0.5728155339805825,0.8571428571428572,0.8381877022653722,0.6480158730158729,0.8888888888888888,0.40714285714285714,0.48502994011976047
