,all,all,all,all,no revasc,no revasc,no revasc,no revasc,with revasc,with revasc,with revasc,with revasc
,Test AUC,Sensitivity,Specificity,Accuracy,Test AUC,Sensitivity,Specificity,Accuracy,Test AUC,Sensitivity,Specificity,Accuracy
lasso,0.6622448508358733,0.6574074074074074,0.6670822942643391,0.6664719626168224,0.6745379876796713,0.6666666666666666,0.6824093086926762,0.6815533980582524,0.5677447552447552,0.625,0.5104895104895104,0.5269461077844312
linreg,0.654220929158585,0.7037037037037037,0.6047381546134664,0.610981308411215,0.6692578468759166,0.7142857142857143,0.624229979466119,0.629126213592233,0.5361305361305361,0.6666666666666666,0.4055944055944056,0.4431137724550898
SVR10,0.5897062898309781,0.6388888888888888,0.5405236907730673,0.5467289719626168,0.6127285616505329,0.6785714285714286,0.5468856947296372,0.5540453074433657,0.4877622377622378,0.0,1.0,0.8562874251497006
ridge,0.654220929158585,0.7037037037037037,0.6047381546134664,0.610981308411215,0.6692578468759166,0.7142857142857143,0.624229979466119,0.629126213592233,0.5361305361305361,0.6666666666666666,0.4055944055944056,0.4431137724550898
