,all,all,all,all,no revasc,no revasc,no revasc,no revasc,with revasc,with revasc,with revasc,with revasc
,Test AUC,Sensitivity,Specificity,Accuracy,Test AUC,Sensitivity,Specificity,Accuracy,Test AUC,Sensitivity,Specificity,Accuracy
lasso,0.6794707006789269,0.6217948717948718,0.737146529562982,0.7266355140186916,0.6702394366197183,0.544,0.7964788732394366,0.7760517799352751,0.5265654648956356,0.9354838709677419,0.11764705882352944,0.2694610778443114
linreg,0.6474358974358974,0.5448717948717948,0.75,0.7313084112149533,0.6385915492957747,0.48,0.7971830985915493,0.7715210355987056,0.5319022770398482,0.8064516129032258,0.25735294117647056,0.3592814371257485
SVR10,0.5279892558170194,0.22435897435897437,0.8316195372750643,0.7762850467289719,0.5257323943661972,0.224,0.8274647887323944,0.7786407766990291,0.5504032258064516,0.22580645161290322,0.875,0.7544910179640718
ridge,0.6474358974358974,0.5448717948717948,0.75,0.7313084112149533,0.6385915492957747,0.48,0.7971830985915493,0.7715210355987056,0.5319022770398482,0.8064516129032258,0.25735294117647056,0.3592814371257485
