,all,all,all,all,no revasc,no revasc,no revasc,no revasc,with revasc,with revasc,with revasc,with revasc
,Test AUC,Sensitivity,Specificity,Accuracy,Test AUC,Sensitivity,Specificity,Accuracy,Test AUC,Sensitivity,Specificity,Accuracy
lasso,0.6269049598226656,0.5555555555555556,0.6982543640897756,0.6892523364485982,0.6177642514911509,0.4880952380952381,0.7474332648870636,0.7333333333333333,0.4937354312354312,0.0,1.0,0.8562874251497006
linreg,0.6662164034358549,0.6111111111111112,0.7213216957605986,0.7143691588785047,0.6776302923633519,0.6071428571428571,0.7481177275838466,0.7404530744336569,0.5362762237762239,0.625,0.4475524475524476,0.47305389221556887
SVR10,0.5760713955851112,0.18518518518518517,0.9669576059850374,0.9176401869158879,0.5749119976532708,0.17857142857142858,0.971252566735113,0.9281553398058252,0.5657051282051282,0.20833333333333334,0.9230769230769231,0.8203592814371258
ridge,0.6662164034358549,0.6111111111111112,0.7213216957605986,0.7143691588785047,0.6776302923633519,0.6071428571428571,0.7481177275838466,0.7404530744336569,0.5362762237762239,0.625,0.4475524475524476,0.47305389221556887
