,all,all,all,all,no revasc,no revasc,no revasc,no revasc,with revasc,with revasc,with revasc,with revasc
,Test AUC,Sensitivity,Specificity,Accuracy,Test AUC,Sensitivity,Specificity,Accuracy,Test AUC,Sensitivity,Specificity,Accuracy
lasso,0.658707402280667,0.7756410256410257,0.5417737789203085,0.5630841121495327,0.6604084507042254,0.768,0.5528169014084507,0.5702265372168285,0.61646110056926,0.8064516129032258,0.42647058823529416,0.49700598802395207
linreg,0.6647880825258716,0.7948717948717948,0.5347043701799485,0.5584112149532711,0.675,0.8,0.55,0.5702265372168285,0.5745967741935484,0.7741935483870968,0.375,0.4491017964071856
SVR10,0.520433722233208,0.8525641025641025,0.18830334190231357,0.2488317757009346,0.5246056338028169,0.864,0.18521126760563378,0.2401294498381877,0.5135199240986716,0.8064516129032258,0.22058823529411764,0.32934131736526945
ridge,0.6647880825258716,0.7948717948717948,0.5347043701799485,0.5584112149532711,0.675,0.8,0.55,0.5702265372168285,0.5745967741935484,0.7741935483870968,0.375,0.4491017964071856
