,all,all,all,all,no revasc,no revasc,no revasc,no revasc,with revasc,with revasc,with revasc,with revasc
,Test AUC,Sensitivity,Specificity,Accuracy,Test AUC,Sensitivity,Specificity,Accuracy,Test AUC,Sensitivity,Specificity,Accuracy
lasso,0.6068238744973964,0.391025641025641,0.8226221079691517,0.7832943925233645,0.5983802816901409,0.32,0.8767605633802817,0.8317152103559871,0.46738614800759004,0.0,1.0,0.8143712574850299
linreg,0.6065766923736075,0.3333333333333333,0.8798200514138818,0.8300233644859814,0.5950281690140845,0.264,0.926056338028169,0.8724919093851132,0.5049810246679316,0.6129032258064516,0.3970588235294118,0.437125748502994
SVR10,0.5838853734097951,0.23717948717948717,0.9305912596401028,0.8674065420560748,0.5627464788732395,0.16,0.9654929577464789,0.9003236245954692,0.5572817836812144,0.5483870967741935,0.5661764705882353,0.562874251497006
ridge,0.6065766923736075,0.3333333333333333,0.8798200514138818,0.8300233644859814,0.5950281690140845,0.264,0.926056338028169,0.8724919093851132,0.5049810246679316,0.6129032258064516,0.3970588235294118,0.437125748502994
