,all,all,all,all,no revasc,no revasc,no revasc,no revasc,with revasc,with revasc,with revasc,with revasc
,Test AUC,Sensitivity,Specificity,Accuracy,Test AUC,Sensitivity,Specificity,Accuracy,Test AUC,Sensitivity,Specificity,Accuracy
lasso,0.6931051999630553,0.6574074074074074,0.7288029925187032,0.7242990654205608,0.6862594113620808,0.5833333333333334,0.7891854893908282,0.7779935275080906,0.5142773892773893,0.9166666666666666,0.11188811188811187,0.2275449101796407
linreg,0.653666759028355,0.5648148148148148,0.7425187032418953,0.7313084112149533,0.6452772073921972,0.5,0.7905544147843943,0.7747572815533981,0.5217074592074592,0.7916666666666666,0.2517482517482518,0.32934131736526945
SVR10,0.5457767617992056,0.25925925925925924,0.8322942643391521,0.7961448598130841,0.5513469248068837,0.27380952380952384,0.8288843258042436,0.7987055016181229,0.5377331002331002,0.20833333333333334,0.8671328671328671,0.7724550898203593
ridge,0.653666759028355,0.5648148148148148,0.7425187032418953,0.7313084112149533,0.6452772073921972,0.5,0.7905544147843943,0.7747572815533981,0.5217074592074592,0.7916666666666666,0.2517482517482518,0.32934131736526945
