,all,all,all,all,no revasc,no revasc,no revasc,no revasc,with revasc,with revasc,with revasc,with revasc
,Test AUC,Sensitivity,Specificity,Accuracy,Test AUC,Sensitivity,Specificity,Accuracy,Test AUC,Sensitivity,Specificity,Accuracy
lasso,0.6912379655742488,0.7307692307692307,0.6517067003792667,0.6577102803738317,0.6816920943134537,0.6601941747572816,0.7031900138696255,0.7003236245954693,0.5607142857142857,1.0,0.12142857142857144,0.2634730538922156
linreg,0.7283234464650393,0.7461538461538462,0.7104930467762326,0.7132009345794392,0.7167128987517337,0.6796116504854369,0.7538141470180305,0.7488673139158576,0.6321428571428571,1.0,0.26428571428571423,0.38323353293413176
SVR10,0.498050179908587,0.0,1.0,0.9240654205607477,0.49653259361997226,0.0,1.0,0.9333333333333333,0.5071428571428571,1.0,0.014285714285714235,0.17365269461077845
ridge,0.727890693377419,0.6384615384615384,0.8173198482932996,0.8037383177570093,0.7149791955617198,0.5728155339805825,0.8571428571428572,0.8381877022653722,0.6480158730158729,0.8888888888888888,0.40714285714285714,0.48502994011976047
