,all,all,all,all,no revasc,no revasc,no revasc,no revasc,with revasc,with revasc,with revasc,with revasc
,Test AUC,Sensitivity,Specificity,Accuracy,Test AUC,Sensitivity,Specificity,Accuracy,Test AUC,Sensitivity,Specificity,Accuracy
lasso,0.6747349995137607,0.5846153846153846,0.7648546144121365,0.7511682242990654,0.6633148404993066,0.5048543689320388,0.8217753120665742,0.8006472491909385,0.5337301587301587,0.8888888888888888,0.1785714285714286,0.2934131736526946
linreg,0.6687299426237481,0.5846153846153846,0.7528445006321113,0.740070093457944,0.6605409153952843,0.5145631067961165,0.8065187239944521,0.7870550161812297,0.5259259259259259,0.8518518518518519,0.19999999999999996,0.30538922155688625
SVR10,0.5029514733054556,0.015384615384615385,0.9905183312262958,0.9164719626168224,0.5052011095700416,0.019417475728155338,0.9909847434119279,0.9262135922330097,0.4928571428571429,0.0,1.0,0.8383233532934131
ridge,0.6723183895750267,0.6461538461538462,0.6984829329962073,0.6945093457943925,0.6629680998613037,0.5728155339805825,0.753120665742025,0.7411003236245954,0.5308201058201059,0.9259259259259259,0.13571428571428568,0.2634730538922156
