,all,all,all,all,no revasc,no revasc,no revasc,no revasc,with revasc,with revasc,with revasc,with revasc
,Test AUC,Sensitivity,Specificity,Accuracy,Test AUC,Sensitivity,Specificity,Accuracy,Test AUC,Sensitivity,Specificity,Accuracy
lasso,0.7450564971751413,0.8333333333333334,0.6567796610169492,0.6629672897196262,0.7458740609681817,0.782608695652174,0.7091394262841895,0.7113268608414239,0.5718954248366013,1.0,0.14379084967320266,0.2155688622754491
linreg,0.7004439063761098,0.8833333333333333,0.5175544794188862,0.530373831775701,0.70276561185718,0.8478260869565217,0.5577051367578385,0.5663430420711975,0.5620915032679739,1.0,0.12418300653594772,0.19760479041916168
SVR10,0.5489709443099273,0.4,0.6979418886198547,0.6875,0.5620921193839371,0.41304347826086957,0.7111407605070046,0.7022653721682848,0.46288515406162467,0.0,1.0,0.9161676646706587
ridge,0.7004439063761098,0.8833333333333333,0.5175544794188862,0.530373831775701,0.70276561185718,0.8478260869565217,0.5577051367578385,0.5663430420711975,0.5620915032679739,1.0,0.12418300653594772,0.19760479041916168
