,all,all,all,all,no revasc,no revasc,no revasc,no revasc,with revasc,with revasc,with revasc,with revasc
,Test AUC,Sensitivity,Specificity,Accuracy,Test AUC,Sensitivity,Specificity,Accuracy,Test AUC,Sensitivity,Specificity,Accuracy
lasso,0.5608479994726782,0.16025641025641027,0.961439588688946,0.8884345794392523,0.5362535211267606,0.088,0.9845070422535211,0.9119741100323625,0.5861005692599621,0.45161290322580644,0.7205882352941176,0.6706586826347305
linreg,0.5993836925713533,0.42948717948717946,0.769280205655527,0.7383177570093458,0.5923521126760563,0.384,0.8007042253521126,0.7669902912621359,0.5270398481973435,0.6129032258064516,0.4411764705882353,0.47305389221556887
SVR10,0.5637317909168809,0.16666666666666666,0.9607969151670951,0.8884345794392523,0.569338028169014,0.176,0.9626760563380282,0.8990291262135922,0.5351043643263756,0.12903225806451613,0.9411764705882353,0.7904191616766467
ridge,0.5993836925713533,0.42948717948717946,0.769280205655527,0.7383177570093458,0.5923521126760563,0.384,0.8007042253521126,0.7669902912621359,0.5270398481973435,0.6129032258064516,0.4411764705882353,0.47305389221556887
