,all,all,all,all,no revasc,no revasc,no revasc,no revasc,with revasc,with revasc,with revasc,with revasc
,Test AUC,Sensitivity,Specificity,Accuracy,Test AUC,Sensitivity,Specificity,Accuracy,Test AUC,Sensitivity,Specificity,Accuracy
lasso,0.6438685208596713,0.6,0.6877370417193426,0.6810747663551402,0.6390429958391124,0.5436893203883495,0.7343966712898752,0.7216828478964401,0.510978835978836,0.8148148148148148,0.20714285714285718,0.30538922155688625
linreg,0.6583438685208598,0.5,0.8166877370417194,0.7926401869158879,0.6542995839112344,0.4563106796116505,0.8522884882108184,0.8258899676375404,0.5583333333333333,0.6666666666666666,0.44999999999999996,0.48502994011976047
SVR10,0.6267042691821453,0.676923076923077,0.5764854614412136,0.5841121495327103,0.6151178918169209,0.6504854368932039,0.579750346740638,0.5844660194174758,0.6603174603174604,0.7777777777777778,0.5428571428571429,0.5808383233532934
ridge,0.6583438685208598,0.5,0.8166877370417194,0.7926401869158879,0.6542995839112344,0.4563106796116505,0.8522884882108184,0.8258899676375404,0.5583333333333333,0.6666666666666666,0.44999999999999996,0.48502994011976047
