,all,all,all,all,no revasc,no revasc,no revasc,no revasc,with revasc,with revasc,with revasc,with revasc
,Test AUC,Sensitivity,Specificity,Accuracy,Test AUC,Sensitivity,Specificity,Accuracy,Test AUC,Sensitivity,Specificity,Accuracy
lasso,0.7367320631327423,0.7894736842105263,0.6839904420549582,0.6863317757009346,0.7575581100926723,0.7692307692307693,0.7458854509545754,0.7462783171521036,0.45537634408602157,0.0,1.0,0.9281437125748503
linreg,0.737030748915299,0.7894736842105263,0.6845878136200717,0.6869158878504673,0.7578872740163063,0.7692307692307693,0.7465437788018433,0.7469255663430421,0.45537634408602157,0.0,1.0,0.9281437125748503
SVR10,0.5008960573476702,1.0,0.0017921146953404632,0.02394859813084112,0.500329163923634,1.0,0.0006583278472679366,0.017475728155339806,0.5064516129032258,1.0,0.012903225806451646,0.08383233532934131
ridge,0.737030748915299,0.7894736842105263,0.6845878136200717,0.6869158878504673,0.7578872740163063,0.7692307692307693,0.7465437788018433,0.7469255663430421,0.45537634408602157,0.0,1.0,0.9281437125748503
