,all,all,all,all,no revasc,no revasc,no revasc,no revasc,with revasc,with revasc,with revasc,with revasc
,Test AUC,Sensitivity,Specificity,Accuracy,Test AUC,Sensitivity,Specificity,Accuracy,Test AUC,Sensitivity,Specificity,Accuracy
lasso,0.6843776488231076,0.6326530612244898,0.7361022364217252,0.7272196261682243,0.6755368814192344,0.5555555555555556,0.7955182072829132,0.7773462783171521,0.5250608272506082,0.9333333333333333,0.11678832116788318,0.2634730538922156
linreg,0.6342961465736454,0.5510204081632653,0.7175718849840256,0.7032710280373832,0.6202686202686203,0.47863247863247865,0.7619047619047619,0.7404530744336569,0.544403892944039,0.8333333333333334,0.25547445255474455,0.3592814371257485
SVR10,0.5496294364391123,0.10884353741496598,0.9904153354632588,0.9147196261682243,0.5438572865043454,0.09401709401709402,0.9936974789915967,0.9255663430420712,0.5614355231143553,0.16666666666666666,0.9562043795620438,0.8143712574850299
ridge,0.6349351242094281,0.5510204081632653,0.7188498402555911,0.7044392523364486,0.6206187603246427,0.47863247863247865,0.7626050420168067,0.7411003236245954,0.5480535279805353,0.8333333333333334,0.26277372262773724,0.3652694610778443
