,all,all,all,all,no revasc,no revasc,no revasc,no revasc,with revasc,with revasc,with revasc,with revasc
,Test AUC,Sensitivity,Specificity,Accuracy,Test AUC,Sensitivity,Specificity,Accuracy,Test AUC,Sensitivity,Specificity,Accuracy
lasso,0.6975462389428615,0.782312925170068,0.612779552715655,0.6273364485981309,0.6972814766932415,0.7264957264957265,0.6680672268907564,0.6724919093851133,0.5182481751824817,1.0,0.03649635036496346,0.20958083832335328
linreg,0.6829627697724457,0.7755102040816326,0.5904153354632589,0.6063084112149533,0.6879713423831071,0.7435897435897436,0.6323529411764706,0.6407766990291263,0.5266423357664234,0.9,0.15328467153284675,0.2874251497005988
SVR10,0.6157701419225836,0.43537414965986393,0.7961661341853035,0.7651869158878505,0.6281063707534296,0.452991452991453,0.8032212885154062,0.7766990291262136,0.544647201946472,0.36666666666666664,0.7226277372262774,0.6586826347305389
ridge,0.6829627697724457,0.7755102040816326,0.5904153354632589,0.6063084112149533,0.6879713423831071,0.7435897435897436,0.6323529411764706,0.6407766990291263,0.5266423357664234,0.9,0.15328467153284675,0.2874251497005988
