,all,all,all,all,no revasc,no revasc,no revasc,no revasc,with revasc,with revasc,with revasc,with revasc
,Test AUC,Sensitivity,Specificity,Accuracy,Test AUC,Sensitivity,Specificity,Accuracy,Test AUC,Sensitivity,Specificity,Accuracy
lasso,0.7343897377853236,0.868421052631579,0.6003584229390682,0.6063084112149533,0.7326809135564896,0.8076923076923077,0.6576695194206714,0.6601941747572816,0.5193548387096774,1.0,0.03870967741935483,0.10778443113772455
linreg,0.727818650569075,0.868421052631579,0.5872162485065711,0.5934579439252337,0.7244518154656404,0.8076923076923077,0.641211323238973,0.6440129449838188,0.5290322580645161,1.0,0.058064516129032295,0.12574850299401197
SVR10,0.4946236559139785,0.0,1.0,0.977803738317757,0.49440421329822254,0.0,1.0,0.9831715210355987,0.4967741935483871,0.0,1.0,0.9281437125748503
ridge,0.7321731748726655,0.6578947368421053,0.8064516129032258,0.8031542056074766,0.7369220641110042,0.6153846153846154,0.8584595128373931,0.8543689320388349,0.5233870967741936,0.75,0.2967741935483871,0.32934131736526945
