,all,all,all,all,no revasc,no revasc,no revasc,no revasc,with revasc,with revasc,with revasc,with revasc
,Test AUC,Sensitivity,Specificity,Accuracy,Test AUC,Sensitivity,Specificity,Accuracy,Test AUC,Sensitivity,Specificity,Accuracy
lasso,0.6941296646454108,0.6802721088435374,0.7079872204472843,0.705607476635514,0.6910956690368455,0.6153846153846154,0.7668067226890756,0.7553398058252427,0.5141119221411192,0.9333333333333333,0.0948905109489051,0.24550898203592814
linreg,0.709445567364326,0.7006802721088435,0.7182108626198083,0.7167056074766355,0.7035660418013359,0.6410256410256411,0.7661064425770308,0.7566343042071197,0.5761557177615572,0.9333333333333333,0.21897810218978098,0.3473053892215569
SVR10,0.5021234052726522,0.006802721088435374,0.997444089456869,0.9123831775700935,0.5035732241614594,0.008547008547008548,0.9985994397759104,0.9236245954692557,0.4927007299270073,0.0,1.0,0.8203592814371258
ridge,0.7091260785464346,0.7006802721088435,0.7175718849840256,0.7161214953271028,0.7032159017453135,0.6410256410256411,0.7654061624649859,0.7559870550161812,0.5761557177615572,0.9333333333333333,0.21897810218978098,0.3473053892215569
