,all,all,all,all,no revasc,no revasc,no revasc,no revasc,with revasc,with revasc,with revasc,with revasc
,Test AUC,Sensitivity,Specificity,Accuracy,Test AUC,Sensitivity,Specificity,Accuracy,Test AUC,Sensitivity,Specificity,Accuracy
lasso,0.718508997429306,0.75,0.6870179948586118,0.6927570093457944,0.7140704225352112,0.688,0.7401408450704225,0.7359223300970874,0.5661764705882353,1.0,0.13235294117647056,0.2934131736526946
linreg,0.7328043635884253,0.6282051282051282,0.8374035989717223,0.8183411214953271,0.7169718309859155,0.56,0.873943661971831,0.8485436893203884,0.6795540796963947,0.9032258064516129,0.4558823529411765,0.5389221556886228
SVR10,0.5742370311779053,0.24358974358974358,0.9048843187660669,0.844626168224299,0.5759859154929577,0.24,0.9119718309859155,0.8576051779935275,0.5444734345351043,0.25806451612903225,0.8308823529411764,0.7245508982035929
ridge,0.7331257003493509,0.6282051282051282,0.8380462724935733,0.8189252336448598,0.7173239436619717,0.56,0.8746478873239436,0.8491909385113269,0.6795540796963947,0.9032258064516129,0.4558823529411765,0.5389221556886228
