,all,all,all,all,no revasc,no revasc,no revasc,no revasc,with revasc,with revasc,with revasc,with revasc
,Test AUC,Sensitivity,Specificity,Accuracy,Test AUC,Sensitivity,Specificity,Accuracy,Test AUC,Sensitivity,Specificity,Accuracy
lasso,0.7083936449979353,0.6870748299319728,0.7297124600638978,0.7260514018691588,0.7023001508295625,0.6153846153846154,0.7892156862745098,0.7760517799352751,0.5380778588807786,0.9666666666666667,0.10948905109489049,0.2634730538922156
linreg,0.6813892330094977,0.6394557823129252,0.7233226837060702,0.7161214953271028,0.6761743158801983,0.5897435897435898,0.7626050420168067,0.7495145631067961,0.5736009732360097,0.8333333333333334,0.3138686131386861,0.40718562874251496
SVR10,0.5299145856425637,0.12244897959183673,0.9373801916932907,0.8674065420560748,0.5243930905695612,0.1111111111111111,0.9376750700280112,0.8750809061488674,0.5504866180048662,0.16666666666666666,0.9343065693430657,0.7964071856287425
ridge,0.680750255373715,0.6394557823129252,0.7220447284345048,0.7149532710280374,0.6754740357681535,0.5897435897435898,0.761204481792717,0.7482200647249191,0.5736009732360097,0.8333333333333334,0.3138686131386861,0.40718562874251496
