,all,all,all,all,no revasc,no revasc,no revasc,no revasc,with revasc,with revasc,with revasc,with revasc
,Test AUC,Sensitivity,Specificity,Accuracy,Test AUC,Sensitivity,Specificity,Accuracy,Test AUC,Sensitivity,Specificity,Accuracy
lasso,0.6965088009335797,0.7615384615384615,0.6314791403286979,0.6413551401869159,0.6948682385575591,0.6990291262135923,0.6907073509015257,0.6912621359223301,0.5107142857142857,1.0,0.021428571428571463,0.17964071856287425
linreg,0.715734707770106,0.7538461538461538,0.6776232616940582,0.6834112149532711,0.71497919556172,0.6990291262135923,0.7309292649098474,0.7288025889967638,0.5457671957671957,0.9629629629629629,0.12857142857142856,0.2634730538922156
SVR10,0.49815715258193133,0.0,1.0,0.9240654205607477,0.4958391123439667,0.0,1.0,0.9333333333333333,0.4970899470899471,0.0,1.0,0.8383233532934131
ridge,0.7174754449090732,0.7769230769230769,0.6580278128950695,0.6670560747663551,0.7146324549237172,0.7184466019417476,0.7108183079056866,0.7113268608414239,0.5571428571428572,1.0,0.11428571428571432,0.25748502994011974
