,all,all,all,all,no revasc,no revasc,no revasc,no revasc,with revasc,with revasc,with revasc,with revasc
,Test AUC,Sensitivity,Specificity,Accuracy,Test AUC,Sensitivity,Specificity,Accuracy,Test AUC,Sensitivity,Specificity,Accuracy
lasso,0.7639439099540966,0.8421052631578947,0.6857825567502986,0.6892523364485982,0.7572289461690382,0.7692307692307693,0.7452271231073074,0.7456310679611651,0.5516129032258065,1.0,0.10322580645161294,0.16766467065868262
linreg,0.7651386530843237,0.8421052631578947,0.6881720430107527,0.6915887850467289,0.749329012001823,0.7692307692307693,0.7294272547728768,0.7300970873786408,0.6419354838709677,1.0,0.28387096774193543,0.33532934131736525
SVR10,0.6463088725397723,0.42105263157894735,0.8715651135005974,0.8615654205607477,0.6024965817592546,0.3076923076923077,0.8973008558262014,0.887378640776699,0.643010752688172,0.6666666666666666,0.6193548387096774,0.6227544910179641
ridge,0.7645412815192102,0.8421052631578947,0.6869772998805257,0.6904205607476636,0.7489998480781892,0.7692307692307693,0.728768926925609,0.7294498381877023,0.6387096774193548,1.0,0.2774193548387097,0.32934131736526945
