,all,all,all,all,no revasc,no revasc,no revasc,no revasc,with revasc,with revasc,with revasc,with revasc
,Test AUC,Sensitivity,Specificity,Accuracy,Test AUC,Sensitivity,Specificity,Accuracy,Test AUC,Sensitivity,Specificity,Accuracy
lasso,0.7098081866719399,0.7692307692307693,0.6503856041131105,0.6612149532710281,0.7074084507042253,0.712,0.7028169014084507,0.7035598705501618,0.5514705882352942,1.0,0.1029411764705882,0.2694610778443114
linreg,0.711077054907389,0.782051282051282,0.6401028277634961,0.6530373831775701,0.7142535211267605,0.744,0.6845070422535211,0.6893203883495146,0.555977229601518,0.9354838709677419,0.17647058823529416,0.31736526946107785
SVR10,0.5219332937841935,0.9358974358974359,0.10796915167095111,0.18341121495327103,0.5256478873239436,0.952,0.0992957746478873,0.16828478964401294,0.5347485768500949,0.8709677419354839,0.19852941176470584,0.32335329341317365
ridge,0.711077054907389,0.782051282051282,0.6401028277634961,0.6530373831775701,0.7142535211267605,0.744,0.6845070422535211,0.6893203883495146,0.555977229601518,0.9354838709677419,0.17647058823529416,0.31736526946107785
