,all,all,all,all,no revasc,no revasc,no revasc,no revasc,with revasc,with revasc,with revasc,with revasc
,Test AUC,Sensitivity,Specificity,Accuracy,Test AUC,Sensitivity,Specificity,Accuracy,Test AUC,Sensitivity,Specificity,Accuracy
lasso,0.6876659929147378,0.6462585034013606,0.7290734824281151,0.7219626168224299,0.6760306686777275,0.5726495726495726,0.7794117647058824,0.7637540453074434,0.5688564476885645,0.9333333333333333,0.2043795620437956,0.33532934131736525
linreg,0.7018560778944166,0.6190476190476191,0.7846645367412141,0.7704439252336449,0.6947945845004668,0.5555555555555556,0.8340336134453782,0.8129449838187702,0.5683698296836983,0.8666666666666667,0.27007299270072993,0.3772455089820359
SVR10,0.503927321727413,0.013605442176870748,0.9942492012779552,0.9100467289719626,0.49789915966386555,0.0,1.0,0.9242718446601942,0.5223844282238442,0.06666666666666667,0.9781021897810219,0.8143712574850299
ridge,0.6990936949859816,0.6122448979591837,0.7859424920127795,0.7710280373831776,0.6901709401709403,0.5470085470085471,0.8333333333333334,0.8116504854368932,0.5793187347931874,0.8666666666666667,0.291970802919708,0.39520958083832336
