,all,all,all,all,no revasc,no revasc,no revasc,no revasc,with revasc,with revasc,with revasc,with revasc
,Test AUC,Sensitivity,Specificity,Accuracy,Test AUC,Sensitivity,Specificity,Accuracy,Test AUC,Sensitivity,Specificity,Accuracy
lasso,0.7256492485694523,0.7368421052631579,0.7144563918757467,0.7149532710280374,0.7345672760419304,0.6923076923076923,0.7768268597761685,0.7754045307443366,0.46827956989247316,0.0,1.0,0.9281437125748503
linreg,0.7166415141797146,0.6578947368421053,0.7753882915173238,0.7727803738317757,0.738377981465539,0.6538461538461539,0.8229098090849243,0.8200647249190939,0.4881720430107527,0.0,1.0,0.9281437125748503
SVR10,0.5388763126454128,0.07894736842105263,0.998805256869773,0.9783878504672897,0.5189016053071352,0.038461538461538464,0.9993416721527321,0.9831715210355987,0.5801075268817204,0.16666666666666666,0.9935483870967742,0.9341317365269461
ridge,0.7166415141797146,0.6578947368421053,0.7753882915173238,0.7727803738317757,0.738377981465539,0.6538461538461539,0.8229098090849243,0.8200647249190939,0.4881720430107527,0.0,1.0,0.9281437125748503
