,all,all,all,all,no revasc,no revasc,no revasc,no revasc,with revasc,with revasc,with revasc,with revasc
,Test AUC,Sensitivity,Specificity,Accuracy,Test AUC,Sensitivity,Specificity,Accuracy,Test AUC,Sensitivity,Specificity,Accuracy
lasso,0.7219362745098039,0.8875,0.5563725490196079,0.5718457943925234,0.7301378639918696,0.8524590163934426,0.6078167115902965,0.6174757281553398,0.5202702702702703,1.0,0.04054054054054057,0.1497005988023952
linreg,0.7243872549019608,0.7625,0.6862745098039216,0.6898364485981309,0.7218417215324112,0.7213114754098361,0.7223719676549865,0.7223300970873786,0.6095305832147938,0.8947368421052632,0.32432432432432434,0.38922155688622756
SVR10,0.5055759803921569,0.0375,0.9736519607843137,0.9299065420560748,0.5019055720030047,0.03278688524590164,0.9710242587601078,0.9339805825242719,0.5263157894736842,0.05263157894736842,1.0,0.8922155688622755
ridge,0.7243872549019608,0.7625,0.6862745098039216,0.6898364485981309,0.7218417215324112,0.7213114754098361,0.7223719676549865,0.7223300970873786,0.6095305832147938,0.8947368421052632,0.32432432432432434,0.38922155688622756
