,all,all,all,all,no revasc,no revasc,no revasc,no revasc,with revasc,with revasc,with revasc,with revasc
,Test AUC,Sensitivity,Specificity,Accuracy,Test AUC,Sensitivity,Specificity,Accuracy,Test AUC,Sensitivity,Specificity,Accuracy
lasso,0.6793504901960784,0.575,0.7837009803921569,0.7739485981308412,0.6824433299456498,0.5245901639344263,0.8402964959568733,0.827831715210356,0.47652916073968704,0.0,1.0,0.8862275449101796
linreg,0.749142156862745,0.85,0.6482843137254901,0.6577102803738317,0.7453051124563651,0.8032786885245902,0.6873315363881402,0.6919093851132686,0.6283783783783784,1.0,0.2567567567567568,0.3413173652694611
SVR10,0.49056372549019606,0.0,1.0,0.9532710280373832,0.4859650479430869,0.0,1.0,0.9605177993527508,0.5101351351351351,1.0,0.020270270270270285,0.1317365269461078
ridge,0.7530024509803921,0.775,0.7310049019607843,0.7330607476635514,0.7474481905351068,0.7213114754098361,0.7735849056603774,0.7715210355987056,0.6257112375533428,0.9473684210526315,0.30405405405405406,0.3772455089820359
