,all,all,all,all,no revasc,no revasc,no revasc,no revasc,with revasc,with revasc,with revasc,with revasc
,Test AUC,Sensitivity,Specificity,Accuracy,Test AUC,Sensitivity,Specificity,Accuracy,Test AUC,Sensitivity,Specificity,Accuracy
lasso,0.6939231922801069,0.673469387755102,0.7143769968051118,0.7108644859813084,0.6903235653235653,0.6068376068376068,0.7738095238095238,0.7611650485436893,0.5141119221411192,0.9333333333333333,0.0948905109489051,0.24550898203592814
linreg,0.6630262328573603,0.6870748299319728,0.6389776357827476,0.643107476635514,0.6651942828413417,0.6581196581196581,0.6722689075630253,0.6711974110032363,0.545985401459854,0.8,0.291970802919708,0.38323353293413176
SVR10,0.5211014757340636,0.09523809523809523,0.9469648562300319,0.8738317757009346,0.5157742584213172,0.08547008547008547,0.946078431372549,0.8809061488673139,0.5447688564476886,0.13333333333333333,0.9562043795620438,0.8083832335329342
ridge,0.6630262328573603,0.6870748299319728,0.6389776357827476,0.643107476635514,0.6651942828413417,0.6581196581196581,0.6722689075630253,0.6711974110032363,0.545985401459854,0.8,0.291970802919708,0.38323353293413176
