,all,all,all,all,no revasc,no revasc,no revasc,no revasc,with revasc,with revasc,with revasc,with revasc
,Test AUC,Sensitivity,Specificity,Accuracy,Test AUC,Sensitivity,Specificity,Accuracy,Test AUC,Sensitivity,Specificity,Accuracy
lasso,0.7342524509803922,0.8,0.6685049019607843,0.6746495327102804,0.7313861517387654,0.7377049180327869,0.7250673854447439,0.7255663430420712,0.5506756756756757,1.0,0.10135135135135132,0.20359281437125748
linreg,0.7650735294117648,0.7875,0.7426470588235294,0.7447429906542056,0.7514913172197428,0.7213114754098361,0.7816711590296496,0.7792880258899676,0.6756756756756757,1.0,0.3513513513513513,0.4251497005988024
SVR10,0.5637254901960784,0.3125,0.8149509803921569,0.7914719626168224,0.5647673545137202,0.3114754098360656,0.8180592991913747,0.7980582524271844,0.5497866287339972,0.3157894736842105,0.7837837837837838,0.7305389221556886
ridge,0.7667892156862745,0.775,0.758578431372549,0.7593457943925234,0.7513808492775398,0.7049180327868853,0.7978436657681941,0.7941747572815534,0.6824324324324325,1.0,0.3648648648648649,0.437125748502994
