,all,all,all,all,no revasc,no revasc,no revasc,no revasc,with revasc,with revasc,with revasc,with revasc
,Test AUC,Sensitivity,Specificity,Accuracy,Test AUC,Sensitivity,Specificity,Accuracy,Test AUC,Sensitivity,Specificity,Accuracy
lasso,0.7110852943115153,0.7756410256410257,0.6465295629820051,0.6582943925233645,0.7092957746478873,0.72,0.6985915492957746,0.7003236245954693,0.5514705882352942,1.0,0.1029411764705882,0.2694610778443114
linreg,0.7004729417968492,0.782051282051282,0.6188946015424164,0.6337616822429907,0.7026338028169015,0.744,0.6612676056338028,0.6679611650485436,0.555977229601518,0.9354838709677419,0.17647058823529416,0.31736526946107785
SVR10,0.6618218970404061,0.6025641025641025,0.7210796915167095,0.7102803738317757,0.6633239436619719,0.552,0.7746478873239436,0.7566343042071197,0.4841081593927894,0.0,1.0,0.8143712574850299
ridge,0.7004729417968492,0.782051282051282,0.6188946015424164,0.6337616822429907,0.7026338028169015,0.744,0.6612676056338028,0.6679611650485436,0.555977229601518,0.9354838709677419,0.17647058823529416,0.31736526946107785
