,all,all,all,all,no revasc,no revasc,no revasc,no revasc,with revasc,with revasc,with revasc,with revasc
,Test AUC,Sensitivity,Specificity,Accuracy,Test AUC,Sensitivity,Specificity,Accuracy,Test AUC,Sensitivity,Specificity,Accuracy
lasso,0.7383165382335506,0.84,0.6366330764671013,0.6396028037383178,0.7137254901960784,0.7333333333333333,0.6941176470588235,0.6944983818770226,0.5382165605095541,1.0,0.07643312101910826,0.1317365269461078
linreg,0.7451570835803202,0.68,0.8103141671606402,0.8084112149532711,0.7584967320261436,0.6666666666666666,0.8503267973856209,0.8485436893203884,0.5601910828025478,0.7,0.42038216560509556,0.437125748502994
SVR10,0.49747480735032606,0.0,1.0,0.9853971962616822,0.5091503267973856,0.06666666666666667,0.9516339869281045,0.943042071197411,0.49363057324840764,0.0,1.0,0.9401197604790419
ridge,0.7356727919383522,0.68,0.7913455838767042,0.7897196261682243,0.75,0.6666666666666666,0.8333333333333334,0.8317152103559871,0.5410828025477707,0.7,0.3821656050955414,0.40119760479041916
