,all,all,all,all,no revasc,no revasc,no revasc,no revasc,with revasc,with revasc,with revasc,with revasc
,Test AUC,Sensitivity,Specificity,Accuracy,Test AUC,Sensitivity,Specificity,Accuracy,Test AUC,Sensitivity,Specificity,Accuracy
lasso,0.706093623890234,0.7166666666666667,0.6955205811138014,0.6962616822429907,0.7158758012588102,0.6739130434782609,0.7578385590393596,0.7553398058252427,0.4710550887021475,0.0,1.0,0.9161676646706587
linreg,0.7303672316384181,0.8166666666666667,0.6440677966101696,0.6501168224299065,0.7392029468921311,0.782608695652174,0.6957971981320881,0.6983818770226538,0.5329131652661064,0.9285714285714286,0.13725490196078427,0.20359281437125748
SVR10,0.4985068603712671,0.0,1.0,0.9649532710280374,0.49936189343620385,0.0,1.0,0.9702265372168285,0.4523809523809524,0.0,1.0,0.9161676646706587
ridge,0.7303672316384181,0.8166666666666667,0.6440677966101696,0.6501168224299065,0.7392029468921311,0.782608695652174,0.6957971981320881,0.6983818770226538,0.5329131652661064,0.9285714285714286,0.13725490196078427,0.20359281437125748
