,all,all,all,all,no revasc,no revasc,no revasc,no revasc,with revasc,with revasc,with revasc,with revasc
,Test AUC,Sensitivity,Specificity,Accuracy,Test AUC,Sensitivity,Specificity,Accuracy,Test AUC,Sensitivity,Specificity,Accuracy
lasso,0.687413486256674,0.6923076923076923,0.6825192802056556,0.6834112149532711,0.6857183098591549,0.632,0.7394366197183099,0.7307443365695793,0.5118595825426945,0.9354838709677419,0.08823529411764708,0.24550898203592814
linreg,0.6776580317711423,0.782051282051282,0.5732647814910026,0.5922897196261683,0.6763239436619718,0.728,0.6246478873239436,0.6330097087378641,0.5183823529411764,1.0,0.03676470588235292,0.2155688622754491
SVR10,0.4974375453167227,0.0,1.0,0.9088785046728972,0.496,0.0,1.0,0.919093851132686,0.5073529411764706,1.0,0.014705882352941124,0.19760479041916168
ridge,0.6776580317711423,0.782051282051282,0.5732647814910026,0.5922897196261683,0.6763239436619718,0.728,0.6246478873239436,0.6330097087378641,0.5183823529411764,1.0,0.03676470588235292,0.2155688622754491
