,all,all,all,all,no revasc,no revasc,no revasc,no revasc,with revasc,with revasc,with revasc,with revasc
,Test AUC,Sensitivity,Specificity,Accuracy,Test AUC,Sensitivity,Specificity,Accuracy,Test AUC,Sensitivity,Specificity,Accuracy
lasso,0.7463057284789034,0.8157894736842105,0.6768219832735962,0.6799065420560748,0.7910821896997011,0.8461538461538461,0.7360105332455562,0.7378640776699029,0.42338709677419356,0.0,1.0,0.9281437125748503
linreg,0.8045494560774696,0.8157894736842105,0.7933094384707288,0.7938084112149533,0.8218843368612954,0.8076923076923077,0.836076366030283,0.8355987055016181,0.603763440860215,0.8333333333333334,0.37419354838709673,0.40718562874251496
SVR10,0.5113657800415016,0.02631578947368421,0.996415770609319,0.9748831775700935,0.5172557856889655,0.038461538461538464,0.9960500329163924,0.9799352750809062,0.5,0.0,1.0,0.9281437125748503
ridge,0.8039520845123562,0.8157894736842105,0.7921146953405018,0.7926401869158879,0.8208968450903935,0.8076923076923077,0.8341013824884793,0.8336569579288026,0.606989247311828,0.8333333333333334,0.38064516129032255,0.41317365269461076
