,all,all,all,all,no revasc,no revasc,no revasc,no revasc,with revasc,with revasc,with revasc,with revasc
,Test AUC,Sensitivity,Specificity,Accuracy,Test AUC,Sensitivity,Specificity,Accuracy,Test AUC,Sensitivity,Specificity,Accuracy
lasso,0.7220588235294119,0.8375,0.6066176470588236,0.6174065420560748,0.7314910962838586,0.8032786885245902,0.6597035040431267,0.6653721682847896,0.510846372688478,0.9473684210526315,0.07432432432432434,0.17365269461077845
linreg,0.7570465686274511,0.75,0.764093137254902,0.7634345794392523,0.7550870487384561,0.7049180327868853,0.805256064690027,0.801294498381877,0.6230440967283073,0.8947368421052632,0.3513513513513513,0.41317365269461076
SVR10,0.5185661764705883,0.05,0.9871323529411765,0.9433411214953271,0.5106656798197163,0.03278688524590164,0.988544474393531,0.9508090614886732,0.5391180654338549,0.10526315789473684,0.972972972972973,0.874251497005988
ridge,0.7444240196078431,0.775,0.7138480392156863,0.7167056074766355,0.7373403738235164,0.7213114754098361,0.7533692722371967,0.7521035598705501,0.6324679943100995,0.9473684210526315,0.31756756756756754,0.38922155688622756
