,all,all,all,all,no revasc,no revasc,no revasc,no revasc,with revasc,with revasc,with revasc,with revasc
,Test AUC,Sensitivity,Specificity,Accuracy,Test AUC,Sensitivity,Specificity,Accuracy,Test AUC,Sensitivity,Specificity,Accuracy
lasso,0.6646971734376486,0.5876288659793815,0.7417654808959157,0.7242990654205608,0.6514482644688779,0.5031847133757962,0.7997118155619597,0.7695792880258899,0.5345114345114346,0.9459459459459459,0.12307692307692308,0.30538922155688625
linreg,0.6666157314969507,0.5927835051546392,0.7404479578392622,0.7237149532710281,0.6539125167495732,0.5095541401273885,0.7982708933717579,0.7689320388349514,0.5345114345114346,0.9459459459459459,0.12307692307692308,0.30538922155688625
SVR10,0.49166700623446474,0.0,1.0,0.8866822429906542,0.49717551717175423,0.0,1.0,0.8983818770226537,0.4786902286902287,0.0,1.0,0.7784431137724551
ridge,0.6666157314969507,0.5927835051546392,0.7404479578392622,0.7237149532710281,0.6539125167495732,0.5095541401273885,0.7982708933717579,0.7689320388349514,0.5345114345114346,0.9459459459459459,0.12307692307692308,0.30538922155688625
