,all,all,all,all,no revasc,no revasc,no revasc,no revasc,with revasc,with revasc,with revasc,with revasc
,Test AUC,Sensitivity,Specificity,Accuracy,Test AUC,Sensitivity,Specificity,Accuracy,Test AUC,Sensitivity,Specificity,Accuracy
lasso,0.7095641646489104,0.7,0.7191283292978208,0.7184579439252337,0.7170142413783102,0.6521739130434783,0.781854569713142,0.7779935275080906,0.48085901027077493,0.0,1.0,0.9161676646706587
linreg,0.6895278450363196,0.6,0.7790556900726392,0.7727803738317757,0.7070873335847087,0.5869565217391305,0.8272181454302868,0.8200647249190939,0.47502334267040147,0.0,1.0,0.9161676646706587
SVR10,0.5243946731234866,0.05,0.9987893462469734,0.9655373831775701,0.5105360095135888,0.021739130434782608,0.9993328885923949,0.9702265372168285,0.5681605975723623,0.14285714285714285,0.9934640522875817,0.9221556886227545
ridge,0.6808918482647297,0.5833333333333334,0.7784503631961259,0.7716121495327103,0.6958842126635147,0.5652173913043478,0.8265510340226818,0.8187702265372169,0.47502334267040147,0.0,1.0,0.9161676646706587
