,all,all,all,all,no revasc,no revasc,no revasc,no revasc,with revasc,with revasc,with revasc,with revasc
,Test AUC,Sensitivity,Specificity,Accuracy,Test AUC,Sensitivity,Specificity,Accuracy,Test AUC,Sensitivity,Specificity,Accuracy
lasso,0.7065642322279491,0.7076923076923077,0.7054361567635904,0.705607476635514,0.6969486823855756,0.6310679611650486,0.7628294036061026,0.7540453074433657,0.5571428571428572,1.0,0.11428571428571432,0.25748502994011974
linreg,0.7452883399786056,0.7769230769230769,0.713653603034134,0.7184579439252337,0.7354368932038835,0.7184466019417476,0.7524271844660194,0.7501618122977346,0.6571428571428571,1.0,0.3142857142857143,0.4251497005988024
SVR10,0.6101283672080133,0.3384615384615385,0.881795195954488,0.8405373831775701,0.6095700416088765,0.3106796116504854,0.9084604715672677,0.8686084142394822,0.5257936507936508,0.4444444444444444,0.6071428571428572,0.5808383233532934
ridge,0.7446562287270251,0.7769230769230769,0.7123893805309734,0.7172897196261683,0.7350901525658808,0.7184466019417476,0.7517337031900139,0.7495145631067961,0.6535714285714286,1.0,0.30714285714285716,0.41916167664670656
