,all,all,all,all,no revasc,no revasc,no revasc,no revasc,with revasc,with revasc,with revasc,with revasc
,Test AUC,Sensitivity,Specificity,Accuracy,Test AUC,Sensitivity,Specificity,Accuracy,Test AUC,Sensitivity,Specificity,Accuracy
lasso,0.7472962066182405,0.7833333333333333,0.7112590799031477,0.7137850467289719,0.7564898338022449,0.7391304347826086,0.7738492328218812,0.7728155339805826,0.5133053221288515,0.9285714285714286,0.0980392156862745,0.16766467065868262
linreg,0.7636602098466505,0.8166666666666667,0.7106537530266344,0.7143691588785047,0.7672216260115439,0.782608695652174,0.7518345563709139,0.7527508090614887,0.6178804855275444,0.9285714285714286,0.30718954248366015,0.3592814371257485
SVR10,0.5339790153349475,0.13333333333333333,0.9346246973365617,0.9065420560747663,0.5331960437393044,0.13043478260869565,0.9359573048699132,0.9119741100323625,0.5322128851540616,0.14285714285714285,0.9215686274509804,0.8562874251497006
ridge,0.7630548829701372,0.8166666666666667,0.7094430992736078,0.7132009345794392,0.7665545146039388,0.782608695652174,0.7505003335557038,0.7514563106796116,0.6178804855275444,0.9285714285714286,0.30718954248366015,0.3592814371257485
