,all,all,all,all,no revasc,no revasc,no revasc,no revasc,with revasc,with revasc,with revasc,with revasc
,Test AUC,Sensitivity,Specificity,Accuracy,Test AUC,Sensitivity,Specificity,Accuracy,Test AUC,Sensitivity,Specificity,Accuracy
lasso,0.6967178838860256,0.7461538461538462,0.6472819216182049,0.6547897196261683,0.6907073509015257,0.6796116504854369,0.7018030513176144,0.7003236245954693,0.5428571428571429,1.0,0.08571428571428574,0.23353293413173654
linreg,0.7372216279295927,0.7076923076923077,0.7667509481668774,0.7622663551401869,0.7337031900138696,0.6601941747572816,0.8072122052704577,0.7974110032362459,0.6194444444444445,0.8888888888888888,0.35,0.437125748502994
SVR10,0.6171448021005543,0.43846153846153846,0.7958280657395702,0.7686915887850467,0.6123439667128987,0.4174757281553398,0.8072122052704577,0.7812297734627832,0.5985449735449736,0.5185185185185185,0.6785714285714286,0.6526946107784432
ridge,0.7314742779344549,0.6538461538461539,0.809102402022756,0.7973130841121495,0.7243411927877947,0.6019417475728155,0.846740638002774,0.83042071197411,0.6366402116402117,0.8518518518518519,0.4214285714285714,0.49101796407185627
