,all,all,all,all,no revasc,no revasc,no revasc,no revasc,with revasc,with revasc,with revasc,with revasc
,Test AUC,Sensitivity,Specificity,Accuracy,Test AUC,Sensitivity,Specificity,Accuracy,Test AUC,Sensitivity,Specificity,Accuracy
lasso,0.6328017115627735,0.5538461538461539,0.7117572692793932,0.6997663551401869,0.6380027739251041,0.5533980582524272,0.7226074895977809,0.7113268608414239,0.5777777777777778,0.5555555555555556,0.6,0.592814371257485
linreg,0.6397063113877274,0.5923076923076923,0.6871049304677623,0.6799065420560748,0.6508321775312067,0.6019417475728155,0.6997226074895978,0.6932038834951456,0.5563492063492064,0.5555555555555556,0.5571428571428572,0.5568862275449101
SVR10,0.475751239910532,0.0,1.0,0.9240654205607477,0.4885575589459084,0.0,1.0,0.9333333333333333,0.45185185185185184,0.0,1.0,0.8383233532934131
ridge,0.6397063113877274,0.5923076923076923,0.6871049304677623,0.6799065420560748,0.6508321775312067,0.6019417475728155,0.6997226074895978,0.6932038834951456,0.5563492063492064,0.5555555555555556,0.5571428571428572,0.5568862275449101
