,all,all,all,all,no revasc,no revasc,no revasc,no revasc,with revasc,with revasc,with revasc,with revasc
,Test AUC,Sensitivity,Specificity,Accuracy,Test AUC,Sensitivity,Specificity,Accuracy,Test AUC,Sensitivity,Specificity,Accuracy
lasso,0.7238055720213397,0.76,0.6876111440426793,0.6886682242990654,0.7415032679738562,0.7333333333333333,0.7496732026143791,0.7495145631067961,0.44140127388535033,0.0,1.0,0.9401197604790419
linreg,0.7577237700059276,0.88,0.6354475400118553,0.639018691588785,0.7767973856209149,0.8666666666666667,0.6869281045751634,0.6886731391585761,0.5168789808917198,0.9,0.13375796178343946,0.17964071856287425
SVR10,0.5323651452282158,0.6,0.46473029045643155,0.46670560747663553,0.6062091503267973,0.7333333333333333,0.4790849673202614,0.4815533980582524,0.3624203821656051,0.0,1.0,0.9401197604790419
ridge,0.7577237700059276,0.88,0.6354475400118553,0.639018691588785,0.7767973856209149,0.8666666666666667,0.6869281045751634,0.6886731391585761,0.5168789808917198,0.9,0.13375796178343946,0.17964071856287425
