,all,all,all,all,no revasc,no revasc,no revasc,no revasc,with revasc,with revasc,with revasc,with revasc
,Test AUC,Sensitivity,Specificity,Accuracy,Test AUC,Sensitivity,Specificity,Accuracy,Test AUC,Sensitivity,Specificity,Accuracy
lasso,0.6910729104919977,0.64,0.7421458209839953,0.7406542056074766,0.6996732026143792,0.6,0.7993464052287582,0.7974110032362459,0.44235668789808913,0.0,1.0,0.9401197604790419
linreg,0.7094368701837581,0.72,0.6988737403675163,0.6991822429906542,0.6722222222222223,0.6,0.7444444444444445,0.7430420711974111,0.5773885350318472,0.9,0.2547770700636943,0.2934131736526946
SVR10,0.6402371072910492,0.68,0.6004742145820984,0.6016355140186916,0.6565359477124182,0.6666666666666666,0.6464052287581699,0.6466019417475728,0.42643312101910824,0.0,1.0,0.9401197604790419
ridge,0.7094368701837581,0.72,0.6988737403675163,0.6991822429906542,0.6722222222222223,0.6,0.7444444444444445,0.7430420711974111,0.5773885350318472,0.9,0.2547770700636943,0.2934131736526946
