,all,all,all,all,no revasc,no revasc,no revasc,no revasc,with revasc,with revasc,with revasc,with revasc
,Test AUC,Sensitivity,Specificity,Accuracy,Test AUC,Sensitivity,Specificity,Accuracy,Test AUC,Sensitivity,Specificity,Accuracy
lasso,0.6857161690066574,0.7628205128205128,0.6086118251928021,0.6226635514018691,0.683338028169014,0.704,0.6626760563380282,0.6660194174757281,0.5220588235294117,1.0,0.044117647058823484,0.2215568862275449
linreg,0.6939390943246985,0.6153846153846154,0.7724935732647815,0.758177570093458,0.6883239436619718,0.552,0.8246478873239437,0.8025889967637541,0.549454459203036,0.8709677419354839,0.2279411764705882,0.3473053892215569
SVR10,0.5242732845560609,0.11538461538461539,0.9331619537275064,0.8586448598130841,0.5184225352112676,0.096,0.9408450704225352,0.8724919093851132,0.5232447817836813,0.1935483870967742,0.8529411764705882,0.7305389221556886
ridge,0.6950596532858744,0.7435897435897436,0.6465295629820051,0.655373831775701,0.694,0.688,0.7,0.6990291262135923,0.527988614800759,0.967741935483871,0.08823529411764708,0.25149700598802394
