,all,all,all,all,no revasc,no revasc,no revasc,no revasc,with revasc,with revasc,with revasc,with revasc
,Test AUC,Sensitivity,Specificity,Accuracy,Test AUC,Sensitivity,Specificity,Accuracy,Test AUC,Sensitivity,Specificity,Accuracy
lasso,0.6972115363717373,0.6870748299319728,0.7073482428115017,0.705607476635514,0.6953691733103498,0.6239316239316239,0.7668067226890756,0.7559870550161812,0.5104622871046228,0.9333333333333333,0.08759124087591241,0.23952095808383234
linreg,0.6965725587359544,0.6870748299319728,0.7060702875399361,0.7044392523364486,0.6946688931983049,0.6239316239316239,0.7654061624649859,0.7546925566343042,0.5104622871046228,0.9333333333333333,0.08759124087591241,0.23952095808383234
SVR10,0.6924387646432374,0.6666666666666666,0.7182108626198083,0.7137850467289719,0.6881509013861956,0.5982905982905983,0.7780112044817927,0.7644012944983819,0.5141119221411192,0.9333333333333333,0.0948905109489051,0.24550898203592814
ridge,0.6965725587359544,0.6870748299319728,0.7060702875399361,0.7044392523364486,0.6946688931983049,0.6239316239316239,0.7654061624649859,0.7546925566343042,0.5104622871046228,0.9333333333333333,0.08759124087591241,0.23952095808383234
