,all,all,all,all,no revasc,no revasc,no revasc,no revasc,with revasc,with revasc,with revasc,with revasc
,Test AUC,Sensitivity,Specificity,Accuracy,Test AUC,Sensitivity,Specificity,Accuracy,Test AUC,Sensitivity,Specificity,Accuracy
lasso,0.6088013314877069,0.3525641025641026,0.8650385604113111,0.8183411214953271,0.5962112676056338,0.272,0.9204225352112676,0.8679611650485437,0.4820920303605313,0.0,1.0,0.8143712574850299
linreg,0.6155411640630151,0.358974358974359,0.872107969151671,0.8253504672897196,0.6042112676056338,0.288,0.9204225352112676,0.8692556634304207,0.506404174573055,0.6451612903225806,0.36764705882352944,0.41916167664670656
SVR10,0.5080087008107573,0.019230769230769232,0.9967866323907455,0.9077102803738317,0.5072957746478873,0.016,0.9985915492957746,0.919093851132686,0.5050996204933587,0.03225806451612903,0.9779411764705882,0.8023952095808383
ridge,0.6155411640630151,0.358974358974359,0.872107969151671,0.8253504672897196,0.6042112676056338,0.288,0.9204225352112676,0.8692556634304207,0.506404174573055,0.6451612903225806,0.36764705882352944,0.41916167664670656
