,all,all,all,all,no revasc,no revasc,no revasc,no revasc,with revasc,with revasc,with revasc,with revasc
,Test AUC,Sensitivity,Specificity,Accuracy,Test AUC,Sensitivity,Specificity,Accuracy,Test AUC,Sensitivity,Specificity,Accuracy
lasso,0.7283898305084746,0.8,0.6567796610169492,0.6617990654205608,0.7594120718159932,0.8043478260869565,0.7144763175450299,0.7171521035598706,0.43860877684407096,0.0,1.0,0.9161676646706587
linreg,0.7478410008071026,0.6833333333333333,0.8123486682808717,0.8078271028037384,0.7543724802041941,0.6521739130434783,0.85657104736491,0.8504854368932039,0.5823996265172735,0.7857142857142857,0.3790849673202614,0.41317365269461076
SVR10,0.5755044390637611,0.23333333333333334,0.9176755447941889,0.8936915887850467,0.5818734228616178,0.2391304347826087,0.9246164109406271,0.9042071197411004,0.5319794584500466,0.21428571428571427,0.8496732026143791,0.7964071856287425
ridge,0.7433010492332527,0.6833333333333333,0.8032687651331719,0.7990654205607477,0.7507033674623662,0.6521739130434783,0.8492328218812542,0.8433656957928802,0.569327731092437,0.7857142857142857,0.3529411764705882,0.38922155688622756
