,all,all,all,all,no revasc,no revasc,no revasc,no revasc,with revasc,with revasc,with revasc,with revasc
,Test AUC,Sensitivity,Specificity,Accuracy,Test AUC,Sensitivity,Specificity,Accuracy,Test AUC,Sensitivity,Specificity,Accuracy
lasso,0.6819070310220752,0.6615384615384615,0.7022756005056889,0.6991822429906542,0.6768377253814146,0.5922330097087378,0.7614424410540915,0.7501618122977346,0.5093915343915344,0.9259259259259259,0.09285714285714286,0.2275449101796407
linreg,0.698502382573179,0.6846153846153846,0.7123893805309734,0.7102803738317757,0.6910540915395283,0.6213592233009708,0.760748959778086,0.7514563106796116,0.5701058201058201,0.9259259259259259,0.2142857142857143,0.32934131736526945
SVR10,0.4984197218710493,0.0,1.0,0.9240654205607477,0.4989597780859917,0.0,1.0,0.9333333333333333,0.4928571428571429,0.0,1.0,0.8383233532934131
ridge,0.6981863269473889,0.6846153846153846,0.7117572692793932,0.709696261682243,0.6907073509015257,0.6213592233009708,0.7600554785020804,0.7508090614886731,0.5701058201058201,0.9259259259259259,0.2142857142857143,0.32934131736526945
