,all,all,all,all,no revasc,no revasc,no revasc,no revasc,with revasc,with revasc,with revasc,with revasc
,Test AUC,Sensitivity,Specificity,Accuracy,Test AUC,Sensitivity,Specificity,Accuracy,Test AUC,Sensitivity,Specificity,Accuracy
lasso,0.6534705407586763,0.7833333333333333,0.5236077481840193,0.5327102803738317,0.6594831336833251,0.782608695652174,0.5363575717144764,0.5436893203883495,0.592203548085901,0.7857142857142857,0.39869281045751637,0.4311377245508982
linreg,0.666505246166263,0.8166666666666667,0.5163438256658596,0.5268691588785047,0.6792209298952926,0.8260869565217391,0.5323549032688459,0.5411003236245955,0.5725957049486461,0.7857142857142857,0.3594771241830066,0.39520958083832336
SVR10,0.5179176755447942,0.85,0.18583535108958837,0.2091121495327103,0.514973750616353,0.8478260869565217,0.1821214142761841,0.20194174757281552,0.5396825396825397,0.8571428571428571,0.2222222222222222,0.2754491017964072
ridge,0.666505246166263,0.8166666666666667,0.5163438256658596,0.5268691588785047,0.6792209298952926,0.8260869565217391,0.5323549032688459,0.5411003236245955,0.5725957049486461,0.7857142857142857,0.3594771241830066,0.39520958083832336
