,all,all,all,all,no revasc,no revasc,no revasc,no revasc,with revasc,with revasc,with revasc,with revasc
,Test AUC,Sensitivity,Specificity,Accuracy,Test AUC,Sensitivity,Specificity,Accuracy,Test AUC,Sensitivity,Specificity,Accuracy
lasso,0.6946984390874665,0.7129629629629629,0.67643391521197,0.6787383177570093,0.6921995697663048,0.6547619047619048,0.729637234770705,0.7255663430420712,0.5247668997668997,0.9166666666666666,0.13286713286713292,0.24550898203592814
linreg,0.7021797358455711,0.7129629629629629,0.6913965087281795,0.6927570093457944,0.7061577197614158,0.6785714285714286,0.7337440109514031,0.7307443365695793,0.5460372960372961,0.8333333333333334,0.25874125874125875,0.3413173652694611
SVR10,0.6606516117114621,0.6018518518518519,0.7194513715710723,0.7120327102803738,0.6674366872005477,0.5833333333333334,0.7515400410677618,0.7423948220064724,0.5291375291375291,0.6666666666666666,0.39160839160839156,0.4311377245508982
ridge,0.7021797358455711,0.7129629629629629,0.6913965087281795,0.6927570093457944,0.7061577197614158,0.6785714285714286,0.7337440109514031,0.7307443365695793,0.5460372960372961,0.8333333333333334,0.25874125874125875,0.3413173652694611
