,all,all,all,all,no revasc,no revasc,no revasc,no revasc,with revasc,with revasc,with revasc,with revasc
,Test AUC,Sensitivity,Specificity,Accuracy,Test AUC,Sensitivity,Specificity,Accuracy,Test AUC,Sensitivity,Specificity,Accuracy
lasso,0.6750612745098039,0.7,0.6501225490196079,0.6524532710280374,0.6841113958729177,0.6721311475409836,0.6960916442048517,0.6951456310679611,0.4893314366998577,0.0,1.0,0.8862275449101796
linreg,0.6902573529411764,0.75,0.6305147058823529,0.6360981308411215,0.6987042110379569,0.7377049180327869,0.6597035040431267,0.6627831715210356,0.5636557610241821,0.7894736842105263,0.33783783783783783,0.38922155688622756
SVR10,0.5754901960784313,0.2,0.9509803921568627,0.9158878504672897,0.5891476293579604,0.22950819672131148,0.9487870619946092,0.920388349514563,0.5391180654338549,0.10526315789473684,0.972972972972973,0.874251497005988
ridge,0.6902573529411764,0.75,0.6305147058823529,0.6360981308411215,0.6987042110379569,0.7377049180327869,0.6597035040431267,0.6627831715210356,0.5636557610241821,0.7894736842105263,0.33783783783783783,0.38922155688622756
