,all,all,all,all,no revasc,no revasc,no revasc,no revasc,with revasc,with revasc,with revasc,with revasc
,Test AUC,Sensitivity,Specificity,Accuracy,Test AUC,Sensitivity,Specificity,Accuracy,Test AUC,Sensitivity,Specificity,Accuracy
lasso,0.6941697976402348,0.6858974358974359,0.7024421593830334,0.7009345794392523,0.6919295774647888,0.624,0.7598591549295775,0.7488673139158576,0.519212523719165,0.9354838709677419,0.1029411764705882,0.25748502994011974
linreg,0.7108545909959793,0.7051282051282052,0.7165809768637532,0.7155373831775701,0.7042816901408451,0.648,0.7605633802816901,0.7514563106796116,0.5964184060721063,0.9354838709677419,0.25735294117647056,0.38323353293413176
SVR10,0.5083217981675564,0.02564102564102564,0.9910025706940874,0.9030373831775701,0.5110704225352113,0.032,0.9901408450704225,0.912621359223301,0.5,0.0,1.0,0.8143712574850299
ridge,0.708943049238679,0.6923076923076923,0.7255784061696657,0.7225467289719626,0.7008591549295775,0.632,0.7697183098591549,0.7585760517799353,0.6000948766603416,0.9354838709677419,0.2647058823529411,0.38922155688622756
