,all,all,all,all,no revasc,no revasc,no revasc,no revasc,with revasc,with revasc,with revasc,with revasc
,Test AUC,Sensitivity,Specificity,Accuracy,Test AUC,Sensitivity,Specificity,Accuracy,Test AUC,Sensitivity,Specificity,Accuracy
lasso,0.7328275044457616,0.88,0.5856550088915233,0.5899532710280374,0.7212418300653595,0.8,0.6424836601307189,0.6440129449838188,0.5159235668789809,1.0,0.031847133757961776,0.08982035928143713
linreg,0.7633432128037937,0.96,0.5666864256075874,0.572429906542056,0.8049019607843138,1.0,0.6098039215686275,0.6135922330097088,0.5232484076433122,0.9,0.14649681528662417,0.19161676646706588
SVR10,0.6503378778897452,0.52,0.7806757557794902,0.7768691588785047,0.6937908496732026,0.6,0.7875816993464052,0.7857605177993527,0.556687898089172,0.4,0.713375796178344,0.6946107784431138
ridge,0.7633432128037937,0.96,0.5666864256075874,0.572429906542056,0.8049019607843138,1.0,0.6098039215686275,0.6135922330097088,0.5232484076433122,0.9,0.14649681528662417,0.19161676646706588
