,all,all,all,all,no revasc,no revasc,no revasc,no revasc,with revasc,with revasc,with revasc,with revasc
,Test AUC,Sensitivity,Specificity,Accuracy,Test AUC,Sensitivity,Specificity,Accuracy,Test AUC,Sensitivity,Specificity,Accuracy
lasso,0.7095641646489104,0.7,0.7191283292978208,0.7184579439252337,0.7170142413783102,0.6521739130434783,0.781854569713142,0.7779935275080906,0.48085901027077493,0.0,1.0,0.9161676646706587
linreg,0.6827481840193705,0.65,0.715496368038741,0.7132009345794392,0.6914682251936074,0.6304347826086957,0.752501667778519,0.7488673139158576,0.5336134453781513,0.7142857142857143,0.3529411764705882,0.38323353293413176
SVR10,0.5496973365617434,0.1,0.9993946731234867,0.967873831775701,0.5431447051657626,0.08695652173913043,0.9993328885923949,0.972168284789644,0.5714285714285714,0.14285714285714285,1.0,0.9281437125748503
ridge,0.6827481840193705,0.65,0.715496368038741,0.7132009345794392,0.6914682251936074,0.6304347826086957,0.752501667778519,0.7488673139158576,0.5336134453781513,0.7142857142857143,0.3529411764705882,0.38323353293413176
