,all,all,all,all,no revasc,no revasc,no revasc,no revasc,with revasc,with revasc,with revasc,with revasc
,Test AUC,Sensitivity,Specificity,Accuracy,Test AUC,Sensitivity,Specificity,Accuracy,Test AUC,Sensitivity,Specificity,Accuracy
lasso,0.6737772163590182,0.7474226804123711,0.6001317523056653,0.616822429906542,0.671701481304723,0.6942675159235668,0.649135446685879,0.6537216828478964,0.524948024948025,0.972972972972973,0.07692307692307687,0.2754491017964072
linreg,0.6683169661654647,0.7938144329896907,0.5428194993412385,0.5712616822429907,0.6683033829549001,0.7515923566878981,0.5850144092219021,0.6019417475728155,0.5326403326403326,0.972972972972973,0.09230769230769231,0.2874251497005988
SVR10,0.5293352620784265,0.26288659793814434,0.7957839262187089,0.7353971962616822,0.5387878815690449,0.2929936305732484,0.7845821325648414,0.7346278317152104,0.5252598752598752,0.13513513513513514,0.9153846153846154,0.7425149700598802
ridge,0.6683169661654647,0.7938144329896907,0.5428194993412385,0.5712616822429907,0.6683033829549001,0.7515923566878981,0.5850144092219021,0.6019417475728155,0.5326403326403326,0.972972972972973,0.09230769230769231,0.2874251497005988
