,all,all,all,all,no revasc,no revasc,no revasc,no revasc,with revasc,with revasc,with revasc,with revasc
,Test AUC,Sensitivity,Specificity,Accuracy,Test AUC,Sensitivity,Specificity,Accuracy,Test AUC,Sensitivity,Specificity,Accuracy
lasso,0.696290561373484,0.7371134020618557,0.655467720685112,0.6647196261682243,0.690965784981369,0.6751592356687898,0.7067723342939481,0.7035598705501618,0.5538461538461539,1.0,0.10769230769230764,0.30538922155688625
linreg,0.7059003300598998,0.7319587628865979,0.6798418972332017,0.6857476635514018,0.6970897042897263,0.6751592356687898,0.7190201729106629,0.7145631067961165,0.6172557172557173,0.972972972972973,0.2615384615384615,0.41916167664670656
SVR10,0.5054466674816294,0.27835051546391754,0.7325428194993413,0.6810747663551402,0.5067273628370564,0.2929936305732484,0.7204610951008645,0.6770226537216828,0.5388773388773389,0.21621621621621623,0.8615384615384616,0.718562874251497
ridge,0.7055709492957363,0.7319587628865979,0.6791831357048748,0.6851635514018691,0.6967294737421758,0.6751592356687898,0.718299711815562,0.713915857605178,0.6172557172557173,0.972972972972973,0.2615384615384615,0.41916167664670656
