,all,all,all,all,no revasc,no revasc,no revasc,no revasc,with revasc,with revasc,with revasc,with revasc
,Test AUC,Sensitivity,Specificity,Accuracy,Test AUC,Sensitivity,Specificity,Accuracy,Test AUC,Sensitivity,Specificity,Accuracy
lasso,0.679451394265379,0.711340206185567,0.647562582345191,0.6547897196261683,0.6735439343600286,0.6496815286624203,0.6974063400576369,0.6925566343042071,0.5441787941787942,0.972972972972973,0.11538461538461542,0.30538922155688625
linreg,0.6811322548660065,0.6494845360824743,0.7127799736495388,0.705607476635514,0.6750835184199416,0.5987261146496815,0.7514409221902018,0.7359223300970874,0.5824324324324325,0.8648648648648649,0.30000000000000004,0.4251497005988024
SVR10,0.5479809298724583,0.5979381443298969,0.4980237154150198,0.5093457943925234,0.5442464068723729,0.5668789808917197,0.521613832853026,0.5262135922330097,0.48794178794178794,0.0,1.0,0.7784431137724551
ridge,0.6811322548660065,0.6494845360824743,0.7127799736495388,0.705607476635514,0.6750835184199416,0.5987261146496815,0.7514409221902018,0.7359223300970874,0.5824324324324325,0.8648648648648649,0.30000000000000004,0.4251497005988024
