,all,all,all,all,no revasc,no revasc,no revasc,no revasc,with revasc,with revasc,with revasc,with revasc
,Test AUC,Sensitivity,Specificity,Accuracy,Test AUC,Sensitivity,Specificity,Accuracy,Test AUC,Sensitivity,Specificity,Accuracy
lasso,0.7064848844101956,0.64,0.7729697688203913,0.7710280373831776,0.7150326797385621,0.6,0.8300653594771241,0.827831715210356,0.45828025477707,0.0,1.0,0.9401197604790419
linreg,0.8063307646710136,0.88,0.7326615293420273,0.7348130841121495,0.8251633986928105,0.8666666666666667,0.7836601307189542,0.7844660194174757,0.5678343949044586,0.9,0.23566878980891715,0.2754491017964072
SVR10,0.5053230586840545,0.08,0.9306461173681091,0.9182242990654206,0.49836601307189543,0.0,1.0,0.9902912621359223,0.5181528662420383,0.1,0.9363057324840764,0.8862275449101796
ridge,0.8039596917605216,0.88,0.7279193835210434,0.7301401869158879,0.8218954248366014,0.8666666666666667,0.777124183006536,0.7779935275080906,0.574203821656051,0.9,0.24840764331210186,0.2874251497005988
