,all,all,all,all,no revasc,no revasc,no revasc,no revasc,with revasc,with revasc,with revasc,with revasc
,Test AUC,Sensitivity,Specificity,Accuracy,Test AUC,Sensitivity,Specificity,Accuracy,Test AUC,Sensitivity,Specificity,Accuracy
lasso,0.7172693266832918,0.75,0.6845386533665836,0.6886682242990654,0.7151901828493206,0.6904761904761905,0.7399041752224504,0.7372168284789644,0.5386072261072261,0.9583333333333334,0.11888111888111885,0.23952095808383234
linreg,0.7140828484344692,0.6388888888888888,0.7892768079800498,0.7797897196261683,0.7054243668720056,0.5833333333333334,0.8275154004106776,0.8142394822006472,0.6159673659673661,0.8333333333333334,0.39860139860139865,0.46107784431137727
SVR10,0.5749168744804655,0.16666666666666666,0.9831670822942643,0.9316588785046729,0.5834677813630585,0.17857142857142858,0.9883641341546886,0.944336569579288,0.5275349650349651,0.125,0.9300699300699301,0.8143712574850299
ridge,0.713771127736215,0.6388888888888888,0.7886533665835411,0.7792056074766355,0.7050821355236141,0.5833333333333334,0.8268309377138946,0.8135922330097087,0.6159673659673661,0.8333333333333334,0.39860139860139865,0.46107784431137727
