,all,all,all,all,no revasc,no revasc,no revasc,no revasc,with revasc,with revasc,with revasc,with revasc
,Test AUC,Sensitivity,Specificity,Accuracy,Test AUC,Sensitivity,Specificity,Accuracy,Test AUC,Sensitivity,Specificity,Accuracy
lasso,0.725189341461162,0.7870370370370371,0.6633416458852868,0.6711448598130841,0.7210692285127603,0.7261904761904762,0.7159479808350445,0.7165048543689321,0.5629370629370629,1.0,0.12587412587412583,0.25149700598802394
linreg,0.7506811674517411,0.6759259259259259,0.8254364089775561,0.8160046728971962,0.742446465239073,0.6190476190476191,0.865845311430527,0.8524271844660194,0.6437937062937062,0.875,0.4125874125874126,0.47904191616766467
SVR10,0.5476239955666389,0.1388888888888889,0.956359102244389,0.9047897196261683,0.5561626087806785,0.15476190476190477,0.9575633127994524,0.913915857605178,0.5136946386946387,0.08333333333333333,0.9440559440559441,0.8203592814371258
ridge,0.7503694467534867,0.6759259259259259,0.8248129675810474,0.8154205607476636,0.7421042338906816,0.6190476190476191,0.865160848733744,0.8517799352750809,0.6437937062937062,0.875,0.4125874125874126,0.47904191616766467
