,all,all,all,all,no revasc,no revasc,no revasc,no revasc,with revasc,with revasc,with revasc,with revasc
,Test AUC,Sensitivity,Specificity,Accuracy,Test AUC,Sensitivity,Specificity,Accuracy,Test AUC,Sensitivity,Specificity,Accuracy
lasso,0.6954604230165327,0.6851851851851852,0.7057356608478803,0.7044392523364486,0.6924806883739122,0.6190476190476191,0.7659137577002053,0.7579288025889968,0.5037878787878788,0.9166666666666666,0.09090909090909094,0.20958083832335328
linreg,0.6868592407869216,0.7222222222222222,0.6514962593516209,0.6559579439252337,0.6841204654346337,0.6666666666666666,0.7015742642026009,0.6996763754045308,0.5282634032634033,0.9166666666666666,0.1398601398601399,0.25149700598802394
SVR10,0.48067331670822944,0.0,1.0,0.9369158878504673,0.4752615625305564,0.0,1.0,0.945631067961165,0.45600233100233106,0.0,1.0,0.8562874251497006
ridge,0.6868592407869216,0.7222222222222222,0.6514962593516209,0.6559579439252337,0.6841204654346337,0.6666666666666666,0.7015742642026009,0.6996763754045308,0.5282634032634033,0.9166666666666666,0.1398601398601399,0.25149700598802394
