,all,all,all,all,no revasc,no revasc,no revasc,no revasc,with revasc,with revasc,with revasc,with revasc
,Test AUC,Sensitivity,Specificity,Accuracy,Test AUC,Sensitivity,Specificity,Accuracy,Test AUC,Sensitivity,Specificity,Accuracy
lasso,0.730575980392157,0.8,0.6611519607843137,0.6676401869158879,0.742725686005921,0.7704918032786885,0.7149595687331536,0.7171521035598706,0.5081792318634424,0.8947368421052632,0.1216216216216216,0.20958083832335328
linreg,0.7606004901960784,0.8,0.7212009803921569,0.7248831775700935,0.7706906455746543,0.7704918032786885,0.77088948787062,0.7708737864077669,0.558854907539118,0.8947368421052632,0.22297297297297303,0.2994011976047904
SVR10,0.5446691176470587,0.15,0.9393382352941176,0.9024532710280374,0.5485009500243029,0.14754098360655737,0.9494609164420486,0.917799352750809,0.49786628733997157,0.0,1.0,0.8862275449101796
ridge,0.7634191176470588,0.775,0.7518382352941176,0.7529205607476636,0.7687850735716496,0.7377049180327869,0.7998652291105122,0.7974110032362459,0.5825035561877667,0.8947368421052632,0.2702702702702703,0.3413173652694611
