,all,all,all,all,no revasc,no revasc,no revasc,no revasc,with revasc,with revasc,with revasc,with revasc
,Test AUC,Sensitivity,Specificity,Accuracy,Test AUC,Sensitivity,Specificity,Accuracy,Test AUC,Sensitivity,Specificity,Accuracy
lasso,0.6918462856766199,0.7435897435897436,0.6401028277634961,0.6495327102803738,0.6896478873239438,0.68,0.6992957746478874,0.6977346278317152,0.5110294117647058,1.0,0.022058823529411797,0.20359281437125748
linreg,0.7041312372289236,0.6858974358974359,0.7223650385604112,0.7190420560747663,0.6888591549295775,0.608,0.7697183098591549,0.7566343042071197,0.6139705882352942,1.0,0.2279411764705882,0.3712574850299401
SVR10,0.5517928943378815,0.20512820512820512,0.8984575835475579,0.8352803738317757,0.5453943661971831,0.176,0.9147887323943662,0.8550161812297734,0.5252609108159393,0.3225806451612903,0.7279411764705883,0.6526946107784432
ridge,0.7102201568782547,0.6987179487179487,0.7217223650385605,0.719626168224299,0.6968591549295775,0.624,0.7697183098591549,0.7579288025889968,0.6102941176470589,1.0,0.22058823529411764,0.3652694610778443
