,all,all,all,all,no revasc,no revasc,no revasc,no revasc,with revasc,with revasc,with revasc,with revasc
,Test AUC,Sensitivity,Specificity,Accuracy,Test AUC,Sensitivity,Specificity,Accuracy,Test AUC,Sensitivity,Specificity,Accuracy
lasso,0.6635091879075282,0.64,0.6870183758150563,0.6863317757009346,0.6689542483660131,0.6,0.7379084967320262,0.7365695792880259,0.4455414012738853,0.0,1.0,0.9401197604790419
linreg,0.7132898636633075,0.72,0.7065797273266152,0.7067757009345794,0.800653594771242,0.8666666666666667,0.734640522875817,0.7359223300970874,0.4665605095541402,0.0,1.0,0.9401197604790419
SVR10,0.6407350326022525,0.32,0.9614700652045051,0.9521028037383178,0.6496732026143791,0.3333333333333333,0.9660130718954248,0.9598705501618123,0.6085987261146497,0.3,0.9171974522292994,0.8802395209580839
ridge,0.7132898636633075,0.72,0.7065797273266152,0.7067757009345794,0.800653594771242,0.8666666666666667,0.734640522875817,0.7359223300970874,0.4665605095541402,0.0,1.0,0.9401197604790419
