,all,all,all,all,no revasc,no revasc,no revasc,no revasc,with revasc,with revasc,with revasc,with revasc
,Test AUC,Sensitivity,Specificity,Accuracy,Test AUC,Sensitivity,Specificity,Accuracy,Test AUC,Sensitivity,Specificity,Accuracy
lasso,0.6975731966380346,0.8240740740740741,0.5710723192019951,0.5870327102803738,0.6942285127603403,0.7738095238095238,0.6146475017111568,0.6233009708737864,0.5629370629370629,1.0,0.12587412587412583,0.25149700598802394
linreg,0.719543733259444,0.7314814814814815,0.7076059850374065,0.7091121495327103,0.7130023467292461,0.6785714285714286,0.7474332648870636,0.7436893203883496,0.6086829836829837,0.9166666666666666,0.30069930069930073,0.38922155688622756
SVR10,0.6017479449524338,0.5370370370370371,0.6664588528678304,0.6582943925233645,0.6048205729930576,0.5238095238095238,0.6858316221765914,0.6770226537216828,0.525932400932401,0.5833333333333334,0.46853146853146854,0.48502994011976047
ridge,0.7142444813891199,0.7314814814814815,0.6970074812967582,0.6991822429906542,0.7078688765033734,0.6785714285714286,0.7371663244353183,0.7339805825242719,0.6016899766899766,0.9166666666666666,0.28671328671328666,0.3772455089820359
