,all,all,all,all,no revasc,no revasc,no revasc,no revasc,with revasc,with revasc,with revasc,with revasc
,Test AUC,Sensitivity,Specificity,Accuracy,Test AUC,Sensitivity,Specificity,Accuracy,Test AUC,Sensitivity,Specificity,Accuracy
lasso,0.7110976594027442,0.7333333333333333,0.6888619854721549,0.6904205607476636,0.7230762537343736,0.6956521739130435,0.7505003335557038,0.7488673139158576,0.4710550887021475,0.0,1.0,0.9161676646706587
linreg,0.7235068603712672,0.7333333333333333,0.713680387409201,0.7143691588785047,0.7307480349218319,0.6956521739130435,0.7658438959306204,0.7637540453074434,0.5298786181139122,0.8571428571428571,0.20261437908496727,0.25748502994011974
SVR10,0.50591202582728,0.016666666666666666,0.9951573849878934,0.9608644859813084,0.5095353424021812,0.021739130434782608,0.9973315543695798,0.968284789644013,0.4869281045751634,0.0,1.0,0.9161676646706587
ridge,0.7232041969330105,0.7333333333333333,0.7130750605326877,0.7137850467289719,0.7304144792180294,0.6956521739130435,0.7651767845230153,0.7631067961165049,0.5298786181139122,0.8571428571428571,0.20261437908496727,0.25748502994011974
