,all,all,all,all,no revasc,no revasc,no revasc,no revasc,with revasc,with revasc,with revasc,with revasc
,Test AUC,Sensitivity,Specificity,Accuracy,Test AUC,Sensitivity,Specificity,Accuracy,Test AUC,Sensitivity,Specificity,Accuracy
lasso,0.6670435869225649,0.6134020618556701,0.7206851119894598,0.7085280373831776,0.6551239927311441,0.535031847133758,0.7752161383285303,0.7508090614886731,0.5422037422037422,0.9459459459459459,0.1384615384615384,0.31736526946107785
linreg,0.6480651426863888,0.4845360824742268,0.8115942028985508,0.7745327102803738,0.6380876117403036,0.4267515923566879,0.8494236311239193,0.8064724919093851,0.5687110187110187,0.7297297297297297,0.4076923076923077,0.47904191616766467
SVR10,0.5720800565040816,0.29896907216494845,0.8451910408432147,0.7832943925233645,0.5772751886047834,0.29936305732484075,0.8551873198847262,0.7987055016181229,0.5178794178794179,0.2972972972972973,0.7384615384615385,0.6407185628742516
ridge,0.6551790880567214,0.5257731958762887,0.7845849802371542,0.7552570093457944,0.6481327667541621,0.4713375796178344,0.8249279538904899,0.7889967637540453,0.5553014553014552,0.7567567567567568,0.3538461538461538,0.4431137724550898
