,all,all,all,all,no revasc,no revasc,no revasc,no revasc,with revasc,with revasc,with revasc,with revasc
,Test AUC,Sensitivity,Specificity,Accuracy,Test AUC,Sensitivity,Specificity,Accuracy,Test AUC,Sensitivity,Specificity,Accuracy
lasso,0.6931051999630553,0.6574074074074074,0.7288029925187032,0.7242990654205608,0.6862594113620808,0.5833333333333334,0.7891854893908282,0.7779935275080906,0.5142773892773893,0.9166666666666666,0.11188811188811187,0.2275449101796407
linreg,0.6482289646254733,0.5925925925925926,0.703865336658354,0.6968457943925234,0.6325413122127701,0.5238095238095238,0.7412731006160165,0.7294498381877023,0.5775058275058276,0.8333333333333334,0.32167832167832167,0.39520958083832336
SVR10,0.569559896554909,0.24074074074074073,0.8983790523690773,0.856892523364486,0.5662095433656009,0.2261904761904762,0.9062286105407256,0.8692556634304207,0.5549242424242424,0.2916666666666667,0.8181818181818181,0.7425149700598802
ridge,0.6585965641451925,0.6388888888888888,0.6783042394014962,0.6758177570093458,0.644372738828591,0.5714285714285714,0.7173169062286106,0.7093851132686084,0.5773601398601398,0.875,0.2797202797202797,0.3652694610778443
