,all,all,all,all,no revasc,no revasc,no revasc,no revasc,with revasc,with revasc,with revasc,with revasc
,Test AUC,Sensitivity,Specificity,Accuracy,Test AUC,Sensitivity,Specificity,Accuracy,Test AUC,Sensitivity,Specificity,Accuracy
lasso,0.7456416464891042,0.8,0.6912832929782082,0.6950934579439252,0.7451489398729587,0.7391304347826086,0.7511674449633089,0.7508090614886731,0.5522875816993464,1.0,0.10457516339869277,0.17964071856287425
linreg,0.7554882970137207,0.8166666666666667,0.6943099273607748,0.6985981308411215,0.7483467239028918,0.7608695652173914,0.7358238825883923,0.7365695792880259,0.6437908496732025,1.0,0.2875816993464052,0.3473053892215569
SVR10,0.6028046811945117,0.3333333333333333,0.8722760290556901,0.8533878504672897,0.5797343156307104,0.2608695652173913,0.8985990660440294,0.8796116504854369,0.5929038281979458,0.5714285714285714,0.6143790849673203,0.6107784431137725
ridge,0.7548829701372074,0.8166666666666667,0.6930992736077481,0.697429906542056,0.7480131681990891,0.7608695652173914,0.7351567711807871,0.7359223300970874,0.6405228758169934,1.0,0.28104575163398693,0.3413173652694611
