,all,all,all,all,no revasc,no revasc,no revasc,no revasc,with revasc,with revasc,with revasc,with revasc
,Test AUC,Sensitivity,Specificity,Accuracy,Test AUC,Sensitivity,Specificity,Accuracy,Test AUC,Sensitivity,Specificity,Accuracy
lasso,0.6999854128172712,0.7615384615384615,0.638432364096081,0.6477803738317757,0.6948682385575591,0.6990291262135923,0.6907073509015257,0.6912621359223301,0.55,1.0,0.09999999999999998,0.24550898203592814
linreg,0.694403384226393,0.7769230769230769,0.6118836915297092,0.6244158878504673,0.69625520110957,0.7378640776699029,0.6546463245492371,0.6601941747572816,0.5486772486772487,0.9259259259259259,0.17142857142857137,0.2934131736526946
SVR10,0.6536127589224935,0.5923076923076923,0.7149178255372945,0.705607476635514,0.656380027739251,0.5436893203883495,0.7690707350901526,0.7540453074433657,0.46746031746031746,0.0,1.0,0.8383233532934131
ridge,0.694403384226393,0.7769230769230769,0.6118836915297092,0.6244158878504673,0.69625520110957,0.7378640776699029,0.6546463245492371,0.6601941747572816,0.5486772486772487,0.9259259259259259,0.17142857142857137,0.2934131736526946
