,all,all,all,all,no revasc,no revasc,no revasc,no revasc,with revasc,with revasc,with revasc,with revasc
,Test AUC,Sensitivity,Specificity,Accuracy,Test AUC,Sensitivity,Specificity,Accuracy,Test AUC,Sensitivity,Specificity,Accuracy
lasso,0.6841826315277643,0.7615384615384615,0.606826801517067,0.6185747663551402,0.6806518723994452,0.6990291262135923,0.6622746185852981,0.6647249190938511,0.5178571428571428,1.0,0.0357142857142857,0.19161676646706588
linreg,0.6692745307789556,0.7538461538461538,0.5847029077117573,0.5975467289719626,0.6726768377253814,0.7184466019417476,0.6269070735090152,0.6330097087378641,0.5194444444444445,0.8888888888888888,0.15000000000000002,0.2694610778443114
SVR10,0.607872216279296,0.4230769230769231,0.7926675094816688,0.7646028037383178,0.6234396671289876,0.44660194174757284,0.8002773925104022,0.7766990291262136,0.5238095238095237,0.3333333333333333,0.7142857142857143,0.6526946107784432
ridge,0.6692745307789556,0.7538461538461538,0.5847029077117573,0.5975467289719626,0.6726768377253814,0.7184466019417476,0.6269070735090152,0.6330097087378641,0.5194444444444445,0.8888888888888888,0.15000000000000002,0.2694610778443114
