,all,all,all,all,no revasc,no revasc,no revasc,no revasc,with revasc,with revasc,with revasc,with revasc
,Test AUC,Sensitivity,Specificity,Accuracy,Test AUC,Sensitivity,Specificity,Accuracy,Test AUC,Sensitivity,Specificity,Accuracy
lasso,0.6980675755779491,0.44,0.9561351511558981,0.9485981308411215,0.6575163398692809,0.3333333333333333,0.9816993464052287,0.9754045307443365,0.6535031847133759,0.6,0.7070063694267517,0.7005988023952096
linreg,0.7593716656787196,0.76,0.7587433313574392,0.7587616822429907,0.795751633986928,0.8,0.7915032679738562,0.7915857605177994,0.5697452229299363,0.7,0.4394904458598726,0.4550898203592814
SVR10,0.6974748073503261,0.44,0.9549496147006521,0.947429906542056,0.7447712418300654,0.5333333333333333,0.9562091503267974,0.9521035598705502,0.6213375796178344,0.3,0.9426751592356688,0.9041916167664671
ridge,0.7593716656787196,0.76,0.7587433313574392,0.7587616822429907,0.795751633986928,0.8,0.7915032679738562,0.7915857605177994,0.5697452229299363,0.7,0.4394904458598726,0.4550898203592814
