,all,all,all,all,no revasc,no revasc,no revasc,no revasc,with revasc,with revasc,with revasc,with revasc
,Test AUC,Sensitivity,Specificity,Accuracy,Test AUC,Sensitivity,Specificity,Accuracy,Test AUC,Sensitivity,Specificity,Accuracy
lasso,0.6016496203632017,0.33505154639175255,0.8682476943346509,0.8078271028037384,0.5888438664439508,0.25477707006369427,0.9229106628242075,0.8550161812297734,0.48014553014553013,0.0,1.0,0.7784431137724551
linreg,0.6020367276530432,0.32989690721649484,0.8741765480895916,0.8125,0.58812340534885,0.25477707006369427,0.9214697406340058,0.8537216828478964,0.508939708939709,0.6486486486486487,0.36923076923076925,0.4311377245508982
SVR10,0.5060850549420697,0.015463917525773196,0.9967061923583662,0.8855140186915887,0.5056489656564914,0.012738853503184714,0.9985590778097982,0.8983818770226537,0.501975051975052,0.02702702702702703,0.9769230769230769,0.7664670658682635
ridge,0.6020367276530432,0.32989690721649484,0.8741765480895916,0.8125,0.58812340534885,0.25477707006369427,0.9214697406340058,0.8537216828478964,0.508939708939709,0.6486486486486487,0.36923076923076925,0.4311377245508982
