,all,all,all,all,no revasc,no revasc,no revasc,no revasc,with revasc,with revasc,with revasc,with revasc
,Test AUC,Sensitivity,Specificity,Accuracy,Test AUC,Sensitivity,Specificity,Accuracy,Test AUC,Sensitivity,Specificity,Accuracy
lasso,0.7343897377853236,0.868421052631579,0.6003584229390682,0.6063084112149533,0.7326809135564896,0.8076923076923077,0.6576695194206714,0.6601941747572816,0.5193548387096774,1.0,0.03870967741935483,0.10778443113772455
linreg,0.7451267056530214,0.8421052631578947,0.6481481481481481,0.6524532710280374,0.7521015850508939,0.8076923076923077,0.6965108624094799,0.6983818770226538,0.5454301075268817,0.9166666666666666,0.17419354838709677,0.2275449101796407
SVR10,0.4913538326101994,0.0,1.0,0.977803738317757,0.4991517698890971,0.0,1.0,0.9831715210355987,0.4612903225806452,0.0,1.0,0.9281437125748503
ridge,0.7519964786518266,0.8421052631578947,0.6618876941457587,0.6658878504672897,0.7404415860637059,0.7692307692307693,0.7116524028966426,0.7126213592233009,0.5870967741935484,1.0,0.17419354838709677,0.23353293413173654
