,all,all,all,all,no revasc,no revasc,no revasc,no revasc,with revasc,with revasc,with revasc,with revasc
,Test AUC,Sensitivity,Specificity,Accuracy,Test AUC,Sensitivity,Specificity,Accuracy,Test AUC,Sensitivity,Specificity,Accuracy
lasso,0.6848651960784313,0.7,0.6697303921568627,0.6711448598130841,0.693766294021475,0.7049180327868853,0.6826145552560647,0.683495145631068,0.6123755334281651,0.6842105263157895,0.5405405405405406,0.5568862275449101
linreg,0.6807598039215688,0.75,0.6115196078431373,0.6179906542056075,0.6907284256108878,0.7540983606557377,0.6273584905660378,0.6323624595469256,0.5947724039829303,0.7368421052631579,0.45270270270270274,0.48502994011976047
SVR10,0.5615196078431373,0.775,0.3480392156862745,0.3679906542056075,0.5487715964827007,0.7377049180327869,0.35983827493261455,0.37475728155339805,0.5622332859174964,0.8947368421052632,0.22972972972972971,0.30538922155688625
ridge,0.6807598039215688,0.75,0.6115196078431373,0.6179906542056075,0.6907284256108878,0.7540983606557377,0.6273584905660378,0.6323624595469256,0.5947724039829303,0.7368421052631579,0.45270270270270274,0.48502994011976047
