,all,all,all,all,no revasc,no revasc,no revasc,no revasc,with revasc,with revasc,with revasc,with revasc
,Test AUC,Sensitivity,Specificity,Accuracy,Test AUC,Sensitivity,Specificity,Accuracy,Test AUC,Sensitivity,Specificity,Accuracy
lasso,0.7131673269194492,0.8421052631578947,0.5842293906810037,0.5899532710280374,0.7045627183876031,0.7692307692307693,0.6398946675444371,0.6420711974110033,0.5193548387096774,1.0,0.03870967741935483,0.10778443113772455
linreg,0.7483493680437654,0.7368421052631579,0.7598566308243728,0.7593457943925234,0.7699270775307642,0.7307692307692307,0.8090849242922975,0.8077669902912621,0.5137096774193548,0.75,0.2774193548387097,0.31137724550898205
SVR10,0.6693233981009874,0.4473684210526316,0.8912783751493429,0.8814252336448598,0.6348939079353826,0.34615384615384615,0.923633969716919,0.913915857605178,0.6204301075268817,0.6666666666666666,0.5741935483870968,0.5808383233532934
ridge,0.733100672829026,0.7105263157894737,0.7556750298685783,0.7546728971962616,0.7487213247581911,0.6923076923076923,0.8051349572086899,0.8032362459546926,0.510483870967742,0.75,0.2709677419354839,0.30538922155688625
