,all,all,all,all,no revasc,no revasc,no revasc,no revasc,with revasc,with revasc,with revasc,with revasc
,Test AUC,Sensitivity,Specificity,Accuracy,Test AUC,Sensitivity,Specificity,Accuracy,Test AUC,Sensitivity,Specificity,Accuracy
lasso,0.6684618895481516,0.5714285714285714,0.7654952076677316,0.7488317757009346,0.662150757738993,0.5042735042735043,0.8200280112044818,0.7961165048543689,0.5152068126520681,0.8333333333333334,0.1970802919708029,0.31137724550898205
linreg,0.6892590902175566,0.7619047619047619,0.6166134185303515,0.6290887850467289,0.6905569920275803,0.717948717948718,0.6631652661064426,0.6673139158576051,0.532360097323601,0.9333333333333333,0.13138686131386856,0.2754491017964072
SVR10,0.5589054791245572,0.3197278911564626,0.7980830670926518,0.7570093457943925,0.5796254399195576,0.3504273504273504,0.8088235294117647,0.7741100323624596,0.44306569343065694,0.0,1.0,0.8203592814371258
ridge,0.6892590902175566,0.7619047619047619,0.6166134185303515,0.6290887850467289,0.6905569920275803,0.717948717948718,0.6631652661064426,0.6673139158576051,0.532360097323601,0.9333333333333333,0.13138686131386856,0.2754491017964072
