,all,all,all,all,no revasc,no revasc,no revasc,no revasc,with revasc,with revasc,with revasc,with revasc
,Test AUC,Sensitivity,Specificity,Accuracy,Test AUC,Sensitivity,Specificity,Accuracy,Test AUC,Sensitivity,Specificity,Accuracy
lasso,0.7379901960784313,0.8375,0.6384803921568627,0.6477803738317757,0.7414884450532455,0.7868852459016393,0.6960916442048517,0.6996763754045308,0.5304054054054055,1.0,0.060810810810810856,0.16766467065868262
linreg,0.7693627450980393,0.85,0.6887254901960784,0.6962616822429907,0.7722592903539391,0.8032786885245902,0.7412398921832883,0.7436893203883496,0.5810810810810811,1.0,0.16216216216216217,0.25748502994011974
SVR10,0.5325980392156863,0.075,0.9901960784313726,0.947429906542056,0.5448002739604967,0.09836065573770492,0.9912398921832885,0.9559870550161812,0.48986486486486486,0.0,1.0,0.8862275449101796
ridge,0.7661764705882352,0.8375,0.6948529411764706,0.701518691588785,0.7667579868322213,0.7868852459016393,0.7466307277628033,0.7482200647249191,0.5878378378378378,1.0,0.17567567567567566,0.2694610778443114
