,all,all,all,all,no revasc,no revasc,no revasc,no revasc,with revasc,with revasc,with revasc,with revasc
,Test AUC,Sensitivity,Specificity,Accuracy,Test AUC,Sensitivity,Specificity,Accuracy,Test AUC,Sensitivity,Specificity,Accuracy
lasso,0.7974281582091429,0.8947368421052632,0.7001194743130227,0.7044392523364486,0.8016154352559883,0.8461538461538461,0.7570770243581304,0.7585760517799353,0.5709677419354839,1.0,0.14193548387096777,0.20359281437125748
linreg,0.75938502169402,0.7105263157894737,0.8082437275985663,0.8060747663551402,0.7684711601762293,0.6923076923076923,0.8446346280447663,0.8420711974110032,0.6008064516129032,0.75,0.4516129032258065,0.47305389221556887
SVR10,0.6362164371502231,0.5263157894736842,0.7461170848267622,0.7412383177570093,0.5904061376411606,0.4230769230769231,0.7577353522053982,0.7521035598705501,0.6911290322580645,0.75,0.6322580645161291,0.6407185628742516
ridge,0.7602810790416902,0.7105263157894737,0.8100358422939068,0.8078271028037384,0.7694586519471311,0.6923076923076923,0.8466096115865701,0.8440129449838187,0.6008064516129032,0.75,0.4516129032258065,0.47305389221556887
