,all,all,all,all,no revasc,no revasc,no revasc,no revasc,with revasc,with revasc,with revasc,with revasc
,Test AUC,Sensitivity,Specificity,Accuracy,Test AUC,Sensitivity,Specificity,Accuracy,Test AUC,Sensitivity,Specificity,Accuracy
lasso,0.6965088009335797,0.7615384615384615,0.6314791403286979,0.6413551401869159,0.6948682385575591,0.6990291262135923,0.6907073509015257,0.6912621359223301,0.5107142857142857,1.0,0.021428571428571463,0.17964071856287425
linreg,0.73296217057279,0.7769230769230769,0.6890012642225032,0.695677570093458,0.7274618585298198,0.7184466019417476,0.7364771151178918,0.7352750809061489,0.6,1.0,0.19999999999999996,0.32934131736526945
SVR10,0.5141787416123699,0.08461538461538462,0.9437420986093552,0.8785046728971962,0.518377253814147,0.0970873786407767,0.9396671289875174,0.883495145631068,0.5113756613756614,0.037037037037037035,0.9857142857142858,0.8323353293413174
ridge,0.730749781192259,0.7769230769230769,0.6845764854614412,0.6915887850467289,0.7260748959778087,0.7184466019417476,0.7337031900138696,0.7326860841423948,0.5892857142857143,1.0,0.1785714285714286,0.31137724550898205
