,all,all,all,all,no revasc,no revasc,no revasc,no revasc,with revasc,with revasc,with revasc,with revasc
,Test AUC,Sensitivity,Specificity,Accuracy,Test AUC,Sensitivity,Specificity,Accuracy,Test AUC,Sensitivity,Specificity,Accuracy
lasso,0.6550983651981157,0.7777777777777778,0.5324189526184538,0.5478971962616822,0.6589786838760144,0.7738095238095238,0.5441478439425051,0.5566343042071198,0.6021270396270396,0.7916666666666666,0.4125874125874126,0.46706586826347307
linreg,0.6457929250946708,0.7685185185185185,0.523067331670823,0.5385514018691588,0.6625354453896548,0.7857142857142857,0.539356605065024,0.5527508090614887,0.5324883449883451,0.7083333333333334,0.35664335664335667,0.40718562874251496
SVR10,0.5095594347464671,0.8333333333333334,0.18578553615960103,0.2266355140186916,0.520289429940354,0.8571428571428571,0.18343600273785077,0.22006472491909385,0.4798951048951049,0.0,1.0,0.8562874251497006
ridge,0.6457929250946708,0.7685185185185185,0.523067331670823,0.5385514018691588,0.6625354453896548,0.7857142857142857,0.539356605065024,0.5527508090614887,0.5324883449883451,0.7083333333333334,0.35664335664335667,0.40718562874251496
