,all,all,all,all,no revasc,no revasc,no revasc,no revasc,with revasc,with revasc,with revasc,with revasc
,Test AUC,Sensitivity,Specificity,Accuracy,Test AUC,Sensitivity,Specificity,Accuracy,Test AUC,Sensitivity,Specificity,Accuracy
lasso,0.6939231922801069,0.673469387755102,0.7143769968051118,0.7108644859813084,0.6903235653235653,0.6068376068376068,0.7738095238095238,0.7611650485436893,0.5141119221411192,0.9333333333333333,0.0948905109489051,0.24550898203592814
linreg,0.6871748060246463,0.7142857142857143,0.6600638977635782,0.6647196261682243,0.6837517058105292,0.6581196581196581,0.7093837535014005,0.7055016181229773,0.5396593673965937,0.9333333333333333,0.14598540145985406,0.2874251497005988
SVR10,0.4671687205233531,0.0,1.0,0.9141355140186916,0.4667636285283345,0.0,1.0,0.9242718446601942,0.42360097323600965,0.0,1.0,0.8203592814371258
ridge,0.6871748060246463,0.7142857142857143,0.6600638977635782,0.6647196261682243,0.6837517058105292,0.6581196581196581,0.7093837535014005,0.7055016181229773,0.5396593673965937,0.9333333333333333,0.14598540145985406,0.2874251497005988
