,all,all,all,all,no revasc,no revasc,no revasc,no revasc,with revasc,with revasc,with revasc,with revasc
,Test AUC,Sensitivity,Specificity,Accuracy,Test AUC,Sensitivity,Specificity,Accuracy,Test AUC,Sensitivity,Specificity,Accuracy
lasso,0.7311887254901961,0.8,0.6623774509803921,0.6688084112149533,0.7529439706597145,0.7868852459016393,0.7190026954177897,0.7216828478964401,0.46834992887624466,0.0,1.0,0.8862275449101796
linreg,0.7465073529411764,0.675,0.8180147058823529,0.8113317757009346,0.7417314745260926,0.6229508196721312,0.860512129380054,0.8511326860841424,0.6169985775248933,0.8421052631578947,0.3918918918918919,0.4431137724550898
SVR10,0.585171568627451,0.25,0.920343137254902,0.889018691588785,0.5862257522866864,0.2459016393442623,0.9265498652291105,0.8996763754045307,0.5606330014224751,0.2631578947368421,0.8581081081081081,0.7904191616766467
ridge,0.748468137254902,0.6875,0.8094362745098039,0.8037383177570093,0.7465589236003711,0.639344262295082,0.8537735849056604,0.8453074433656957,0.6034850640113798,0.8421052631578947,0.3648648648648649,0.41916167664670656
