,all,all,all,all,no revasc,no revasc,no revasc,no revasc,with revasc,with revasc,with revasc,with revasc
,Test AUC,Sensitivity,Specificity,Accuracy,Test AUC,Sensitivity,Specificity,Accuracy,Test AUC,Sensitivity,Specificity,Accuracy
lasso,0.6707190357439735,0.5833333333333334,0.7581047381546134,0.7470794392523364,0.6688178351422704,0.5238095238095238,0.8138261464750172,0.7980582524271844,0.49023892773892774,0.0,1.0,0.8562874251497006
linreg,0.6562297958806688,0.6759259259259259,0.6365336658354115,0.639018691588785,0.6364280825266452,0.5952380952380952,0.677618069815195,0.6731391585760518,0.5875582750582751,0.9583333333333334,0.21678321678321677,0.32335329341317365
SVR10,0.4887434192297035,0.0,1.0,0.9369158878504673,0.48987973012613667,0.0,1.0,0.945631067961165,0.5037878787878788,0.9166666666666666,0.09090909090909094,0.20958083832335328
ridge,0.6712385702410639,0.6666666666666666,0.6758104738154613,0.6752336448598131,0.6513518138261465,0.5833333333333334,0.7193702943189596,0.7119741100323624,0.594551282051282,0.9583333333333334,0.23076923076923073,0.33532934131736525
