,all,all,all,all,no revasc,no revasc,no revasc,no revasc,with revasc,with revasc,with revasc,with revasc
,Test AUC,Sensitivity,Specificity,Accuracy,Test AUC,Sensitivity,Specificity,Accuracy,Test AUC,Sensitivity,Specificity,Accuracy
lasso,0.7371872477804682,0.8333333333333334,0.6410411622276029,0.6477803738317757,0.7418713925225512,0.782608695652174,0.7011340893929285,0.7035598705501618,0.5261437908496732,1.0,0.05228758169934644,0.1317365269461078
linreg,0.7651533494753833,0.7833333333333333,0.7469733656174334,0.7482476635514018,0.77836673724512,0.7608695652173914,0.7958639092728486,0.7948220064724919,0.5625583566760037,0.8571428571428571,0.2679738562091504,0.31736526946107785
SVR10,0.5113801452784503,0.05,0.9727602905569007,0.9404205607476636,0.5083969022826812,0.043478260869565216,0.9733155436957972,0.945631067961165,0.5193744164332399,0.07142857142857142,0.9673202614379085,0.8922155688622755
ridge,0.7647296206618241,0.8333333333333334,0.6961259079903148,0.7009345794392523,0.7747556341909098,0.8043478260869565,0.7451634422948632,0.7469255663430421,0.5721288515406162,0.9285714285714286,0.21568627450980393,0.2754491017964072
