,all,all,all,all,no revasc,no revasc,no revasc,no revasc,with revasc,with revasc,with revasc,with revasc
,Test AUC,Sensitivity,Specificity,Accuracy,Test AUC,Sensitivity,Specificity,Accuracy,Test AUC,Sensitivity,Specificity,Accuracy
lasso,0.7110169491525424,0.85,0.5720338983050848,0.5817757009345794,0.7143820518026509,0.8043478260869565,0.6244162775183455,0.6297734627831715,0.5294117647058824,1.0,0.05882352941176472,0.1377245508982036
linreg,0.7680387409200968,0.8,0.7360774818401937,0.7383177570093458,0.7733634016880819,0.7608695652173914,0.7858572381587725,0.7851132686084142,0.588468720821662,0.9285714285714286,0.24836601307189543,0.30538922155688625
SVR10,0.4992332526230831,0.0,1.0,0.9649532710280374,0.4941337703396467,0.0,1.0,0.9702265372168285,0.5326797385620915,1.0,0.065359477124183,0.1437125748502994
ridge,0.7690879741727199,0.7833333333333333,0.7548426150121066,0.7558411214953271,0.771499840473359,0.7391304347826086,0.8038692461641094,0.8019417475728156,0.6015406162464987,0.9285714285714286,0.27450980392156865,0.32934131736526945
