,all,all,all,all,no revasc,no revasc,no revasc,no revasc,with revasc,with revasc,with revasc,with revasc
,Test AUC,Sensitivity,Specificity,Accuracy,Test AUC,Sensitivity,Specificity,Accuracy,Test AUC,Sensitivity,Specificity,Accuracy
lasso,0.6962291625915542,0.8231292517006803,0.5693290734824281,0.5911214953271028,0.6987628384687209,0.7777777777777778,0.6197478991596639,0.6317152103559871,0.5218978102189781,1.0,0.04379562043795615,0.2155688622754491
linreg,0.7001803916454761,0.7006802721088435,0.6996805111821086,0.6997663551401869,0.6917331034978094,0.6495726495726496,0.7338935574229692,0.7275080906148867,0.6215328467153285,0.9,0.34306569343065696,0.4431137724550898
SVR10,0.5113494599117603,0.047619047619047616,0.9750798722044729,0.8954439252336449,0.5119855634561516,0.05128205128205128,0.9726890756302521,0.9029126213592233,0.5166666666666667,0.03333333333333333,1.0,0.8263473053892215
ridge,0.7001803916454761,0.7006802721088435,0.6996805111821086,0.6997663551401869,0.6917331034978094,0.6495726495726496,0.7338935574229692,0.7275080906148867,0.6215328467153285,0.9,0.34306569343065696,0.4431137724550898
