,all,all,all,all,no revasc,no revasc,no revasc,no revasc,with revasc,with revasc,with revasc,with revasc
,Test AUC,Sensitivity,Specificity,Accuracy,Test AUC,Sensitivity,Specificity,Accuracy,Test AUC,Sensitivity,Specificity,Accuracy
lasso,0.6975503579044592,0.7422680412371134,0.6528326745718049,0.6629672897196262,0.6927095761669635,0.6815286624203821,0.7038904899135447,0.7016181229773463,0.5538461538461539,1.0,0.10769230769230764,0.30538922155688625
linreg,0.6946844056884397,0.7628865979381443,0.6264822134387351,0.6419392523364486,0.6938063290442189,0.7197452229299363,0.6678674351585014,0.6731391585760518,0.5652806652806652,0.9459459459459459,0.18461538461538463,0.3532934131736527
SVR10,0.6516373959224698,0.5773195876288659,0.7259552042160737,0.7091121495327103,0.6470107747939573,0.5159235668789809,0.7780979827089337,0.7514563106796116,0.5035343035343035,0.8378378378378378,0.16923076923076918,0.31736526946107785
ridge,0.6946844056884397,0.7628865979381443,0.6264822134387351,0.6419392523364486,0.6938063290442189,0.7197452229299363,0.6678674351585014,0.6731391585760518,0.5652806652806652,0.9459459459459459,0.18461538461538463,0.3532934131736527
