,all,all,all,all,no revasc,no revasc,no revasc,no revasc,with revasc,with revasc,with revasc,with revasc
,Test AUC,Sensitivity,Specificity,Accuracy,Test AUC,Sensitivity,Specificity,Accuracy,Test AUC,Sensitivity,Specificity,Accuracy
lasso,0.6922970351898032,0.6944444444444444,0.690149625935162,0.6904205607476636,0.6951452038721032,0.6428571428571429,0.7474332648870636,0.7417475728155339,0.48994755244755245,0.0,1.0,0.8562874251497006
linreg,0.7135517687263322,0.6203703703703703,0.8067331670822943,0.7949766355140186,0.7034443140705974,0.5595238095238095,0.8473648186173853,0.8317152103559871,0.6124708624708626,0.8333333333333334,0.39160839160839156,0.4550898203592814
SVR10,0.5077006557679875,0.018518518518518517,0.9968827930174564,0.9351635514018691,0.5101936051628043,0.023809523809523808,0.9965776865160849,0.9436893203883495,0.5,0.0,1.0,0.8562874251497006
ridge,0.7129283273298236,0.6203703703703703,0.8054862842892768,0.7938084112149533,0.7024176200254229,0.5595238095238095,0.8453114305270363,0.8297734627831715,0.6159673659673661,0.8333333333333334,0.39860139860139865,0.46107784431137727
