,all,all,all,all,no revasc,no revasc,no revasc,no revasc,with revasc,with revasc,with revasc,with revasc
,Test AUC,Sensitivity,Specificity,Accuracy,Test AUC,Sensitivity,Specificity,Accuracy,Test AUC,Sensitivity,Specificity,Accuracy
lasso,0.6670470104974898,0.7142857142857143,0.6198083067092652,0.6279205607476636,0.6783739136680313,0.7264957264957265,0.6302521008403361,0.6375404530744336,0.5888077858880778,0.6666666666666666,0.5109489051094891,0.5389221556886228
linreg,0.6526352393992741,0.6394557823129252,0.6658146964856231,0.6635514018691588,0.6637218990160167,0.6495726495726496,0.6778711484593838,0.6757281553398058,0.57007299270073,0.6,0.5401459854014599,0.5508982035928144
SVR10,0.5474603899067614,0.8163265306122449,0.27859424920127795,0.3247663551401869,0.5573870573870574,0.8290598290598291,0.2857142857142857,0.3268608414239482,0.48552311435523116,0.0,1.0,0.8203592814371258
ridge,0.6526352393992741,0.6394557823129252,0.6658146964856231,0.6635514018691588,0.6637218990160167,0.6495726495726496,0.6778711484593838,0.6757281553398058,0.57007299270073,0.6,0.5401459854014599,0.5508982035928144
