,all,all,all,all,no revasc,no revasc,no revasc,no revasc,with revasc,with revasc,with revasc,with revasc
,Test AUC,Sensitivity,Specificity,Accuracy,Test AUC,Sensitivity,Specificity,Accuracy,Test AUC,Sensitivity,Specificity,Accuracy
lasso,0.7121323529411765,0.7,0.7242647058823529,0.7231308411214953,0.7125292740046839,0.639344262295082,0.7857142857142857,0.7799352750809061,0.5014224751066857,0.8947368421052632,0.10810810810810811,0.19760479041916168
linreg,0.6891544117647058,0.6375,0.7408088235294117,0.735981308411215,0.6899606734125756,0.5901639344262295,0.7897574123989218,0.7818770226537217,0.5197368421052632,0.7894736842105263,0.25,0.31137724550898205
SVR10,0.5466911764705882,0.2625,0.8308823529411764,0.804322429906542,0.5530908930228449,0.2786885245901639,0.8274932614555256,0.8058252427184466,0.5376955903271693,0.21052631578947367,0.8648648648648649,0.7904191616766467
ridge,0.6891544117647058,0.6375,0.7408088235294117,0.735981308411215,0.6899606734125756,0.5901639344262295,0.7897574123989218,0.7818770226537217,0.5197368421052632,0.7894736842105263,0.25,0.31137724550898205
