,all,all,all,all,no revasc,no revasc,no revasc,no revasc,with revasc,with revasc,with revasc,with revasc
,Test AUC,Sensitivity,Specificity,Accuracy,Test AUC,Sensitivity,Specificity,Accuracy,Test AUC,Sensitivity,Specificity,Accuracy
lasso,0.7092816787732042,0.7333333333333333,0.6852300242130751,0.6869158878504673,0.7312773733213447,0.717391304347826,0.7451634422948632,0.7443365695792881,0.4418767507002801,0.0,1.0,0.9161676646706587
linreg,0.7321025020177563,0.6833333333333333,0.7808716707021792,0.7774532710280374,0.7410302520520927,0.6521739130434783,0.8298865910607072,0.8245954692556634,0.5431839402427638,0.7857142857142857,0.30065359477124187,0.3413173652694611
SVR10,0.6505649717514125,0.48333333333333334,0.8177966101694916,0.8060747663551402,0.645676828030281,0.43478260869565216,0.85657104736491,0.8440129449838187,0.5403828197945846,0.6428571428571429,0.43790849673202614,0.4550898203592814
ridge,0.7315375302663438,0.75,0.7130750605326877,0.7143691588785047,0.7504858311337993,0.7391304347826086,0.76184122748499,0.7611650485436893,0.5105042016806722,0.7857142857142857,0.23529411764705888,0.281437125748503
