,all,all,all,all,no revasc,no revasc,no revasc,no revasc,with revasc,with revasc,with revasc,with revasc
,Test AUC,Sensitivity,Specificity,Accuracy,Test AUC,Sensitivity,Specificity,Accuracy,Test AUC,Sensitivity,Specificity,Accuracy
lasso,0.6839638237868325,0.6846153846153846,0.6833122629582806,0.6834112149532711,0.6778779472954231,0.6213592233009708,0.7343966712898752,0.7268608414239482,0.5415343915343915,0.9259259259259259,0.15714285714285714,0.281437125748503
linreg,0.6978070601964408,0.5846153846153846,0.8109987357774968,0.7938084112149533,0.6855062413314842,0.5242718446601942,0.846740638002774,0.8252427184466019,0.6288359788359789,0.8148148148148148,0.44285714285714284,0.5029940119760479
SVR10,0.49931440241174757,0.0,1.0,0.9240654205607477,0.5024271844660194,1.0,0.004854368932038833,0.07119741100323625,0.4921957671957672,0.0,1.0,0.8383233532934131
ridge,0.6963337547408344,0.6,0.7926675094816688,0.7780373831775701,0.6872399445214978,0.5436893203883495,0.8307905686546463,0.8116504854368932,0.6074074074074074,0.8148148148148148,0.4,0.46706586826347307
