,all,all,all,all,no revasc,no revasc,no revasc,no revasc,with revasc,with revasc,with revasc,with revasc
,Test AUC,Sensitivity,Specificity,Accuracy,Test AUC,Sensitivity,Specificity,Accuracy,Test AUC,Sensitivity,Specificity,Accuracy
lasso,0.7687386027793497,0.868421052631579,0.6690561529271206,0.673481308411215,0.7861447308451918,0.8461538461538461,0.7261356155365373,0.7281553398058253,0.5131720430107527,0.9166666666666666,0.10967741935483866,0.16766467065868262
linreg,0.809045463120166,0.8421052631578947,0.7759856630824373,0.7774532710280374,0.8312401883830456,0.8461538461538461,0.8163265306122449,0.8168284789644013,0.606989247311828,0.8333333333333334,0.38064516129032255,0.41317365269461076
SVR10,0.5942117839401371,0.21052631578947367,0.9778972520908005,0.9608644859813084,0.6068263533701321,0.23076923076923078,0.9828834759710335,0.9702265372168285,0.5478494623655914,0.16666666666666666,0.9290322580645162,0.874251497005988
ridge,0.8087467773376094,0.8421052631578947,0.7753882915173238,0.7768691588785047,0.8309110244594117,0.8461538461538461,0.815668202764977,0.8161812297734627,0.606989247311828,0.8333333333333334,0.38064516129032255,0.41317365269461076
