,all,all,all,all,no revasc,no revasc,no revasc,no revasc,with revasc,with revasc,with revasc,with revasc
,Test AUC,Sensitivity,Specificity,Accuracy,Test AUC,Sensitivity,Specificity,Accuracy,Test AUC,Sensitivity,Specificity,Accuracy
lasso,0.7018564699362704,0.7777777777777778,0.6259351620947631,0.6355140186915887,0.6998508849124866,0.7261904761904762,0.6735112936344969,0.6763754045307443,0.5490967365967366,0.9583333333333334,0.1398601398601399,0.25748502994011974
linreg,0.7350720421169299,0.8055555555555556,0.6645885286783042,0.673481308411215,0.7257871321013004,0.75,0.7015742642026009,0.7042071197411003,0.6433566433566433,1.0,0.28671328671328666,0.38922155688622756
SVR10,0.5967488685693174,0.35185185185185186,0.8416458852867831,0.8107476635514018,0.5997237704116555,0.34523809523809523,0.8542094455852156,0.8265372168284789,0.5441433566433567,0.375,0.7132867132867133,0.6646706586826348
ridge,0.7350720421169299,0.8055555555555556,0.6645885286783042,0.673481308411215,0.7257871321013004,0.75,0.7015742642026009,0.7042071197411003,0.6433566433566433,1.0,0.28671328671328666,0.38922155688622756
