,all,all,all,all,no revasc,no revasc,no revasc,no revasc,with revasc,with revasc,with revasc,with revasc
,Test AUC,Sensitivity,Specificity,Accuracy,Test AUC,Sensitivity,Specificity,Accuracy,Test AUC,Sensitivity,Specificity,Accuracy
lasso,0.6123695391151751,0.4074074074074074,0.8173316708229427,0.7914719626168224,0.5900801799159089,0.30952380952380953,0.8706365503080082,0.8401294498381877,0.5113636363636364,0.75,0.2727272727272727,0.3413173652694611
linreg,0.6231527662325667,0.37037037037037035,0.8759351620947631,0.8440420560747663,0.5975481568397379,0.27380952380952384,0.921286789869952,0.886084142394822,0.560460372960373,0.7083333333333334,0.4125874125874126,0.4550898203592814
SVR10,0.6030410085896369,0.2777777777777778,0.9283042394014962,0.8872663551401869,0.5770998337733451,0.19047619047619047,0.9637234770704997,0.9216828478964402,0.57488344988345,0.5833333333333334,0.5664335664335665,0.5688622754491018
ridge,0.6231527662325667,0.37037037037037035,0.8759351620947631,0.8440420560747663,0.5975481568397379,0.27380952380952384,0.921286789869952,0.886084142394822,0.560460372960373,0.7083333333333334,0.4125874125874126,0.4550898203592814
