,all,all,all,all,no revasc,no revasc,no revasc,no revasc,with revasc,with revasc,with revasc,with revasc
,Test AUC,Sensitivity,Specificity,Accuracy,Test AUC,Sensitivity,Specificity,Accuracy,Test AUC,Sensitivity,Specificity,Accuracy
lasso,0.7018324434776877,0.7243589743589743,0.679305912596401,0.6834112149532711,0.6949014084507044,0.656,0.7338028169014085,0.7275080906148867,0.5551470588235294,1.0,0.11029411764705888,0.2754491017964072
linreg,0.7199014567266494,0.6666666666666666,0.7731362467866324,0.7634345794392523,0.7019859154929579,0.592,0.8119718309859155,0.7941747572815534,0.6676944971537002,0.967741935483871,0.36764705882352944,0.47904191616766467
SVR10,0.5060806802452046,0.019230769230769232,0.9929305912596401,0.9042056074766355,0.5055352112676056,0.016,0.9950704225352113,0.9158576051779935,0.5014231499051234,0.03225806451612903,0.9705882352941176,0.7964071856287425
ridge,0.7128402873904158,0.6602564102564102,0.7654241645244216,0.7558411214953271,0.7021126760563381,0.6,0.8042253521126761,0.7877022653721683,0.6317599620493359,0.9032258064516129,0.3602941176470589,0.46107784431137727
