,all,all,all,all,no revasc,no revasc,no revasc,no revasc,with revasc,with revasc,with revasc,with revasc
,Test AUC,Sensitivity,Specificity,Accuracy,Test AUC,Sensitivity,Specificity,Accuracy,Test AUC,Sensitivity,Specificity,Accuracy
lasso,0.7238055720213397,0.76,0.6876111440426793,0.6886682242990654,0.7415032679738562,0.7333333333333333,0.7496732026143791,0.7495145631067961,0.44140127388535033,0.0,1.0,0.9401197604790419
linreg,0.7491286307053941,0.88,0.6182572614107884,0.6220794392523364,0.7931372549019609,0.9333333333333333,0.6529411764705882,0.655663430420712,0.540127388535032,0.8,0.28025477707006374,0.31137724550898205
SVR10,0.6336218138707764,0.32,0.947243627741553,0.9380841121495327,0.6062091503267973,0.26666666666666666,0.9457516339869281,0.9391585760517799,0.6808917197452229,0.4,0.9617834394904459,0.9281437125748503
ridge,0.7491286307053941,0.88,0.6182572614107884,0.6220794392523364,0.7931372549019609,0.9333333333333333,0.6529411764705882,0.655663430420712,0.540127388535032,0.8,0.28025477707006374,0.31137724550898205
