,all,all,all,all,no revasc,no revasc,no revasc,no revasc,with revasc,with revasc,with revasc,with revasc
,Test AUC,Sensitivity,Specificity,Accuracy,Test AUC,Sensitivity,Specificity,Accuracy,Test AUC,Sensitivity,Specificity,Accuracy
lasso,0.6942429252163765,0.7538461538461538,0.6346396965865992,0.6436915887850467,0.691747572815534,0.6893203883495146,0.6941747572815534,0.6938511326860841,0.5107142857142857,1.0,0.021428571428571463,0.17964071856287425
linreg,0.7125692891179618,0.7076923076923077,0.7174462705436156,0.7167056074766355,0.6983356449375868,0.6310679611650486,0.7656033287101248,0.7566343042071197,0.6107142857142858,1.0,0.22142857142857142,0.3473053892215569
SVR10,0.5564912963143052,0.2153846153846154,0.8975979772439949,0.8457943925233645,0.5492371705963939,0.18446601941747573,0.9140083217753121,0.8653721682847897,0.530952380952381,0.3333333333333333,0.7285714285714286,0.6646706586826348
ridge,0.7199455411844793,0.7230769230769231,0.7168141592920354,0.7172897196261683,0.7080443828016645,0.6504854368932039,0.7656033287101248,0.7579288025889968,0.6071428571428572,1.0,0.2142857142857143,0.3413173652694611
