,all,all,all,all,no revasc,no revasc,no revasc,no revasc,with revasc,with revasc,with revasc,with revasc
,Test AUC,Sensitivity,Specificity,Accuracy,Test AUC,Sensitivity,Specificity,Accuracy,Test AUC,Sensitivity,Specificity,Accuracy
lasso,0.716182405165456,0.8833333333333333,0.5490314769975787,0.5607476635514018,0.72511384401195,0.8478260869565217,0.6024016010673783,0.6097087378640776,0.5130718954248366,1.0,0.02614379084967322,0.10778443113772455
linreg,0.7682001614205004,0.8166666666666667,0.7197336561743342,0.7231308411214953,0.7623560634625983,0.7608695652173914,0.7638425617078052,0.7637540453074434,0.6437908496732025,1.0,0.2875816993464052,0.3473053892215569
SVR10,0.5543987086359968,0.11666666666666667,0.9921307506053268,0.9614485981308412,0.5516793804565362,0.10869565217391304,0.9946631087391594,0.968284789644013,0.5550887021475256,0.14285714285714285,0.9673202614379085,0.8982035928143712
ridge,0.769410815173527,0.8166666666666667,0.7221549636803875,0.7254672897196262,0.7640238419816109,0.7608695652173914,0.7671781187458305,0.7669902912621359,0.6405228758169934,1.0,0.28104575163398693,0.3413173652694611
