,all,all,all,all,no revasc,no revasc,no revasc,no revasc,with revasc,with revasc,with revasc,with revasc
,Test AUC,Sensitivity,Specificity,Accuracy,Test AUC,Sensitivity,Specificity,Accuracy,Test AUC,Sensitivity,Specificity,Accuracy
lasso,0.6843776488231076,0.6326530612244898,0.7361022364217252,0.7272196261682243,0.6755368814192344,0.5555555555555556,0.7955182072829132,0.7773462783171521,0.5250608272506082,0.9333333333333333,0.11678832116788318,0.2634730538922156
linreg,0.6871400317315425,0.6394557823129252,0.7348242811501597,0.7266355140186916,0.6791101055806938,0.5641025641025641,0.7941176470588236,0.7766990291262136,0.5250608272506082,0.9333333333333333,0.11678832116788318,0.2634730538922156
SVR10,0.48831149073047747,0.0,1.0,0.9141355140186916,0.49607663578251815,0.0,1.0,0.9242718446601942,0.46824817518248174,0.0,1.0,0.8203592814371258
ridge,0.6871400317315425,0.6394557823129252,0.7348242811501597,0.7266355140186916,0.6791101055806938,0.5641025641025641,0.7941176470588236,0.7766990291262136,0.5250608272506082,0.9333333333333333,0.11678832116788318,0.2634730538922156
