,all,all,all,all,no revasc,no revasc,no revasc,no revasc,with revasc,with revasc,with revasc,with revasc
,Test AUC,Sensitivity,Specificity,Accuracy,Test AUC,Sensitivity,Specificity,Accuracy,Test AUC,Sensitivity,Specificity,Accuracy
lasso,0.7691523414344991,0.76,0.7783046828689982,0.7780373831775701,0.7549019607843137,0.6666666666666666,0.8431372549019608,0.8414239482200647,0.5232484076433122,0.9,0.14649681528662417,0.19161676646706588
linreg,0.8199644339063425,0.88,0.7599288678126852,0.7616822429906542,0.8336601307189543,0.8666666666666667,0.8006535947712419,0.801294498381877,0.6315286624203822,0.9,0.36305732484076436,0.39520958083832336
SVR10,0.634665085951393,0.28,0.989330171902786,0.9789719626168224,0.6624183006535947,0.3333333333333333,0.9915032679738562,0.9851132686084142,0.5840764331210191,0.2,0.9681528662420382,0.9221556886227545
ridge,0.8199644339063425,0.88,0.7599288678126852,0.7616822429906542,0.8336601307189543,0.8666666666666667,0.8006535947712419,0.801294498381877,0.6315286624203822,0.9,0.36305732484076436,0.39520958083832336
