,all,all,all,all,no revasc,no revasc,no revasc,no revasc,with revasc,with revasc,with revasc,with revasc
,Test AUC,Sensitivity,Specificity,Accuracy,Test AUC,Sensitivity,Specificity,Accuracy,Test AUC,Sensitivity,Specificity,Accuracy
lasso,0.7117609254498715,0.75,0.6735218508997429,0.6804906542056075,0.7066760563380281,0.688,0.7253521126760563,0.7223300970873786,0.5661764705882353,1.0,0.13235294117647056,0.2934131736526946
linreg,0.7356881550326281,0.6346153846153846,0.8367609254498715,0.8183411214953271,0.7216760563380282,0.568,0.8753521126760564,0.8504854368932039,0.6685246679316887,0.9032258064516129,0.4338235294117647,0.5209580838323353
SVR10,0.5396892096763563,0.12179487179487179,0.9575835475578406,0.8814252336448598,0.5475774647887325,0.136,0.9591549295774648,0.8925566343042072,0.5028462998102466,0.06451612903225806,0.9411764705882353,0.7784431137724551
ridge,0.7353668182717026,0.6346153846153846,0.8361182519280206,0.8177570093457944,0.7213239436619718,0.568,0.8746478873239436,0.8498381877022654,0.6685246679316887,0.9032258064516129,0.4338235294117647,0.5209580838323353
