,all,all,all,all,no revasc,no revasc,no revasc,no revasc,with revasc,with revasc,with revasc,with revasc
,Test AUC,Sensitivity,Specificity,Accuracy,Test AUC,Sensitivity,Specificity,Accuracy,Test AUC,Sensitivity,Specificity,Accuracy
lasso,0.6993046776232617,0.8,0.5986093552465234,0.6139018691588785,0.6990291262135921,0.7475728155339806,0.6504854368932038,0.656957928802589,0.5321428571428571,1.0,0.06428571428571428,0.2155688622754491
linreg,0.7403335602450647,0.7461538461538462,0.7345132743362832,0.7353971962616822,0.7274618585298197,0.6796116504854369,0.7753120665742025,0.7689320388349514,0.6571428571428571,1.0,0.3142857142857143,0.4251497005988024
SVR10,0.5521102791014295,0.13076923076923078,0.9734513274336283,0.9094626168224299,0.5457697642163661,0.11650485436893204,0.9750346740638003,0.917799352750809,0.5711640211640211,0.18518518518518517,0.9571428571428572,0.8323353293413174
ridge,0.7414373237382088,0.7230769230769231,0.7597977243994943,0.7570093457943925,0.7246879334257976,0.6504854368932039,0.7988904299583911,0.7889967637540453,0.6785714285714286,1.0,0.3571428571428571,0.46107784431137727
