,all,all,all,all,no revasc,no revasc,no revasc,no revasc,with revasc,with revasc,with revasc,with revasc
,Test AUC,Sensitivity,Specificity,Accuracy,Test AUC,Sensitivity,Specificity,Accuracy,Test AUC,Sensitivity,Specificity,Accuracy
lasso,0.7603912270302311,0.88,0.6407824540604623,0.6442757009345794,0.784313725490196,0.8666666666666667,0.7019607843137254,0.7035598705501618,0.47229299363057325,0.0,1.0,0.9401197604790419
linreg,0.8156609365737997,0.92,0.7113218731475993,0.7143691588785047,0.8124183006535948,0.8666666666666667,0.7581699346405228,0.7592233009708738,0.6273885350318471,1.0,0.2547770700636943,0.2994011976047904
SVR10,0.5971784232365145,0.24,0.9543568464730291,0.9439252336448598,0.6163398692810458,0.26666666666666666,0.9660130718954248,0.9592233009708738,0.5203821656050955,0.2,0.8407643312101911,0.8023952095808383
ridge,0.813586247777119,0.92,0.7071724955542382,0.7102803738317757,0.8104575163398693,0.8666666666666667,0.7542483660130719,0.7553398058252427,0.6242038216560509,1.0,0.24840764331210186,0.2934131736526946
