,all,all,all,all,no revasc,no revasc,no revasc,no revasc,with revasc,with revasc,with revasc,with revasc
,Test AUC,Sensitivity,Specificity,Accuracy,Test AUC,Sensitivity,Specificity,Accuracy,Test AUC,Sensitivity,Specificity,Accuracy
lasso,0.6727822827105661,0.6597938144329897,0.6857707509881423,0.6828271028037384,0.6778093393784761,0.6560509554140127,0.6995677233429395,0.6951456310679611,0.6070686070686071,0.6756756756756757,0.5384615384615384,0.5688622754491018
linreg,0.6730777066949187,0.7216494845360825,0.6245059288537549,0.6355140186915887,0.6776533159566072,0.7133757961783439,0.6419308357348703,0.6491909385113268,0.5976091476091476,0.7567567567567568,0.43846153846153846,0.5089820359281437
SVR10,0.5804164459475979,0.6134020618556701,0.5474308300395256,0.5549065420560748,0.5919436847225537,0.6305732484076433,0.5533141210374639,0.5611650485436893,0.5125779625779626,0.5405405405405406,0.48461538461538467,0.49700598802395207
ridge,0.6730777066949187,0.7216494845360825,0.6245059288537549,0.6355140186915887,0.6776533159566072,0.7133757961783439,0.6419308357348703,0.6491909385113268,0.5976091476091476,0.7567567567567568,0.43846153846153846,0.5089820359281437
