,all,all,all,all,no revasc,no revasc,no revasc,no revasc,with revasc,with revasc,with revasc,with revasc
,Test AUC,Sensitivity,Specificity,Accuracy,Test AUC,Sensitivity,Specificity,Accuracy,Test AUC,Sensitivity,Specificity,Accuracy
lasso,0.7552058111380145,0.85,0.660411622276029,0.6670560747663551,0.7610798503350059,0.8043478260869565,0.7178118745830553,0.7203883495145631,0.5490196078431373,1.0,0.0980392156862745,0.17365269461077845
linreg,0.7675746569814366,0.7833333333333333,0.7518159806295399,0.7529205607476636,0.7559604954027322,0.717391304347826,0.7945296864576384,0.7922330097087379,0.6666666666666667,1.0,0.33333333333333337,0.38922155688622756
SVR10,0.4957627118644068,0.0,1.0,0.9649532710280374,0.4969979986657772,0.0,1.0,0.9702265372168285,0.48366013071895425,0.0,1.0,0.9161676646706587
ridge,0.7556093623890234,0.7666666666666667,0.7445520581113801,0.7453271028037384,0.7631609478782956,0.7391304347826086,0.7871914609739826,0.7857605177993527,0.5919701213818861,0.8571428571428571,0.326797385620915,0.3712574850299401
