,all,all,all,all,no revasc,no revasc,no revasc,no revasc,with revasc,with revasc,with revasc,with revasc
,Test AUC,Sensitivity,Specificity,Accuracy,Test AUC,Sensitivity,Specificity,Accuracy,Test AUC,Sensitivity,Specificity,Accuracy
lasso,0.7064848844101956,0.64,0.7729697688203913,0.7710280373831776,0.7150326797385621,0.6,0.8300653594771241,0.827831715210356,0.45828025477707,0.0,1.0,0.9401197604790419
linreg,0.7968346176644932,0.96,0.6336692353289863,0.6384345794392523,0.8035947712418302,0.9333333333333333,0.6738562091503268,0.6763754045307443,0.6210191082802548,1.0,0.2420382165605095,0.2874251497005988
SVR10,0.48326022525192647,0.0,1.0,0.9853971962616822,0.469281045751634,0.0,1.0,0.9902912621359223,0.5095541401273885,1.0,0.019108280254777066,0.07784431137724551
ridge,0.7980320094842916,0.88,0.7160640189685833,0.7184579439252337,0.8133986928104575,0.8666666666666667,0.7601307189542483,0.7611650485436893,0.5933121019108281,0.9,0.2866242038216561,0.32335329341317365
