,all,all,all,all,no revasc,no revasc,no revasc,no revasc,with revasc,with revasc,with revasc,with revasc
,Test AUC,Sensitivity,Specificity,Accuracy,Test AUC,Sensitivity,Specificity,Accuracy,Test AUC,Sensitivity,Specificity,Accuracy
lasso,0.645281862745098,0.4125,0.8780637254901961,0.8563084112149533,0.6210342008749062,0.3114754098360656,0.9305929919137467,0.9061488673139159,0.5440967283072546,0.7368421052631579,0.3513513513513513,0.39520958083832336
linreg,0.6604779411764705,0.4625,0.8584558823529411,0.8399532710280374,0.6427024877380584,0.3770491803278688,0.9083557951482479,0.887378640776699,0.5474751066856329,0.7368421052631579,0.3581081081081081,0.40119760479041916
SVR10,0.5958946078431373,0.25,0.9417892156862745,0.9094626168224299,0.5995923732932703,0.22950819672131148,0.9696765498652291,0.940453074433657,0.48897581792318634,0.0,1.0,0.8862275449101796
ridge,0.6607843137254902,0.4625,0.8590686274509804,0.8405373831775701,0.6430394149617781,0.3770491803278688,0.9090296495956873,0.8880258899676375,0.5474751066856329,0.7368421052631579,0.3581081081081081,0.40119760479041916
