,all,all,all,all,no revasc,no revasc,no revasc,no revasc,with revasc,with revasc,with revasc,with revasc
,Test AUC,Sensitivity,Specificity,Accuracy,Test AUC,Sensitivity,Specificity,Accuracy,Test AUC,Sensitivity,Specificity,Accuracy
lasso,0.7014863885043834,0.7435897435897436,0.6593830334190232,0.6670560747663551,0.6952816901408452,0.68,0.7105633802816902,0.7080906148867314,0.5625,1.0,0.125,0.2874251497005988
linreg,0.7236751038164919,0.7307692307692307,0.7165809768637532,0.717873831775701,0.7115774647887324,0.664,0.7591549295774648,0.7514563106796116,0.6360294117647058,1.0,0.2720588235294118,0.40718562874251496
SVR10,0.49519642739437086,0.0,1.0,0.9088785046728972,0.49740845070422535,0.0,1.0,0.919093851132686,0.4875474383301708,0.0,1.0,0.8143712574850299
ridge,0.7260562916089909,0.6282051282051282,0.8239074550128535,0.8060747663551402,0.7113380281690141,0.56,0.8626760563380281,0.8381877022653722,0.6611717267552182,0.9032258064516129,0.4191176470588235,0.5089820359281437
