,all,all,all,all,no revasc,no revasc,no revasc,no revasc,with revasc,with revasc,with revasc,with revasc
,Test AUC,Sensitivity,Specificity,Accuracy,Test AUC,Sensitivity,Specificity,Accuracy,Test AUC,Sensitivity,Specificity,Accuracy
lasso,0.6957913455838767,0.8,0.5915826911677534,0.594626168224299,0.6555555555555554,0.6666666666666666,0.6444444444444444,0.6446601941747573,0.5382165605095541,1.0,0.07643312101910826,0.1317365269461078
linreg,0.7537403675163012,0.76,0.7474807350326023,0.7476635514018691,0.7617647058823529,0.7333333333333333,0.7901960784313725,0.7896440129449838,0.5656050955414014,0.8,0.3312101910828026,0.3592814371257485
SVR10,0.5534795494961471,0.12,0.9869590989922941,0.9742990654205608,0.5611111111111111,0.13333333333333333,0.9888888888888889,0.9805825242718447,0.5340764331210192,0.1,0.9681528662420382,0.9161676646706587
ridge,0.7694368701837581,0.84,0.6988737403675163,0.7009345794392523,0.7699346405228759,0.8,0.7398692810457517,0.7404530744336569,0.5996815286624204,0.9,0.2993630573248408,0.33532934131736525
