,all,all,all,all,no revasc,no revasc,no revasc,no revasc,with revasc,with revasc,with revasc,with revasc
,Test AUC,Sensitivity,Specificity,Accuracy,Test AUC,Sensitivity,Specificity,Accuracy,Test AUC,Sensitivity,Specificity,Accuracy
lasso,0.6591299019607844,0.6375,0.6807598039215687,0.6787383177570093,0.6593002960540851,0.5901639344262295,0.7284366576819408,0.7229773462783171,0.4960881934566145,0.0,1.0,0.8862275449101796
linreg,0.6993872549019607,0.5875,0.8112745098039216,0.8008177570093458,0.702542972029517,0.5573770491803278,0.8477088948787062,0.8362459546925566,0.5650782361308677,0.6842105263157895,0.44594594594594594,0.47305389221556887
SVR10,0.6480392156862744,0.725,0.571078431372549,0.5782710280373832,0.6401948654500464,0.7049180327868853,0.5754716981132075,0.5805825242718446,0.6582503556187767,0.7894736842105263,0.527027027027027,0.5568862275449101
ridge,0.6993872549019607,0.5875,0.8112745098039216,0.8008177570093458,0.702542972029517,0.5573770491803278,0.8477088948787062,0.8362459546925566,0.5650782361308677,0.6842105263157895,0.44594594594594594,0.47305389221556887
