,all,all,all,all,no revasc,no revasc,no revasc,no revasc,with revasc,with revasc,with revasc,with revasc
,Test AUC,Sensitivity,Specificity,Accuracy,Test AUC,Sensitivity,Specificity,Accuracy,Test AUC,Sensitivity,Specificity,Accuracy
lasso,0.7144635447540012,0.8,0.6289270895080024,0.6314252336448598,0.6745098039215686,0.6666666666666666,0.6823529411764706,0.6822006472491909,0.554140127388535,1.0,0.10828025477707004,0.16167664670658682
linreg,0.7617308832246592,0.84,0.6834617664493183,0.6857476635514018,0.7313725490196079,0.7333333333333333,0.7294117647058824,0.7294498381877023,0.6178343949044586,1.0,0.23566878980891715,0.281437125748503
SVR10,0.5020746887966805,1.0,0.004149377593360981,0.018691588785046728,0.5016339869281046,1.0,0.0032679738562091387,0.012944983818770227,0.5063694267515924,1.0,0.01273885350318471,0.0718562874251497
ridge,0.6941908713692946,0.6,0.7883817427385892,0.7856308411214953,0.6826797385620913,0.5333333333333333,0.8320261437908496,0.829126213592233,0.5315286624203822,0.7,0.36305732484076436,0.38323353293413176
