,all,all,all,all,no revasc,no revasc,no revasc,no revasc,with revasc,with revasc,with revasc,with revasc
,Test AUC,Sensitivity,Specificity,Accuracy,Test AUC,Sensitivity,Specificity,Accuracy,Test AUC,Sensitivity,Specificity,Accuracy
lasso,0.7191724831792743,0.8947368421052632,0.5436081242532855,0.5514018691588785,0.7212994378892998,0.8461538461538461,0.5964450296247532,0.6006472491909385,0.5129032258064516,1.0,0.02580645161290318,0.09580838323353294
linreg,0.7911400364711061,0.868421052631579,0.7138590203106332,0.7172897196261683,0.782713829948853,0.8076923076923077,0.7577353522053982,0.7585760517799353,0.6419354838709677,1.0,0.28387096774193543,0.33532934131736525
SVR10,0.5613091869458592,0.13157894736842105,0.9910394265232975,0.9719626168224299,0.554400668455968,0.11538461538461539,0.9934167215273206,0.9786407766990292,0.5672043010752689,0.16666666666666666,0.967741935483871,0.9101796407185628
ridge,0.7923347796013333,0.868421052631579,0.7162485065710873,0.719626168224299,0.7843596495670229,0.8076923076923077,0.761026991441738,0.7618122977346279,0.6387096774193548,1.0,0.2774193548387097,0.32934131736526945
