,all,all,all,all,no revasc,no revasc,no revasc,no revasc,with revasc,with revasc,with revasc,with revasc
,Test AUC,Sensitivity,Specificity,Accuracy,Test AUC,Sensitivity,Specificity,Accuracy,Test AUC,Sensitivity,Specificity,Accuracy
lasso,0.6857677720509578,0.8076923076923077,0.5638432364096081,0.5823598130841121,0.6858529819694867,0.7572815533980582,0.6144244105409153,0.623948220064725,0.5214285714285714,1.0,0.042857142857142816,0.19760479041916168
linreg,0.701823397841097,0.7076923076923077,0.6959544879898862,0.6968457943925234,0.6955617198335646,0.6601941747572816,0.7309292649098474,0.7262135922330097,0.6123015873015873,0.8888888888888888,0.33571428571428574,0.4251497005988024
SVR10,0.5145969075172615,0.05384615384615385,0.9753476611883691,0.905373831775701,0.5156033287101248,0.05825242718446602,0.9729542302357836,0.9119741100323625,0.5185185185185185,0.037037037037037035,1.0,0.844311377245509
ridge,0.701823397841097,0.7076923076923077,0.6959544879898862,0.6968457943925234,0.6955617198335646,0.6601941747572816,0.7309292649098474,0.7262135922330097,0.6123015873015873,0.8888888888888888,0.33571428571428574,0.4251497005988024
