,all,all,all,all,no revasc,no revasc,no revasc,no revasc,with revasc,with revasc,with revasc,with revasc
,Test AUC,Sensitivity,Specificity,Accuracy,Test AUC,Sensitivity,Specificity,Accuracy,Test AUC,Sensitivity,Specificity,Accuracy
lasso,0.6617972644418184,0.6701030927835051,0.6534914361001318,0.655373831775701,0.6520861249288717,0.5923566878980892,0.7118155619596542,0.6996763754045308,0.5153846153846153,1.0,0.03076923076923077,0.24550898203592814
linreg,0.6668296592097579,0.6030927835051546,0.7305665349143611,0.7161214953271028,0.6565649149213457,0.535031847133758,0.7780979827089337,0.7533980582524272,0.5574844074844074,0.8918918918918919,0.22307692307692306,0.3712574850299401
SVR10,0.5110665145402932,0.041237113402061855,0.9808959156785244,0.8744158878504673,0.5083587253804218,0.03184713375796178,0.9848703170028819,0.8880258899676375,0.5097713097713098,0.08108108108108109,0.9384615384615385,0.7485029940119761
ridge,0.6648703530146829,0.5721649484536082,0.7575757575757576,0.7365654205607477,0.657154591677527,0.5095541401273885,0.8047550432276657,0.7747572815533981,0.5458419958419958,0.8378378378378378,0.25384615384615383,0.38323353293413176
