,all,all,all,all,no revasc,no revasc,no revasc,no revasc,with revasc,with revasc,with revasc,with revasc
,Test AUC,Sensitivity,Specificity,Accuracy,Test AUC,Sensitivity,Specificity,Accuracy,Test AUC,Sensitivity,Specificity,Accuracy
lasso,0.706093623890234,0.7166666666666667,0.6955205811138014,0.6962616822429907,0.7158758012588102,0.6739130434782609,0.7578385590393596,0.7553398058252427,0.4710550887021475,0.0,1.0,0.9161676646706587
linreg,0.7359160613397902,0.7333333333333333,0.7384987893462469,0.7383177570093458,0.7444238187777359,0.6956521739130435,0.7931954636424283,0.7902912621359224,0.5298786181139122,0.8571428571428571,0.20261437908496727,0.25748502994011974
SVR10,0.5283494753833736,0.08333333333333333,0.973365617433414,0.9421728971962616,0.5406720422310526,0.10869565217391304,0.9726484322881921,0.946925566343042,0.49019607843137253,0.0,1.0,0.9161676646706587
ridge,0.7344027441485069,0.7333333333333333,0.7354721549636805,0.7353971962616822,0.7430895959625257,0.6956521739130435,0.790527018012008,0.7877022653721683,0.5266106442577031,0.8571428571428571,0.196078431372549,0.25149700598802394
