,all,all,all,all,no revasc,no revasc,no revasc,no revasc,with revasc,with revasc,with revasc,with revasc
,Test AUC,Sensitivity,Specificity,Accuracy,Test AUC,Sensitivity,Specificity,Accuracy,Test AUC,Sensitivity,Specificity,Accuracy
lasso,0.657491544761827,0.6134020618556701,0.7015810276679841,0.6915887850467289,0.6538138548798619,0.5605095541401274,0.7471181556195965,0.7281553398058253,0.5266112266112266,0.8378378378378378,0.2153846153846154,0.3532934131736527
linreg,0.6330460589761352,0.44329896907216493,0.8227931488801055,0.7797897196261683,0.6261265808843774,0.39490445859872614,0.8573487031700289,0.8103559870550162,0.5512474012474012,0.6486486486486487,0.4538461538461539,0.49700598802395207
SVR10,0.6165736250899855,0.6494845360824743,0.5836627140974967,0.5911214953271028,0.6085142899098736,0.6305732484076433,0.5864553314121037,0.5909385113268608,0.6417879417879419,0.7297297297297297,0.5538461538461539,0.592814371257485
ridge,0.6330460589761352,0.44329896907216493,0.8227931488801055,0.7797897196261683,0.6261265808843774,0.39490445859872614,0.8573487031700289,0.8103559870550162,0.5512474012474012,0.6486486486486487,0.4538461538461539,0.49700598802395207
