,all,all,all,all,no revasc,no revasc,no revasc,no revasc,with revasc,with revasc,with revasc,with revasc
,Test AUC,Sensitivity,Specificity,Accuracy,Test AUC,Sensitivity,Specificity,Accuracy,Test AUC,Sensitivity,Specificity,Accuracy
lasso,0.6954604230165327,0.6851851851851852,0.7057356608478803,0.7044392523364486,0.6924806883739122,0.6190476190476191,0.7659137577002053,0.7579288025889968,0.5037878787878788,0.9166666666666666,0.09090909090909094,0.20958083832335328
linreg,0.6939018195252609,0.6851851851851852,0.7026184538653366,0.701518691588785,0.6907695316319546,0.6190476190476191,0.7624914442162902,0.7546925566343042,0.5037878787878788,0.9166666666666666,0.09090909090909094,0.20958083832335328
SVR10,0.689364551584003,0.6574074074074074,0.7213216957605986,0.7172897196261683,0.6877627847853721,0.5952380952380952,0.7802874743326489,0.7702265372168284,0.4969405594405595,0.0,1.0,0.8562874251497006
ridge,0.6939018195252609,0.6851851851851852,0.7026184538653366,0.701518691588785,0.6907695316319546,0.6190476190476191,0.7624914442162902,0.7546925566343042,0.5037878787878788,0.9166666666666666,0.09090909090909094,0.20958083832335328
