,all,all,all,all,no revasc,no revasc,no revasc,no revasc,with revasc,with revasc,with revasc,with revasc
,Test AUC,Sensitivity,Specificity,Accuracy,Test AUC,Sensitivity,Specificity,Accuracy,Test AUC,Sensitivity,Specificity,Accuracy
lasso,0.6797935716264893,0.6388888888888888,0.7206982543640899,0.7155373831775701,0.6783880903490761,0.5833333333333334,0.7734428473648186,0.7631067961165049,0.5075757575757576,0.8333333333333334,0.18181818181818177,0.2754491017964072
linreg,0.6941211785351437,0.7037037037037037,0.6845386533665836,0.6857476635514018,0.6879583455558814,0.6428571428571429,0.73305954825462,0.7281553398058253,0.5527389277389277,0.9166666666666666,0.18881118881118886,0.2934131736526946
SVR10,0.5031172069825436,1.0,0.006234413965087282,0.0689252336448598,0.5023956194387407,1.0,0.00479123887748123,0.05889967637540453,0.5104895104895104,1.0,0.020979020979020935,0.16167664670658682
ridge,0.6966842153874573,0.8148148148148148,0.5785536159600997,0.5934579439252337,0.6993619829862129,0.7738095238095238,0.624914442162902,0.6330097087378641,0.5316142191142191,0.9583333333333334,0.1048951048951049,0.2275449101796407
