,all,all,all,all,no revasc,no revasc,no revasc,no revasc,with revasc,with revasc,with revasc,with revasc
,Test AUC,Sensitivity,Specificity,Accuracy,Test AUC,Sensitivity,Specificity,Accuracy,Test AUC,Sensitivity,Specificity,Accuracy
lasso,0.6011878081577768,0.37628865979381443,0.8260869565217391,0.7751168224299065,0.5927077405972944,0.3057324840764331,0.8796829971181557,0.8213592233009709,0.46476091476091475,0.0,1.0,0.7784431137724551
linreg,0.6043729541040165,0.4742268041237113,0.7345191040843215,0.7050233644859814,0.5994855816002496,0.43312101910828027,0.765850144092219,0.7320388349514563,0.5243243243243243,0.6486486486486487,0.4,0.4550898203592814
SVR10,0.5452372220637572,0.1958762886597938,0.8945981554677207,0.8154205607476636,0.5464926852548689,0.19745222929936307,0.8955331412103746,0.8245954692556634,0.5369022869022869,0.1891891891891892,0.8846153846153846,0.7305389221556886
ridge,0.604043573339853,0.4742268041237113,0.7338603425559947,0.7044392523364486,0.5991253510526992,0.43312101910828027,0.7651296829971181,0.7313915857605178,0.5243243243243243,0.6486486486486487,0.4,0.4550898203592814
