,all,all,all,all,no revasc,no revasc,no revasc,no revasc,with revasc,with revasc,with revasc,with revasc
,Test AUC,Sensitivity,Specificity,Accuracy,Test AUC,Sensitivity,Specificity,Accuracy,Test AUC,Sensitivity,Specificity,Accuracy
lasso,0.7158700980392158,0.7375,0.6942401960784313,0.6962616822429907,0.7216207856480049,0.6885245901639344,0.7547169811320755,0.7521035598705501,0.4912873399715505,0.0,1.0,0.8862275449101796
linreg,0.7284313725490197,0.7375,0.7193627450980392,0.7202102803738317,0.7293701117935575,0.6885245901639344,0.7702156334231806,0.7669902912621359,0.5520981507823614,0.8947368421052632,0.20945945945945943,0.2874251497005988
SVR10,0.5037990196078431,0.0125,0.9950980392156863,0.9491822429906542,0.5068490124165966,0.01639344262295082,0.9973045822102425,0.9585760517799353,0.4864864864864865,0.0,1.0,0.8862275449101796
ridge,0.728125,0.7375,0.71875,0.719626168224299,0.7290331845698379,0.6885245901639344,0.7695417789757413,0.7663430420711974,0.5520981507823614,0.8947368421052632,0.20945945945945943,0.2874251497005988
