,all,all,all,all,no revasc,no revasc,no revasc,no revasc,with revasc,with revasc,with revasc,with revasc
,Test AUC,Sensitivity,Specificity,Accuracy,Test AUC,Sensitivity,Specificity,Accuracy,Test AUC,Sensitivity,Specificity,Accuracy
lasso,0.6638912433983177,0.673469387755102,0.6543130990415336,0.6559579439252337,0.6762640953817425,0.6837606837606838,0.6687675070028012,0.6699029126213593,0.5684914841849148,0.6333333333333333,0.5036496350364963,0.5269461077844312
linreg,0.6679467953315511,0.7755102040816326,0.5603833865814696,0.5788551401869159,0.6770541549953314,0.7777777777777778,0.5763305322128851,0.5915857605177993,0.5804136253041362,0.7666666666666667,0.3941605839416058,0.46107784431137727
SVR10,0.5659559670513573,0.7414965986394558,0.3904153354632588,0.4205607476635514,0.5575755943403002,0.7264957264957265,0.3886554621848739,0.41423948220064727,0.6043795620437956,0.8,0.4087591240875912,0.47904191616766467
ridge,0.6679467953315511,0.7755102040816326,0.5603833865814696,0.5788551401869159,0.6770541549953314,0.7777777777777778,0.5763305322128851,0.5915857605177993,0.5804136253041362,0.7666666666666667,0.3941605839416058,0.46107784431137727
