,all,all,all,all,no revasc,no revasc,no revasc,no revasc,with revasc,with revasc,with revasc,with revasc
,Test AUC,Sensitivity,Specificity,Accuracy,Test AUC,Sensitivity,Specificity,Accuracy,Test AUC,Sensitivity,Specificity,Accuracy
lasso,0.6794707006789269,0.6217948717948718,0.737146529562982,0.7266355140186916,0.6702394366197183,0.544,0.7964788732394366,0.7760517799352751,0.5265654648956356,0.9354838709677419,0.11764705882352944,0.2694610778443114
linreg,0.6159696130775822,0.5256410256410257,0.7062982005141388,0.6898364485981309,0.6081830985915493,0.472,0.7443661971830986,0.7223300970873786,0.5253795066413662,0.7419354838709677,0.3088235294117647,0.38922155688622756
SVR10,0.552114231098807,0.20512820512820512,0.8991002570694088,0.8358644859813084,0.5538732394366197,0.2,0.9077464788732394,0.8504854368932039,0.517314990512334,0.22580645161290322,0.8088235294117647,0.7005988023952096
ridge,0.6188204469052798,0.5576923076923077,0.6799485861182519,0.6688084112149533,0.6118591549295774,0.504,0.7197183098591549,0.7022653721682848,0.5194497153700189,0.7741935483870968,0.2647058823529411,0.3592814371257485
