,all,all,all,all,no revasc,no revasc,no revasc,no revasc,with revasc,with revasc,with revasc,with revasc
,Test AUC,Sensitivity,Specificity,Accuracy,Test AUC,Sensitivity,Specificity,Accuracy,Test AUC,Sensitivity,Specificity,Accuracy
lasso,0.7517769607843137,0.8375,0.6660539215686274,0.6740654205607477,0.7546286067783128,0.7868852459016393,0.7223719676549865,0.7249190938511327,0.5506756756756757,1.0,0.10135135135135132,0.20359281437125748
linreg,0.7730392156862745,0.7875,0.758578431372549,0.759929906542056,0.7605883522601742,0.7213114754098361,0.7998652291105122,0.7967637540453074,0.6722972972972974,1.0,0.3445945945945946,0.41916167664670656
SVR10,0.5153799019607843,0.0375,0.9932598039215687,0.9485981308411215,0.5140349520569131,0.03278688524590164,0.9952830188679245,0.9572815533980582,0.5128022759601707,0.05263157894736842,0.972972972972973,0.8682634730538922
ridge,0.7565563725490196,0.7625,0.7506127450980392,0.7511682242990654,0.756545225575538,0.7213114754098361,0.7917789757412399,0.7889967637540453,0.6162873399715505,0.8947368421052632,0.33783783783783783,0.40119760479041916
