,all,all,all,all,no revasc,no revasc,no revasc,no revasc,with revasc,with revasc,with revasc,with revasc
,Test AUC,Sensitivity,Specificity,Accuracy,Test AUC,Sensitivity,Specificity,Accuracy,Test AUC,Sensitivity,Specificity,Accuracy
lasso,0.6931051999630553,0.6574074074074074,0.7288029925187032,0.7242990654205608,0.6862594113620808,0.5833333333333334,0.7891854893908282,0.7779935275080906,0.5142773892773893,0.9166666666666666,0.11188811188811187,0.2275449101796407
linreg,0.655756442227764,0.5833333333333334,0.7281795511221945,0.7190420560747663,0.635218050259118,0.4880952380952381,0.7823408624229979,0.7663430420711974,0.5457459207459207,0.9166666666666666,0.1748251748251748,0.281437125748503
SVR10,0.5294633785905606,0.09259259259259259,0.9663341645885287,0.9112149532710281,0.5342720250317787,0.09523809523809523,0.973305954825462,0.9255663430420712,0.4892191142191142,0.0,1.0,0.8562874251497006
ridge,0.659185369908562,0.5833333333333334,0.7350374064837906,0.7254672897196262,0.6382981323946416,0.4880952380952381,0.7885010266940452,0.772168284789644,0.5527389277389277,0.9166666666666666,0.18881118881118886,0.2934131736526946
