,all,all,all,all,no revasc,no revasc,no revasc,no revasc,with revasc,with revasc,with revasc,with revasc
,Test AUC,Sensitivity,Specificity,Accuracy,Test AUC,Sensitivity,Specificity,Accuracy,Test AUC,Sensitivity,Specificity,Accuracy
lasso,0.6985317235741684,0.8421052631578947,0.554958183990442,0.5613317757009346,0.684483719045931,0.7692307692307693,0.5997366688610928,0.602588996763754,0.5580645161290323,1.0,0.11612903225806448,0.17964071856287425
linreg,0.7131044457020689,0.7368421052631579,0.6893667861409797,0.6904205607476636,0.6922950321567832,0.6538461538461539,0.7307439104674127,0.7294498381877023,0.600268817204301,0.9166666666666666,0.28387096774193543,0.32934131736526945
SVR10,0.5920109413318241,0.5263157894736842,0.6577060931899641,0.6547897196261683,0.608269610573758,0.5384615384615384,0.6780776826859776,0.6757281553398058,0.4790322580645161,0.0,1.0,0.9281437125748503
ridge,0.708026787398604,0.7368421052631579,0.6792114695340502,0.6804906542056075,0.6873575733022738,0.6538461538461539,0.7208689927583937,0.7197411003236246,0.5938172043010752,0.9166666666666666,0.2709677419354839,0.31736526946107785
