,all,all,all,all,no revasc,no revasc,no revasc,no revasc,with revasc,with revasc,with revasc,with revasc
,Test AUC,Sensitivity,Specificity,Accuracy,Test AUC,Sensitivity,Specificity,Accuracy,Test AUC,Sensitivity,Specificity,Accuracy
lasso,0.6024649437213103,0.5263157894736842,0.6786140979689367,0.6752336448598131,0.5952929558920343,0.5,0.6905859117840685,0.6873786407766991,0.5723118279569893,0.5833333333333334,0.5612903225806452,0.562874251497006
linreg,0.6688832295793247,0.7105263157894737,0.6272401433691757,0.6290887850467289,0.7048918823112371,0.7692307692307693,0.6405529953917051,0.6427184466019418,0.5400537634408603,0.5833333333333334,0.49677419354838714,0.5029940119760479
SVR10,0.518094070301201,0.7894736842105263,0.24671445639187572,0.2587616822429907,0.5693649668304046,0.8846153846153846,0.25411454904542463,0.26472491909385115,0.3787634408602151,0.0,1.0,0.9281437125748503
ridge,0.6688832295793247,0.7105263157894737,0.6272401433691757,0.6290887850467289,0.7048918823112371,0.7692307692307693,0.6405529953917051,0.6427184466019418,0.5400537634408603,0.5833333333333334,0.49677419354838714,0.5029940119760479
