,all,all,all,all,no revasc,no revasc,no revasc,no revasc,with revasc,with revasc,with revasc,with revasc
,Test AUC,Sensitivity,Specificity,Accuracy,Test AUC,Sensitivity,Specificity,Accuracy,Test AUC,Sensitivity,Specificity,Accuracy
lasso,0.6872003314181709,0.6958762886597938,0.6785243741765481,0.6804906542056075,0.6791768387819159,0.6242038216560509,0.734149855907781,0.7229773462783171,0.5423076923076924,1.0,0.08461538461538465,0.2874251497005988
linreg,0.6772374122217243,0.6443298969072165,0.7101449275362319,0.7026869158878505,0.6666100699352044,0.5796178343949044,0.7536023054755043,0.7359223300970874,0.5825363825363825,0.918918918918919,0.24615384615384617,0.39520958083832336
SVR10,0.5415223503524713,0.26288659793814434,0.8201581027667985,0.7570093457943925,0.5400980194203271,0.267515923566879,0.8126801152737753,0.7572815533980582,0.5716216216216216,0.24324324324324326,0.9,0.7544910179640718
ridge,0.6772374122217243,0.6443298969072165,0.7101449275362319,0.7026869158878505,0.6666100699352044,0.5796178343949044,0.7536023054755043,0.7359223300970874,0.5825363825363825,0.918918918918919,0.24615384615384617,0.39520958083832336
