,all,all,all,all,no revasc,no revasc,no revasc,no revasc,with revasc,with revasc,with revasc,with revasc
,Test AUC,Sensitivity,Specificity,Accuracy,Test AUC,Sensitivity,Specificity,Accuracy,Test AUC,Sensitivity,Specificity,Accuracy
lasso,0.6646971734376486,0.5876288659793815,0.7417654808959157,0.7242990654205608,0.6514482644688779,0.5031847133757962,0.7997118155619597,0.7695792880258899,0.5345114345114346,0.9459459459459459,0.12307692307692308,0.30538922155688625
linreg,0.6083255232739769,0.4742268041237113,0.7424242424242424,0.7120327102803738,0.6018190495420254,0.4140127388535032,0.7896253602305475,0.7514563106796116,0.48409563409563416,0.0,1.0,0.7784431137724551
SVR10,0.4678870733330617,0.0,1.0,0.8866822429906542,0.47577506929275504,0.0,1.0,0.8983818770226537,0.48991683991683993,0.0,1.0,0.7784431137724551
ridge,0.6083255232739769,0.4742268041237113,0.7424242424242424,0.7120327102803738,0.6018190495420254,0.4140127388535032,0.7896253602305475,0.7514563106796116,0.48409563409563416,0.0,1.0,0.7784431137724551
