,all,all,all,all,no revasc,no revasc,no revasc,no revasc,with revasc,with revasc,with revasc,with revasc
,Test AUC,Sensitivity,Specificity,Accuracy,Test AUC,Sensitivity,Specificity,Accuracy,Test AUC,Sensitivity,Specificity,Accuracy
lasso,0.6927647573665272,0.7230769230769231,0.6624525916561315,0.6670560747663551,0.6910540915395286,0.6601941747572816,0.7219140083217753,0.7177993527508091,0.5064814814814815,0.9629629629629629,0.050000000000000044,0.19760479041916168
linreg,0.6925994359622678,0.6538461538461539,0.7313527180783819,0.7254672897196262,0.6844660194174758,0.5922330097087378,0.7766990291262136,0.7644012944983819,0.5765873015873015,0.8888888888888888,0.26428571428571423,0.3652694610778443
SVR10,0.5528493630263541,0.14615384615384616,0.9595448798988622,0.8977803738317757,0.5533980582524272,0.13592233009708737,0.970873786407767,0.915210355987055,0.514021164021164,0.18518518518518517,0.8428571428571429,0.7365269461077845
ridge,0.6903870465817368,0.6538461538461539,0.7269279393173198,0.7213785046728972,0.6823855755894591,0.5922330097087378,0.7725381414701803,0.7605177993527508,0.573015873015873,0.8888888888888888,0.2571428571428571,0.3592814371257485
