,all,all,all,all,no revasc,no revasc,no revasc,no revasc,with revasc,with revasc,with revasc,with revasc
,Test AUC,Sensitivity,Specificity,Accuracy,Test AUC,Sensitivity,Specificity,Accuracy,Test AUC,Sensitivity,Specificity,Accuracy
lasso,0.6959336099585063,0.84,0.5518672199170125,0.5560747663551402,0.6650326797385621,0.7333333333333333,0.5967320261437908,0.5980582524271845,0.5573248407643312,1.0,0.1146496815286624,0.16766467065868262
linreg,0.7029164196799051,0.72,0.6858328393598103,0.6863317757009346,0.6637254901960785,0.6,0.7274509803921569,0.7262135922330097,0.5901273885350319,0.9,0.28025477707006374,0.31736526946107785
SVR10,0.6083935981031418,0.56,0.6567871962062833,0.655373831775701,0.6385620915032679,0.6,0.677124183006536,0.6763754045307443,0.4792993630573249,0.0,1.0,0.9401197604790419
ridge,0.6978778897451097,0.72,0.6757557794902194,0.6764018691588785,0.6588235294117647,0.6,0.7176470588235294,0.7165048543689321,0.5837579617834395,0.9,0.26751592356687903,0.30538922155688625
