,all,all,all,all,no revasc,no revasc,no revasc,no revasc,with revasc,with revasc,with revasc,with revasc
,Test AUC,Sensitivity,Specificity,Accuracy,Test AUC,Sensitivity,Specificity,Accuracy,Test AUC,Sensitivity,Specificity,Accuracy
lasso,0.7542279411764705,0.8375,0.6709558823529411,0.6787383177570093,0.7563132428969113,0.7868852459016393,0.7257412398921833,0.7281553398058253,0.5608108108108107,1.0,0.1216216216216216,0.2215568862275449
linreg,0.7661764705882352,0.7125,0.8198529411764706,0.8148364485981309,0.7659847112367991,0.6721311475409836,0.8598382749326146,0.8524271844660194,0.6305120910384068,0.8421052631578947,0.41891891891891897,0.46706586826347307
SVR10,0.6003676470588236,0.3,0.9007352941176471,0.8726635514018691,0.5928483054217666,0.2786885245901639,0.9070080862533693,0.8822006472491909,0.6031294452347084,0.3684210526315789,0.8378378378378378,0.7844311377245509
ridge,0.7664828431372549,0.7125,0.8204656862745098,0.8154205607476636,0.7663216384605188,0.6721311475409836,0.860512129380054,0.8530744336569579,0.6305120910384068,0.8421052631578947,0.41891891891891897,0.46706586826347307
