,all,all,all,all,no revasc,no revasc,no revasc,no revasc,with revasc,with revasc,with revasc,with revasc
,Test AUC,Sensitivity,Specificity,Accuracy,Test AUC,Sensitivity,Specificity,Accuracy,Test AUC,Sensitivity,Specificity,Accuracy
lasso,0.7126858778978479,0.7314814814814815,0.6938902743142145,0.6962616822429907,0.7153979661679868,0.6785714285714286,0.7522245037645449,0.7482200647249191,0.5072843822843822,0.9166666666666666,0.09790209790209792,0.2155688622754491
linreg,0.7278678304239402,0.75,0.7057356608478803,0.7085280373831776,0.7303828102082722,0.7023809523809523,0.7583846680355921,0.7553398058252427,0.5422494172494172,0.9166666666666666,0.1678321678321678,0.2754491017964072
SVR10,0.502320587420338,0.9722222222222222,0.032418952618453845,0.09170560747663552,0.500073335288941,0.9761904761904762,0.023956194387405927,0.07572815533980583,0.5386072261072261,0.9583333333333334,0.11888111888111885,0.23952095808383234
ridge,0.7304077768541608,0.7407407407407407,0.720074812967581,0.7213785046728972,0.7319595189205045,0.6904761904761905,0.7734428473648186,0.7689320388349514,0.5457459207459207,0.9166666666666666,0.1748251748251748,0.281437125748503
