,all,all,all,all,no revasc,no revasc,no revasc,no revasc,with revasc,with revasc,with revasc,with revasc
,Test AUC,Sensitivity,Specificity,Accuracy,Test AUC,Sensitivity,Specificity,Accuracy,Test AUC,Sensitivity,Specificity,Accuracy
lasso,0.7159635739279737,0.7891156462585034,0.642811501597444,0.655373831775701,0.7184335272570567,0.7435897435897436,0.6932773109243697,0.6970873786407767,0.5417274939172749,0.9666666666666667,0.11678832116788318,0.2694610778443114
linreg,0.7340070852622199,0.7414965986394558,0.726517571884984,0.727803738317757,0.7302574876104287,0.6923076923076923,0.7682072829131652,0.7624595469255664,0.6126520681265206,0.9333333333333333,0.291970802919708,0.40718562874251496
SVR10,0.5182651974527831,0.05442176870748299,0.982108626198083,0.9024532710280374,0.5086906557494792,0.03418803418803419,0.9831932773109243,0.911326860841424,0.5520681265206813,0.13333333333333333,0.9708029197080292,0.8203592814371258
ridge,0.7340070852622199,0.7414965986394558,0.726517571884984,0.727803738317757,0.7302574876104287,0.6923076923076923,0.7682072829131652,0.7624595469255664,0.6126520681265206,0.9333333333333333,0.291970802919708,0.40718562874251496
