,all,all,all,all,no revasc,no revasc,no revasc,no revasc,with revasc,with revasc,with revasc,with revasc
,Test AUC,Sensitivity,Specificity,Accuracy,Test AUC,Sensitivity,Specificity,Accuracy,Test AUC,Sensitivity,Specificity,Accuracy
lasso,0.687413486256674,0.6923076923076923,0.6825192802056556,0.6834112149532711,0.6857183098591549,0.632,0.7394366197183099,0.7307443365695793,0.5118595825426945,0.9354838709677419,0.08823529411764708,0.24550898203592814
linreg,0.6856914507942786,0.782051282051282,0.5893316195372751,0.606892523364486,0.6809014084507042,0.728,0.6338028169014085,0.6414239482200648,0.5625,1.0,0.125,0.2874251497005988
SVR10,0.5115351657768109,0.02564102564102564,0.9974293059125964,0.9088785046728972,0.5076478873239437,0.016,0.9992957746478873,0.9197411003236245,0.5212286527514232,0.06451612903225806,0.9779411764705882,0.8083832335329342
ridge,0.6856914507942786,0.782051282051282,0.5893316195372751,0.606892523364486,0.6809014084507042,0.728,0.6338028169014085,0.6414239482200648,0.5625,1.0,0.125,0.2874251497005988
