,all,all,all,all,no revasc,no revasc,no revasc,no revasc,with revasc,with revasc,with revasc,with revasc
,Test AUC,Sensitivity,Specificity,Accuracy,Test AUC,Sensitivity,Specificity,Accuracy,Test AUC,Sensitivity,Specificity,Accuracy
lasso,0.688286863094061,0.7628205128205128,0.6137532133676092,0.6273364485981309,0.6850985915492958,0.704,0.6661971830985915,0.6692556634304208,0.5330882352941176,1.0,0.06617647058823528,0.23952095808383234
linreg,0.7085310790323643,0.7628205128205128,0.6542416452442159,0.6641355140186916,0.706225352112676,0.704,0.7084507042253521,0.7080906148867314,0.5441176470588236,1.0,0.08823529411764708,0.25748502994011974
SVR10,0.5076873640498318,0.019230769230769232,0.9961439588688946,0.907126168224299,0.5062394366197184,0.016,0.9964788732394366,0.9171521035598705,0.5124525616698292,0.03225806451612903,0.9926470588235294,0.8143712574850299
ridge,0.7072374925845364,0.7692307692307693,0.6452442159383034,0.6565420560747663,0.7075352112676057,0.72,0.6950704225352113,0.6970873786407767,0.5463709677419355,0.967741935483871,0.125,0.281437125748503
