,all,all,all,all,no revasc,no revasc,no revasc,no revasc,with revasc,with revasc,with revasc,with revasc
,Test AUC,Sensitivity,Specificity,Accuracy,Test AUC,Sensitivity,Specificity,Accuracy,Test AUC,Sensitivity,Specificity,Accuracy
lasso,0.6792204881626664,0.7319587628865979,0.6264822134387351,0.6384345794392523,0.6761963325318012,0.6751592356687898,0.6772334293948127,0.6770226537216828,0.5287941787941789,0.972972972972973,0.08461538461538465,0.281437125748503
linreg,0.6557223965336919,0.5360824742268041,0.7753623188405797,0.7482476635514018,0.6569090842342921,0.4968152866242038,0.8170028818443804,0.7844660194174757,0.5167359667359668,0.7027027027027027,0.3307692307692308,0.41317365269461076
SVR10,0.5033922823030846,0.020618556701030927,0.9861660079051383,0.8767523364485982,0.5002455074432349,0.012738853503184714,0.9877521613832853,0.888673139158576,0.5116424116424116,0.05405405405405406,0.9692307692307692,0.7664670658682635
ridge,0.6542147155100988,0.5824742268041238,0.7259552042160737,0.709696261682243,0.650080765065438,0.535031847133758,0.7651296829971181,0.7417475728155339,0.5457380457380457,0.7837837837837838,0.3076923076923077,0.41317365269461076
