,all,all,all,all,no revasc,no revasc,no revasc,no revasc,with revasc,with revasc,with revasc,with revasc
,Test AUC,Sensitivity,Specificity,Accuracy,Test AUC,Sensitivity,Specificity,Accuracy,Test AUC,Sensitivity,Specificity,Accuracy
lasso,0.6975462389428615,0.782312925170068,0.612779552715655,0.6273364485981309,0.6972814766932415,0.7264957264957265,0.6680672268907564,0.6724919093851133,0.5182481751824817,1.0,0.03649635036496346,0.20958083832335328
linreg,0.6885266566690573,0.7482993197278912,0.6287539936102237,0.639018691588785,0.6923795159089278,0.7264957264957265,0.6582633053221288,0.6634304207119741,0.5772506082725062,0.8333333333333334,0.3211678832116789,0.41317365269461076
SVR10,0.5212710004129447,0.5850340136054422,0.4575079872204473,0.46845794392523366,0.5287025066436831,0.6239316239316239,0.4334733893557423,0.44789644012944985,0.5706812652068127,0.43333333333333335,0.708029197080292,0.6586826347305389
ridge,0.6885266566690573,0.7482993197278912,0.6287539936102237,0.639018691588785,0.6923795159089278,0.7264957264957265,0.6582633053221288,0.6634304207119741,0.5772506082725062,0.8333333333333334,0.3211678832116789,0.41317365269461076
