,all,all,all,all,no revasc,no revasc,no revasc,no revasc,with revasc,with revasc,with revasc,with revasc
,Test AUC,Sensitivity,Specificity,Accuracy,Test AUC,Sensitivity,Specificity,Accuracy,Test AUC,Sensitivity,Specificity,Accuracy
lasso,0.7420096852300242,0.8,0.6840193704600483,0.6880841121495327,0.7635525132697161,0.782608695652174,0.7444963308872582,0.7456310679611651,0.47432306255835666,0.0,1.0,0.9161676646706587
linreg,0.7563962873284907,0.8166666666666667,0.6961259079903148,0.7003504672897196,0.762885401862111,0.782608695652174,0.7431621080720481,0.7443365695792881,0.5819327731092437,0.9285714285714286,0.23529411764705888,0.2934131736526946
SVR10,0.5118240516545602,0.03333333333333333,0.9903147699757869,0.9567757009345794,0.516402239173942,0.043478260869565216,0.9893262174783188,0.9611650485436893,0.5,0.0,1.0,0.9161676646706587
ridge,0.7526029055690073,0.8,0.7052058111380145,0.7085280373831776,0.7566856164979552,0.7608695652173914,0.752501667778519,0.7527508090614887,0.5852007469654529,0.9285714285714286,0.24183006535947715,0.2994011976047904
