,all,all,all,all,no revasc,no revasc,no revasc,no revasc,with revasc,with revasc,with revasc,with revasc
,Test AUC,Sensitivity,Specificity,Accuracy,Test AUC,Sensitivity,Specificity,Accuracy,Test AUC,Sensitivity,Specificity,Accuracy
lasso,0.7159300822019027,0.7685185185185185,0.6633416458852868,0.6699766355140186,0.711560086046739,0.7023809523809523,0.7207392197125257,0.7197411003236246,0.5384615384615384,1.0,0.07692307692307687,0.20958083832335328
linreg,0.7340098827006558,0.7685185185185185,0.699501246882793,0.7038551401869159,0.729490564192823,0.7142857142857143,0.7446954140999316,0.7430420711974111,0.5980477855477856,0.9583333333333334,0.23776223776223782,0.3413173652694611
SVR10,0.5670084049136418,0.3148148148148148,0.8192019950124688,0.7873831775700935,0.5666006649066198,0.32142857142857145,0.811772758384668,0.7851132686084142,0.593385780885781,0.2916666666666667,0.8951048951048951,0.8083832335329342
ridge,0.7340098827006558,0.7685185185185185,0.699501246882793,0.7038551401869159,0.729490564192823,0.7142857142857143,0.7446954140999316,0.7430420711974111,0.5980477855477856,0.9583333333333334,0.23776223776223782,0.3413173652694611
