,all,all,all,all,no revasc,no revasc,no revasc,no revasc,with revasc,with revasc,with revasc,with revasc
,Test AUC,Sensitivity,Specificity,Accuracy,Test AUC,Sensitivity,Specificity,Accuracy,Test AUC,Sensitivity,Specificity,Accuracy
lasso,0.7155637254901961,0.7375,0.6936274509803921,0.695677570093458,0.7216207856480049,0.6885245901639344,0.7547169811320755,0.7521035598705501,0.4879089615931721,0.0,1.0,0.8862275449101796
linreg,0.7146446078431372,0.7375,0.6917892156862745,0.6939252336448598,0.7206100039768458,0.6885245901639344,0.7526954177897573,0.7501618122977346,0.4879089615931721,0.0,1.0,0.8862275449101796
SVR10,0.49436274509803924,0.0,1.0,0.9532710280373832,0.4918032786885246,0.0,1.0,0.9605177993527508,0.5067567567567568,1.0,0.013513513513513487,0.12574850299401197
ridge,0.7146446078431372,0.7375,0.6917892156862745,0.6939252336448598,0.7206100039768458,0.6885245901639344,0.7526954177897573,0.7501618122977346,0.4879089615931721,0.0,1.0,0.8862275449101796
