,all,all,all,all,no revasc,no revasc,no revasc,no revasc,with revasc,with revasc,with revasc,with revasc
,Test AUC,Sensitivity,Specificity,Accuracy,Test AUC,Sensitivity,Specificity,Accuracy,Test AUC,Sensitivity,Specificity,Accuracy
lasso,0.6819919583415727,0.6602564102564102,0.7037275064267352,0.6997663551401869,0.6802816901408452,0.6,0.7605633802816901,0.7475728155339806,0.5067599620493359,0.9032258064516129,0.11029411764705888,0.25748502994011974
linreg,0.7125683870542483,0.6217948717948718,0.8033419023136247,0.7867990654205608,0.699943661971831,0.552,0.847887323943662,0.8239482200647249,0.62073055028463,0.9032258064516129,0.3382352941176471,0.4431137724550898
SVR10,0.5984938369257137,0.3717948717948718,0.8251928020565553,0.7838785046728972,0.5956901408450704,0.328,0.8633802816901408,0.8200647249190939,0.48742884250474383,0.0,1.0,0.8143712574850299
ridge,0.7140844374134863,0.6923076923076923,0.7358611825192802,0.731892523364486,0.7104929577464789,0.64,0.7809859154929577,0.7695792880258899,0.5839658444022771,0.9032258064516129,0.2647058823529411,0.38323353293413176
