,all,all,all,all,no revasc,no revasc,no revasc,no revasc,with revasc,with revasc,with revasc,with revasc
,Test AUC,Sensitivity,Specificity,Accuracy,Test AUC,Sensitivity,Specificity,Accuracy,Test AUC,Sensitivity,Specificity,Accuracy
lasso,0.7018242040735614,0.7307692307692307,0.672879177377892,0.6781542056074766,0.6967887323943662,0.664,0.7295774647887324,0.7242718446601941,0.5404411764705883,1.0,0.08088235294117652,0.25149700598802394
linreg,0.7134088062751303,0.717948717948718,0.7088688946015425,0.709696261682243,0.7044084507042254,0.656,0.7528169014084507,0.7449838187702266,0.6088709677419355,0.967741935483871,0.25,0.38323353293413176
SVR10,0.551051347966515,0.28205128205128205,0.8200514138817481,0.7710280373831776,0.5503380281690141,0.288,0.8126760563380282,0.7702265372168284,0.5775616698292221,0.25806451612903225,0.8970588235294118,0.7784431137724551
ridge,0.7134088062751303,0.717948717948718,0.7088688946015425,0.709696261682243,0.7044084507042254,0.656,0.7528169014084507,0.7449838187702266,0.6088709677419355,0.967741935483871,0.25,0.38323353293413176
