,all,all,all,all,no revasc,no revasc,no revasc,no revasc,with revasc,with revasc,with revasc,with revasc
,Test AUC,Sensitivity,Specificity,Accuracy,Test AUC,Sensitivity,Specificity,Accuracy,Test AUC,Sensitivity,Specificity,Accuracy
lasso,0.6877760200382308,0.6602564102564102,0.7152956298200515,0.7102803738317757,0.6833239436619718,0.592,0.7746478873239436,0.7598705501618123,0.5155360531309298,0.9354838709677419,0.09558823529411764,0.25149700598802394
linreg,0.6336513743326082,0.5192307692307693,0.7480719794344473,0.7272196261682243,0.6368309859154929,0.48,0.7936619718309859,0.7682847896440129,0.4747390891840607,0.0,1.0,0.8143712574850299
SVR10,0.5112138290158855,0.02564102564102564,0.9967866323907455,0.9082943925233645,0.5105915492957747,0.024,0.9971830985915493,0.9184466019417475,0.5124525616698292,0.03225806451612903,0.9926470588235294,0.8143712574850299
ridge,0.6352580581372355,0.5192307692307693,0.7512853470437018,0.7301401869158879,0.6385915492957747,0.48,0.7971830985915493,0.7715210355987056,0.4747390891840607,0.0,1.0,0.8143712574850299
