,all,all,all,all,no revasc,no revasc,no revasc,no revasc,with revasc,with revasc,with revasc,with revasc
,Test AUC,Sensitivity,Specificity,Accuracy,Test AUC,Sensitivity,Specificity,Accuracy,Test AUC,Sensitivity,Specificity,Accuracy
lasso,0.7714424951267057,0.8947368421052632,0.6481481481481481,0.6536214953271028,0.7765989770598066,0.8461538461538461,0.707044107965767,0.7093851132686084,0.5354838709677419,1.0,0.07096774193548383,0.1377245508982036
linreg,0.7753096899955984,0.868421052631579,0.6821983273596177,0.6863317757009346,0.7877905504633615,0.8461538461538461,0.7294272547728768,0.7313915857605178,0.568010752688172,0.9166666666666666,0.21935483870967742,0.2694610778443114
SVR10,0.5377916116456014,0.2631578947368421,0.8124253285543608,0.8002336448598131,0.5375120271433635,0.2692307692307692,0.8057932850559579,0.7967637540453074,0.5637096774193548,0.25,0.8774193548387097,0.8323353293413174
ridge,0.7753096899955984,0.868421052631579,0.6821983273596177,0.6863317757009346,0.7877905504633615,0.8461538461538461,0.7294272547728768,0.7313915857605178,0.568010752688172,0.9166666666666666,0.21935483870967742,0.2694610778443114
