,all,all,all,all,no revasc,no revasc,no revasc,no revasc,with revasc,with revasc,with revasc,with revasc
,Test AUC,Sensitivity,Specificity,Accuracy,Test AUC,Sensitivity,Specificity,Accuracy,Test AUC,Sensitivity,Specificity,Accuracy
lasso,0.6744189438879705,0.5846153846153846,0.7642225031605563,0.7505841121495327,0.6633148404993066,0.5048543689320388,0.8217753120665742,0.8006472491909385,0.5301587301587302,0.8888888888888888,0.17142857142857137,0.2874251497005988
linreg,0.6854857531848682,0.6307692307692307,0.7402022756005057,0.731892523364486,0.670249653259362,0.5533980582524272,0.7871012482662968,0.7715210355987056,0.5915343915343916,0.9259259259259259,0.2571428571428571,0.3652694610778443
SVR10,0.5774628026840416,0.27692307692307694,0.8780025284450064,0.8323598130841121,0.5922330097087378,0.2912621359223301,0.8932038834951457,0.8530744336569579,0.47182539682539687,0.0,1.0,0.8383233532934131
ridge,0.6864339200622386,0.6307692307692307,0.7420986093552465,0.7336448598130841,0.6709431345353675,0.5533980582524272,0.7884882108183079,0.7728155339805826,0.5951058201058201,0.9259259259259259,0.26428571428571423,0.3712574850299401
