,all,all,all,all,no revasc,no revasc,no revasc,no revasc,with revasc,with revasc,with revasc,with revasc
,Test AUC,Sensitivity,Specificity,Accuracy,Test AUC,Sensitivity,Specificity,Accuracy,Test AUC,Sensitivity,Specificity,Accuracy
lasso,0.7387254901960785,0.85,0.6274509803921569,0.6378504672897196,0.7456420396800847,0.8032786885245902,0.6880053908355794,0.6925566343042071,0.5101351351351351,1.0,0.020270270270270285,0.1317365269461078
linreg,0.7348039215686274,0.7625,0.7071078431372548,0.709696261682243,0.7226315673191639,0.6885245901639344,0.7567385444743935,0.7540453074433657,0.6047297297297297,1.0,0.20945945945945943,0.2994011976047904
SVR10,0.5663602941176471,0.2375,0.8952205882352942,0.8644859813084113,0.5456895408952323,0.18032786885245902,0.9110512129380054,0.8822006472491909,0.5787695590327169,0.42105263157894735,0.7364864864864865,0.7005988023952096
ridge,0.7469975490196079,0.7875,0.7064950980392157,0.7102803738317757,0.7390250099421147,0.7213114754098361,0.7567385444743935,0.7553398058252427,0.6013513513513513,1.0,0.20270270270270274,0.2934131736526946
