,all,all,all,all,no revasc,no revasc,no revasc,no revasc,with revasc,with revasc,with revasc,with revasc
,Test AUC,Sensitivity,Specificity,Accuracy,Test AUC,Sensitivity,Specificity,Accuracy,Test AUC,Sensitivity,Specificity,Accuracy
lasso,0.7242029805697039,0.8157894736842105,0.6326164874551972,0.6366822429906542,0.7083734238112118,0.7307692307692307,0.6859776168531929,0.6867313915857605,0.5548387096774193,1.0,0.10967741935483866,0.17365269461077845
linreg,0.7513833867823682,0.8157894736842105,0.6869772998805257,0.6898364485981309,0.7317440623892237,0.7307692307692307,0.7327188940092166,0.7326860841423948,0.6193548387096774,1.0,0.2387096774193549,0.2934131736526946
SVR10,0.5020908004778972,1.0,0.004181600955794451,0.026285046728971962,0.5016458196181699,1.0,0.003291639236339683,0.020064724919093852,0.5064516129032258,1.0,0.012903225806451646,0.08383233532934131
ridge,0.7118468213544614,0.631578947368421,0.7921146953405018,0.7885514018691588,0.7061705575530461,0.5769230769230769,0.8354180381830152,0.8310679611650486,0.5588709677419355,0.75,0.367741935483871,0.39520958083832336
