,all,all,all,all,no revasc,no revasc,no revasc,no revasc,with revasc,with revasc,with revasc,with revasc
,Test AUC,Sensitivity,Specificity,Accuracy,Test AUC,Sensitivity,Specificity,Accuracy,Test AUC,Sensitivity,Specificity,Accuracy
lasso,0.6985614000395491,0.7692307692307693,0.6278920308483291,0.6407710280373832,0.6979014084507041,0.712,0.6838028169014084,0.686084142394822,0.5220588235294117,1.0,0.044117647058823484,0.2215568862275449
linreg,0.6901489684266033,0.5641025641025641,0.8161953727506427,0.7932242990654206,0.6958169014084506,0.536,0.8556338028169014,0.8297734627831715,0.540915559772296,0.6774193548387096,0.40441176470588236,0.4550898203592814
SVR10,0.5438995451848923,0.09615384615384616,0.9916452442159382,0.9100467289719626,0.5408309859154931,0.088,0.9936619718309859,0.920388349514563,0.5498102466793169,0.12903225806451613,0.9705882352941176,0.8143712574850299
ridge,0.6891684793355746,0.5769230769230769,0.801413881748072,0.7809579439252337,0.6884225352112676,0.536,0.8408450704225352,0.8161812297734627,0.5658206831119544,0.7419354838709677,0.3897058823529411,0.4550898203592814
