,all,all,all,all,no revasc,no revasc,no revasc,no revasc,with revasc,with revasc,with revasc,with revasc
,Test AUC,Sensitivity,Specificity,Accuracy,Test AUC,Sensitivity,Specificity,Accuracy,Test AUC,Sensitivity,Specificity,Accuracy
lasso,0.641482843137255,0.5875,0.6954656862745099,0.6904205607476636,0.6349365914011753,0.5245901639344263,0.7452830188679245,0.7365695792880259,0.49270981507823614,0.0,1.0,0.8862275449101796
linreg,0.7034313725490196,0.6875,0.7193627450980392,0.717873831775701,0.7257743802748443,0.7049180327868853,0.7466307277628033,0.7449838187702266,0.5387624466571834,0.631578947368421,0.44594594594594594,0.46706586826347307
SVR10,0.589093137254902,0.2125,0.9656862745098039,0.9304906542056075,0.5831989306703195,0.19672131147540983,0.9696765498652291,0.9391585760517799,0.5944167852062588,0.2631578947368421,0.9256756756756757,0.8502994011976048
ridge,0.7034313725490196,0.6875,0.7193627450980392,0.717873831775701,0.7257743802748443,0.7049180327868853,0.7466307277628033,0.7449838187702266,0.5387624466571834,0.631578947368421,0.44594594594594594,0.46706586826347307
