,all,all,all,all,no revasc,no revasc,no revasc,no revasc,with revasc,with revasc,with revasc,with revasc
,Test AUC,Sensitivity,Specificity,Accuracy,Test AUC,Sensitivity,Specificity,Accuracy,Test AUC,Sensitivity,Specificity,Accuracy
lasso,0.6506456820016142,0.6166666666666667,0.6846246973365617,0.6822429906542056,0.6525799808568031,0.6086956521739131,0.6964643095396932,0.6938511326860841,0.6057422969187675,0.6428571428571429,0.5686274509803921,0.5748502994011976
linreg,0.6915859564164649,0.75,0.6331719128329298,0.6372663551401869,0.7145198248107434,0.782608695652174,0.6464309539693129,0.6504854368932039,0.573062558356676,0.6428571428571429,0.5032679738562091,0.5149700598802395
SVR10,0.4978813559322034,0.0,1.0,0.9649532710280374,0.5177219595672478,0.782608695652174,0.25283522348232157,0.2686084142394822,0.40966386554621853,0.0,1.0,0.9161676646706587
ridge,0.6915859564164649,0.75,0.6331719128329298,0.6372663551401869,0.7145198248107434,0.782608695652174,0.6464309539693129,0.6504854368932039,0.573062558356676,0.6428571428571429,0.5032679738562091,0.5149700598802395
