,all,all,all,all,no revasc,no revasc,no revasc,no revasc,with revasc,with revasc,with revasc,with revasc
,Test AUC,Sensitivity,Specificity,Accuracy,Test AUC,Sensitivity,Specificity,Accuracy,Test AUC,Sensitivity,Specificity,Accuracy
lasso,0.712168829193019,0.7482993197278912,0.676038338658147,0.6822429906542056,0.713872728578611,0.7008547008547008,0.7268907563025211,0.7249190938511327,0.5396593673965937,0.9333333333333333,0.14598540145985406,0.2874251497005988
linreg,0.7174088804851014,0.8367346938775511,0.5980830670926518,0.6185747663551402,0.713962508080155,0.7948717948717948,0.6330532212885154,0.6453074433656958,0.6167883211678833,1.0,0.23357664233576647,0.3712574850299401
SVR10,0.5434461324465888,0.11564625850340136,0.9712460063897763,0.8977803738317757,0.5426003734827264,0.1111111111111111,0.9740896358543417,0.9087378640776699,0.5374695863746959,0.13333333333333333,0.9416058394160584,0.7964071856287425
ridge,0.7174088804851014,0.8367346938775511,0.5980830670926518,0.6185747663551402,0.713962508080155,0.7948717948717948,0.6330532212885154,0.6453074433656958,0.6167883211678833,1.0,0.23357664233576647,0.3712574850299401
