,all,all,all,all,no revasc,no revasc,no revasc,no revasc,with revasc,with revasc,with revasc,with revasc
,Test AUC,Sensitivity,Specificity,Accuracy,Test AUC,Sensitivity,Specificity,Accuracy,Test AUC,Sensitivity,Specificity,Accuracy
lasso,0.6788503592627305,0.7061855670103093,0.6515151515151515,0.6577102803738317,0.6718001431744343,0.643312101910828,0.7002881844380404,0.6944983818770226,0.5518711018711019,0.972972972972973,0.13076923076923075,0.31736526946107785
linreg,0.6827791586868234,0.6494845360824743,0.7160737812911726,0.7085280373831776,0.675198241524257,0.5859872611464968,0.7644092219020173,0.7462783171521036,0.5594594594594594,0.918918918918919,0.19999999999999996,0.3592814371257485
SVR10,0.5855507110549693,0.36082474226804123,0.8102766798418972,0.7593457943925234,0.5817287395143083,0.3248407643312102,0.8386167146974064,0.7864077669902912,0.5106029106029106,0.5135135135135135,0.5076923076923077,0.5089820359281437
ridge,0.6757636879779416,0.6288659793814433,0.7226613965744401,0.7120327102803738,0.6657014629490262,0.5605095541401274,0.770893371757925,0.7495145631067961,0.5633056133056134,0.918918918918919,0.20769230769230773,0.3652694610778443
