,all,all,all,all,no revasc,no revasc,no revasc,no revasc,with revasc,with revasc,with revasc,with revasc
,Test AUC,Sensitivity,Specificity,Accuracy,Test AUC,Sensitivity,Specificity,Accuracy,Test AUC,Sensitivity,Specificity,Accuracy
lasso,0.6571379947486142,0.5538461538461539,0.7604298356510746,0.7447429906542056,0.6504854368932038,0.4854368932038835,0.8155339805825242,0.7935275080906149,0.5038359788359787,0.8148148148148148,0.19285714285714284,0.2934131736526946
linreg,0.6571379947486142,0.5538461538461539,0.7604298356510746,0.7447429906542056,0.6504854368932038,0.4854368932038835,0.8155339805825242,0.7935275080906149,0.5038359788359787,0.8148148148148148,0.19285714285714284,0.2934131736526946
SVR10,0.4928863172226004,0.0,1.0,0.9240654205607477,0.49375866851595007,0.0,1.0,0.9333333333333333,0.49576719576719575,0.0,1.0,0.8383233532934131
ridge,0.6571379947486142,0.5538461538461539,0.7604298356510746,0.7447429906542056,0.6504854368932038,0.4854368932038835,0.8155339805825242,0.7935275080906149,0.5038359788359787,0.8148148148148148,0.19285714285714284,0.2934131736526946
