,all,all,all,all,no revasc,no revasc,no revasc,no revasc,with revasc,with revasc,with revasc,with revasc
,Test AUC,Sensitivity,Specificity,Accuracy,Test AUC,Sensitivity,Specificity,Accuracy,Test AUC,Sensitivity,Specificity,Accuracy
lasso,0.6860869421923407,0.7243589743589743,0.6478149100257069,0.6547897196261683,0.6883661971830985,0.688,0.6887323943661972,0.6886731391585761,0.5457779886148008,0.8709677419354839,0.22058823529411764,0.3413173652694611
linreg,0.6924065651572078,0.8076923076923077,0.577120822622108,0.5981308411214953,0.6918732394366197,0.776,0.6077464788732394,0.6213592233009708,0.5964184060721063,0.9354838709677419,0.25735294117647056,0.38323353293413176
SVR10,0.5006591523301035,0.9871794871794872,0.014138817480719768,0.102803738317757,0.5009295774647887,0.992,0.009859154929577452,0.08932038834951456,0.5132827324478179,0.967741935483871,0.05882352941176472,0.2275449101796407
ridge,0.6920852283962824,0.8076923076923077,0.5764781491002571,0.5975467289719626,0.6915211267605634,0.776,0.6070422535211268,0.6207119741100323,0.5964184060721063,0.9354838709677419,0.25735294117647056,0.38323353293413176
