,all,all,all,all,no revasc,no revasc,no revasc,no revasc,with revasc,with revasc,with revasc,with revasc
,Test AUC,Sensitivity,Specificity,Accuracy,Test AUC,Sensitivity,Specificity,Accuracy,Test AUC,Sensitivity,Specificity,Accuracy
lasso,0.5,0.0,1.0,0.8866822429906542,0.5,0.0,1.0,0.8983818770226537,0.5,0.0,1.0,0.7784431137724551
linreg,0.621816551892751,0.7989690721649485,0.44466403162055335,0.4848130841121495,0.6246741863837443,0.7961783439490446,0.4531700288184438,0.4880258899676375,0.5823284823284823,0.8108108108108109,0.3538461538461538,0.4550898203592814
SVR10,0.5644329896907216,0.6288659793814433,0.5,0.5146028037383178,0.5610785807375318,0.6178343949044586,0.5043227665706052,0.5158576051779935,0.5647609147609147,0.6756756756756757,0.4538461538461539,0.5029940119760479
ridge,0.621816551892751,0.7989690721649485,0.44466403162055335,0.4848130841121495,0.6246741863837443,0.7961783439490446,0.4531700288184438,0.4880258899676375,0.5823284823284823,0.8108108108108109,0.3538461538461538,0.4550898203592814
