,all,all,all,all,no revasc,no revasc,no revasc,no revasc,with revasc,with revasc,with revasc,with revasc
,Test AUC,Sensitivity,Specificity,Accuracy,Test AUC,Sensitivity,Specificity,Accuracy,Test AUC,Sensitivity,Specificity,Accuracy
lasso,0.7066708229426434,0.75,0.6633416458852868,0.6688084112149533,0.7017087122323262,0.6785714285714286,0.7248459958932238,0.7223300970873786,0.5174825174825175,1.0,0.034965034965035,0.17365269461077845
linreg,0.7164149810658539,0.7962962962962963,0.6365336658354115,0.6466121495327103,0.7150435122714384,0.7380952380952381,0.6919917864476386,0.6944983818770226,0.534965034965035,1.0,0.0699300699300699,0.20359281437125748
SVR10,0.5147316892952802,0.046296296296296294,0.9831670822942643,0.9240654205607477,0.5060868289821061,0.023809523809523808,0.9883641341546886,0.9359223300970874,0.5275349650349651,0.125,0.9300699300699301,0.8143712574850299
ridge,0.7078599796804285,0.8240740740740741,0.591645885286783,0.6063084112149533,0.7079177666960007,0.7738095238095238,0.6420260095824777,0.6491909385113268,0.5384615384615384,1.0,0.07692307692307687,0.20958083832335328
