,all,all,all,all,no revasc,no revasc,no revasc,no revasc,with revasc,with revasc,with revasc,with revasc
,Test AUC,Sensitivity,Specificity,Accuracy,Test AUC,Sensitivity,Specificity,Accuracy,Test AUC,Sensitivity,Specificity,Accuracy
lasso,0.6508394115969194,0.5309278350515464,0.7707509881422925,0.7435747663551402,0.6378581655316728,0.45222929936305734,0.8234870317002883,0.7857605177993527,0.5362785862785864,0.8648648648648649,0.20769230769230773,0.3532934131736527
linreg,0.6522961574507966,0.5773195876288659,0.7272727272727273,0.7102803738317757,0.6395032948475559,0.5095541401273885,0.7694524495677233,0.7430420711974111,0.5708939708939709,0.8648648648648649,0.27692307692307694,0.40718562874251496
SVR10,0.6124818331228014,0.6030927835051546,0.621870882740448,0.6197429906542056,0.6063781457075202,0.5477707006369427,0.6649855907780979,0.6530744336569579,0.4996881496881497,0.0,1.0,0.7784431137724551
ridge,0.6522961574507966,0.5773195876288659,0.7272727272727273,0.7102803738317757,0.6395032948475559,0.5095541401273885,0.7694524495677233,0.7430420711974111,0.5708939708939709,0.8648648648648649,0.27692307692307694,0.40718562874251496
