,all,all,all,all,no revasc,no revasc,no revasc,no revasc,with revasc,with revasc,with revasc,with revasc
,Test AUC,Sensitivity,Specificity,Accuracy,Test AUC,Sensitivity,Specificity,Accuracy,Test AUC,Sensitivity,Specificity,Accuracy
lasso,0.6737704250030561,0.6597938144329897,0.6877470355731226,0.6845794392523364,0.6679362690210907,0.5923566878980892,0.7435158501440922,0.7281553398058253,0.5191268191268191,0.9459459459459459,0.09230769230769231,0.281437125748503
linreg,0.6742050717846326,0.7680412371134021,0.580368906455863,0.6016355140186916,0.6722498577433506,0.7133757961783439,0.6311239193083573,0.6394822006472491,0.5192307692307692,1.0,0.038461538461538436,0.25149700598802394
SVR10,0.49808144194069787,0.0,1.0,0.8866822429906542,0.4968152866242038,0.0,1.0,0.8983818770226537,0.5076923076923077,1.0,0.01538461538461533,0.23353293413173654
ridge,0.6742050717846326,0.7680412371134021,0.580368906455863,0.6016355140186916,0.6722498577433506,0.7133757961783439,0.6311239193083573,0.6394822006472491,0.5192307692307692,1.0,0.038461538461538436,0.25149700598802394
