,all,all,all,all,no revasc,no revasc,no revasc,no revasc,with revasc,with revasc,with revasc,with revasc
,Test AUC,Sensitivity,Specificity,Accuracy,Test AUC,Sensitivity,Specificity,Accuracy,Test AUC,Sensitivity,Specificity,Accuracy
lasso,0.6972115363717373,0.6870748299319728,0.7073482428115017,0.705607476635514,0.6953691733103498,0.6239316239316239,0.7668067226890756,0.7559870550161812,0.5104622871046228,0.9333333333333333,0.08759124087591241,0.23952095808383234
linreg,0.6975310251896285,0.6870748299319728,0.7079872204472843,0.7061915887850467,0.6953691733103498,0.6239316239316239,0.7668067226890756,0.7559870550161812,0.5141119221411192,0.9333333333333333,0.0948905109489051,0.24550898203592814
SVR10,0.6965725587359544,0.6870748299319728,0.7060702875399361,0.7044392523364486,0.6946688931983049,0.6239316239316239,0.7654061624649859,0.7546925566343042,0.5104622871046228,0.9333333333333333,0.08759124087591241,0.23952095808383234
ridge,0.6975310251896285,0.6870748299319728,0.7079872204472843,0.7061915887850467,0.6953691733103498,0.6239316239316239,0.7668067226890756,0.7559870550161812,0.5141119221411192,0.9333333333333333,0.0948905109489051,0.24550898203592814
