,all,all,all,all,no revasc,no revasc,no revasc,no revasc,with revasc,with revasc,with revasc,with revasc
,Test AUC,Sensitivity,Specificity,Accuracy,Test AUC,Sensitivity,Specificity,Accuracy,Test AUC,Sensitivity,Specificity,Accuracy
lasso,0.7093055830202359,0.6602564102564102,0.7583547557840618,0.7494158878504673,0.6943380281690141,0.576,0.8126760563380282,0.7935275080906149,0.5955882352941176,1.0,0.19117647058823528,0.3413173652694611
linreg,0.7304808516248105,0.6858974358974359,0.775064267352185,0.7669392523364486,0.7143380281690141,0.616,0.8126760563380282,0.7967637540453074,0.6750474383301708,0.967741935483871,0.38235294117647056,0.49101796407185627
SVR10,0.5764534308878781,0.5192307692307693,0.6336760925449871,0.6232476635514018,0.5714929577464789,0.512,0.6309859154929578,0.6213592233009708,0.6050759013282733,0.5483870967741935,0.6617647058823529,0.6407185628742516
ridge,0.730802188385736,0.6858974358974359,0.775706940874036,0.7675233644859814,0.7143380281690141,0.616,0.8126760563380282,0.7967637540453074,0.6787239089184061,0.967741935483871,0.3897058823529411,0.49700598802395207
