,all,all,all,all,no revasc,no revasc,no revasc,no revasc,with revasc,with revasc,with revasc,with revasc
,Test AUC,Sensitivity,Specificity,Accuracy,Test AUC,Sensitivity,Specificity,Accuracy,Test AUC,Sensitivity,Specificity,Accuracy
lasso,0.6688418693560082,0.6410256410256411,0.6966580976863753,0.6915887850467289,0.6674788732394367,0.592,0.7429577464788732,0.7307443365695793,0.525972485768501,0.8387096774193549,0.21323529411764708,0.32934131736526945
linreg,0.6433573923933822,0.46794871794871795,0.8187660668380463,0.7867990654205608,0.6434647887323943,0.432,0.8549295774647887,0.8207119741100324,0.5270398481973435,0.6129032258064516,0.4411764705882353,0.47305389221556887
SVR10,0.6302320216201964,0.6794871794871795,0.5809768637532133,0.5899532710280374,0.6199014084507043,0.656,0.5838028169014085,0.5896440129449838,0.6628320683111955,0.7741935483870968,0.5514705882352942,0.592814371257485
ridge,0.6433573923933822,0.46794871794871795,0.8187660668380463,0.7867990654205608,0.6434647887323943,0.432,0.8549295774647887,0.8207119741100324,0.5270398481973435,0.6129032258064516,0.4411764705882353,0.47305389221556887
