,all,all,all,all,no revasc,no revasc,no revasc,no revasc,with revasc,with revasc,with revasc,with revasc
,Test AUC,Sensitivity,Specificity,Accuracy,Test AUC,Sensitivity,Specificity,Accuracy,Test AUC,Sensitivity,Specificity,Accuracy
lasso,0.6759454653230587,0.72,0.6318909306461173,0.633177570093458,0.6405228758169935,0.6,0.681045751633987,0.6802588996763754,0.5264331210191082,0.9,0.15286624203821653,0.19760479041916168
linreg,0.7211381149970362,0.76,0.6822762299940723,0.6834112149532711,0.661764705882353,0.6,0.7235294117647059,0.7223300970873786,0.6401273885350318,1.0,0.28025477707006374,0.32335329341317365
SVR10,0.5130409010077059,1.0,0.026081802015411992,0.04030373831775701,0.5088235294117647,1.0,0.01764705882352946,0.027184466019417475,0.554140127388535,1.0,0.10828025477707004,0.16167664670658682
ridge,0.6978778897451097,0.72,0.6757557794902194,0.6764018691588785,0.6588235294117647,0.6,0.7176470588235294,0.7165048543689321,0.5837579617834395,0.9,0.26751592356687903,0.30538922155688625
