,all,all,all,all,no revasc,no revasc,no revasc,no revasc,with revasc,with revasc,with revasc,with revasc
,Test AUC,Sensitivity,Specificity,Accuracy,Test AUC,Sensitivity,Specificity,Accuracy,Test AUC,Sensitivity,Specificity,Accuracy
lasso,0.7564924856945231,0.868421052631579,0.6445639187574672,0.6495327102803738,0.7759406492125387,0.8461538461538461,0.7057274522712311,0.7080906148867314,0.48091397849462364,0.0,1.0,0.9281437125748503
linreg,0.7917374080362196,0.868421052631579,0.7150537634408602,0.7184579439252337,0.7846888134906568,0.8076923076923077,0.761685319289006,0.7624595469255664,0.6290322580645161,1.0,0.25806451612903225,0.31137724550898205
SVR10,0.6097748852417783,0.2631578947368421,0.9563918757467145,0.9410046728971962,0.598926419202917,0.23076923076923078,0.9670836076366031,0.9546925566343042,0.5924731182795698,0.3333333333333333,0.8516129032258064,0.8143712574850299
ridge,0.7896466075583224,0.868421052631579,0.7108721624850657,0.7143691588785047,0.782713829948853,0.8076923076923077,0.7577353522053982,0.7585760517799353,0.6258064516129032,1.0,0.25161290322580643,0.30538922155688625
