,all,all,all,all,no revasc,no revasc,no revasc,no revasc,with revasc,with revasc,with revasc,with revasc
,Test AUC,Sensitivity,Specificity,Accuracy,Test AUC,Sensitivity,Specificity,Accuracy,Test AUC,Sensitivity,Specificity,Accuracy
lasso,0.6941448783986438,0.7755102040816326,0.612779552715655,0.6267523364485982,0.6916074121956476,0.717948717948718,0.6652661064425771,0.6692556634304208,0.5328467153284672,1.0,0.06569343065693434,0.23353293413173654
linreg,0.7217143726500185,0.7891156462585034,0.6543130990415336,0.6658878504672897,0.7218631042160454,0.7350427350427351,0.7086834733893557,0.7106796116504854,0.5437956204379562,1.0,0.08759124087591241,0.25149700598802394
SVR10,0.5082871487253048,0.02040816326530612,0.9961661341853035,0.9123831775700935,0.5067963082668965,0.017094017094017096,0.9964985994397759,0.9223300970873787,0.5130170316301704,0.03333333333333333,0.9927007299270073,0.8203592814371258
ridge,0.7206428897437569,0.7959183673469388,0.645367412140575,0.6582943925233645,0.723757451698628,0.7521367521367521,0.6953781512605042,0.6996763754045308,0.5453771289537713,0.9666666666666667,0.12408759124087587,0.2754491017964072
