,all,all,all,all,no revasc,no revasc,no revasc,no revasc,with revasc,with revasc,with revasc,with revasc
,Test AUC,Sensitivity,Specificity,Accuracy,Test AUC,Sensitivity,Specificity,Accuracy,Test AUC,Sensitivity,Specificity,Accuracy
lasso,0.7027949838082198,0.6394557823129252,0.7661341853035144,0.7552570093457944,0.6912931839402428,0.5555555555555556,0.8270308123249299,0.8064724919093851,0.5490267639902676,0.9666666666666667,0.13138686131386856,0.281437125748503
linreg,0.6906000738953728,0.5850340136054422,0.7961661341853035,0.7780373831775701,0.690871220282985,0.5470085470085471,0.834733893557423,0.8129449838187702,0.5637469586374696,0.7333333333333333,0.3941605839416058,0.4550898203592814
SVR10,0.6281171893677598,0.4421768707482993,0.8140575079872204,0.782126168224299,0.626768656180421,0.4188034188034188,0.834733893557423,0.8032362459546926,0.5659367396593673,0.5333333333333333,0.5985401459854014,0.5868263473053892
ridge,0.6918780291669383,0.5850340136054422,0.7987220447284344,0.780373831775701,0.6922717805070747,0.5470085470085471,0.8375350140056023,0.8155339805825242,0.5637469586374696,0.7333333333333333,0.3941605839416058,0.4550898203592814
