,all,all,all,all,no revasc,no revasc,no revasc,no revasc,with revasc,with revasc,with revasc,with revasc
,Test AUC,Sensitivity,Specificity,Accuracy,Test AUC,Sensitivity,Specificity,Accuracy,Test AUC,Sensitivity,Specificity,Accuracy
lasso,0.6730526111057085,0.6153846153846154,0.7307206068268015,0.7219626168224299,0.6622746185852981,0.5339805825242718,0.7905686546463245,0.7734627831715211,0.5201058201058202,0.9259259259259259,0.11428571428571432,0.24550898203592814
linreg,0.6562919381503453,0.5230769230769231,0.7895069532237674,0.7692757009345794,0.6452843273231623,0.4563106796116505,0.834257975034674,0.8090614886731392,0.5531746031746032,0.7777777777777778,0.3285714285714286,0.40119760479041916
SVR10,0.5109063502868811,0.023076923076923078,0.9987357774968394,0.9246495327102804,0.5045076282940361,0.009708737864077669,0.9993065187239945,0.9333333333333333,0.5334656084656084,0.07407407407407407,0.9928571428571429,0.844311377245509
ridge,0.6521297286784012,0.5153846153846153,0.7888748419721872,0.768107476635514,0.6400832177531207,0.44660194174757284,0.8335644937586685,0.8077669902912621,0.5531746031746032,0.7777777777777778,0.3285714285714286,0.40119760479041916
