,all,all,all,all,no revasc,no revasc,no revasc,no revasc,with revasc,with revasc,with revasc,with revasc
,Test AUC,Sensitivity,Specificity,Accuracy,Test AUC,Sensitivity,Specificity,Accuracy,Test AUC,Sensitivity,Specificity,Accuracy
lasso,0.7414043583535109,0.8,0.6828087167070218,0.6869158878504673,0.7734214113756998,0.8043478260869565,0.742494996664443,0.7443365695792881,0.4418767507002801,0.0,1.0,0.9161676646706587
linreg,0.7658797417271994,0.7333333333333333,0.7984261501210654,0.7961448598130841,0.7684398294515183,0.6956521739130435,0.8412274849899933,0.8368932038834952,0.6181139122315593,0.8571428571428571,0.3790849673202614,0.41916167664670656
SVR10,0.5065173527037933,0.016666666666666666,0.9963680387409201,0.9620327102803738,0.5088682309945761,0.021739130434782608,0.9959973315543695,0.9669902912621359,0.5,0.0,1.0,0.9161676646706587
ridge,0.7652744148506859,0.7333333333333333,0.7972154963680387,0.7949766355140186,0.7674391623401108,0.6956521739130435,0.8392261507671781,0.8349514563106796,0.6213818860877685,0.8571428571428571,0.3856209150326797,0.4251497005988024
