,all,all,all,all,no revasc,no revasc,no revasc,no revasc,with revasc,with revasc,with revasc,with revasc
,Test AUC,Sensitivity,Specificity,Accuracy,Test AUC,Sensitivity,Specificity,Accuracy,Test AUC,Sensitivity,Specificity,Accuracy
lasso,0.7256492485694523,0.7368421052631579,0.7144563918757467,0.7149532710280374,0.7345672760419304,0.6923076923076923,0.7768268597761685,0.7754045307443366,0.46827956989247316,0.0,1.0,0.9281437125748503
linreg,0.7205715902659876,0.7368421052631579,0.7043010752688172,0.7050233644859814,0.6826100167113992,0.6153846153846154,0.749835418038183,0.7475728155339806,0.6290322580645161,1.0,0.25806451612903225,0.31137724550898205
SVR10,0.652219706973527,0.3157894736842105,0.9886499402628435,0.9737149532710281,0.6303362536081429,0.2692307692307692,0.9914417379855168,0.9792880258899677,0.6889784946236559,0.4166666666666667,0.9612903225806452,0.9221556886227545
ridge,0.7211689618311011,0.7368421052631579,0.7054958183990442,0.7061915887850467,0.6829391806350331,0.6153846153846154,0.7504937458854509,0.7482200647249191,0.6322580645161291,1.0,0.2645161290322581,0.31736526946107785
