,all,all,all,all,no revasc,no revasc,no revasc,no revasc,with revasc,with revasc,with revasc,with revasc
,Test AUC,Sensitivity,Specificity,Accuracy,Test AUC,Sensitivity,Specificity,Accuracy,Test AUC,Sensitivity,Specificity,Accuracy
lasso,0.6681707672858115,0.7769230769230769,0.5594184576485461,0.5759345794392523,0.6647018030513177,0.7184466019417476,0.6109570041608876,0.6181229773462783,0.5142857142857142,1.0,0.02857142857142858,0.18562874251497005
linreg,0.6878051152387435,0.6461538461538462,0.729456384323641,0.7231308411214953,0.6771844660194175,0.5825242718446602,0.7718446601941747,0.7592233009708738,0.5908730158730158,0.8888888888888888,0.2928571428571428,0.38922155688622756
SVR10,0.5269765632597491,0.06153846153846154,0.9924146649810367,0.9217289719626168,0.5266990291262136,0.05825242718446602,0.9951456310679612,0.9326860841423948,0.5191798941798941,0.07407407407407407,0.9642857142857143,0.8203592814371258
ridge,0.689069337741904,0.6461538461538462,0.731984829329962,0.7254672897196262,0.6789181692094313,0.5825242718446602,0.7753120665742025,0.7624595469255664,0.5873015873015872,0.8888888888888888,0.2857142857142857,0.38323353293413176
