,all,all,all,all,no revasc,no revasc,no revasc,no revasc,with revasc,with revasc,with revasc,with revasc
,Test AUC,Sensitivity,Specificity,Accuracy,Test AUC,Sensitivity,Specificity,Accuracy,Test AUC,Sensitivity,Specificity,Accuracy
lasso,0.755612148651198,0.8947368421052632,0.6164874551971327,0.6226635514018691,0.761786600496278,0.8461538461538461,0.6774193548387097,0.6802588996763754,0.5096774193548388,1.0,0.01935483870967747,0.08982035928143713
linreg,0.7427057787838772,0.7894736842105263,0.6959378733572281,0.6980140186915887,0.7194257355547679,0.6923076923076923,0.7465437788018433,0.7456310679611651,0.6,1.0,0.19999999999999996,0.25748502994011974
SVR10,0.5643589259888072,0.23684210526315788,0.8918757467144564,0.8773364485981309,0.531169291537955,0.15384615384615385,0.9084924292297564,0.8957928802588997,0.5728494623655913,0.4166666666666667,0.7290322580645161,0.7065868263473054
ridge,0.7552663019556058,0.8157894736842105,0.6947431302270012,0.697429906542056,0.7383273408619031,0.7307692307692307,0.7458854509545754,0.7456310679611651,0.5967741935483871,1.0,0.19354838709677424,0.25149700598802394
