,all,all,all,all,no revasc,no revasc,no revasc,no revasc,with revasc,with revasc,with revasc,with revasc
,Test AUC,Sensitivity,Specificity,Accuracy,Test AUC,Sensitivity,Specificity,Accuracy,Test AUC,Sensitivity,Specificity,Accuracy
lasso,0.6909729088392328,0.6730769230769231,0.7088688946015425,0.705607476635514,0.6878028169014084,0.608,0.7676056338028169,0.7546925566343042,0.5155360531309298,0.9354838709677419,0.09558823529411764,0.25149700598802394
linreg,0.7006212510711225,0.6666666666666666,0.7345758354755785,0.7283878504672897,0.691549295774648,0.6,0.7830985915492958,0.7682847896440129,0.581712523719165,0.9354838709677419,0.2279411764705882,0.3592814371257485
SVR10,0.5041608990837783,0.01282051282051282,0.9955012853470437,0.9059579439252337,0.5069436619718309,0.016,0.997887323943662,0.9184466019417475,0.4852941176470588,0.0,1.0,0.8143712574850299
ridge,0.7002999143101971,0.6666666666666666,0.7339331619537275,0.727803738317757,0.6911971830985916,0.6,0.782394366197183,0.7676375404530744,0.581712523719165,0.9354838709677419,0.2279411764705882,0.3592814371257485
