,all,all,all,all,no revasc,no revasc,no revasc,no revasc,with revasc,with revasc,with revasc,with revasc
,Test AUC,Sensitivity,Specificity,Accuracy,Test AUC,Sensitivity,Specificity,Accuracy,Test AUC,Sensitivity,Specificity,Accuracy
lasso,0.738296568627451,0.8375,0.639093137254902,0.6483644859813084,0.7435100083955636,0.7868852459016393,0.7001347708894878,0.7035598705501618,0.5135135135135135,1.0,0.027027027027026973,0.1377245508982036
linreg,0.7584558823529413,0.8,0.7169117647058824,0.7207943925233645,0.7690060094560559,0.7704918032786885,0.7675202156334232,0.7676375404530744,0.5520981507823614,0.8947368421052632,0.20945945945945943,0.2874251497005988
SVR10,0.5345588235294118,0.0875,0.9816176470588235,0.9398364485981309,0.5253744863240688,0.06557377049180328,0.9851752021563343,0.9488673139158577,0.5519203413940256,0.15789473684210525,0.9459459459459459,0.8562874251497006
ridge,0.7597426470588236,0.775,0.7444852941176471,0.7459112149532711,0.7657527285581726,0.7377049180327869,0.793800539083558,0.7915857605177994,0.5723684210526316,0.8947368421052632,0.25,0.32335329341317365
