,all,all,all,all,no revasc,no revasc,no revasc,no revasc,with revasc,with revasc,with revasc,with revasc
,Test AUC,Sensitivity,Specificity,Accuracy,Test AUC,Sensitivity,Specificity,Accuracy,Test AUC,Sensitivity,Specificity,Accuracy
lasso,0.6977786566475512,0.6282051282051282,0.7673521850899743,0.7546728971962616,0.6860845070422535,0.544,0.828169014084507,0.8051779935275081,0.5500474383301708,0.967741935483871,0.13235294117647056,0.2874251497005988
linreg,0.6801875288379144,0.5641025641025641,0.7962724935732648,0.7751168224299065,0.6816056338028169,0.528,0.8352112676056338,0.8103559870550162,0.5496916508538899,0.7096774193548387,0.3897058823529411,0.4491017964071856
SVR10,0.6254037308021884,0.4358974358974359,0.8149100257069408,0.780373831775701,0.6259577464788733,0.416,0.8359154929577465,0.8019417475728156,0.5558586337760911,0.5161290322580645,0.5955882352941176,0.5808383233532934
ridge,0.6814728758816163,0.5641025641025641,0.7988431876606684,0.7774532710280374,0.6830140845070423,0.528,0.8380281690140845,0.8129449838187702,0.5496916508538899,0.7096774193548387,0.3897058823529411,0.4491017964071856
