,all,all,all,all,no revasc,no revasc,no revasc,no revasc,with revasc,with revasc,with revasc,with revasc
,Test AUC,Sensitivity,Specificity,Accuracy,Test AUC,Sensitivity,Specificity,Accuracy,Test AUC,Sensitivity,Specificity,Accuracy
lasso,0.7128367208013224,0.7461538461538462,0.6795195954487989,0.6845794392523364,0.7063106796116505,0.6796116504854369,0.7330097087378641,0.7294498381877023,0.5642857142857143,1.0,0.12857142857142856,0.2694610778443114
linreg,0.7386900709909558,0.6461538461538462,0.8312262958280657,0.8171728971962616,0.7257281553398058,0.5825242718446602,0.8689320388349515,0.8498381877022654,0.6658730158730158,0.8888888888888888,0.44285714285714284,0.5149700598802395
SVR10,0.5868909851210736,0.2692307692307692,0.904551201011378,0.8563084112149533,0.5866851595006934,0.2621359223300971,0.9112343966712899,0.8679611650485437,0.566005291005291,0.2962962962962963,0.8357142857142857,0.7485029940119761
ridge,0.739006126616746,0.6461538461538462,0.831858407079646,0.8177570093457944,0.7260748959778086,0.5825242718446602,0.8696255201109571,0.8504854368932039,0.6658730158730158,0.8888888888888888,0.44285714285714284,0.5149700598802395
