,all,all,all,all,no revasc,no revasc,no revasc,no revasc,with revasc,with revasc,with revasc,with revasc
,Test AUC,Sensitivity,Specificity,Accuracy,Test AUC,Sensitivity,Specificity,Accuracy,Test AUC,Sensitivity,Specificity,Accuracy
lasso,0.6966611249653644,0.6944444444444444,0.6988778054862843,0.6985981308411215,0.6946685244939865,0.6309523809523809,0.7583846680355921,0.7514563106796116,0.5037878787878788,0.9166666666666666,0.09090909090909094,0.20958083832335328
linreg,0.7094416735937933,0.6944444444444444,0.7244389027431422,0.7225467289719626,0.7025398455069913,0.6309523809523809,0.7741273100616016,0.7663430420711974,0.5667249417249417,0.9166666666666666,0.21678321678321677,0.31736526946107785
SVR10,0.5021358640435948,0.009259259259259259,0.9950124688279302,0.9328271028037384,0.5045834555588149,0.011904761904761904,0.9972621492128679,0.9436893203883495,0.486013986013986,0.0,1.0,0.8562874251497006
ridge,0.7091299528955389,0.6944444444444444,0.7238154613466334,0.7219626168224299,0.7021976141585998,0.6309523809523809,0.7734428473648186,0.7656957928802589,0.5667249417249417,0.9166666666666666,0.21678321678321677,0.31736526946107785
