,all,all,all,all,no revasc,no revasc,no revasc,no revasc,with revasc,with revasc,with revasc,with revasc
,Test AUC,Sensitivity,Specificity,Accuracy,Test AUC,Sensitivity,Specificity,Accuracy,Test AUC,Sensitivity,Specificity,Accuracy
lasso,0.7227941176470588,0.85,0.5955882352941176,0.6074766355140186,0.7271110423755025,0.8032786885245902,0.6509433962264151,0.656957928802589,0.5202702702702703,1.0,0.04054054054054057,0.1497005988023952
linreg,0.7419730392156862,0.7125,0.7714460784313726,0.7686915887850467,0.7457690778136185,0.6721311475409836,0.8194070080862533,0.8135922330097087,0.5663229018492176,0.8421052631578947,0.29054054054054057,0.3532934131736527
SVR10,0.6357230392156863,0.375,0.8964460784313726,0.8720794392523364,0.6029561221333569,0.2786885245901639,0.9272237196765498,0.9016181229773462,0.6360241820768135,0.6842105263157895,0.5878378378378378,0.5988023952095808
ridge,0.7401348039215687,0.7125,0.7677696078431373,0.7651869158878505,0.7440844416950201,0.6721311475409836,0.8160377358490566,0.8103559870550162,0.5629445234708392,0.8421052631578947,0.28378378378378377,0.3473053892215569
