,all,all,all,all,no revasc,no revasc,no revasc,no revasc,with revasc,with revasc,with revasc,with revasc
,Test AUC,Sensitivity,Specificity,Accuracy,Test AUC,Sensitivity,Specificity,Accuracy,Test AUC,Sensitivity,Specificity,Accuracy
lasso,0.6684188365048966,0.6082474226804123,0.7285902503293807,0.7149532710280374,0.654460893188201,0.5286624203821656,0.7802593659942363,0.7546925566343042,0.5614345114345115,0.9459459459459459,0.17692307692307696,0.3473053892215569
linreg,0.6927013297474975,0.6752577319587629,0.7101449275362319,0.7061915887850467,0.6857757117421392,0.6114649681528662,0.7600864553314122,0.7449838187702266,0.5614345114345115,0.9459459459459459,0.17692307692307696,0.3473053892215569
SVR10,0.49775206117653453,0.0,1.0,0.8866822429906542,0.5003602305475504,1.0,0.0007204610951008217,0.1022653721682848,0.4864864864864865,0.0,1.0,0.7784431137724551
ridge,0.6823173464813984,0.6907216494845361,0.6739130434782609,0.6758177570093458,0.6808632684153526,0.6369426751592356,0.7247838616714697,0.7158576051779936,0.5248440748440748,0.918918918918919,0.13076923076923075,0.30538922155688625
