,all,all,all,all,no revasc,no revasc,no revasc,no revasc,with revasc,with revasc,with revasc,with revasc
,Test AUC,Sensitivity,Specificity,Accuracy,Test AUC,Sensitivity,Specificity,Accuracy,Test AUC,Sensitivity,Specificity,Accuracy
lasso,0.7095641646489104,0.7,0.7191283292978208,0.7184579439252337,0.7170142413783102,0.6521739130434783,0.781854569713142,0.7779935275080906,0.48085901027077493,0.0,1.0,0.9161676646706587
linreg,0.6933414043583535,0.65,0.736682808716707,0.7336448598130841,0.6976100008701454,0.6086956521739131,0.7865243495663776,0.7812297734627832,0.5170401493930905,0.7857142857142857,0.24836601307189543,0.2934131736526946
SVR10,0.5396489104116223,0.25,0.8292978208232445,0.8089953271028038,0.543376743916234,0.2608695652173913,0.8258839226150767,0.8090614886731392,0.538515406162465,0.21428571428571427,0.8627450980392157,0.8083832335329342
ridge,0.6933414043583535,0.65,0.736682808716707,0.7336448598130841,0.6976100008701454,0.6086956521739131,0.7865243495663776,0.7812297734627832,0.5170401493930905,0.7857142857142857,0.24836601307189543,0.2934131736526946
