,all,all,all,all,no revasc,no revasc,no revasc,no revasc,with revasc,with revasc,with revasc,with revasc
,Test AUC,Sensitivity,Specificity,Accuracy,Test AUC,Sensitivity,Specificity,Accuracy,Test AUC,Sensitivity,Specificity,Accuracy
lasso,0.6964637409505182,0.7216494845360825,0.6712779973649539,0.6769859813084113,0.6967294737421758,0.6751592356687898,0.718299711815562,0.713915857605178,0.5440748440748441,0.918918918918919,0.16923076923076918,0.33532934131736525
linreg,0.706691523029488,0.6907216494845361,0.7226613965744401,0.7190420560747663,0.6953298518695278,0.6305732484076433,0.7600864553314122,0.7469255663430421,0.6345114345114344,0.9459459459459459,0.32307692307692304,0.46107784431137727
SVR10,0.4999592518642272,0.0,1.0,0.8866822429906542,0.5026363369371685,0.9872611464968153,0.018011527377521652,0.11650485436893204,0.5133056133056133,0.918918918918919,0.10769230769230764,0.2874251497005988
ridge,0.7092111160914389,0.7010309278350515,0.7173913043478262,0.7155373831775701,0.7027226087116136,0.6496815286624203,0.7557636887608069,0.7449838187702266,0.6133056133056134,0.918918918918919,0.3076923076923077,0.4431137724550898
