,all,all,all,all,no revasc,no revasc,no revasc,no revasc,with revasc,with revasc,with revasc,with revasc
,Test AUC,Sensitivity,Specificity,Accuracy,Test AUC,Sensitivity,Specificity,Accuracy,Test AUC,Sensitivity,Specificity,Accuracy
lasso,0.7328275044457616,0.88,0.5856550088915233,0.5899532710280374,0.7212418300653595,0.8,0.6424836601307189,0.6440129449838188,0.5159235668789809,1.0,0.031847133757961776,0.08982035928143713
linreg,0.7620154119739182,0.92,0.6040308239478365,0.6086448598130841,0.7839869281045752,0.9333333333333333,0.634640522875817,0.6375404530744336,0.6028662420382166,0.9,0.30573248407643316,0.3413173652694611
SVR10,0.5679193835210433,0.68,0.4558387670420866,0.4591121495327103,0.5820261437908497,0.7333333333333333,0.43071895424836604,0.4336569579288026,0.6503184713375797,0.6,0.7006369426751593,0.6946107784431138
ridge,0.7620154119739182,0.92,0.6040308239478365,0.6086448598130841,0.7839869281045752,0.9333333333333333,0.634640522875817,0.6375404530744336,0.6028662420382166,0.9,0.30573248407643316,0.3413173652694611
