,all,all,all,all,no revasc,no revasc,no revasc,no revasc,with revasc,with revasc,with revasc,with revasc
,Test AUC,Sensitivity,Specificity,Accuracy,Test AUC,Sensitivity,Specificity,Accuracy,Test AUC,Sensitivity,Specificity,Accuracy
lasso,0.6853112033195021,0.52,0.8506224066390041,0.8457943925233645,0.6875816993464052,0.4666666666666667,0.9084967320261438,0.9042071197411004,0.44331210191082804,0.0,1.0,0.9401197604790419
linreg,0.647682276229994,0.44,0.8553645524599881,0.8492990654205608,0.6532679738562092,0.4,0.9065359477124183,0.9016181229773462,0.42834394904458606,0.0,1.0,0.9401197604790419
SVR10,0.5179253112033195,0.04,0.995850622406639,0.981892523364486,0.49869281045751634,0.0,1.0,0.9902912621359223,0.5404458598726115,0.1,0.9808917197452229,0.9281437125748503
ridge,0.647682276229994,0.44,0.8553645524599881,0.8492990654205608,0.6532679738562092,0.4,0.9065359477124183,0.9016181229773462,0.42834394904458606,0.0,1.0,0.9401197604790419
