,all,all,all,all,no revasc,no revasc,no revasc,no revasc,with revasc,with revasc,with revasc,with revasc
,Test AUC,Sensitivity,Specificity,Accuracy,Test AUC,Sensitivity,Specificity,Accuracy,Test AUC,Sensitivity,Specificity,Accuracy
lasso,0.6735743924125668,0.72,0.6271487848251334,0.6285046728971962,0.669607843137255,0.6666666666666666,0.6725490196078432,0.6724919093851133,0.4923566878980892,0.0,1.0,0.9401197604790419
linreg,0.7094131594546532,0.88,0.5388263189093064,0.5438084112149533,0.7163398692810456,0.8666666666666667,0.5660130718954248,0.5689320388349515,0.5869426751592357,0.9,0.2738853503184714,0.31137724550898205
SVR10,0.5321280379371666,0.2,0.8642560758743332,0.8545560747663551,0.5640522875816993,0.26666666666666666,0.8614379084967321,0.855663430420712,0.495859872611465,0.0,1.0,0.9401197604790419
ridge,0.7091167753408416,0.88,0.5382335506816834,0.5432242990654206,0.7163398692810456,0.8666666666666667,0.5660130718954248,0.5689320388349515,0.5837579617834395,0.9,0.26751592356687903,0.30538922155688625
