,all,all,all,all,no revasc,no revasc,no revasc,no revasc,with revasc,with revasc,with revasc,with revasc
,Test AUC,Sensitivity,Specificity,Accuracy,Test AUC,Sensitivity,Specificity,Accuracy,Test AUC,Sensitivity,Specificity,Accuracy
lasso,0.6959879159331464,0.7414965986394558,0.650479233226837,0.6582943925233645,0.6926488544135603,0.6752136752136753,0.7100840336134453,0.7074433656957929,0.5145985401459854,1.0,0.029197080291970767,0.20359281437125748
linreg,0.7183716937254134,0.7210884353741497,0.7156549520766773,0.7161214953271028,0.7085398261868849,0.6495726495726496,0.7675070028011204,0.7585760517799353,0.5875912408759124,1.0,0.17518248175182483,0.32335329341317365
SVR10,0.5097324552824325,0.06802721088435375,0.9514376996805112,0.8755841121495327,0.5103785103785103,0.06837606837606838,0.9523809523809523,0.8854368932038835,0.5041362530413626,0.06666666666666667,0.9416058394160584,0.7844311377245509
ridge,0.7176935950098889,0.7619047619047619,0.673482428115016,0.6810747663551402,0.7131724484665661,0.7008547008547008,0.7254901960784313,0.7236245954692556,0.5656934306569343,1.0,0.13138686131386856,0.2874251497005988
