,all,all,all,all,no revasc,no revasc,no revasc,no revasc,with revasc,with revasc,with revasc,with revasc
,Test AUC,Sensitivity,Specificity,Accuracy,Test AUC,Sensitivity,Specificity,Accuracy,Test AUC,Sensitivity,Specificity,Accuracy
lasso,0.688024602812371,0.6054421768707483,0.7706070287539937,0.7564252336448598,0.6784726711197299,0.5299145299145299,0.8270308123249299,0.8045307443365696,0.5412408759124088,0.9,0.18248175182481752,0.31137724550898205
linreg,0.6971376409988915,0.6530612244897959,0.7412140575079873,0.7336448598130841,0.6873787976729153,0.5897435897435898,0.7850140056022409,0.7702265372168284,0.5923357664233577,0.9,0.2846715328467153,0.39520958083832336
SVR10,0.5534785160070418,0.20408163265306123,0.9028753993610223,0.842873831775701,0.5466763628528334,0.1794871794871795,0.9138655462184874,0.858252427184466,0.5441605839416059,0.3,0.7883211678832117,0.7005988023952096
ridge,0.7004998804633675,0.7006802721088435,0.7003194888178914,0.7003504672897196,0.6923615600086189,0.6410256410256411,0.7436974789915967,0.7359223300970874,0.5907542579075427,0.9333333333333333,0.24817518248175185,0.3712574850299401
