,all,all,all,all,no revasc,no revasc,no revasc,no revasc,with revasc,with revasc,with revasc,with revasc
,Test AUC,Sensitivity,Specificity,Accuracy,Test AUC,Sensitivity,Specificity,Accuracy,Test AUC,Sensitivity,Specificity,Accuracy
lasso,0.6408764924004727,0.4793814432989691,0.8023715415019763,0.7657710280373832,0.6297288863598818,0.39490445859872614,0.8645533141210375,0.8168284789644013,0.4881496881496881,0.0,1.0,0.7784431137724551
linreg,0.6188317509473941,0.5360824742268041,0.7015810276679841,0.6828271028037384,0.6208860294792489,0.4968152866242038,0.744956772334294,0.7197411003236246,0.47058212058212057,0.0,1.0,0.7784431137724551
SVR10,0.5237391847656303,0.05670103092783505,0.9907773386034255,0.884929906542056,0.5246998843591109,0.05732484076433121,0.9920749279538905,0.8970873786407767,0.5154885654885655,0.05405405405405406,0.9769230769230769,0.7724550898203593
ridge,0.6188894774730722,0.5309278350515464,0.7068511198945981,0.6869158878504673,0.6202229299363058,0.49044585987261147,0.75,0.7236245954692556,0.47442827442827445,0.0,1.0,0.7784431137724551
