,all,all,all,all,no revasc,no revasc,no revasc,no revasc,with revasc,with revasc,with revasc,with revasc
,Test AUC,Sensitivity,Specificity,Accuracy,Test AUC,Sensitivity,Specificity,Accuracy,Test AUC,Sensitivity,Specificity,Accuracy
lasso,0.6753358325523274,0.6082474226804123,0.7424242424242424,0.7272196261682243,0.6613052735916592,0.5286624203821656,0.7939481268011528,0.7669902912621359,0.5691268191268191,0.9459459459459459,0.1923076923076923,0.3592814371257485
linreg,0.6778724040041836,0.5876288659793815,0.7681159420289855,0.7476635514018691,0.667789423447567,0.5286624203821656,0.8069164265129682,0.7786407766990291,0.5958419958419958,0.8378378378378378,0.3538461538461538,0.46107784431137727
SVR10,0.4990118577075099,0.0,1.0,0.8866822429906542,0.4989193083573487,0.0,1.0,0.8983818770226537,0.5,0.0,1.0,0.7784431137724551
ridge,0.6772136424758568,0.5876288659793815,0.766798418972332,0.7464953271028038,0.6670689623524662,0.5286624203821656,0.8054755043227666,0.7773462783171521,0.5958419958419958,0.8378378378378378,0.3538461538461538,0.46107784431137727
