,all,all,all,all,no revasc,no revasc,no revasc,no revasc,with revasc,with revasc,with revasc,with revasc
,Test AUC,Sensitivity,Specificity,Accuracy,Test AUC,Sensitivity,Specificity,Accuracy,Test AUC,Sensitivity,Specificity,Accuracy
lasso,0.6938840712003652,0.7142857142857143,0.673482428115016,0.6769859813084113,0.6939057674351792,0.6581196581196581,0.7296918767507004,0.7242718446601941,0.5104622871046228,0.9333333333333333,0.08759124087591241,0.23952095808383234
linreg,0.6784790593553714,0.564625850340136,0.792332268370607,0.7727803738317757,0.6709042591395533,0.5042735042735043,0.8375350140056023,0.8122977346278317,0.5605839416058395,0.8,0.3211678832116789,0.40718562874251496
SVR10,0.5092456151789789,0.02040816326530612,0.9980830670926517,0.9141355140186916,0.5081968684909861,0.017094017094017096,0.9992997198879552,0.9249190938511327,0.509367396593674,0.03333333333333333,0.9854014598540146,0.8143712574850299
ridge,0.6784790593553714,0.564625850340136,0.792332268370607,0.7727803738317757,0.6709042591395533,0.5042735042735043,0.8375350140056023,0.8122977346278317,0.5605839416058395,0.8,0.3211678832116789,0.40718562874251496
