,all,all,all,all,no revasc,no revasc,no revasc,no revasc,with revasc,with revasc,with revasc,with revasc
,Test AUC,Sensitivity,Specificity,Accuracy,Test AUC,Sensitivity,Specificity,Accuracy,Test AUC,Sensitivity,Specificity,Accuracy
lasso,0.7393382352941176,0.725,0.7536764705882353,0.7523364485981309,0.7362246476072644,0.6557377049180327,0.816711590296496,0.8103559870550162,0.5344950213371266,0.9473684210526315,0.1216216216216216,0.2155688622754491
linreg,0.7693014705882352,0.75,0.7886029411764706,0.7867990654205608,0.7658687198974858,0.7049180327868853,0.8268194070080863,0.8220064724919094,0.6500711237553343,0.8947368421052632,0.4054054054054054,0.46107784431137727
SVR10,0.6728553921568627,0.5375,0.8082107843137255,0.7955607476635514,0.677052494366135,0.5245901639344263,0.8295148247978437,0.8174757281553398,0.5867709815078236,0.5789473684210527,0.5945945945945945,0.592814371257485
ridge,0.7705269607843137,0.75,0.7910539215686274,0.7891355140186916,0.7672164287923645,0.7049180327868853,0.8295148247978437,0.8245954692556634,0.6500711237553343,0.8947368421052632,0.4054054054054054,0.46107784431137727
