,all,all,all,all,no revasc,no revasc,no revasc,no revasc,with revasc,with revasc,with revasc,with revasc
,Test AUC,Sensitivity,Specificity,Accuracy,Test AUC,Sensitivity,Specificity,Accuracy,Test AUC,Sensitivity,Specificity,Accuracy
lasso,0.6592056905749852,0.68,0.6384113811499703,0.639018691588785,0.6758169934640523,0.6666666666666666,0.6849673202614379,0.684789644012945,0.44235668789808913,0.0,1.0,0.9401197604790419
linreg,0.6891286307053942,0.76,0.6182572614107884,0.6203271028037384,0.7241830065359477,0.8,0.6483660130718953,0.6498381877022654,0.5124203821656051,0.7,0.32484076433121023,0.3473053892215569
SVR10,0.5730290456431535,0.2,0.946058091286307,0.9351635514018691,0.6052287581699346,0.26666666666666666,0.9437908496732026,0.9372168284789644,0.5340764331210192,0.1,0.9681528662420382,0.9161676646706587
ridge,0.6891286307053942,0.76,0.6182572614107884,0.6203271028037384,0.7241830065359477,0.8,0.6483660130718953,0.6498381877022654,0.5124203821656051,0.7,0.32484076433121023,0.3473053892215569
