,all,all,all,all,no revasc,no revasc,no revasc,no revasc,with revasc,with revasc,with revasc,with revasc
,Test AUC,Sensitivity,Specificity,Accuracy,Test AUC,Sensitivity,Specificity,Accuracy,Test AUC,Sensitivity,Specificity,Accuracy
lasso,0.6937170961485176,0.7222222222222222,0.6652119700748129,0.6688084112149533,0.6996553241419772,0.6785714285714286,0.7207392197125257,0.7184466019417476,0.48645104895104896,0.0,1.0,0.8562874251497006
linreg,0.7216565068809457,0.6203703703703703,0.8229426433915212,0.8101635514018691,0.7057054854796129,0.5476190476190477,0.863791923340178,0.8466019417475729,0.6402972027972028,0.875,0.4055944055944056,0.47305389221556887
SVR10,0.5718343031310612,0.2222222222222222,0.9214463840399002,0.8773364485981309,0.5771609465141293,0.2261904761904762,0.9281314168377823,0.889967637540453,0.5307400932400932,0.20833333333333334,0.8531468531468531,0.7604790419161677
ridge,0.7219220467350144,0.6296296296296297,0.814214463840399,0.802570093457944,0.7082355529480786,0.5595238095238095,0.8569472963723477,0.8407766990291262,0.6263111888111887,0.875,0.3776223776223776,0.4491017964071856
