,all,all,all,all,no revasc,no revasc,no revasc,no revasc,with revasc,with revasc,with revasc,with revasc
,Test AUC,Sensitivity,Specificity,Accuracy,Test AUC,Sensitivity,Specificity,Accuracy,Test AUC,Sensitivity,Specificity,Accuracy
lasso,0.7114003228410009,0.7333333333333333,0.6894673123486683,0.6910046728971962,0.7234098094381762,0.6956521739130435,0.7511674449633089,0.7495145631067961,0.4710550887021475,0.0,1.0,0.9161676646706587
linreg,0.7239709443099274,0.75,0.6979418886198547,0.6997663551401869,0.7332787075441598,0.717391304347826,0.7491661107404937,0.7482200647249191,0.5266106442577031,0.8571428571428571,0.196078431372549,0.25149700598802394
SVR10,0.4984866828087167,0.0,1.0,0.9649532710280374,0.4989993328885924,0.0,1.0,0.9702265372168285,0.4934640522875817,0.0,1.0,0.9161676646706587
ridge,0.7236682808716706,0.75,0.6973365617433414,0.6991822429906542,0.7329451518403574,0.717391304347826,0.7484989993328885,0.7475728155339806,0.5266106442577031,0.8571428571428571,0.196078431372549,0.25149700598802394
