,all,all,all,all,no revasc,no revasc,no revasc,no revasc,with revasc,with revasc,with revasc,with revasc
,Test AUC,Sensitivity,Specificity,Accuracy,Test AUC,Sensitivity,Specificity,Accuracy,Test AUC,Sensitivity,Specificity,Accuracy
lasso,0.707444352082756,0.6574074074074074,0.7574812967581047,0.7511682242990654,0.6953652097389263,0.5714285714285714,0.8193018480492813,0.8058252427184466,0.5421037296037295,0.9583333333333334,0.12587412587412583,0.24550898203592814
linreg,0.7147062898309781,0.6388888888888888,0.7905236907730673,0.7809579439252337,0.7057665982203971,0.5833333333333334,0.8281998631074606,0.8148867313915857,0.6194638694638696,0.8333333333333334,0.4055944055944056,0.46706586826347307
SVR10,0.645977648471414,0.48148148148148145,0.8104738154613467,0.7897196261682243,0.6416593331377726,0.4523809523809524,0.8309377138945928,0.8103559870550162,0.5923659673659675,0.5833333333333334,0.6013986013986015,0.5988023952095808
ridge,0.7159531726239956,0.6388888888888888,0.7930174563591023,0.7832943925233645,0.7071355236139631,0.5833333333333334,0.8309377138945928,0.8174757281553398,0.6194638694638696,0.8333333333333334,0.4055944055944056,0.46706586826347307
