,all,all,all,all,no revasc,no revasc,no revasc,no revasc,with revasc,with revasc,with revasc,with revasc
,Test AUC,Sensitivity,Specificity,Accuracy,Test AUC,Sensitivity,Specificity,Accuracy,Test AUC,Sensitivity,Specificity,Accuracy
lasso,0.7480978431742438,0.8157894736842105,0.6804062126642771,0.6834112149532711,0.7327315541601256,0.7307692307692307,0.7346938775510203,0.7346278317152104,0.5741935483870968,1.0,0.1483870967741936,0.20958083832335328
linreg,0.7088599635288939,0.631578947368421,0.7861409796893668,0.7827102803738317,0.7032080822403403,0.5769230769230769,0.8294930875576036,0.8252427184466019,0.5556451612903226,0.75,0.3612903225806452,0.38922155688622756
SVR10,0.5185813997358989,0.10526315789473684,0.931899641577061,0.9135514018691588,0.5277383906416165,0.11538461538461539,0.9400921658986175,0.9262135922330097,0.46747311827956983,0.0,1.0,0.9281437125748503
ridge,0.7118468213544614,0.631578947368421,0.7921146953405018,0.7885514018691588,0.7061705575530461,0.5769230769230769,0.8354180381830152,0.8310679611650486,0.5588709677419355,0.75,0.367741935483871,0.39520958083832336
