,all,all,all,all,no revasc,no revasc,no revasc,no revasc,with revasc,with revasc,with revasc,with revasc
,Test AUC,Sensitivity,Specificity,Accuracy,Test AUC,Sensitivity,Specificity,Accuracy,Test AUC,Sensitivity,Specificity,Accuracy
lasso,0.6061812009755454,0.391025641025641,0.8213367609254498,0.782126168224299,0.5976760563380282,0.32,0.8753521126760564,0.83042071197411,0.46738614800759004,0.0,1.0,0.8143712574850299
linreg,0.6206578340254433,0.3782051282051282,0.8631105398457584,0.8189252336448598,0.6109295774647887,0.312,0.9098591549295775,0.8614886731391586,0.5100806451612903,0.6451612903225806,0.375,0.4251497005988024
SVR10,0.5115351657768109,0.02564102564102564,0.9974293059125964,0.9088785046728972,0.510943661971831,0.024,0.997887323943662,0.919093851132686,0.5124525616698292,0.03225806451612903,0.9926470588235294,0.8143712574850299
ridge,0.6209791707863688,0.3782051282051282,0.8637532133676092,0.8195093457943925,0.6112816901408451,0.312,0.9105633802816901,0.8621359223300971,0.5100806451612903,0.6451612903225806,0.375,0.4251497005988024
