,all,all,all,all,no revasc,no revasc,no revasc,no revasc,with revasc,with revasc,with revasc,with revasc
,Test AUC,Sensitivity,Specificity,Accuracy,Test AUC,Sensitivity,Specificity,Accuracy,Test AUC,Sensitivity,Specificity,Accuracy
lasso,0.7469733656174335,0.75,0.7439467312348669,0.7441588785046729,0.7546262725875221,0.717391304347826,0.7918612408272181,0.7896440129449838,0.5658263305322129,0.8571428571428571,0.27450980392156865,0.32335329341317365
linreg,0.7699959644874899,0.7833333333333333,0.7566585956416465,0.7575934579439252,0.783370072802158,0.7608695652173914,0.8058705803869246,0.8045307443365696,0.5658263305322129,0.8571428571428571,0.27450980392156865,0.32335329341317365
SVR10,0.5,0.0,1.0,0.9649532710280374,0.5,0.0,1.0,0.9702265372168285,0.5,0.0,1.0,0.9161676646706587
ridge,0.7709241323648104,0.8166666666666667,0.725181598062954,0.7283878504672897,0.7894320851582215,0.8043478260869565,0.7745163442294863,0.7754045307443366,0.5494864612511672,0.8571428571428571,0.24183006535947715,0.2934131736526946
