,all,all,all,all,no revasc,no revasc,no revasc,no revasc,with revasc,with revasc,with revasc,with revasc
,Test AUC,Sensitivity,Specificity,Accuracy,Test AUC,Sensitivity,Specificity,Accuracy,Test AUC,Sensitivity,Specificity,Accuracy
lasso,0.7369887374036752,0.8,0.6739774748073504,0.6758177570093458,0.7669934640522876,0.8,0.7339869281045752,0.7346278317152104,0.4445859872611465,0.0,1.0,0.9401197604790419
linreg,0.7832128037937166,0.88,0.6864256075874333,0.6892523364485982,0.8,0.8666666666666667,0.7333333333333334,0.7346278317152104,0.5646496815286624,0.9,0.2292993630573248,0.2694610778443114
SVR10,0.5149614700652045,0.04,0.989922940130409,0.9760514018691588,0.5277777777777778,0.06666666666666667,0.9888888888888889,0.9799352750809062,0.5,0.0,1.0,0.9401197604790419
ridge,0.7879549496147006,0.88,0.6959098992294013,0.6985981308411215,0.8049019607843138,0.8666666666666667,0.7431372549019608,0.7443365695792881,0.5678343949044586,0.9,0.23566878980891715,0.2754491017964072
