,all,all,all,all,no revasc,no revasc,no revasc,no revasc,with revasc,with revasc,with revasc,with revasc
,Test AUC,Sensitivity,Specificity,Accuracy,Test AUC,Sensitivity,Specificity,Accuracy,Test AUC,Sensitivity,Specificity,Accuracy
lasso,0.6802246426140232,0.6923076923076923,0.668141592920354,0.6699766355140186,0.6820388349514565,0.6407766990291263,0.7233009708737864,0.7177993527508091,0.49444444444444435,0.0,1.0,0.8383233532934131
linreg,0.7137168141592921,0.6,0.8274336283185841,0.8101635514018691,0.6959084604715673,0.5242718446601942,0.8675450762829404,0.8446601941747572,0.6515873015873015,0.8888888888888888,0.41428571428571426,0.49101796407185627
SVR10,0.5649713118739667,0.2076923076923077,0.9222503160556258,0.8679906542056075,0.5714285714285714,0.21359223300970873,0.9292649098474342,0.8815533980582524,0.5175925925925925,0.18518518518518517,0.85,0.7425149700598802
ridge,0.713138189244384,0.6076923076923076,0.8185840707964602,0.802570093457944,0.6972954230235784,0.5339805825242718,0.8606102635228849,0.8388349514563107,0.6373015873015873,0.8888888888888888,0.3857142857142857,0.46706586826347307
