,all,all,all,all,no revasc,no revasc,no revasc,no revasc,with revasc,with revasc,with revasc,with revasc
,Test AUC,Sensitivity,Specificity,Accuracy,Test AUC,Sensitivity,Specificity,Accuracy,Test AUC,Sensitivity,Specificity,Accuracy
lasso,0.7463057284789034,0.8157894736842105,0.6768219832735962,0.6799065420560748,0.7910821896997011,0.8461538461538461,0.7360105332455562,0.7378640776699029,0.42338709677419356,0.0,1.0,0.9281437125748503
linreg,0.7666320819971073,0.8421052631578947,0.6911589008363201,0.6945093457943925,0.7960196485542108,0.8461538461538461,0.7458854509545754,0.7475728155339806,0.49408602150537634,0.0,1.0,0.9281437125748503
SVR10,0.5197447022574356,0.05263157894736842,0.986857825567503,0.9661214953271028,0.5149516382235277,0.038461538461538464,0.9914417379855168,0.9754045307443365,0.5126344086021505,0.08333333333333333,0.9419354838709677,0.8802395209580839
ridge,0.7654373388668805,0.8421052631578947,0.6887694145758663,0.6921728971962616,0.795032156783309,0.8461538461538461,0.7439104674127716,0.7456310679611651,0.49086021505376354,0.0,1.0,0.9281437125748503
