,all,all,all,all,no revasc,no revasc,no revasc,no revasc,with revasc,with revasc,with revasc,with revasc
,Test AUC,Sensitivity,Specificity,Accuracy,Test AUC,Sensitivity,Specificity,Accuracy,Test AUC,Sensitivity,Specificity,Accuracy
lasso,0.7695909899229403,0.8,0.7391819798458803,0.740070093457944,0.7683006535947713,0.7333333333333333,0.8032679738562092,0.8025889967637541,0.5073248407643312,0.9,0.1146496815286624,0.16167664670658682
linreg,0.8264848844101956,0.88,0.7729697688203913,0.7745327102803738,0.8395424836601307,0.8666666666666667,0.8124183006535948,0.8129449838187702,0.6442675159235669,0.9,0.3885350318471338,0.41916167664670656
SVR10,0.7801185536455246,0.76,0.8002371072910492,0.7996495327102804,0.777124183006536,0.7333333333333333,0.8209150326797385,0.8200647249190939,0.6993630573248408,0.8,0.5987261146496815,0.6107784431137725
ridge,0.8276704208654416,0.88,0.7753408417308832,0.7768691588785047,0.8408496732026144,0.8666666666666667,0.8150326797385621,0.8155339805825242,0.6442675159235669,0.9,0.3885350318471338,0.41916167664670656
