,all,all,all,all,no revasc,no revasc,no revasc,no revasc,with revasc,with revasc,with revasc,with revasc
,Test AUC,Sensitivity,Specificity,Accuracy,Test AUC,Sensitivity,Specificity,Accuracy,Test AUC,Sensitivity,Specificity,Accuracy
lasso,0.6905609386329181,0.7435897435897436,0.6375321336760926,0.647196261682243,0.6914366197183099,0.704,0.6788732394366197,0.6809061488673139,0.5545540796963947,0.9032258064516129,0.20588235294117652,0.33532934131736525
linreg,0.6892426339727111,0.7692307692307693,0.609254498714653,0.6238317757009346,0.6870140845070423,0.736,0.6380281690140845,0.6459546925566343,0.6060246679316887,0.9032258064516129,0.3088235294117647,0.41916167664670656
SVR10,0.5430673653681366,0.24358974358974358,0.8425449871465296,0.7879672897196262,0.5597183098591549,0.28,0.8394366197183099,0.7941747572815534,0.4858870967741935,0.0,1.0,0.8143712574850299
ridge,0.6892426339727111,0.7692307692307693,0.609254498714653,0.6238317757009346,0.6866619718309859,0.736,0.6373239436619718,0.6453074433656958,0.6097011385199241,0.9032258064516129,0.3161764705882353,0.4251497005988024
