,all,all,all,all,no revasc,no revasc,no revasc,no revasc,with revasc,with revasc,with revasc,with revasc
,Test AUC,Sensitivity,Specificity,Accuracy,Test AUC,Sensitivity,Specificity,Accuracy,Test AUC,Sensitivity,Specificity,Accuracy
lasso,0.710232843137255,0.6625,0.7579656862745098,0.7535046728971962,0.7116344836728381,0.6065573770491803,0.816711590296496,0.8084142394822007,0.5055120910384068,0.8421052631578947,0.16891891891891897,0.24550898203592814
linreg,0.707107843137255,0.6875,0.7267156862745099,0.7248831775700935,0.70612765675401,0.639344262295082,0.772911051212938,0.7676375404530744,0.5528093883357041,0.8421052631578947,0.2635135135135135,0.32934131736526945
SVR10,0.568811274509804,0.2375,0.9001225490196079,0.8691588785046729,0.5453526136715124,0.18032786885245902,0.910377358490566,0.8815533980582524,0.6091749644381222,0.42105263157894735,0.7972972972972973,0.7544910179640718
ridge,0.7115808823529413,0.7375,0.6856617647058824,0.6880841121495327,0.7098283328178162,0.6885245901639344,0.7311320754716981,0.7294498381877023,0.5622332859174964,0.8947368421052632,0.22972972972972971,0.30538922155688625
