,all,all,all,all,no revasc,no revasc,no revasc,no revasc,with revasc,with revasc,with revasc,with revasc
,Test AUC,Sensitivity,Specificity,Accuracy,Test AUC,Sensitivity,Specificity,Accuracy,Test AUC,Sensitivity,Specificity,Accuracy
lasso,0.69634940426711,0.6944444444444444,0.6982543640897756,0.6980140186915887,0.6946685244939865,0.6309523809523809,0.7583846680355921,0.7514563106796116,0.5002913752913752,0.9166666666666666,0.08391608391608396,0.20359281437125748
linreg,0.7071210861734553,0.7222222222222222,0.6920199501246882,0.6939252336448598,0.7032854209445585,0.6666666666666666,0.7399041752224504,0.7359223300970874,0.5597319347319347,0.9166666666666666,0.2027972027972028,0.30538922155688625
SVR10,0.5795003232659093,0.6851851851851852,0.47381546134663344,0.4871495327102804,0.5962281216387992,0.7023809523809523,0.49007529089664614,0.5016181229773463,0.46634615384615385,0.0,1.0,0.8562874251497006
ridge,0.7074328068717096,0.7222222222222222,0.692643391521197,0.6945093457943925,0.7036276522929501,0.6666666666666666,0.7405886379192335,0.7365695792880259,0.5597319347319347,0.9166666666666666,0.2027972027972028,0.30538922155688625
