,all,all,all,all,no revasc,no revasc,no revasc,no revasc,with revasc,with revasc,with revasc,with revasc
,Test AUC,Sensitivity,Specificity,Accuracy,Test AUC,Sensitivity,Specificity,Accuracy,Test AUC,Sensitivity,Specificity,Accuracy
lasso,0.7349713890460919,0.8421052631578947,0.6278375149342892,0.6325934579439252,0.7266167012710791,0.7692307692307693,0.6840026333113891,0.6854368932038835,0.5387096774193548,1.0,0.07741935483870965,0.1437125748502994
linreg,0.7406306986103252,0.8157894736842105,0.6654719235364397,0.6688084112149533,0.7218691446802046,0.7307692307692307,0.7129690585911784,0.7132686084142394,0.6,1.0,0.19999999999999996,0.25748502994011974
SVR10,0.4994026284348865,0.0,1.0,0.977803738317757,0.49967083607636603,0.0,1.0,0.9831715210355987,0.4967741935483871,0.0,1.0,0.9281437125748503
ridge,0.7397346412626549,0.8157894736842105,0.6636798088410991,0.6670560747663551,0.7212108168329368,0.7307692307692307,0.7116524028966426,0.7119741100323624,0.5967741935483871,1.0,0.19354838709677424,0.25149700598802394
