,all,all,all,all,no revasc,no revasc,no revasc,no revasc,with revasc,with revasc,with revasc,with revasc
,Test AUC,Sensitivity,Specificity,Accuracy,Test AUC,Sensitivity,Specificity,Accuracy,Test AUC,Sensitivity,Specificity,Accuracy
lasso,0.7469031000440169,0.8157894736842105,0.6780167264038232,0.6810747663551402,0.7728389122398339,0.8076923076923077,0.7379855167873601,0.7391585760517799,0.46182795698924733,0.0,1.0,0.9281437125748503
linreg,0.7794912909513928,0.868421052631579,0.6905615292712066,0.6945093457943925,0.7917405175469693,0.8461538461538461,0.7373271889400922,0.7391585760517799,0.5744623655913978,0.9166666666666666,0.23225806451612907,0.281437125748503
SVR10,0.5080802364333774,0.02631578947368421,0.9898446833930705,0.9684579439252337,0.5136349825289919,0.038461538461538464,0.9888084265964451,0.9728155339805825,0.5,0.0,1.0,0.9281437125748503
ridge,0.7842702634723008,0.868421052631579,0.7001194743130227,0.7038551401869159,0.7966779764014787,0.8461538461538461,0.7472021066491112,0.7488673139158576,0.5776881720430107,0.9166666666666666,0.2387096774193549,0.2874251497005988
