,all,all,all,all,no revasc,no revasc,no revasc,no revasc,with revasc,with revasc,with revasc,with revasc
,Test AUC,Sensitivity,Specificity,Accuracy,Test AUC,Sensitivity,Specificity,Accuracy,Test AUC,Sensitivity,Specificity,Accuracy
lasso,0.7466299019607844,0.75,0.7432598039215687,0.7435747663551402,0.7359981883257479,0.6721311475409836,0.7998652291105122,0.7948220064724919,0.5878378378378378,1.0,0.17567567567567566,0.2694610778443114
linreg,0.7664828431372548,0.775,0.7579656862745098,0.7587616822429907,0.7513808492775398,0.7049180327868853,0.7978436657681941,0.7941747572815534,0.6790540540540541,1.0,0.3581081081081081,0.4311377245508982
SVR10,0.6283700980392157,0.625,0.6317401960784313,0.6314252336448598,0.6346990853254387,0.639344262295082,0.6300539083557952,0.63042071197411,0.6137980085348507,0.5789473684210527,0.6486486486486487,0.6407185628742516
ridge,0.7667892156862745,0.775,0.758578431372549,0.7593457943925234,0.7513808492775398,0.7049180327868853,0.7978436657681941,0.7941747572815534,0.6824324324324325,1.0,0.3648648648648649,0.437125748502994
