,all,all,all,all,no revasc,no revasc,no revasc,no revasc,with revasc,with revasc,with revasc,with revasc
,Test AUC,Sensitivity,Specificity,Accuracy,Test AUC,Sensitivity,Specificity,Accuracy,Test AUC,Sensitivity,Specificity,Accuracy
lasso,0.7112033195020747,0.8,0.6224066390041494,0.625,0.6735294117647058,0.6666666666666666,0.6803921568627451,0.6802588996763754,0.5286624203821656,1.0,0.0573248407643312,0.11377245508982035
linreg,0.7960995850622407,0.92,0.6721991701244814,0.6758177570093458,0.7960784313725491,0.8666666666666667,0.7254901960784313,0.7268608414239482,0.5764331210191083,1.0,0.15286624203821653,0.20359281437125748
SVR10,0.5340723177237701,0.08,0.98814463544754,0.9748831775700935,0.5611111111111111,0.13333333333333333,0.9888888888888889,0.9805825242718447,0.49044585987261147,0.0,1.0,0.9401197604790419
ridge,0.7993598103141673,0.92,0.6787196206283344,0.6822429906542056,0.7990196078431373,0.8666666666666667,0.7313725490196079,0.7326860841423948,0.5828025477707006,1.0,0.16560509554140124,0.2155688622754491
