,all,all,all,all,no revasc,no revasc,no revasc,no revasc,with revasc,with revasc,with revasc,with revasc
,Test AUC,Sensitivity,Specificity,Accuracy,Test AUC,Sensitivity,Specificity,Accuracy,Test AUC,Sensitivity,Specificity,Accuracy
lasso,0.6138011452849358,0.37037037037037035,0.8572319201995012,0.826518691588785,0.5871467683582673,0.2619047619047619,0.9123887748117727,0.8770226537216829,0.5218531468531469,0.75,0.29370629370629375,0.3592814371257485
linreg,0.6292948185092823,0.3888888888888889,0.8697007481296758,0.8393691588785047,0.6073995306541508,0.2976190476190476,0.917180013689254,0.883495145631068,0.546474358974359,0.7083333333333334,0.3846153846153846,0.4311377245508982
SVR10,0.4956820910686247,0.0,1.0,0.9369158878504673,0.5,0.0,1.0,0.945631067961165,0.4826631701631702,0.0,1.0,0.8562874251497006
ridge,0.6296065392075367,0.3888888888888889,0.8703241895261845,0.8399532710280374,0.6077417620025424,0.2976190476190476,0.917864476386037,0.8841423948220065,0.546474358974359,0.7083333333333334,0.3846153846153846,0.4311377245508982
