,all,all,all,all,no revasc,no revasc,no revasc,no revasc,with revasc,with revasc,with revasc,with revasc
,Test AUC,Sensitivity,Specificity,Accuracy,Test AUC,Sensitivity,Specificity,Accuracy,Test AUC,Sensitivity,Specificity,Accuracy
lasso,0.7144607843137255,0.875,0.553921568627451,0.5689252336448598,0.7212672882329548,0.8360655737704918,0.6064690026954178,0.6155339805825243,0.5135135135135135,1.0,0.027027027027026973,0.1377245508982036
linreg,0.7459558823529412,0.775,0.7169117647058824,0.719626168224299,0.7467743360876673,0.7213114754098361,0.7722371967654986,0.7702265372168284,0.5547652916073968,0.9473684210526315,0.16216216216216217,0.25149700598802394
SVR10,0.5871936274509804,0.2375,0.9368872549019608,0.9042056074766355,0.5741018956298882,0.19672131147540983,0.9514824797843666,0.9216828478964402,0.5794807965860598,0.3684210526315789,0.7905405405405406,0.7425149700598802
ridge,0.7465686274509804,0.775,0.7181372549019608,0.7207943925233645,0.7474481905351068,0.7213114754098361,0.7735849056603774,0.7715210355987056,0.5547652916073968,0.9473684210526315,0.16216216216216217,0.25149700598802394
