,all,all,all,all,no revasc,no revasc,no revasc,no revasc,with revasc,with revasc,with revasc,with revasc
,Test AUC,Sensitivity,Specificity,Accuracy,Test AUC,Sensitivity,Specificity,Accuracy,Test AUC,Sensitivity,Specificity,Accuracy
lasso,0.7133264122338672,0.782051282051282,0.6446015424164524,0.657126168224299,0.7155352112676058,0.736,0.6950704225352113,0.6983818770226538,0.5426944971537002,0.967741935483871,0.11764705882352944,0.2754491017964072
linreg,0.7314036648869554,0.717948717948718,0.7448586118251928,0.7424065420560748,0.7141408450704225,0.648,0.780281690140845,0.7695792880258899,0.6875,1.0,0.375,0.49101796407185627
SVR10,0.5707023268077253,0.24358974358974358,0.8978149100257069,0.8382009345794392,0.5742253521126761,0.24,0.9084507042253521,0.8543689320388349,0.5224146110056925,0.25806451612903225,0.7867647058823529,0.688622754491018
ridge,0.7335953463845495,0.7628205128205128,0.7043701799485862,0.709696261682243,0.7227746478873239,0.704,0.7415492957746479,0.7385113268608414,0.6580882352941176,1.0,0.3161764705882353,0.4431137724550898
