,all,all,all,all,no revasc,no revasc,no revasc,no revasc,with revasc,with revasc,with revasc,with revasc
,Test AUC,Sensitivity,Specificity,Accuracy,Test AUC,Sensitivity,Specificity,Accuracy,Test AUC,Sensitivity,Specificity,Accuracy
lasso,0.6967178838860256,0.7461538461538462,0.6472819216182049,0.6547897196261683,0.6907073509015257,0.6796116504854369,0.7018030513176144,0.7003236245954693,0.5428571428571429,1.0,0.08571428571428574,0.23353293413173654
linreg,0.7252698628804823,0.7615384615384615,0.6890012642225032,0.6945093457943925,0.7167128987517337,0.6990291262135923,0.7343966712898752,0.7320388349514563,0.6107142857142858,1.0,0.22142857142857142,0.3473053892215569
SVR10,0.5035300982203638,0.007692307692307693,0.9993678887484198,0.9240654205607477,0.4996532593619972,0.0,1.0,0.9333333333333333,0.5185185185185185,0.037037037037037035,1.0,0.844311377245509
ridge,0.7243216960031119,0.7615384615384615,0.6871049304677623,0.6927570093457944,0.7160194174757282,0.6990291262135923,0.7330097087378641,0.7307443365695793,0.6071428571428572,1.0,0.2142857142857143,0.3413173652694611
