,all,all,all,all,no revasc,no revasc,no revasc,no revasc,with revasc,with revasc,with revasc,with revasc
,Test AUC,Sensitivity,Specificity,Accuracy,Test AUC,Sensitivity,Specificity,Accuracy,Test AUC,Sensitivity,Specificity,Accuracy
lasso,0.6877760200382308,0.6602564102564102,0.7152956298200515,0.7102803738317757,0.6833239436619718,0.592,0.7746478873239436,0.7598705501618123,0.5155360531309298,0.9354838709677419,0.09558823529411764,0.25149700598802394
linreg,0.6896958011996572,0.6666666666666666,0.7127249357326478,0.7085280373831776,0.6859154929577466,0.6,0.7718309859154929,0.7579288025889968,0.5155360531309298,0.9354838709677419,0.09558823529411764,0.25149700598802394
SVR10,0.6791411245138751,0.6282051282051282,0.7300771208226221,0.7207943925233645,0.6740140845070423,0.56,0.7880281690140845,0.7695792880258899,0.5141129032258065,0.9032258064516129,0.125,0.2694610778443114
ridge,0.6896958011996572,0.6666666666666666,0.7127249357326478,0.7085280373831776,0.6859154929577466,0.6,0.7718309859154929,0.7579288025889968,0.5155360531309298,0.9354838709677419,0.09558823529411764,0.25149700598802394
