,all,all,all,all,no revasc,no revasc,no revasc,no revasc,with revasc,with revasc,with revasc,with revasc
,Test AUC,Sensitivity,Specificity,Accuracy,Test AUC,Sensitivity,Specificity,Accuracy,Test AUC,Sensitivity,Specificity,Accuracy
lasso,0.730575980392157,0.8,0.6611519607843137,0.6676401869158879,0.7420518315584816,0.7704918032786885,0.7136118598382749,0.7158576051779936,0.5149359886201991,0.8947368421052632,0.1351351351351351,0.2215568862275449
linreg,0.7154411764705881,0.85,0.5808823529411764,0.5934579439252337,0.7102646811895188,0.8032786885245902,0.6172506738544474,0.6245954692556634,0.6081081081081081,1.0,0.21621621621621623,0.30538922155688625
SVR10,0.553125,0.1375,0.96875,0.9299065420560748,0.5428891785603817,0.11475409836065574,0.9710242587601078,0.9372168284789644,0.5782361308677099,0.21052631578947367,0.9459459459459459,0.8622754491017964
ridge,0.7154411764705881,0.85,0.5808823529411764,0.5934579439252337,0.7102646811895188,0.8032786885245902,0.6172506738544474,0.6245954692556634,0.6081081081081081,1.0,0.21621621621621623,0.30538922155688625
