,all,all,all,all,no revasc,no revasc,no revasc,no revasc,with revasc,with revasc,with revasc,with revasc
,Test AUC,Sensitivity,Specificity,Accuracy,Test AUC,Sensitivity,Specificity,Accuracy,Test AUC,Sensitivity,Specificity,Accuracy
lasso,0.6527618399299815,0.5153846153846153,0.7901390644753477,0.7692757009345794,0.6511789181692095,0.4563106796116505,0.8460471567267684,0.8200647249190939,0.4775132275132275,0.0,1.0,0.8383233532934131
linreg,0.6800155596615776,0.7076923076923077,0.6523388116308471,0.6565420560747663,0.6705963938973648,0.6504854368932039,0.6907073509015257,0.6880258899676376,0.5915343915343916,0.9259259259259259,0.2571428571428571,0.3652694610778443
SVR10,0.49546824856559374,0.0,1.0,0.9240654205607477,0.49271844660194175,0.0,1.0,0.9333333333333333,0.5107142857142857,1.0,0.021428571428571463,0.17964071856287425
ridge,0.6704706797627151,0.6076923076923076,0.7332490518331226,0.7237149532710281,0.6699029126213591,0.5631067961165048,0.7766990291262136,0.7624595469255664,0.5317460317460317,0.7777777777777778,0.2857142857142857,0.3652694610778443
