,all,all,all,all,no revasc,no revasc,no revasc,no revasc,with revasc,with revasc,with revasc,with revasc
,Test AUC,Sensitivity,Specificity,Accuracy,Test AUC,Sensitivity,Specificity,Accuracy,Test AUC,Sensitivity,Specificity,Accuracy
lasso,0.7701956135151156,0.72,0.8203912270302312,0.8189252336448598,0.7382352941176471,0.6,0.8764705882352941,0.8737864077669902,0.5869426751592357,0.9,0.2738853503184714,0.31137724550898205
linreg,0.8095909899229402,0.88,0.7391819798458803,0.7412383177570093,0.8281045751633986,0.8666666666666667,0.7895424836601307,0.7902912621359224,0.574203821656051,0.9,0.24840764331210186,0.2874251497005988
SVR10,0.5349614700652046,0.08,0.989922940130409,0.9766355140186916,0.5624183006535948,0.13333333333333333,0.9915032679738562,0.9831715210355987,0.4872611464968153,0.0,1.0,0.9401197604790419
ridge,0.8048488441019561,0.88,0.7296976882039123,0.731892523364486,0.8232026143790849,0.8666666666666667,0.7797385620915033,0.7805825242718447,0.5710191082802547,0.9,0.2420382165605095,0.281437125748503
