,all,all,all,all,no revasc,no revasc,no revasc,no revasc,with revasc,with revasc,with revasc,with revasc
,Test AUC,Sensitivity,Specificity,Accuracy,Test AUC,Sensitivity,Specificity,Accuracy,Test AUC,Sensitivity,Specificity,Accuracy
lasso,0.7266152934202728,0.8,0.6532305868405454,0.655373831775701,0.688562091503268,0.6666666666666666,0.7104575163398692,0.7100323624595469,0.5477707006369427,1.0,0.09554140127388533,0.1497005988023952
linreg,0.7830705394190871,0.84,0.7261410788381742,0.727803738317757,0.75,0.7333333333333333,0.7666666666666666,0.7663430420711974,0.6656050955414012,1.0,0.3312101910828026,0.3712574850299401
SVR10,0.585749851807943,0.36,0.8114997036158862,0.8049065420560748,0.5738562091503268,0.3333333333333333,0.8143790849673203,0.8097087378640777,0.5917197452229299,0.4,0.7834394904458599,0.7604790419161677
ridge,0.7910729104919976,0.84,0.7421458209839953,0.7435747663551402,0.7581699346405228,0.7333333333333333,0.7830065359477124,0.7825242718446602,0.6719745222929936,1.0,0.3439490445859873,0.38323353293413176
