,all,all,all,all,no revasc,no revasc,no revasc,no revasc,with revasc,with revasc,with revasc,with revasc
,Test AUC,Sensitivity,Specificity,Accuracy,Test AUC,Sensitivity,Specificity,Accuracy,Test AUC,Sensitivity,Specificity,Accuracy
lasso,0.6972115363717373,0.6870748299319728,0.7073482428115017,0.705607476635514,0.6953691733103498,0.6239316239316239,0.7668067226890756,0.7559870550161812,0.5104622871046228,0.9333333333333333,0.08759124087591241,0.23952095808383234
linreg,0.6962530699180631,0.6870748299319728,0.7054313099041534,0.7038551401869159,0.6943187531422825,0.6239316239316239,0.7647058823529411,0.7540453074433657,0.5104622871046228,0.9333333333333333,0.08759124087591241,0.23952095808383234
SVR10,0.49723761709156505,0.0,1.0,0.9141355140186916,0.49572649572649574,0.0,1.0,0.9242718446601942,0.5072992700729927,1.0,0.014598540145985384,0.19161676646706588
ridge,0.6962530699180631,0.6870748299319728,0.7054313099041534,0.7038551401869159,0.6943187531422825,0.6239316239316239,0.7647058823529411,0.7540453074433657,0.5104622871046228,0.9333333333333333,0.08759124087591241,0.23952095808383234
