,all,all,all,all,no revasc,no revasc,no revasc,no revasc,with revasc,with revasc,with revasc,with revasc
,Test AUC,Sensitivity,Specificity,Accuracy,Test AUC,Sensitivity,Specificity,Accuracy,Test AUC,Sensitivity,Specificity,Accuracy
lasso,0.6878724652800416,0.6530612244897959,0.7226837060702875,0.7167056074766355,0.6785534726711198,0.5811965811965812,0.7759103641456583,0.7611650485436893,0.5506082725060828,0.9333333333333333,0.16788321167883213,0.30538922155688625
linreg,0.7157027667296951,0.7278911564625851,0.7035143769968051,0.705607476635514,0.7104341736694677,0.6666666666666666,0.7542016806722689,0.7475728155339806,0.5709245742092457,0.9666666666666667,0.17518248175182483,0.31736526946107785
SVR10,0.4969181282736737,0.0,1.0,0.9141355140186916,0.5003501400560224,1.0,0.0007002801120448154,0.07637540453074433,0.48333333333333334,0.0,1.0,0.8203592814371258
ridge,0.7120558127404316,0.7551020408163265,0.6690095846645367,0.6764018691588785,0.7149949723479135,0.7094017094017094,0.7205882352941176,0.7197411003236246,0.532360097323601,0.9333333333333333,0.13138686131386856,0.2754491017964072
