,all,all,all,all,no revasc,no revasc,no revasc,no revasc,with revasc,with revasc,with revasc,with revasc
,Test AUC,Sensitivity,Specificity,Accuracy,Test AUC,Sensitivity,Specificity,Accuracy,Test AUC,Sensitivity,Specificity,Accuracy
lasso,0.6906515720783073,0.6730769230769231,0.7082262210796915,0.7050233644859814,0.6878028169014084,0.608,0.7676056338028169,0.7546925566343042,0.5118595825426945,0.9354838709677419,0.08823529411764708,0.24550898203592814
linreg,0.6849004679981543,0.6474358974358975,0.7223650385604112,0.7155373831775701,0.6808591549295775,0.592,0.7697183098591549,0.7553398058252427,0.549454459203036,0.8709677419354839,0.2279411764705882,0.3473053892215569
SVR10,0.5144189572210137,0.03205128205128205,0.9967866323907455,0.9088785046728972,0.5152957746478873,0.032,0.9985915492957746,0.920388349514563,0.5050996204933587,0.03225806451612903,0.9779411764705882,0.8023952095808383
ridge,0.6849004679981543,0.6474358974358975,0.7223650385604112,0.7155373831775701,0.6808591549295775,0.592,0.7697183098591549,0.7553398058252427,0.549454459203036,0.8709677419354839,0.2279411764705882,0.3473053892215569
