,all,all,all,all,no revasc,no revasc,no revasc,no revasc,with revasc,with revasc,with revasc,with revasc
,Test AUC,Sensitivity,Specificity,Accuracy,Test AUC,Sensitivity,Specificity,Accuracy,Test AUC,Sensitivity,Specificity,Accuracy
lasso,0.7153645524599881,0.72,0.7107291049199762,0.7108644859813084,0.7199346405228758,0.6666666666666666,0.773202614379085,0.772168284789644,0.45095541401273886,0.0,1.0,0.9401197604790419
linreg,0.7550681683461766,0.8,0.7101363366923532,0.7114485981308412,0.773202614379085,0.8,0.74640522875817,0.7469255663430421,0.5783439490445861,0.8,0.356687898089172,0.38323353293413176
SVR10,0.6197036158861885,0.24,0.999407231772377,0.9883177570093458,0.6330065359477124,0.26666666666666666,0.9993464052287582,0.9922330097087378,0.6,0.2,1.0,0.9520958083832335
ridge,0.7550681683461766,0.8,0.7101363366923532,0.7114485981308412,0.773202614379085,0.8,0.74640522875817,0.7469255663430421,0.5783439490445861,0.8,0.356687898089172,0.38323353293413176
