,all,all,all,all,no revasc,no revasc,no revasc,no revasc,with revasc,with revasc,with revasc,with revasc
,Test AUC,Sensitivity,Specificity,Accuracy,Test AUC,Sensitivity,Specificity,Accuracy,Test AUC,Sensitivity,Specificity,Accuracy
lasso,0.6853836429057667,0.6615384615384615,0.709228824273072,0.705607476635514,0.6806518723994451,0.5922330097087378,0.7690707350901526,0.7572815533980582,0.5093915343915344,0.9259259259259259,0.09285714285714286,0.2275449101796407
linreg,0.6700476514635807,0.5923076923076923,0.747787610619469,0.735981308411215,0.6622746185852982,0.5242718446601942,0.8002773925104022,0.7818770226537217,0.5294973544973545,0.8518518518518519,0.20714285714285718,0.31137724550898205
SVR10,0.5136487406398911,0.05384615384615385,0.9734513274336283,0.9036214953271028,0.5204576976421637,0.06796116504854369,0.9729542302357836,0.912621359223301,0.48928571428571427,0.0,1.0,0.8383233532934131
ridge,0.66846737333463,0.5923076923076923,0.7446270543615676,0.7330607476635514,0.6608876560332871,0.5242718446601942,0.79750346740638,0.7792880258899676,0.5259259259259259,0.8518518518518519,0.19999999999999996,0.30538922155688625
