,all,all,all,all,no revasc,no revasc,no revasc,no revasc,with revasc,with revasc,with revasc,with revasc
,Test AUC,Sensitivity,Specificity,Accuracy,Test AUC,Sensitivity,Specificity,Accuracy,Test AUC,Sensitivity,Specificity,Accuracy
lasso,0.691703000421064,0.7938144329896907,0.5895915678524375,0.6127336448598131,0.6920785990932287,0.7515923566878981,0.6325648414985591,0.6446601941747573,0.5518711018711019,0.972972972972973,0.13076923076923075,0.31736526946107785
linreg,0.7089971883786317,0.6907216494845361,0.7272727272727273,0.7231308411214953,0.7010361790781768,0.6369426751592356,0.7651296829971181,0.7521035598705501,0.620997920997921,0.918918918918919,0.32307692307692304,0.4550898203592814
SVR10,0.5691869388642137,0.4690721649484536,0.6693017127799736,0.6466121495327103,0.5704950531397419,0.45222929936305734,0.6887608069164265,0.6647249190938511,0.501039501039501,0.5405405405405406,0.46153846153846156,0.47904191616766467
ridge,0.7092111160914389,0.7010309278350515,0.7173913043478262,0.7155373831775701,0.7027226087116136,0.6496815286624203,0.7557636887608069,0.7449838187702266,0.6133056133056134,0.918918918918919,0.3076923076923077,0.4431137724550898
