,all,all,all,all,no revasc,no revasc,no revasc,no revasc,with revasc,with revasc,with revasc,with revasc
,Test AUC,Sensitivity,Specificity,Accuracy,Test AUC,Sensitivity,Specificity,Accuracy,Test AUC,Sensitivity,Specificity,Accuracy
lasso,0.6060181261002804,0.3877551020408163,0.8242811501597445,0.7867990654205608,0.5929217840982547,0.3076923076923077,0.8781512605042017,0.8349514563106796,0.48138686131386854,0.0,1.0,0.8203592814371258
linreg,0.6098911129947187,0.3469387755102041,0.8728434504792333,0.8276869158878505,0.5922125260360555,0.26495726495726496,0.9194677871148459,0.8699029126213592,0.5267639902676399,0.6666666666666666,0.3868613138686131,0.437125748502994
SVR10,0.5193171198191737,0.06802721088435375,0.9706070287539936,0.893107476635514,0.5276071967248437,0.07692307692307693,0.9782913165266106,0.9100323624595469,0.4619221411192215,0.0,1.0,0.8203592814371258
ridge,0.6098911129947187,0.3469387755102041,0.8728434504792333,0.8276869158878505,0.5922125260360555,0.26495726495726496,0.9194677871148459,0.8699029126213592,0.5267639902676399,0.6666666666666666,0.3868613138686131,0.437125748502994
