,all,all,all,all,no revasc,no revasc,no revasc,no revasc,with revasc,with revasc,with revasc,with revasc
,Test AUC,Sensitivity,Specificity,Accuracy,Test AUC,Sensitivity,Specificity,Accuracy,Test AUC,Sensitivity,Specificity,Accuracy
lasso,0.6631725140241501,0.6649484536082474,0.6613965744400527,0.6617990654205608,0.6541327851098588,0.6050955414012739,0.7031700288184438,0.6932038834951456,0.5671517671517672,0.918918918918919,0.2153846153846154,0.3712574850299401
linreg,0.6818793040218409,0.788659793814433,0.575098814229249,0.5992990654205608,0.6801336294719066,0.7579617834394905,0.6023054755043228,0.6181229773462783,0.6017671517671518,0.918918918918919,0.2846153846153846,0.4251497005988024
SVR10,0.5496719775070291,0.4175257731958763,0.6818181818181819,0.6518691588785047,0.5593279061656785,0.45222929936305734,0.6664265129682997,0.6446601941747573,0.5582120582120582,0.2702702702702703,0.8461538461538461,0.718562874251497
ridge,0.6815499232576776,0.788659793814433,0.5744400527009222,0.5987149532710281,0.6801336294719066,0.7579617834394905,0.6023054755043228,0.6181229773462783,0.597920997920998,0.918918918918919,0.27692307692307694,0.41916167664670656
