,all,all,all,all,no revasc,no revasc,no revasc,no revasc,with revasc,with revasc,with revasc,with revasc
,Test AUC,Sensitivity,Specificity,Accuracy,Test AUC,Sensitivity,Specificity,Accuracy,Test AUC,Sensitivity,Specificity,Accuracy
lasso,0.6762322915393286,0.6752577319587629,0.6772068511198945,0.6769859813084113,0.667878907468933,0.5987261146496815,0.7370317002881844,0.7229773462783171,0.5192307692307692,1.0,0.038461538461538436,0.25149700598802394
linreg,0.6807689173220326,0.711340206185567,0.650197628458498,0.657126168224299,0.6736012959121864,0.643312101910828,0.7038904899135447,0.6977346278317152,0.5384615384615384,1.0,0.07692307692307687,0.281437125748503
SVR10,0.5156201187129023,0.04639175257731959,0.9848484848484849,0.8785046728971962,0.5073353952899282,0.025477707006369428,0.989193083573487,0.8912621359223301,0.5367983367983368,0.13513513513513514,0.9384615384615385,0.7604790419161677
ridge,0.6793189628241174,0.7525773195876289,0.6060606060606061,0.6226635514018691,0.6745833256851264,0.6942675159235668,0.6548991354466859,0.6588996763754046,0.5423076923076924,1.0,0.08461538461538465,0.2874251497005988
