,all,all,all,all,no revasc,no revasc,no revasc,no revasc,with revasc,with revasc,with revasc,with revasc
,Test AUC,Sensitivity,Specificity,Accuracy,Test AUC,Sensitivity,Specificity,Accuracy,Test AUC,Sensitivity,Specificity,Accuracy
lasso,0.7153645524599881,0.72,0.7107291049199762,0.7108644859813084,0.7199346405228758,0.6666666666666666,0.773202614379085,0.772168284789644,0.45095541401273886,0.0,1.0,0.9401197604790419
linreg,0.7248488441019562,0.72,0.7296976882039123,0.7295560747663551,0.7565359477124184,0.7333333333333333,0.7797385620915033,0.7792880258899676,0.47101910828025473,0.0,1.0,0.9401197604790419
SVR10,0.594641375222288,0.36,0.8292827504445761,0.822429906542056,0.6464052287581699,0.4666666666666667,0.8261437908496732,0.8226537216828479,0.5299363057324841,0.2,0.8598726114649682,0.8203592814371258
ridge,0.7248488441019562,0.72,0.7296976882039123,0.7295560747663551,0.7565359477124184,0.7333333333333333,0.7797385620915033,0.7792880258899676,0.47101910828025473,0.0,1.0,0.9401197604790419
