,all,all,all,all,no revasc,no revasc,no revasc,no revasc,with revasc,with revasc,with revasc,with revasc
,Test AUC,Sensitivity,Specificity,Accuracy,Test AUC,Sensitivity,Specificity,Accuracy,Test AUC,Sensitivity,Specificity,Accuracy
lasso,0.7384803921568628,0.825,0.6519607843137255,0.6600467289719626,0.739693340992444,0.7704918032786885,0.7088948787061995,0.7113268608414239,0.5405405405405406,1.0,0.08108108108108103,0.18562874251497005
linreg,0.7639093137254903,0.7,0.8278186274509804,0.8218457943925234,0.7608203349388007,0.6557377049180327,0.8659029649595688,0.8576051779935275,0.6440256045519204,0.8421052631578947,0.44594594594594594,0.49101796407185627
SVR10,0.5026348039215687,0.05,0.9552696078431373,0.9129672897196262,0.5003314038266096,0.04918032786885246,0.9514824797843666,0.9158576051779935,0.5229374110953058,0.05263157894736842,0.9932432432432432,0.8862275449101796
ridge,0.7672181372549021,0.725,0.8094362745098039,0.8054906542056075,0.7691275241924792,0.6885245901639344,0.8497304582210242,0.8433656957928802,0.62375533428165,0.8421052631578947,0.4054054054054054,0.4550898203592814
