,all,all,all,all,no revasc,no revasc,no revasc,no revasc,with revasc,with revasc,with revasc,with revasc
,Test AUC,Sensitivity,Specificity,Accuracy,Test AUC,Sensitivity,Specificity,Accuracy,Test AUC,Sensitivity,Specificity,Accuracy
lasso,0.7299019607843136,0.8875,0.5723039215686274,0.5870327102803738,0.7392348990323008,0.8524590163934426,0.6260107816711591,0.6349514563106796,0.5168918918918919,1.0,0.03378378378378377,0.1437125748502994
linreg,0.7354166666666666,0.8875,0.5833333333333333,0.5975467289719626,0.7450731297777384,0.8688524590163934,0.6212938005390836,0.6310679611650486,0.5750355618776671,0.9473684210526315,0.20270270270270274,0.2874251497005988
SVR10,0.5378676470588236,0.1125,0.9632352941176471,0.923481308411215,0.5463689187397817,0.13114754098360656,0.9615902964959568,0.9288025889967637,0.5161806543385491,0.05263157894736842,0.9797297297297297,0.874251497005988
ridge,0.7354166666666666,0.8875,0.5833333333333333,0.5975467289719626,0.7450731297777384,0.8688524590163934,0.6212938005390836,0.6310679611650486,0.5750355618776671,0.9473684210526315,0.20270270270270274,0.2874251497005988
