,all,all,all,all,no revasc,no revasc,no revasc,no revasc,with revasc,with revasc,with revasc,with revasc
,Test AUC,Sensitivity,Specificity,Accuracy,Test AUC,Sensitivity,Specificity,Accuracy,Test AUC,Sensitivity,Specificity,Accuracy
lasso,0.6923983257530815,0.8141025641025641,0.570694087403599,0.592873831775701,0.6945633802816902,0.768,0.6211267605633803,0.6330097087378641,0.5220588235294117,1.0,0.044117647058823484,0.2215568862275449
linreg,0.6932057873574583,0.6858974358974359,0.7005141388174807,0.6991822429906542,0.6832535211267606,0.632,0.7345070422535211,0.7262135922330097,0.6244070208728653,0.9032258064516129,0.34558823529411764,0.4491017964071856
SVR10,0.5099037637598048,0.04487179487179487,0.9749357326478149,0.8901869158878505,0.5102676056338029,0.048,0.9725352112676057,0.8977346278317152,0.5161290322580645,0.03225806451612903,1.0,0.8203592814371258
ridge,0.6932057873574583,0.6858974358974359,0.7005141388174807,0.6991822429906542,0.6832535211267606,0.632,0.7345070422535211,0.7262135922330097,0.6244070208728653,0.9032258064516129,0.34558823529411764,0.4491017964071856
