,all,all,all,all,no revasc,no revasc,no revasc,no revasc,with revasc,with revasc,with revasc,with revasc
,Test AUC,Sensitivity,Specificity,Accuracy,Test AUC,Sensitivity,Specificity,Accuracy,Test AUC,Sensitivity,Specificity,Accuracy
lasso,0.681144361318925,0.8055555555555556,0.5567331670822943,0.572429906542056,0.6792436687200547,0.75,0.6084873374401095,0.6161812297734628,0.513986013986014,1.0,0.027972027972028024,0.16766467065868262
linreg,0.7110002770850651,0.6944444444444444,0.7275561097256857,0.7254672897196262,0.7004864574166423,0.6309523809523809,0.7700205338809035,0.7624595469255664,0.6051864801864801,0.9166666666666666,0.29370629370629375,0.38323353293413176
SVR10,0.5332963886579847,0.07407407407407407,0.9925187032418953,0.9345794392523364,0.5333186662755451,0.07142857142857142,0.9952087611225188,0.9449838187702265,0.5241841491841491,0.08333333333333333,0.965034965034965,0.8383233532934131
ridge,0.7122471598780826,0.6944444444444444,0.7300498753117207,0.727803738317757,0.7021976141585998,0.6309523809523809,0.7734428473648186,0.7656957928802589,0.6016899766899766,0.9166666666666666,0.28671328671328666,0.3772455089820359
