,all,all,all,all,no revasc,no revasc,no revasc,no revasc,with revasc,with revasc,with revasc,with revasc
,Test AUC,Sensitivity,Specificity,Accuracy,Test AUC,Sensitivity,Specificity,Accuracy,Test AUC,Sensitivity,Specificity,Accuracy
lasso,0.7066245028362783,0.7551020408163265,0.65814696485623,0.6664719626168224,0.7008457229045464,0.6923076923076923,0.7093837535014005,0.7080906148867314,0.5620437956204379,1.0,0.12408759124087587,0.281437125748503
linreg,0.7356979852643932,0.7551020408163265,0.7162939297124601,0.719626168224299,0.7257056668821374,0.6923076923076923,0.7591036414565826,0.7540453074433657,0.635036496350365,1.0,0.27007299270072993,0.40119760479041916
SVR10,0.49851557236313054,0.0,1.0,0.9141355140186916,0.4971270559505854,0.0,1.0,0.9242718446601942,0.5072992700729927,1.0,0.014598540145985384,0.19161676646706588
ridge,0.7346308491447697,0.6462585034013606,0.8230031948881789,0.8078271028037384,0.7216206995618761,0.5811965811965812,0.8620448179271709,0.8407766990291262,0.6580291970802921,0.9,0.416058394160584,0.5029940119760479
