,all,all,all,all,no revasc,no revasc,no revasc,no revasc,with revasc,with revasc,with revasc,with revasc
,Test AUC,Sensitivity,Specificity,Accuracy,Test AUC,Sensitivity,Specificity,Accuracy,Test AUC,Sensitivity,Specificity,Accuracy
lasso,0.6730039871632791,0.6538461538461539,0.6921618204804045,0.6892523364485982,0.6705963938973647,0.5922330097087378,0.7489597780859917,0.7385113268608414,0.4980158730158729,0.0,1.0,0.8383233532934131
linreg,0.6927598949722844,0.676923076923077,0.7085967130214919,0.7061915887850467,0.6861997226074895,0.6116504854368932,0.760748959778086,0.7508090614886731,0.5486772486772487,0.9259259259259259,0.17142857142857137,0.2934131736526946
SVR10,0.5215501312846446,0.05384615384615385,0.9892541087231352,0.9182242990654206,0.510748959778086,0.02912621359223301,0.992371705963939,0.9281553398058252,0.5526455026455026,0.14814814814814814,0.9571428571428572,0.8263473053892215
ridge,0.6914956724691238,0.676923076923077,0.7060682680151706,0.7038551401869159,0.6851595006934812,0.6116504854368932,0.7586685159500693,0.7488673139158576,0.5451058201058201,0.9259259259259259,0.16428571428571426,0.2874251497005988
