,all,all,all,all,no revasc,no revasc,no revasc,no revasc,with revasc,with revasc,with revasc,with revasc
,Test AUC,Sensitivity,Specificity,Accuracy,Test AUC,Sensitivity,Specificity,Accuracy,Test AUC,Sensitivity,Specificity,Accuracy
lasso,0.7369887374036752,0.8,0.6739774748073504,0.6758177570093458,0.7669934640522876,0.8,0.7339869281045752,0.7346278317152104,0.4445859872611465,0.0,1.0,0.9401197604790419
linreg,0.7420272673384707,0.8,0.6840545346769413,0.6857476635514018,0.7692810457516341,0.8,0.738562091503268,0.7391585760517799,0.4764331210191083,0.0,1.0,0.9401197604790419
SVR10,0.49600474214582096,0.0,1.0,0.9853971962616822,0.5120915032679738,1.0,0.024183006535947738,0.03365695792880259,0.5041401273885351,0.9,0.10828025477707004,0.15568862275449102
ridge,0.7491404860699467,0.8,0.6982809721398933,0.6997663551401869,0.776797385620915,0.8,0.75359477124183,0.7540453074433657,0.47961783439490446,0.0,1.0,0.9401197604790419
