,all,all,all,all,no revasc,no revasc,no revasc,no revasc,with revasc,with revasc,with revasc,with revasc
,Test AUC,Sensitivity,Specificity,Accuracy,Test AUC,Sensitivity,Specificity,Accuracy,Test AUC,Sensitivity,Specificity,Accuracy
lasso,0.7061281980234598,0.7962962962962963,0.6159600997506234,0.6273364485981309,0.7051188031680845,0.7380952380952381,0.6721423682409309,0.6757281553398058,0.520979020979021,1.0,0.04195804195804198,0.17964071856287425
linreg,0.7313775745820633,0.7962962962962963,0.6664588528678304,0.6746495327102804,0.7316050650239562,0.75,0.7132101300479123,0.7152103559870551,0.5735722610722611,0.9583333333333334,0.18881118881118886,0.2994011976047904
SVR10,0.531287521935901,0.10185185185185185,0.9607231920199502,0.9065420560747663,0.5417277794074509,0.11904761904761904,0.9644079397672827,0.9184466019417475,0.48237179487179493,0.0,1.0,0.8562874251497006
ridge,0.7385471506419137,0.7962962962962963,0.6807980049875312,0.6880841121495327,0.73352400508458,0.7380952380952381,0.728952772073922,0.7294498381877023,0.5944055944055944,1.0,0.18881118881118886,0.30538922155688625
