,all,all,all,all,no revasc,no revasc,no revasc,no revasc,with revasc,with revasc,with revasc,with revasc
,Test AUC,Sensitivity,Specificity,Accuracy,Test AUC,Sensitivity,Specificity,Accuracy,Test AUC,Sensitivity,Specificity,Accuracy
lasso,0.6893090474444127,0.654639175257732,0.7239789196310935,0.7161214953271028,0.6869711264891059,0.5987261146496815,0.7752161383285303,0.7572815533980582,0.5344074844074844,0.8918918918918919,0.17692307692307696,0.33532934131736525
linreg,0.7074996943889817,0.6185567010309279,0.7964426877470356,0.7762850467289719,0.6977619816810147,0.5605095541401274,0.8350144092219021,0.8071197411003236,0.6247401247401247,0.8648648648648649,0.3846153846153846,0.49101796407185627
SVR10,0.6353245589014304,0.5927835051546392,0.6778656126482213,0.6682242990654206,0.6330352062262523,0.5477707006369427,0.718299711815562,0.7009708737864078,0.514968814968815,0.7837837837837838,0.24615384615384617,0.3652694610778443
ridge,0.7021379188568789,0.6855670103092784,0.7187088274044795,0.7149532710280374,0.6907042163035297,0.6242038216560509,0.7572046109510087,0.7436893203883496,0.6268191268191268,0.9459459459459459,0.3076923076923077,0.4491017964071856
