,all,all,all,all,no revasc,no revasc,no revasc,no revasc,with revasc,with revasc,with revasc,with revasc
,Test AUC,Sensitivity,Specificity,Accuracy,Test AUC,Sensitivity,Specificity,Accuracy,Test AUC,Sensitivity,Specificity,Accuracy
lasso,0.6670435869225649,0.6134020618556701,0.7206851119894598,0.7085280373831776,0.6551239927311441,0.535031847133758,0.7752161383285303,0.7508090614886731,0.5422037422037422,0.9459459459459459,0.1384615384615384,0.31736526946107785
linreg,0.6619229045271179,0.5412371134020618,0.782608695652174,0.7552570093457944,0.6520379412250593,0.47770700636942676,0.8263688760806917,0.7909385113268609,0.5630977130977132,0.8108108108108109,0.3153846153846154,0.4251497005988024
SVR10,0.5131005256509515,0.03608247422680412,0.9901185770750988,0.8820093457943925,0.5130417224985774,0.03184713375796178,0.9942363112391931,0.8964401294498382,0.50010395010395,0.05405405405405406,0.9461538461538461,0.7485029940119761
ridge,0.6600043464678157,0.5360824742268041,0.7839262187088274,0.7558411214953271,0.6495736889443638,0.4713375796178344,0.8278097982708934,0.7915857605177994,0.5630977130977132,0.8108108108108109,0.3153846153846154,0.4251497005988024
