,all,all,all,all,no revasc,no revasc,no revasc,no revasc,with revasc,with revasc,with revasc,with revasc
,Test AUC,Sensitivity,Specificity,Accuracy,Test AUC,Sensitivity,Specificity,Accuracy,Test AUC,Sensitivity,Specificity,Accuracy
lasso,0.7229164196799052,0.76,0.6858328393598103,0.6869158878504673,0.669607843137255,0.6,0.7392156862745098,0.7378640776699029,0.5828025477707006,1.0,0.16560509554140124,0.2155688622754491
linreg,0.7611381149970361,0.84,0.6822762299940723,0.6845794392523364,0.7294117647058823,0.7333333333333333,0.7254901960784313,0.7255663430420712,0.6305732484076434,1.0,0.2611464968152867,0.30538922155688625
SVR10,0.613325429756965,0.28,0.94665085951393,0.9369158878504673,0.6428104575163398,0.3333333333333333,0.9522875816993464,0.9462783171521035,0.545859872611465,0.2,0.89171974522293,0.8502994011976048
ridge,0.7399525785417902,0.8,0.6799051570835803,0.6816588785046729,0.7281045751633987,0.7333333333333333,0.722875816993464,0.7229773462783171,0.5805732484076433,0.9,0.2611464968152867,0.2994011976047904
