,all,all,all,all,no revasc,no revasc,no revasc,no revasc,with revasc,with revasc,with revasc,with revasc
,Test AUC,Sensitivity,Specificity,Accuracy,Test AUC,Sensitivity,Specificity,Accuracy,Test AUC,Sensitivity,Specificity,Accuracy
lasso,0.7170546173741061,0.7619047619047619,0.6722044728434504,0.6799065420560748,0.7124721683545212,0.7008547008547008,0.7240896358543417,0.7223300970873786,0.5656934306569343,1.0,0.13138686131386856,0.2874251497005988
linreg,0.748142835408924,0.6598639455782312,0.8364217252396167,0.8212616822429907,0.7368203691733104,0.5982905982905983,0.8753501400560224,0.8543689320388349,0.6653284671532846,0.9,0.43065693430656937,0.5149700598802395
SVR10,0.5435395883593053,0.1292517006802721,0.9578274760383386,0.8866822429906542,0.552341449400273,0.1452991452991453,0.9593837535014006,0.8977346278317152,0.5041362530413626,0.06666666666666667,0.9416058394160584,0.7844311377245509
ridge,0.7478233465910326,0.6598639455782312,0.8357827476038339,0.820677570093458,0.736470229117288,0.5982905982905983,0.8746498599439776,0.8537216828478964,0.6653284671532846,0.9,0.43065693430656937,0.5149700598802395
