,all,all,all,all,no revasc,no revasc,no revasc,no revasc,with revasc,with revasc,with revasc,with revasc
,Test AUC,Sensitivity,Specificity,Accuracy,Test AUC,Sensitivity,Specificity,Accuracy,Test AUC,Sensitivity,Specificity,Accuracy
lasso,0.6641776347065454,0.634020618556701,0.69433465085639,0.6875,0.6577190293507591,0.5668789808917197,0.7485590778097982,0.7300970873786408,0.5171517671517671,0.918918918918919,0.11538461538461542,0.2934131736526946
linreg,0.6507986634611467,0.5051546391752577,0.7964426877470356,0.7634345794392523,0.6468065676682758,0.4585987261146497,0.8350144092219021,0.7967637540453074,0.5436590436590436,0.7027027027027027,0.3846153846153846,0.4550898203592814
SVR10,0.5462185730002853,0.10824742268041238,0.9841897233201581,0.884929906542056,0.5487366691752785,0.10828025477707007,0.989193083573487,0.8996763754045307,0.5194386694386695,0.10810810810810811,0.9307692307692308,0.7485029940119761
ridge,0.6504692826969833,0.5051546391752577,0.7957839262187089,0.7628504672897196,0.6464463371207253,0.4585987261146497,0.8342939481268011,0.7961165048543689,0.5436590436590436,0.7027027027027027,0.3846153846153846,0.4550898203592814
