,all,all,all,all,no revasc,no revasc,no revasc,no revasc,with revasc,with revasc,with revasc,with revasc
,Test AUC,Sensitivity,Specificity,Accuracy,Test AUC,Sensitivity,Specificity,Accuracy,Test AUC,Sensitivity,Specificity,Accuracy
lasso,0.6870591918792432,0.717948717948718,0.6561696658097687,0.6617990654205608,0.6856478873239438,0.672,0.6992957746478874,0.6970873786407767,0.5545540796963947,0.9032258064516129,0.20588235294117652,0.33532934131736525
linreg,0.6978445718805616,0.8269230769230769,0.5687660668380463,0.5922897196261683,0.696830985915493,0.8,0.5936619718309859,0.6103559870550161,0.6221537001897532,0.9354838709677419,0.3088235294117647,0.4251497005988024
SVR10,0.5870245863819129,0.2948717948717949,0.8791773778920309,0.8259345794392523,0.6023802816901409,0.328,0.8767605633802817,0.8323624595469256,0.5328510436432637,0.16129032258064516,0.9044117647058824,0.7664670658682635
ridge,0.6975232351196361,0.8269230769230769,0.5681233933161953,0.5917056074766355,0.696830985915493,0.8,0.5936619718309859,0.6103559870550161,0.6184772296015181,0.9354838709677419,0.30147058823529416,0.41916167664670656
