,all,all,all,all,no revasc,no revasc,no revasc,no revasc,with revasc,with revasc,with revasc,with revasc
,Test AUC,Sensitivity,Specificity,Accuracy,Test AUC,Sensitivity,Specificity,Accuracy,Test AUC,Sensitivity,Specificity,Accuracy
lasso,0.7223030386995474,0.7407407407407407,0.703865336658354,0.7061915887850467,0.7167668915615528,0.6785714285714286,0.7549623545516769,0.7508090614886731,0.5700757575757576,0.9583333333333334,0.18181818181818177,0.2934131736526946
linreg,0.7147062898309781,0.6388888888888888,0.7905236907730673,0.7809579439252337,0.7061088295687886,0.5833333333333334,0.8288843258042436,0.8155339805825242,0.6159673659673661,0.8333333333333334,0.39860139860139865,0.46107784431137727
SVR10,0.5199385794772329,0.06481481481481481,0.9750623441396509,0.9176401869158879,0.5135425833577785,0.047619047619047616,0.9794661190965093,0.9288025889967637,0.5275349650349651,0.125,0.9300699300699301,0.8143712574850299
ridge,0.7143945691327237,0.6388888888888888,0.7899002493765586,0.780373831775701,0.7057665982203971,0.5833333333333334,0.8281998631074606,0.8148867313915857,0.6159673659673661,0.8333333333333334,0.39860139860139865,0.46107784431137727
