,all,all,all,all,no revasc,no revasc,no revasc,no revasc,with revasc,with revasc,with revasc,with revasc
,Test AUC,Sensitivity,Specificity,Accuracy,Test AUC,Sensitivity,Specificity,Accuracy,Test AUC,Sensitivity,Specificity,Accuracy
lasso,0.7821695317131001,0.92,0.6443390634262003,0.6483644859813084,0.7849673202614378,0.8666666666666667,0.7032679738562091,0.7048543689320388,0.535031847133758,1.0,0.07006369426751591,0.12574850299401197
linreg,0.7746295198577356,0.8,0.7492590397154713,0.75,0.7627450980392158,0.7333333333333333,0.792156862745098,0.7915857605177994,0.6156050955414013,0.9,0.3312101910828026,0.3652694610778443
SVR10,0.6247184350918791,0.4,0.8494368701837581,0.842873831775701,0.5650326797385621,0.26666666666666666,0.8633986928104576,0.8576051779935275,0.656687898089172,0.6,0.713375796178344,0.7065868263473054
ridge,0.7849911084765856,0.88,0.6899822169531713,0.6927570093457944,0.7666666666666667,0.8,0.7333333333333334,0.7339805825242719,0.6337579617834395,1.0,0.26751592356687903,0.31137724550898205
