,all,all,all,all,no revasc,no revasc,no revasc,no revasc,with revasc,with revasc,with revasc,with revasc
,Test AUC,Sensitivity,Specificity,Accuracy,Test AUC,Sensitivity,Specificity,Accuracy,Test AUC,Sensitivity,Specificity,Accuracy
lasso,0.6326876513317192,0.45,0.8153753026634383,0.802570093457944,0.6204063578617628,0.3695652173913043,0.8712474983322215,0.8563106796116505,0.49112978524743234,0.0,1.0,0.9161676646706587
linreg,0.6488700564971752,0.43333333333333335,0.864406779661017,0.8492990654205608,0.6305508019839313,0.34782608695652173,0.9132755170113409,0.8964401294498382,0.5499533146591971,0.7142857142857143,0.3856209150326797,0.41317365269461076
SVR10,0.517594834543987,0.06666666666666667,0.9685230024213075,0.9369158878504673,0.5314702555326739,0.08695652173913043,0.9759839893262174,0.9495145631067962,0.4477124183006536,0.0,1.0,0.9161676646706587
ridge,0.6488700564971752,0.43333333333333335,0.864406779661017,0.8492990654205608,0.6305508019839313,0.34782608695652173,0.9132755170113409,0.8964401294498382,0.5499533146591971,0.7142857142857143,0.3856209150326797,0.41317365269461076
