,all,all,all,all,no revasc,no revasc,no revasc,no revasc,with revasc,with revasc,with revasc,with revasc
,Test AUC,Sensitivity,Specificity,Accuracy,Test AUC,Sensitivity,Specificity,Accuracy,Test AUC,Sensitivity,Specificity,Accuracy
lasso,0.7520924718435091,0.88,0.6241849436870184,0.6279205607476636,0.7428104575163399,0.8,0.6856209150326797,0.6867313915857605,0.5127388535031847,1.0,0.02547770700636942,0.08383233532934131
linreg,0.7832128037937166,0.88,0.6864256075874333,0.6892523364485982,0.7705882352941177,0.8,0.7411764705882353,0.7417475728155339,0.5764331210191083,1.0,0.15286624203821653,0.20359281437125748
SVR10,0.4948073503260225,0.0,1.0,0.9853971962616822,0.47516339869281043,0.0,1.0,0.9902912621359223,0.5213375796178344,0.1,0.9426751592356688,0.8922155688622755
ridge,0.7821695317131001,0.92,0.6443390634262003,0.6483644859813084,0.7826797385620915,0.8666666666666667,0.6986928104575163,0.7003236245954693,0.5573248407643312,1.0,0.1146496815286624,0.16766467065868262
