,all,all,all,all,no revasc,no revasc,no revasc,no revasc,with revasc,with revasc,with revasc,with revasc
,Test AUC,Sensitivity,Specificity,Accuracy,Test AUC,Sensitivity,Specificity,Accuracy,Test AUC,Sensitivity,Specificity,Accuracy
lasso,0.7137018172671823,0.7368421052631579,0.6905615292712066,0.6915887850467289,0.7184382437838659,0.6923076923076923,0.7445687952600395,0.7436893203883496,0.49731182795698925,0.0,1.0,0.9281437125748503
linreg,0.7351914733069232,0.7105263157894737,0.7598566308243728,0.7587616822429907,0.7281738998328859,0.6538461538461539,0.8025016458196181,0.8,0.5876344086021505,0.8333333333333334,0.3419354838709677,0.3772455089820359
SVR10,0.6425517198012953,0.631578947368421,0.6535244922341696,0.6530373831775701,0.6559477388970476,0.6153846153846154,0.6965108624094799,0.6951456310679611,0.44946236559139785,0.0,1.0,0.9281437125748503
ridge,0.7364333773501855,0.7894736842105263,0.6833930704898447,0.6857476635514018,0.728452423152884,0.7307692307692307,0.7261356155365373,0.7262135922330097,0.5905913978494624,0.9166666666666666,0.2645161290322581,0.31137724550898205
