,all,all,all,all,no revasc,no revasc,no revasc,no revasc,with revasc,with revasc,with revasc,with revasc
,Test AUC,Sensitivity,Specificity,Accuracy,Test AUC,Sensitivity,Specificity,Accuracy,Test AUC,Sensitivity,Specificity,Accuracy
lasso,0.6843776488231076,0.6326530612244898,0.7361022364217252,0.7272196261682243,0.6755368814192344,0.5555555555555556,0.7955182072829132,0.7773462783171521,0.5250608272506082,0.9333333333333333,0.11678832116788318,0.2634730538922156
linreg,0.6695529329942841,0.54421768707483,0.7948881789137381,0.7733644859813084,0.6634076707606119,0.48717948717948717,0.8396358543417367,0.8129449838187702,0.547566909975669,0.7666666666666667,0.3284671532846716,0.40718562874251496
SVR10,0.5095651039968703,0.02040816326530612,0.9987220447284345,0.9147196261682243,0.5039233642174819,0.008547008547008548,0.9992997198879552,0.9242718446601942,0.5296836982968369,0.06666666666666667,0.9927007299270073,0.8263473053892215
ridge,0.6658320836321749,0.5374149659863946,0.7942492012779553,0.772196261682243,0.6587840264310854,0.47863247863247865,0.8389355742296919,0.8116504854368932,0.547566909975669,0.7666666666666667,0.3284671532846716,0.40718562874251496
