,all,all,all,all,no revasc,no revasc,no revasc,no revasc,with revasc,with revasc,with revasc,with revasc
,Test AUC,Sensitivity,Specificity,Accuracy,Test AUC,Sensitivity,Specificity,Accuracy,Test AUC,Sensitivity,Specificity,Accuracy
lasso,0.7271583977865811,0.7631578947368421,0.6911589008363201,0.6927570093457944,0.7419481440218767,0.7307692307692307,0.7531270572745227,0.7527508090614887,0.4586021505376344,0.0,1.0,0.9281437125748503
linreg,0.7672608941709111,0.8947368421052632,0.6397849462365591,0.6454439252336449,0.7879298121233604,0.8846153846153846,0.6912442396313364,0.6944983818770226,0.5260752688172043,0.9166666666666666,0.13548387096774195,0.19161676646706588
SVR10,0.5487643840784757,0.631578947368421,0.4659498207885304,0.4696261682242991,0.5861143464830101,0.6923076923076923,0.4799210006583279,0.48349514563106794,0.41451612903225804,0.0,1.0,0.9281437125748503
ridge,0.7672608941709111,0.8947368421052632,0.6397849462365591,0.6454439252336449,0.7879298121233604,0.8846153846153846,0.6912442396313364,0.6944983818770226,0.5260752688172043,0.9166666666666666,0.13548387096774195,0.19161676646706588
