,all,all,all,all,no revasc,no revasc,no revasc,no revasc,with revasc,with revasc,with revasc,with revasc
,Test AUC,Sensitivity,Specificity,Accuracy,Test AUC,Sensitivity,Specificity,Accuracy,Test AUC,Sensitivity,Specificity,Accuracy
lasso,0.635171568627451,0.4125,0.857843137254902,0.8370327102803738,0.6126110202819143,0.3114754098360656,0.9137466307277629,0.889967637540453,0.5170697012802277,0.7368421052631579,0.29729729729729726,0.3473053892215569
linreg,0.6513480392156863,0.4375,0.8651960784313726,0.8452102803738317,0.6375381114400601,0.36065573770491804,0.9144204851752021,0.8925566343042072,0.5279160739687055,0.6842105263157895,0.3716216216216216,0.40718562874251496
SVR10,0.5041053921568627,0.0125,0.9957107843137255,0.9497663551401869,0.49865229110512127,0.0,1.0,0.9605177993527508,0.5161806543385491,0.05263157894736842,0.9797297297297297,0.874251497005988
ridge,0.6513480392156863,0.4375,0.8651960784313726,0.8452102803738317,0.6375381114400601,0.36065573770491804,0.9144204851752021,0.8925566343042072,0.5279160739687055,0.6842105263157895,0.3716216216216216,0.40718562874251496
