,all,all,all,all,no revasc,no revasc,no revasc,no revasc,with revasc,with revasc,with revasc,with revasc
,Test AUC,Sensitivity,Specificity,Accuracy,Test AUC,Sensitivity,Specificity,Accuracy,Test AUC,Sensitivity,Specificity,Accuracy
lasso,0.7094064462845842,0.7414965986394558,0.6773162939297125,0.6828271028037384,0.7106496444731739,0.6923076923076923,0.7289915966386555,0.7262135922330097,0.5360097323600974,0.9333333333333333,0.13868613138686137,0.281437125748503
linreg,0.712168829193019,0.7482993197278912,0.676038338658147,0.6822429906542056,0.7153451124039361,0.7094017094017094,0.7212885154061625,0.7203883495145631,0.5521897810218979,0.9,0.2043795620437956,0.32934131736526945
SVR10,0.5863923844298103,0.5306122448979592,0.6421725239616614,0.6325934579439252,0.5886213459742872,0.5042735042735043,0.6729691876750701,0.6601941747572816,0.4772506082725061,0.0,1.0,0.8203592814371258
ridge,0.712168829193019,0.7482993197278912,0.676038338658147,0.6822429906542056,0.7153451124039361,0.7094017094017094,0.7212885154061625,0.7203883495145631,0.5521897810218979,0.9,0.2043795620437956,0.32934131736526945
