,all,all,all,all,no revasc,no revasc,no revasc,no revasc,with revasc,with revasc,with revasc,with revasc
,Test AUC,Sensitivity,Specificity,Accuracy,Test AUC,Sensitivity,Specificity,Accuracy,Test AUC,Sensitivity,Specificity,Accuracy
lasso,0.6803872986894437,0.7959183673469388,0.5648562300319488,0.584696261682243,0.6799181210945917,0.7435897435897436,0.6162464985994398,0.6258899676375405,0.5145985401459854,1.0,0.029197080291970767,0.20359281437125748
linreg,0.6936232640020865,0.6530612244897959,0.734185303514377,0.7272196261682243,0.682826976944624,0.5897435897435898,0.7759103641456583,0.7618122977346279,0.5996350364963503,0.9,0.2992700729927007,0.40718562874251496
SVR10,0.5233770185390451,0.05442176870748299,0.9923322683706071,0.9117990654205608,0.5231900452488688,0.05128205128205128,0.9950980392156863,0.9236245954692557,0.5150851581508517,0.06666666666666667,0.9635036496350365,0.8023952095808383
ridge,0.6949012192736519,0.6530612244897959,0.736741214057508,0.7295560747663551,0.6845776772247361,0.5897435897435898,0.7794117647058824,0.7650485436893204,0.595985401459854,0.9,0.291970802919708,0.40119760479041916
