,all,all,all,all,no revasc,no revasc,no revasc,no revasc,with revasc,with revasc,with revasc,with revasc
,Test AUC,Sensitivity,Specificity,Accuracy,Test AUC,Sensitivity,Specificity,Accuracy,Test AUC,Sensitivity,Specificity,Accuracy
lasso,0.6073422153068171,0.3923076923076923,0.8223767383059418,0.7897196261682243,0.5884188626907073,0.30097087378640774,0.875866851595007,0.8375404530744337,0.5060846560846561,0.7407407407407407,0.27142857142857146,0.3473053892215569
linreg,0.6124477292618886,0.35384615384615387,0.8710493046776233,0.8317757009345794,0.5898058252427184,0.2621359223300971,0.9174757281553398,0.8737864077669902,0.5482804232804233,0.7037037037037037,0.3928571428571429,0.4431137724550898
SVR10,0.5239229796751921,0.07692307692307693,0.9709228824273072,0.9030373831775701,0.5329403606102635,0.08737864077669903,0.978502080443828,0.919093851132686,0.46494708994708994,0.0,1.0,0.8383233532934131
ridge,0.6124477292618886,0.35384615384615387,0.8710493046776233,0.8317757009345794,0.5898058252427184,0.2621359223300971,0.9174757281553398,0.8737864077669902,0.5482804232804233,0.7037037037037037,0.3928571428571429,0.4431137724550898
