,all,all,all,all,no revasc,no revasc,no revasc,no revasc,with revasc,with revasc,with revasc,with revasc
,Test AUC,Sensitivity,Specificity,Accuracy,Test AUC,Sensitivity,Specificity,Accuracy,Test AUC,Sensitivity,Specificity,Accuracy
lasso,0.6946360652887352,0.7074829931972789,0.6817891373801916,0.6839953271028038,0.6941840838899662,0.6495726495726496,0.738795518207283,0.7320388349514563,0.5104622871046228,0.9333333333333333,0.08759124087591241,0.23952095808383234
linreg,0.6884875355893156,0.7891156462585034,0.5878594249201278,0.6051401869158879,0.6836978381096028,0.7350427350427351,0.6323529411764706,0.6401294498381876,0.5620437956204379,1.0,0.12408759124087587,0.281437125748503
SVR10,0.5123274869053053,0.027210884353741496,0.997444089456869,0.9141355140186916,0.5081968684909861,0.017094017094017096,0.9992997198879552,0.9249190938511327,0.5223844282238442,0.06666666666666667,0.9781021897810219,0.8143712574850299
ridge,0.6884875355893156,0.7891156462585034,0.5878594249201278,0.6051401869158879,0.6836978381096028,0.7350427350427351,0.6323529411764706,0.6401294498381876,0.5620437956204379,1.0,0.12408759124087587,0.281437125748503
