,all,all,all,all,no revasc,no revasc,no revasc,no revasc,with revasc,with revasc,with revasc,with revasc
,Test AUC,Sensitivity,Specificity,Accuracy,Test AUC,Sensitivity,Specificity,Accuracy,Test AUC,Sensitivity,Specificity,Accuracy
lasso,0.7481292837829341,0.868421052631579,0.6278375149342892,0.633177570093458,0.7484807818909202,0.8076923076923077,0.6892692560895326,0.6912621359223301,0.5129032258064516,1.0,0.02580645161290318,0.09580838323353294
linreg,0.7794912909513928,0.868421052631579,0.6905615292712066,0.6945093457943925,0.7764597153998076,0.8076923076923077,0.7452271231073074,0.7462783171521036,0.5774193548387097,1.0,0.1548387096774193,0.2155688622754491
SVR10,0.48776960321951834,0.0,1.0,0.977803738317757,0.4749835418038183,0.0,1.0,0.9831715210355987,0.5126344086021505,0.08333333333333333,0.9419354838709677,0.8802395209580839
ridge,0.7714424951267057,0.8947368421052632,0.6481481481481481,0.6536214953271028,0.7742948295943687,0.8461538461538461,0.7024358130348913,0.7048543689320388,0.5580645161290323,1.0,0.11612903225806448,0.17964071856287425
