,all,all,all,all,no revasc,no revasc,no revasc,no revasc,with revasc,with revasc,with revasc,with revasc
,Test AUC,Sensitivity,Specificity,Accuracy,Test AUC,Sensitivity,Specificity,Accuracy,Test AUC,Sensitivity,Specificity,Accuracy
lasso,0.6721621871247806,0.7314814814814815,0.6128428927680798,0.6203271028037384,0.686772758384668,0.75,0.623545516769336,0.63042071197411,0.5850815850815851,0.6666666666666666,0.5034965034965035,0.5269461077844312
linreg,0.658504202456821,0.6574074074074074,0.6596009975062345,0.6594626168224299,0.6690622861054072,0.6666666666666666,0.6714579055441479,0.6711974110032363,0.5817307692307693,0.625,0.5384615384615384,0.5508982035928144
SVR10,0.5405583264062067,0.8055555555555556,0.27556109725685785,0.30899532710280375,0.5583504449007529,0.8333333333333334,0.28336755646817247,0.3132686084142395,0.45206876456876466,0.0,1.0,0.8562874251497006
ridge,0.658504202456821,0.6574074074074074,0.6596009975062345,0.6594626168224299,0.6690622861054072,0.6666666666666666,0.6714579055441479,0.6711974110032363,0.5817307692307693,0.625,0.5384615384615384,0.5508982035928144
