,all,all,all,all,no revasc,no revasc,no revasc,no revasc,with revasc,with revasc,with revasc,with revasc
,Test AUC,Sensitivity,Specificity,Accuracy,Test AUC,Sensitivity,Specificity,Accuracy,Test AUC,Sensitivity,Specificity,Accuracy
lasso,0.7367320631327423,0.7894736842105263,0.6839904420549582,0.6863317757009346,0.7575581100926723,0.7692307692307693,0.7458854509545754,0.7462783171521036,0.45537634408602157,0.0,1.0,0.9281437125748503
linreg,0.7403005722190782,0.7631578947368421,0.7174432497013142,0.7184579439252337,0.7488605864181901,0.7307692307692307,0.7669519420671495,0.7663430420711974,0.5327956989247312,0.8333333333333334,0.23225806451612907,0.2754491017964072
SVR10,0.5128592089542854,0.02631578947368421,0.9994026284348865,0.977803738317757,0.5189016053071352,0.038461538461538464,0.9993416721527321,0.9831715210355987,0.5,0.0,1.0,0.9281437125748503
ridge,0.7403005722190782,0.7631578947368421,0.7174432497013142,0.7184579439252337,0.7488605864181901,0.7307692307692307,0.7669519420671495,0.7663430420711974,0.5327956989247312,0.8333333333333334,0.23225806451612907,0.2754491017964072
