,all,all,all,all,no revasc,no revasc,no revasc,no revasc,with revasc,with revasc,with revasc,with revasc
,Test AUC,Sensitivity,Specificity,Accuracy,Test AUC,Sensitivity,Specificity,Accuracy,Test AUC,Sensitivity,Specificity,Accuracy
lasso,0.6941211785351437,0.7037037037037037,0.6845386533665836,0.6857476635514018,0.6871394348293732,0.6309523809523809,0.7433264887063655,0.7372168284789644,0.5211247086247087,0.9583333333333334,0.08391608391608396,0.20958083832335328
linreg,0.7088759582525168,0.6203703703703703,0.7973815461346634,0.7862149532710281,0.6983108438447247,0.5595238095238095,0.83709787816564,0.8220064724919094,0.6124708624708626,0.8333333333333334,0.39160839160839156,0.4550898203592814
SVR10,0.5794887780548629,0.25,0.9089775561097256,0.8674065420560748,0.5604649457318861,0.20238095238095238,0.91854893908282,0.8796116504854369,0.613927738927739,0.4166666666666667,0.8111888111888113,0.7544910179640718
ridge,0.7086104183984484,0.6111111111111112,0.8061097256857855,0.7938084112149533,0.6957807763762589,0.5476190476190477,0.8439425051334702,0.827831715210356,0.6264568764568765,0.8333333333333334,0.4195804195804196,0.47904191616766467
