,all,all,all,all,no revasc,no revasc,no revasc,no revasc,with revasc,with revasc,with revasc,with revasc
,Test AUC,Sensitivity,Specificity,Accuracy,Test AUC,Sensitivity,Specificity,Accuracy,Test AUC,Sensitivity,Specificity,Accuracy
lasso,0.6456820016142051,0.4166666666666667,0.8746973365617433,0.8586448598130841,0.6273530179539984,0.32608695652173914,0.9286190793862575,0.9106796116504854,0.5303454715219421,0.7142857142857143,0.3464052287581699,0.3772455089820359
linreg,0.6520581113801452,0.45,0.8541162227602905,0.8399532710280374,0.6374176987556921,0.3695652173913043,0.9052701801200801,0.8893203883495145,0.5336134453781513,0.7142857142857143,0.3529411764705882,0.38323353293413176
SVR10,0.5860976594027442,0.23333333333333334,0.9388619854721549,0.9141355140186916,0.581148301766395,0.1956521739130435,0.9666444296197465,0.9436893203883495,0.511904761904762,0.35714285714285715,0.6666666666666667,0.6407185628742516
ridge,0.6523607748184019,0.45,0.8547215496368039,0.8405373831775701,0.6377512544594947,0.3695652173913043,0.9059372915276851,0.889967637540453,0.5336134453781513,0.7142857142857143,0.3529411764705882,0.38323353293413176
