,all,all,all,all,no revasc,no revasc,no revasc,no revasc,with revasc,with revasc,with revasc,with revasc
,Test AUC,Sensitivity,Specificity,Accuracy,Test AUC,Sensitivity,Specificity,Accuracy,Test AUC,Sensitivity,Specificity,Accuracy
lasso,0.6848707790982833,0.47368421052631576,0.8960573476702509,0.8866822429906542,0.6597204638679293,0.38461538461538464,0.934825543120474,0.9255663430420712,0.5913978494623655,0.6666666666666666,0.5161290322580645,0.5269461077844312
linreg,0.7429887442620888,0.7631578947368421,0.7228195937873357,0.7237149532710281,0.7159948346584291,0.6538461538461539,0.7781435154707044,0.7760517799352751,0.5903225806451613,1.0,0.1806451612903226,0.23952095808383234
SVR10,0.6627523108847387,0.4473684210526316,0.8781362007168458,0.8685747663551402,0.6071048766901301,0.3076923076923077,0.9065174456879526,0.8964401294498382,0.675,0.75,0.6,0.6107784431137725
ridge,0.7316229642205874,0.7368421052631579,0.7264038231780168,0.7266355140186916,0.6984098850458298,0.6153846153846154,0.7814351547070442,0.7786407766990291,0.5935483870967742,1.0,0.18709677419354842,0.24550898203592814
