,all,all,all,all,no revasc,no revasc,no revasc,no revasc,with revasc,with revasc,with revasc,with revasc
,Test AUC,Sensitivity,Specificity,Accuracy,Test AUC,Sensitivity,Specificity,Accuracy,Test AUC,Sensitivity,Specificity,Accuracy
lasso,0.733595641646489,0.9,0.5671912832929782,0.5788551401869159,0.7456565246396147,0.8695652173913043,0.6217478318879253,0.629126213592233,0.5163398692810457,1.0,0.0326797385620915,0.11377245508982035
linreg,0.7476795803066989,0.9166666666666666,0.5786924939467313,0.5905373831775701,0.7541911999303884,0.8913043478260869,0.6170780520346898,0.625242718446602,0.6013071895424836,1.0,0.20261437908496727,0.2694610778443114
SVR10,0.5482041969330105,0.13333333333333333,0.9630750605326877,0.9339953271028038,0.556740725701192,0.15217391304347827,0.9613075383589059,0.9372168284789644,0.5259103641456582,0.07142857142857142,0.9803921568627451,0.9041916167664671
ridge,0.7476795803066989,0.9166666666666666,0.5786924939467313,0.5905373831775701,0.7541911999303884,0.8913043478260869,0.6170780520346898,0.625242718446602,0.6013071895424836,1.0,0.20261437908496727,0.2694610778443114
