,all,all,all,all,no revasc,no revasc,no revasc,no revasc,with revasc,with revasc,with revasc,with revasc
,Test AUC,Sensitivity,Specificity,Accuracy,Test AUC,Sensitivity,Specificity,Accuracy,Test AUC,Sensitivity,Specificity,Accuracy
lasso,0.5,0.0,1.0,0.9141355140186916,0.5,0.0,1.0,0.9242718446601942,0.5,0.0,1.0,0.8203592814371258
linreg,0.6182630240594641,0.6122448979591837,0.6242811501597444,0.6232476635514018,0.6205738705738705,0.5982905982905983,0.6428571428571428,0.6394822006472491,0.548661800486618,0.6666666666666666,0.43065693430656937,0.47305389221556887
SVR10,0.5486253287257394,0.8231292517006803,0.2741214057507987,0.3212616822429907,0.5517848164906989,0.8290598290598291,0.27450980392156865,0.31650485436893205,0.535036496350365,0.8,0.27007299270072993,0.3652694610778443
ridge,0.6182630240594641,0.6122448979591837,0.6242811501597444,0.6232476635514018,0.6205738705738705,0.5982905982905983,0.6428571428571428,0.6394822006472491,0.548661800486618,0.6666666666666666,0.43065693430656937,0.47305389221556887
