,all,all,all,all,no revasc,no revasc,no revasc,no revasc,with revasc,with revasc,with revasc,with revasc
,Test AUC,Sensitivity,Specificity,Accuracy,Test AUC,Sensitivity,Specificity,Accuracy,Test AUC,Sensitivity,Specificity,Accuracy
lasso,0.7008541435743625,0.7755102040816326,0.6261980830670926,0.639018691588785,0.7000107735401854,0.717948717948718,0.6820728291316527,0.684789644012945,0.5218978102189781,1.0,0.04379562043795615,0.2155688622754491
linreg,0.7005042272500054,0.5850340136054422,0.8159744408945687,0.7961448598130841,0.7052987861811391,0.5555555555555556,0.8550420168067226,0.8323624595469256,0.5543795620437956,0.7,0.4087591240875912,0.46107784431137727
SVR10,0.5468670535306774,0.10204081632653061,0.9916932907348243,0.915303738317757,0.5438572865043454,0.09401709401709402,0.9936974789915967,0.9255663430420712,0.5520681265206813,0.13333333333333333,0.9708029197080292,0.8203592814371258
ridge,0.6999587055269392,0.5986394557823129,0.8012779552715655,0.7838785046728972,0.6979458450046685,0.5555555555555556,0.8403361344537815,0.8187702265372169,0.5804136253041362,0.7666666666666667,0.3941605839416058,0.46107784431137727
