,all,all,all,all,no revasc,no revasc,no revasc,no revasc,with revasc,with revasc,with revasc,with revasc
,Test AUC,Sensitivity,Specificity,Accuracy,Test AUC,Sensitivity,Specificity,Accuracy,Test AUC,Sensitivity,Specificity,Accuracy
lasso,0.7549632352941177,0.85,0.6599264705882353,0.6688084112149533,0.7608037647474702,0.8032786885245902,0.7183288409703503,0.7216828478964401,0.5371621621621622,1.0,0.07432432432432434,0.17964071856287425
linreg,0.7642156862745098,0.7625,0.7659313725490196,0.7657710280373832,0.7560978304096152,0.7049180327868853,0.807277628032345,0.8032362459546926,0.6493598862019914,0.9473684210526315,0.3513513513513513,0.41916167664670656
SVR10,0.6485906862745097,0.4375,0.8596813725490196,0.8399532710280374,0.641575714727586,0.4098360655737705,0.8733153638814016,0.8550161812297734,0.6246443812233285,0.5263157894736842,0.722972972972973,0.7005988023952096
ridge,0.7657475490196078,0.825,0.7064950980392157,0.7120327102803738,0.7595720471919049,0.7704918032786885,0.7486522911051212,0.7495145631067961,0.6418918918918919,1.0,0.28378378378378377,0.3652694610778443
