,all,all,all,all,no revasc,no revasc,no revasc,no revasc,with revasc,with revasc,with revasc,with revasc
,Test AUC,Sensitivity,Specificity,Accuracy,Test AUC,Sensitivity,Specificity,Accuracy,Test AUC,Sensitivity,Specificity,Accuracy
lasso,0.7003026634382566,0.65,0.7506053268765134,0.7470794392523364,0.7082837833918265,0.6086956521739131,0.8078719146097398,0.8019417475728156,0.48762838468720815,0.0,1.0,0.9161676646706587
linreg,0.6728006456820017,0.7166666666666667,0.6289346246973366,0.6320093457943925,0.6511079850335005,0.6304347826086957,0.6717811874583055,0.6705501618122978,0.6045751633986929,1.0,0.20915032679738566,0.2754491017964072
SVR10,0.47467715899919294,0.0,1.0,0.9649532710280374,0.46986396728253615,0.0,1.0,0.9702265372168285,0.5100373482726424,0.9285714285714286,0.09150326797385622,0.16167664670658682
ridge,0.6921711057304278,0.7166666666666667,0.6676755447941889,0.669392523364486,0.6717884386692579,0.6304347826086957,0.7131420947298199,0.7106796116504854,0.6111111111111112,1.0,0.2222222222222222,0.2874251497005988
