,all,all,all,all,no revasc,no revasc,no revasc,no revasc,with revasc,with revasc,with revasc,with revasc
,Test AUC,Sensitivity,Specificity,Accuracy,Test AUC,Sensitivity,Specificity,Accuracy,Test AUC,Sensitivity,Specificity,Accuracy
lasso,0.6931291851731116,0.6958762886597938,0.6903820816864294,0.6910046728971962,0.684220066447622,0.6242038216560509,0.7442363112391931,0.7320388349514563,0.5576923076923077,1.0,0.11538461538461542,0.31137724550898205
linreg,0.6984332341795363,0.634020618556701,0.7628458498023716,0.7482476635514018,0.6829351676792893,0.5668789808917197,0.7989913544668588,0.7754045307443366,0.6479209979209979,0.918918918918919,0.3769230769230769,0.49700598802395207
SVR10,0.537627507708189,0.25773195876288657,0.8175230566534915,0.7540887850467289,0.5412360726151361,0.2611464968152866,0.8213256484149856,0.7644012944983819,0.5100831600831601,0.24324324324324326,0.7769230769230769,0.6586826347305389
ridge,0.6927930130529861,0.6082474226804123,0.7773386034255599,0.758177570093458,0.674216211751317,0.535031847133758,0.8134005763688761,0.7851132686084142,0.6556133056133057,0.918918918918919,0.39230769230769236,0.5089820359281437
