,all,all,all,all,no revasc,no revasc,no revasc,no revasc,with revasc,with revasc,with revasc,with revasc
,Test AUC,Sensitivity,Specificity,Accuracy,Test AUC,Sensitivity,Specificity,Accuracy,Test AUC,Sensitivity,Specificity,Accuracy
lasso,0.6689621449818672,0.6185567010309279,0.7193675889328064,0.7079439252336449,0.6593893977495916,0.5414012738853503,0.7773775216138329,0.7533980582524272,0.522972972972973,0.9459459459459459,0.09999999999999998,0.2874251497005988
linreg,0.6203394319709874,0.4896907216494845,0.7509881422924901,0.7213785046728972,0.6209846913489602,0.445859872611465,0.7961095100864554,0.7605177993527508,0.47245322245322247,0.0,1.0,0.7784431137724551
SVR10,0.5086623745296985,0.020618556701030927,0.9967061923583662,0.8860981308411215,0.5081132179371868,0.01910828025477707,0.9971181556195965,0.8977346278317152,0.5096673596673597,0.02702702702702703,0.9923076923076923,0.7784431137724551
ridge,0.619079635440012,0.4845360824742268,0.7536231884057971,0.7231308411214953,0.6192409001633657,0.4394904458598726,0.7989913544668588,0.7624595469255664,0.47245322245322247,0.0,1.0,0.7784431137724551
