,all,all,all,all,no revasc,no revasc,no revasc,no revasc,with revasc,with revasc,with revasc,with revasc
,Test AUC,Sensitivity,Specificity,Accuracy,Test AUC,Sensitivity,Specificity,Accuracy,Test AUC,Sensitivity,Specificity,Accuracy
lasso,0.6811607872728416,0.7631578947368421,0.5991636798088411,0.602803738317757,0.6894211779004407,0.7692307692307693,0.6096115865701119,0.6122977346278318,0.6233870967741936,0.75,0.49677419354838714,0.5149700598802395
linreg,0.692495126705653,0.7368421052631579,0.6481481481481481,0.6501168224299065,0.7147668000202563,0.7692307692307693,0.6603028308097433,0.6621359223300971,0.5978494623655914,0.6666666666666666,0.5290322580645161,0.5389221556886228
SVR10,0.5306388731685845,0.7894736842105263,0.27180406212664276,0.28329439252336447,0.5626424266977262,0.8461538461538461,0.27913100724160633,0.28867313915857606,0.43333333333333324,0.0,1.0,0.9281437125748503
ridge,0.692495126705653,0.7368421052631579,0.6481481481481481,0.6501168224299065,0.7147668000202563,0.7692307692307693,0.6603028308097433,0.6621359223300971,0.5978494623655914,0.6666666666666666,0.5290322580645161,0.5389221556886228
