,all,all,all,all,no revasc,no revasc,no revasc,no revasc,with revasc,with revasc,with revasc,with revasc
,Test AUC,Sensitivity,Specificity,Accuracy,Test AUC,Sensitivity,Specificity,Accuracy,Test AUC,Sensitivity,Specificity,Accuracy
lasso,0.672168773187449,0.7105263157894737,0.6338112305854242,0.6355140186915887,0.6896110801640756,0.7307692307692307,0.6484529295589203,0.6498381877022654,0.5784946236559139,0.6666666666666666,0.4903225806451613,0.5029940119760479
linreg,0.650694837452053,0.7631578947368421,0.538231780167264,0.5432242990654206,0.662100572238821,0.7692307692307693,0.5549703752468729,0.5585760517799353,0.5620967741935483,0.75,0.37419354838709673,0.40119760479041916
SVR10,0.5323681066465447,0.6842105263157895,0.3805256869772998,0.3872663551401869,0.49761989162910825,0.0,1.0,0.9831715210355987,0.6102150537634409,0.8333333333333334,0.3870967741935484,0.41916167664670656
ridge,0.650694837452053,0.7631578947368421,0.538231780167264,0.5432242990654206,0.662100572238821,0.7692307692307693,0.5549703752468729,0.5585760517799353,0.5620967741935483,0.75,0.37419354838709673,0.40119760479041916
