,all,all,all,all,no revasc,no revasc,no revasc,no revasc,with revasc,with revasc,with revasc,with revasc
,Test AUC,Sensitivity,Specificity,Accuracy,Test AUC,Sensitivity,Specificity,Accuracy,Test AUC,Sensitivity,Specificity,Accuracy
lasso,0.7314950980392156,0.8,0.6629901960784313,0.669392523364486,0.7433995404533604,0.7704918032786885,0.7163072776280324,0.7184466019417476,0.5115576102418208,0.8947368421052632,0.1283783783783784,0.2155688622754491
linreg,0.730575980392157,0.8,0.6611519607843137,0.6676401869158879,0.7390194865450046,0.7704918032786885,0.7075471698113207,0.7100323624595469,0.5453413940256046,0.8947368421052632,0.19594594594594594,0.2754491017964072
SVR10,0.5864583333333334,0.5375,0.6354166666666667,0.6308411214953271,0.595853033449693,0.5245901639344263,0.6671159029649596,0.6614886731391586,0.4482574679943101,0.0,1.0,0.8862275449101796
ridge,0.730575980392157,0.8,0.6611519607843137,0.6676401869158879,0.7390194865450046,0.7704918032786885,0.7075471698113207,0.7100323624595469,0.5453413940256046,0.8947368421052632,0.19594594594594594,0.2754491017964072
