,all,all,all,all,no revasc,no revasc,no revasc,no revasc,with revasc,with revasc,with revasc,with revasc
,Test AUC,Sensitivity,Specificity,Accuracy,Test AUC,Sensitivity,Specificity,Accuracy,Test AUC,Sensitivity,Specificity,Accuracy
lasso,0.7065962397032006,0.8421052631578947,0.5710872162485066,0.5771028037383178,0.695675292449486,0.7692307692307693,0.6221198156682028,0.6245954692556634,0.5354838709677419,1.0,0.07096774193548383,0.1377245508982036
linreg,0.7376281204804125,0.7894736842105263,0.6857825567502986,0.6880841121495327,0.7300982427710538,0.7307692307692307,0.7294272547728768,0.7294498381877023,0.5873655913978494,0.9166666666666666,0.25806451612903225,0.30538922155688625
SVR10,0.6996950260957052,0.7894736842105263,0.6099163679808841,0.6139018691588785,0.6975110143312909,0.7307692307692307,0.6642527978933509,0.6653721682847896,0.49704301075268814,0.0,1.0,0.9281437125748503
ridge,0.7376281204804125,0.7894736842105263,0.6857825567502986,0.6880841121495327,0.7300982427710538,0.7307692307692307,0.7294272547728768,0.7294498381877023,0.5873655913978494,0.9166666666666666,0.25806451612903225,0.30538922155688625
