,all,all,all,all,no revasc,no revasc,no revasc,no revasc,with revasc,with revasc,with revasc,with revasc
,Test AUC,Sensitivity,Specificity,Accuracy,Test AUC,Sensitivity,Specificity,Accuracy,Test AUC,Sensitivity,Specificity,Accuracy
lasso,0.6793529522731561,0.7368421052631579,0.6218637992831542,0.6244158878504673,0.6782802451005217,0.6923076923076923,0.6642527978933509,0.6647249190938511,0.5198924731182796,0.8333333333333334,0.20645161290322578,0.25149700598802394
linreg,0.7098975036156701,0.868421052631579,0.5513739545997611,0.5584112149532711,0.7150453233402543,0.8461538461538461,0.5839368005266623,0.5883495145631068,0.5744623655913978,0.9166666666666666,0.23225806451612907,0.281437125748503
SVR10,0.5071684587813621,1.0,0.014336917562724039,0.036214953271028034,0.5049374588545095,1.0,0.009874917709019049,0.026537216828478965,0.5290322580645161,1.0,0.058064516129032295,0.12574850299401197
ridge,0.7095988178331134,0.868421052631579,0.5507765830346476,0.5578271028037384,0.7147161594166203,0.8461538461538461,0.5832784726793943,0.5877022653721683,0.5744623655913978,0.9166666666666666,0.23225806451612907,0.281437125748503
