,all,all,all,all,no revasc,no revasc,no revasc,no revasc,with revasc,with revasc,with revasc,with revasc
,Test AUC,Sensitivity,Specificity,Accuracy,Test AUC,Sensitivity,Specificity,Accuracy,Test AUC,Sensitivity,Specificity,Accuracy
lasso,0.6878245406046236,0.56,0.8156490812092472,0.8119158878504673,0.7029411764705882,0.5333333333333333,0.8725490196078431,0.8692556634304207,0.4305732484076433,0.0,1.0,0.9401197604790419
linreg,0.6790989922940129,0.44,0.918197984588026,0.9112149532710281,0.6741830065359476,0.4,0.9483660130718954,0.943042071197411,0.5621019108280255,0.5,0.6242038216560509,0.6167664670658682
SVR10,0.5717012448132779,0.16,0.983402489626556,0.9713785046728972,0.592483660130719,0.2,0.984967320261438,0.9773462783171522,0.5340764331210192,0.1,0.9681528662420382,0.9161676646706587
ridge,0.6788026081802014,0.44,0.917605216360403,0.9106308411214953,0.6741830065359476,0.4,0.9483660130718954,0.943042071197411,0.5589171974522292,0.5,0.6178343949044586,0.6107784431137725
