,all,all,all,all,no revasc,no revasc,no revasc,no revasc,with revasc,with revasc,with revasc,with revasc
,Test AUC,Sensitivity,Specificity,Accuracy,Test AUC,Sensitivity,Specificity,Accuracy,Test AUC,Sensitivity,Specificity,Accuracy
lasso,0.6877760200382308,0.6602564102564102,0.7152956298200515,0.7102803738317757,0.6833239436619718,0.592,0.7746478873239436,0.7598705501618123,0.5155360531309298,0.9354838709677419,0.09558823529411764,0.25149700598802394
linreg,0.6708440445586976,0.5833333333333334,0.7583547557840618,0.7424065420560748,0.6664647887323945,0.528,0.8049295774647888,0.7825242718446602,0.5392552182163188,0.8064516129032258,0.2720588235294118,0.3712574850299401
SVR10,0.5032051282051282,0.00641025641025641,1.0,0.9094626168224299,0.5,0.0,1.0,0.919093851132686,0.5161290322580645,0.03225806451612903,1.0,0.8203592814371258
ridge,0.6708440445586976,0.5833333333333334,0.7583547557840618,0.7424065420560748,0.6664647887323945,0.528,0.8049295774647888,0.7825242718446602,0.5392552182163188,0.8064516129032258,0.2720588235294118,0.3712574850299401
