,all,all,all,all,no revasc,no revasc,no revasc,no revasc,with revasc,with revasc,with revasc,with revasc
,Test AUC,Sensitivity,Specificity,Accuracy,Test AUC,Sensitivity,Specificity,Accuracy,Test AUC,Sensitivity,Specificity,Accuracy
lasso,0.671078431372549,0.7,0.642156862745098,0.6448598130841121,0.6806261322964077,0.7049180327868853,0.65633423180593,0.658252427184466,0.5921052631578947,0.6842105263157895,0.5,0.5209580838323353
linreg,0.6607843137254903,0.775,0.5465686274509804,0.5572429906542056,0.6751137819804692,0.7868852459016393,0.5633423180592991,0.572168284789644,0.5576102418207681,0.7368421052631579,0.3783783783783784,0.41916167664670656
SVR10,0.5480392156862745,0.7125,0.383578431372549,0.3989485981308411,0.5271033096195484,0.6721311475409836,0.3820754716981132,0.3935275080906149,0.6203769559032717,0.8421052631578947,0.3986486486486487,0.4491017964071856
ridge,0.6607843137254903,0.775,0.5465686274509804,0.5572429906542056,0.6751137819804692,0.7868852459016393,0.5633423180592991,0.572168284789644,0.5576102418207681,0.7368421052631579,0.3783783783783784,0.41916167664670656
