,all,all,all,all,no revasc,no revasc,no revasc,no revasc,with revasc,with revasc,with revasc,with revasc
,Test AUC,Sensitivity,Specificity,Accuracy,Test AUC,Sensitivity,Specificity,Accuracy,Test AUC,Sensitivity,Specificity,Accuracy
lasso,0.6191578333171253,0.5461538461538461,0.6921618204804045,0.6810747663551402,0.6237864077669903,0.5436893203883495,0.7038834951456311,0.6932038834951456,0.5634920634920635,0.5555555555555556,0.5714285714285714,0.5688622754491018
linreg,0.6355489643100263,0.6307692307692307,0.6403286978508218,0.6396028037383178,0.6418169209431345,0.6310679611650486,0.6525658807212205,0.6511326860841424,0.571957671957672,0.6296296296296297,0.5142857142857142,0.5329341317365269
SVR10,0.48738208693960905,0.0,1.0,0.9240654205607477,0.4944521497919556,0.0,1.0,0.9333333333333333,0.4375661375661375,0.0,1.0,0.8383233532934131
ridge,0.6355489643100263,0.6307692307692307,0.6403286978508218,0.6396028037383178,0.6418169209431345,0.6310679611650486,0.6525658807212205,0.6511326860841424,0.571957671957672,0.6296296296296297,0.5142857142857142,0.5329341317365269
