,all,all,all,all,no revasc,no revasc,no revasc,no revasc,with revasc,with revasc,with revasc,with revasc
,Test AUC,Sensitivity,Specificity,Accuracy,Test AUC,Sensitivity,Specificity,Accuracy,Test AUC,Sensitivity,Specificity,Accuracy
lasso,0.685437129242439,0.6692307692307692,0.7016434892541088,0.6991822429906542,0.6816920943134535,0.6019417475728155,0.7614424410540915,0.7508090614886731,0.5058201058201058,0.9259259259259259,0.08571428571428574,0.2215568862275449
linreg,0.6826412525527571,0.6307692307692307,0.7345132743362832,0.7266355140186916,0.6723300970873787,0.5631067961165048,0.7815533980582524,0.7669902912621359,0.5694444444444444,0.8888888888888888,0.25,0.3532934131736527
SVR10,0.5035300982203638,0.007692307692307693,0.9993678887484198,0.9240654205607477,0.5045076282940361,0.009708737864077669,0.9993065187239945,0.9333333333333333,0.5,0.0,1.0,0.8383233532934131
ridge,0.6826412525527571,0.6307692307692307,0.7345132743362832,0.7266355140186916,0.6723300970873787,0.5631067961165048,0.7815533980582524,0.7669902912621359,0.5694444444444444,0.8888888888888888,0.25,0.3532934131736527
