,all,all,all,all,no revasc,no revasc,no revasc,no revasc,with revasc,with revasc,with revasc,with revasc
,Test AUC,Sensitivity,Specificity,Accuracy,Test AUC,Sensitivity,Specificity,Accuracy,Test AUC,Sensitivity,Specificity,Accuracy
lasso,0.6832279237573623,0.7210884353741497,0.645367412140575,0.6518691588785047,0.6850175967823027,0.6837606837606838,0.6862745098039216,0.686084142394822,0.5428223844282238,0.8666666666666667,0.21897810218978098,0.33532934131736525
linreg,0.6923018408641411,0.8095238095238095,0.5750798722044728,0.5952102803738317,0.6917600373482726,0.7777777777777778,0.6057422969187676,0.6187702265372168,0.594403892944039,0.9333333333333333,0.25547445255474455,0.3772455089820359
SVR10,0.5039468822672839,0.9931972789115646,0.014696485623003186,0.09871495327102804,0.5052521008403361,1.0,0.010504201680672232,0.0854368932038835,0.5125304136253042,0.9666666666666667,0.058394160583941646,0.2215568862275449
ridge,0.6919823520462498,0.8095238095238095,0.5744408945686901,0.594626168224299,0.6914098972922503,0.7777777777777778,0.6050420168067228,0.6181229773462783,0.594403892944039,0.9333333333333333,0.25547445255474455,0.3772455089820359
