,all,all,all,all,no revasc,no revasc,no revasc,no revasc,with revasc,with revasc,with revasc,with revasc
,Test AUC,Sensitivity,Specificity,Accuracy,Test AUC,Sensitivity,Specificity,Accuracy,Test AUC,Sensitivity,Specificity,Accuracy
lasso,0.7591938352104327,0.96,0.5583876704208655,0.5642523364485982,0.7728758169934641,0.9333333333333333,0.6124183006535948,0.6155339805825243,0.5159235668789809,1.0,0.031847133757961776,0.08982035928143713
linreg,0.7645287492590398,0.96,0.5690574985180794,0.5747663551401869,0.7702614379084968,0.9333333333333333,0.6071895424836602,0.6103559870550161,0.5987261146496815,1.0,0.197452229299363,0.24550898203592814
SVR10,0.581031416716064,0.2,0.9620628334321281,0.9509345794392523,0.6133986928104574,0.26666666666666666,0.9601307189542484,0.9533980582524272,0.5404458598726115,0.1,0.9808917197452229,0.9281437125748503
ridge,0.7645287492590398,0.96,0.5690574985180794,0.5747663551401869,0.7702614379084968,0.9333333333333333,0.6071895424836602,0.6103559870550161,0.5987261146496815,1.0,0.197452229299363,0.24550898203592814
