,all,all,all,all,no revasc,no revasc,no revasc,no revasc,with revasc,with revasc,with revasc,with revasc
,Test AUC,Sensitivity,Specificity,Accuracy,Test AUC,Sensitivity,Specificity,Accuracy,Test AUC,Sensitivity,Specificity,Accuracy
lasso,0.7442442205097806,0.84,0.6484884410195614,0.6512850467289719,0.7509803921568627,0.8,0.7019607843137254,0.7029126213592233,0.5136942675159235,0.9,0.1273885350318471,0.17365269461077845
linreg,0.7636514522821576,0.88,0.6473029045643153,0.6507009345794392,0.7467320261437909,0.8,0.6934640522875817,0.6944983818770226,0.5987261146496815,1.0,0.197452229299363,0.24550898203592814
SVR10,0.6356490812092472,0.64,0.6312981624184943,0.6314252336448598,0.6647058823529411,0.6666666666666666,0.6627450980392157,0.6627831715210356,0.4624203821656051,0.0,1.0,0.9401197604790419
ridge,0.7636514522821576,0.88,0.6473029045643153,0.6507009345794392,0.7467320261437909,0.8,0.6934640522875817,0.6944983818770226,0.5987261146496815,1.0,0.197452229299363,0.24550898203592814
