,all,all,all,all,no revasc,no revasc,no revasc,no revasc,with revasc,with revasc,with revasc,with revasc
,Test AUC,Sensitivity,Specificity,Accuracy,Test AUC,Sensitivity,Specificity,Accuracy,Test AUC,Sensitivity,Specificity,Accuracy
lasso,0.6902175566712307,0.7619047619047619,0.6185303514376996,0.6308411214953271,0.6897848883143002,0.7094017094017094,0.6701680672268908,0.6731391585760518,0.5234793187347933,0.9666666666666667,0.08029197080291972,0.23952095808383234
linreg,0.685262219903936,0.5986394557823129,0.771884984025559,0.7570093457943925,0.6889140271493213,0.5641025641025641,0.8137254901960784,0.7948220064724919,0.5345498783454987,0.7333333333333333,0.33576642335766427,0.40718562874251496
SVR10,0.506896177001152,0.027210884353741496,0.9865814696485623,0.9042056074766355,0.5025946275946276,0.017094017094017096,0.9880952380952381,0.9145631067961165,0.5187347931873479,0.06666666666666667,0.9708029197080292,0.8083832335329342
ridge,0.680750255373715,0.6394557823129252,0.7220447284345048,0.7149532710280374,0.6754740357681535,0.5897435897435898,0.761204481792717,0.7482200647249191,0.5736009732360097,0.8333333333333334,0.3138686131386861,0.40718562874251496
