,all,all,all,all,no revasc,no revasc,no revasc,no revasc,with revasc,with revasc,with revasc,with revasc
,Test AUC,Sensitivity,Specificity,Accuracy,Test AUC,Sensitivity,Specificity,Accuracy,Test AUC,Sensitivity,Specificity,Accuracy
lasso,0.7256492485694523,0.7368421052631579,0.7144563918757467,0.7149532710280374,0.7345672760419304,0.6923076923076923,0.7768268597761685,0.7754045307443366,0.46827956989247316,0.0,1.0,0.9281437125748503
linreg,0.7142834685279507,0.7105263157894737,0.7180406212664276,0.717873831775701,0.6947890818858561,0.6153846153846154,0.7741935483870968,0.7715210355987056,0.5422043010752688,0.9166666666666666,0.16774193548387095,0.2215568862275449
SVR10,0.5616235930327611,0.15789473684210525,0.965352449223417,0.947429906542056,0.5823289613612195,0.19230769230769232,0.9723502304147466,0.9592233009708738,0.49005376344086016,0.0,1.0,0.9281437125748503
ridge,0.7175690121360749,0.7105263157894737,0.7246117084826762,0.7242990654205608,0.6977515571985619,0.6153846153846154,0.7801184990125083,0.7773462783171521,0.5486559139784946,0.9166666666666666,0.1806451612903226,0.23353293413173654
