,all,all,all,all,no revasc,no revasc,no revasc,no revasc,with revasc,with revasc,with revasc,with revasc
,Test AUC,Sensitivity,Specificity,Accuracy,Test AUC,Sensitivity,Specificity,Accuracy,Test AUC,Sensitivity,Specificity,Accuracy
lasso,0.7373161764705881,0.8625,0.6121323529411764,0.6238317757009346,0.7444047987274093,0.819672131147541,0.6691374663072776,0.6750809061488673,0.5202702702702703,1.0,0.04054054054054057,0.1497005988023952
linreg,0.7240196078431373,0.85,0.5980392156862745,0.6098130841121495,0.7274479695992223,0.8032786885245902,0.6516172506738545,0.6576051779935275,0.5304054054054055,1.0,0.060810810810810856,0.16766467065868262
SVR10,0.4944852941176471,0.0,1.0,0.9532710280373832,0.4942722371967655,0.0,1.0,0.9605177993527508,0.4966216216216216,0.0,1.0,0.8862275449101796
ridge,0.7405637254901961,0.6625,0.8186274509803921,0.8113317757009346,0.737914807122973,0.6065573770491803,0.8692722371967655,0.8588996763754045,0.5764580369843528,0.8421052631578947,0.31081081081081086,0.3712574850299401
