,all,all,all,all,no revasc,no revasc,no revasc,no revasc,with revasc,with revasc,with revasc,with revasc
,Test AUC,Sensitivity,Specificity,Accuracy,Test AUC,Sensitivity,Specificity,Accuracy,Test AUC,Sensitivity,Specificity,Accuracy
lasso,0.7088688946015425,0.75,0.6677377892030849,0.6752336448598131,0.7056197183098591,0.688,0.7232394366197183,0.7203883495145631,0.5441176470588236,1.0,0.08823529411764708,0.25748502994011974
linreg,0.7201239206380594,0.7435897435897436,0.6966580976863753,0.7009345794392523,0.7114788732394367,0.68,0.7429577464788732,0.7378640776699029,0.6066176470588236,1.0,0.21323529411764708,0.3592814371257485
SVR10,0.5246522971458705,0.07051282051282051,0.9787917737789203,0.8960280373831776,0.5199014084507042,0.056,0.9838028169014085,0.9087378640776699,0.5277514231499051,0.12903225806451613,0.9264705882352942,0.7784431137724551
ridge,0.7198108232812603,0.7371794871794872,0.7024421593830334,0.705607476635514,0.7106478873239437,0.672,0.7492957746478873,0.7430420711974111,0.6066176470588236,1.0,0.21323529411764708,0.3592814371257485
