,all,all,all,all,no revasc,no revasc,no revasc,no revasc,with revasc,with revasc,with revasc,with revasc
,Test AUC,Sensitivity,Specificity,Accuracy,Test AUC,Sensitivity,Specificity,Accuracy,Test AUC,Sensitivity,Specificity,Accuracy
lasso,0.6863799283154122,0.5,0.8727598566308243,0.8644859813084113,0.6750012660150909,0.4230769230769231,0.9269256089532587,0.9184466019417475,0.5043010752688172,0.6666666666666666,0.3419354838709677,0.3652694610778443
linreg,0.689083820662768,0.5263157894736842,0.8518518518518519,0.844626168224299,0.6823821339950372,0.46153846153846156,0.9032258064516129,0.8957928802588997,0.50752688172043,0.6666666666666666,0.34838709677419355,0.3712574850299401
SVR10,0.6002169401999622,0.2631578947368421,0.9372759856630825,0.9223130841121495,0.597938927432015,0.23076923076923078,0.9651086240947993,0.9527508090614887,0.4989247311827957,0.0,1.0,0.9281437125748503
ridge,0.6893825064453247,0.5263157894736842,0.8524492234169654,0.8452102803738317,0.6827112979186712,0.46153846153846156,0.9038841342988808,0.8964401294498382,0.50752688172043,0.6666666666666666,0.34838709677419355,0.3712574850299401
