,all,all,all,all,no revasc,no revasc,no revasc,no revasc,with revasc,with revasc,with revasc,with revasc
,Test AUC,Sensitivity,Specificity,Accuracy,Test AUC,Sensitivity,Specificity,Accuracy,Test AUC,Sensitivity,Specificity,Accuracy
lasso,0.6821161139745209,0.6461538461538462,0.7180783817951959,0.7126168224299065,0.6723300970873787,0.5728155339805825,0.7718446601941747,0.7585760517799353,0.5451058201058201,0.9259259259259259,0.16428571428571426,0.2874251497005988
linreg,0.7066177185646213,0.7153846153846154,0.6978508217446271,0.6991822429906542,0.6997226074895978,0.6504854368932039,0.7489597780859917,0.7423948220064724,0.5671957671957671,0.9629629629629629,0.17142857142857137,0.2994011976047904
SVR10,0.4964699017796363,0.0,1.0,0.9240654205607477,0.5003467406380028,1.0,0.0006934812760055475,0.06731391585760518,0.48148148148148145,0.0,1.0,0.8383233532934131
ridge,0.7007731206846252,0.7384615384615385,0.6630847029077118,0.6688084112149533,0.7021497919556172,0.6893203883495146,0.7149791955617198,0.7132686084142394,0.5272486772486772,0.9259259259259259,0.12857142857142856,0.25748502994011974
