,all,all,all,all,no revasc,no revasc,no revasc,no revasc,with revasc,with revasc,with revasc,with revasc
,Test AUC,Sensitivity,Specificity,Accuracy,Test AUC,Sensitivity,Specificity,Accuracy,Test AUC,Sensitivity,Specificity,Accuracy
lasso,0.6707190357439735,0.5833333333333334,0.7581047381546134,0.7470794392523364,0.6688178351422704,0.5238095238095238,0.8138261464750172,0.7980582524271844,0.49023892773892774,0.0,1.0,0.8562874251497006
linreg,0.6621640343585481,0.6111111111111112,0.713216957605985,0.7067757009345794,0.6526596264789283,0.5476190476190477,0.757700205338809,0.7462783171521036,0.5460372960372961,0.8333333333333334,0.25874125874125875,0.3413173652694611
SVR10,0.6403782211138819,0.6666666666666666,0.6140897755610972,0.6174065420560748,0.6387503666764447,0.6190476190476191,0.6584531143052703,0.6563106796116505,0.49708624708624716,0.0,1.0,0.8562874251497006
ridge,0.6621640343585481,0.6111111111111112,0.713216957605985,0.7067757009345794,0.6526596264789283,0.5476190476190477,0.757700205338809,0.7462783171521036,0.5460372960372961,0.8333333333333334,0.25874125874125875,0.3413173652694611
