,all,all,all,all,no revasc,no revasc,no revasc,no revasc,with revasc,with revasc,with revasc,with revasc
,Test AUC,Sensitivity,Specificity,Accuracy,Test AUC,Sensitivity,Specificity,Accuracy,Test AUC,Sensitivity,Specificity,Accuracy
lasso,0.6935645823824739,0.7142857142857143,0.6728434504792332,0.6764018691588785,0.6914547870430223,0.6581196581196581,0.7247899159663865,0.7197411003236246,0.532360097323601,0.9333333333333333,0.13138686131386856,0.2754491017964072
linreg,0.6951076916389559,0.6598639455782312,0.7303514376996805,0.7242990654205608,0.6835272570566688,0.5897435897435898,0.7773109243697479,0.7631067961165049,0.5871046228710463,0.9333333333333333,0.24087591240875916,0.3652694610778443
SVR10,0.5240703310078024,0.10884353741496598,0.939297124600639,0.8679906542056075,0.5260719672484379,0.10256410256410256,0.9495798319327731,0.8854368932038835,0.4827250608272506,0.0,1.0,0.8203592814371258
ridge,0.689396013996653,0.6190476190476191,0.7597444089456868,0.7476635514018691,0.6807889822595705,0.5555555555555556,0.8060224089635855,0.7870550161812297,0.5720194647201946,0.8666666666666667,0.2773722627737226,0.38323353293413176
