,all,all,all,all,no revasc,no revasc,no revasc,no revasc,with revasc,with revasc,with revasc,with revasc
,Test AUC,Sensitivity,Specificity,Accuracy,Test AUC,Sensitivity,Specificity,Accuracy,Test AUC,Sensitivity,Specificity,Accuracy
lasso,0.694070924790719,0.7628205128205128,0.6253213367609254,0.6378504672897196,0.6924929577464788,0.704,0.6809859154929577,0.6828478964401294,0.5220588235294117,1.0,0.044117647058823484,0.2215568862275449
linreg,0.7059933425614658,0.7371794871794872,0.6748071979434447,0.6804906542056075,0.7045633802816901,0.688,0.7211267605633802,0.7184466019417476,0.5633301707779885,0.9354838709677419,0.19117647058823528,0.32934131736526945
SVR10,0.5255915892162678,0.08974358974358974,0.961439588688946,0.8820093457943925,0.5347464788732395,0.104,0.9654929577464789,0.8957928802588997,0.47568785578747624,0.0,1.0,0.8143712574850299
ridge,0.7098576230966976,0.7307692307692307,0.6889460154241644,0.6927570093457944,0.7043098591549297,0.672,0.7366197183098592,0.7313915857605178,0.5794592030360531,0.967741935483871,0.19117647058823528,0.33532934131736525
