,all,all,all,all,no revasc,no revasc,no revasc,no revasc,with revasc,with revasc,with revasc,with revasc
,Test AUC,Sensitivity,Specificity,Accuracy,Test AUC,Sensitivity,Specificity,Accuracy,Test AUC,Sensitivity,Specificity,Accuracy
lasso,0.7276432606941081,0.8166666666666667,0.6386198547215496,0.6448598130841121,0.726665603155727,0.7608695652173914,0.6924616410940627,0.6944983818770226,0.5555555555555556,1.0,0.11111111111111116,0.18562874251497005
linreg,0.7551856335754641,0.8166666666666667,0.6937046004842615,0.6980140186915887,0.750348058125707,0.7608695652173914,0.7398265510340227,0.7404530744336569,0.6209150326797386,1.0,0.24183006535947715,0.30538922155688625
SVR10,0.4934826472962066,0.0,1.0,0.9649532710280374,0.4904646575978188,0.0,1.0,0.9702265372168285,0.5065359477124183,1.0,0.013071895424836555,0.09580838323353294
ridge,0.7328490718321227,0.6666666666666666,0.7990314769975787,0.794392523364486,0.7364982452069495,0.6304347826086957,0.8425617078052035,0.8362459546925566,0.5791316526610644,0.7857142857142857,0.37254901960784315,0.40718562874251496
