,all,all,all,all,no revasc,no revasc,no revasc,no revasc,with revasc,with revasc,with revasc,with revasc
,Test AUC,Sensitivity,Specificity,Accuracy,Test AUC,Sensitivity,Specificity,Accuracy,Test AUC,Sensitivity,Specificity,Accuracy
lasso,0.7107843137254902,0.75,0.6715686274509804,0.6752336448598131,0.7153296363395343,0.7049180327868853,0.7257412398921833,0.7249190938511327,0.5115576102418208,0.8947368421052632,0.1283783783783784,0.2155688622754491
linreg,0.7115808823529413,0.7375,0.6856617647058824,0.6880841121495327,0.7166773452344131,0.7049180327868853,0.7284366576819408,0.7275080906148867,0.5494310099573257,0.8421052631578947,0.2567567567567568,0.32335329341317365
SVR10,0.6700367647058824,0.625,0.7150735294117647,0.7108644859813084,0.6854646281649065,0.6229508196721312,0.7479784366576819,0.7430420711974111,0.508357041251778,0.631578947368421,0.3851351351351351,0.41317365269461076
ridge,0.7115808823529413,0.7375,0.6856617647058824,0.6880841121495327,0.7166773452344131,0.7049180327868853,0.7284366576819408,0.7275080906148867,0.5494310099573257,0.8421052631578947,0.2567567567567568,0.32335329341317365
