,all,all,all,all,no revasc,no revasc,no revasc,no revasc,with revasc,with revasc,with revasc,with revasc
,Test AUC,Sensitivity,Specificity,Accuracy,Test AUC,Sensitivity,Specificity,Accuracy,Test AUC,Sensitivity,Specificity,Accuracy
lasso,0.7013369354391799,0.6944444444444444,0.7082294264339153,0.7073598130841121,0.6980908379779016,0.6309523809523809,0.7652292950034223,0.7579288025889968,0.5212703962703963,0.9166666666666666,0.12587412587412583,0.23952095808383234
linreg,0.7152373695391152,0.6574074074074074,0.773067331670823,0.7657710280373832,0.7128801212476777,0.6071428571428571,0.8186173853524983,0.8071197411003236,0.5705128205128206,0.8333333333333334,0.3076923076923077,0.38323353293413176
SVR10,0.5129075459499399,0.037037037037037035,0.9887780548628429,0.9287383177570093,0.5144348293732277,0.03571428571428571,0.9931553730321697,0.9411003236245955,0.4928613053613054,0.0,1.0,0.8562874251497006
ridge,0.7161725316338783,0.6574074074074074,0.7749376558603491,0.7675233644859814,0.7139068152928523,0.6071428571428571,0.8206707734428473,0.8090614886731392,0.5705128205128206,0.8333333333333334,0.3076923076923077,0.38323353293413176
