,all,all,all,all,no revasc,no revasc,no revasc,no revasc,with revasc,with revasc,with revasc,with revasc
,Test AUC,Sensitivity,Specificity,Accuracy,Test AUC,Sensitivity,Specificity,Accuracy,Test AUC,Sensitivity,Specificity,Accuracy
lasso,0.6891467018801484,0.631578947368421,0.7467144563918757,0.7441588785046729,0.6916873449131513,0.5769230769230769,0.8064516129032258,0.8025889967637541,0.45564516129032256,0.0,1.0,0.9281437125748503
linreg,0.6867729359240395,0.6578947368421053,0.7156511350059738,0.7143691588785047,0.6891932951840787,0.6153846153846154,0.7630019749835418,0.7605177993527508,0.5008064516129032,0.75,0.25161290322580643,0.2874251497005988
SVR10,0.5802049927686599,0.2631578947368421,0.8972520908004779,0.883177570093458,0.5308401276143211,0.15384615384615385,0.9078341013824884,0.8951456310679612,0.6467741935483872,0.5,0.7935483870967742,0.7724550898203593
ridge,0.7059359869207068,0.7368421052631579,0.6750298685782556,0.6764018691588785,0.7069175064566768,0.6923076923076923,0.7215273206056616,0.7210355987055016,0.5263440860215054,0.8333333333333334,0.21935483870967742,0.2634730538922156
