,all,all,all,all,no revasc,no revasc,no revasc,no revasc,with revasc,with revasc,with revasc,with revasc
,Test AUC,Sensitivity,Specificity,Accuracy,Test AUC,Sensitivity,Specificity,Accuracy,Test AUC,Sensitivity,Specificity,Accuracy
lasso,0.6657261410788382,0.68,0.6514522821576764,0.6518691588785047,0.700326797385621,0.7333333333333333,0.6673202614379086,0.6679611650485436,0.5484076433121019,0.6,0.4968152866242038,0.5029940119760479
linreg,0.6346058091286307,0.68,0.5892116182572614,0.5905373831775701,0.6712418300653595,0.7333333333333333,0.6091503267973857,0.6103559870550161,0.49745222929936306,0.0,1.0,0.9401197604790419
SVR10,0.5655601659751037,0.6,0.5311203319502075,0.532126168224299,0.6689542483660131,0.8,0.5379084967320261,0.540453074433657,0.382484076433121,0.0,1.0,0.9401197604790419
ridge,0.6346058091286307,0.68,0.5892116182572614,0.5905373831775701,0.6712418300653595,0.7333333333333333,0.6091503267973857,0.6103559870550161,0.49745222929936306,0.0,1.0,0.9401197604790419
