,all,all,all,all,no revasc,no revasc,no revasc,no revasc,with revasc,with revasc,with revasc,with revasc
,Test AUC,Sensitivity,Specificity,Accuracy,Test AUC,Sensitivity,Specificity,Accuracy,Test AUC,Sensitivity,Specificity,Accuracy
lasso,0.7092915858501894,0.7870370370370371,0.6315461346633416,0.6413551401869159,0.7087488999706659,0.7261904761904762,0.6913073237508556,0.6932038834951456,0.5104895104895104,1.0,0.020979020979020935,0.16167664670658682
linreg,0.7223492195437332,0.7314814814814815,0.713216957605985,0.7143691588785047,0.7082844431407059,0.6547619047619048,0.7618069815195072,0.7559870550161812,0.6083916083916083,1.0,0.21678321678321677,0.32934131736526945
SVR10,0.5643068255287707,0.23148148148148148,0.8971321695760599,0.8551401869158879,0.5517747139923731,0.19047619047619047,0.9130732375085557,0.8737864077669902,0.5546328671328671,0.375,0.7342657342657343,0.6826347305389222
ridge,0.7312967581047382,0.75,0.7125935162094763,0.7149532710280374,0.7201892050454679,0.6785714285714286,0.7618069815195072,0.7572815533980582,0.6048951048951049,1.0,0.2097902097902098,0.32335329341317365
