,all,all,all,all,no revasc,no revasc,no revasc,no revasc,with revasc,with revasc,with revasc,with revasc
,Test AUC,Sensitivity,Specificity,Accuracy,Test AUC,Sensitivity,Specificity,Accuracy,Test AUC,Sensitivity,Specificity,Accuracy
lasso,0.6931051999630553,0.6574074074074074,0.7288029925187032,0.7242990654205608,0.6862594113620808,0.5833333333333334,0.7891854893908282,0.7779935275080906,0.5142773892773893,0.9166666666666666,0.11188811188811187,0.2275449101796407
linreg,0.6558026230719498,0.5740740740740741,0.7375311720698254,0.7272196261682243,0.6421971252566735,0.5,0.784394250513347,0.7689320388349514,0.5460372960372961,0.8333333333333334,0.25874125874125875,0.3413173652694611
SVR10,0.47027108155537084,0.0,1.0,0.9369158878504673,0.46996919917864477,0.0,1.0,0.945631067961165,0.5355477855477856,0.8333333333333334,0.23776223776223782,0.32335329341317365
ridge,0.6558026230719498,0.5740740740740741,0.7375311720698254,0.7272196261682243,0.6421971252566735,0.5,0.784394250513347,0.7689320388349514,0.5460372960372961,0.8333333333333334,0.25874125874125875,0.3413173652694611
