,all,all,all,all,no revasc,no revasc,no revasc,no revasc,with revasc,with revasc,with revasc,with revasc
,Test AUC,Sensitivity,Specificity,Accuracy,Test AUC,Sensitivity,Specificity,Accuracy,Test AUC,Sensitivity,Specificity,Accuracy
lasso,0.6210855528652138,0.2833333333333333,0.9588377723970944,0.9351635514018691,0.578617629144067,0.17391304347826086,0.9833222148098733,0.9592233009708738,0.680905695611578,0.6428571428571429,0.7189542483660131,0.7125748502994012
linreg,0.6231033091202582,0.36666666666666664,0.8795399515738499,0.8615654205607477,0.6019447747773878,0.2826086956521739,0.9212808539026017,0.9022653721682848,0.5567226890756303,0.6428571428571429,0.47058823529411764,0.48502994011976047
SVR10,0.5166666666666667,0.03333333333333333,1.0,0.9661214953271028,0.5108695652173914,0.021739130434782608,1.0,0.970873786407767,0.5357142857142857,0.07142857142857142,1.0,0.9221556886227545
ridge,0.6231033091202582,0.36666666666666664,0.8795399515738499,0.8615654205607477,0.6019447747773878,0.2826086956521739,0.9212808539026017,0.9022653721682848,0.5567226890756303,0.6428571428571429,0.47058823529411764,0.48502994011976047
