,all,all,all,all,no revasc,no revasc,no revasc,no revasc,with revasc,with revasc,with revasc,with revasc
,Test AUC,Sensitivity,Specificity,Accuracy,Test AUC,Sensitivity,Specificity,Accuracy,Test AUC,Sensitivity,Specificity,Accuracy
lasso,0.7236514522821577,0.8,0.6473029045643153,0.6495327102803738,0.7856209150326797,0.8666666666666667,0.7045751633986927,0.7061488673139159,0.39458598726114646,0.0,1.0,0.9401197604790419
linreg,0.7410077059869592,0.68,0.8020154119739182,0.8002336448598131,0.7565359477124182,0.6666666666666666,0.8464052287581699,0.8446601941747572,0.5347133757961784,0.7,0.3694267515923567,0.38922155688622756
SVR10,0.5773206876111441,0.24,0.9146413752222881,0.9047897196261683,0.5604575163398693,0.2,0.9209150326797386,0.913915857605178,0.5767515923566879,0.3,0.8535031847133758,0.8203592814371258
ridge,0.7365619442797867,0.68,0.7931238885595733,0.7914719626168224,0.7529411764705882,0.6666666666666666,0.8392156862745098,0.8375404530744337,0.5219745222929937,0.7,0.3439490445859873,0.3652694610778443
