,all,all,all,all,no revasc,no revasc,no revasc,no revasc,with revasc,with revasc,with revasc,with revasc
,Test AUC,Sensitivity,Specificity,Accuracy,Test AUC,Sensitivity,Specificity,Accuracy,Test AUC,Sensitivity,Specificity,Accuracy
lasso,0.6948846129661069,0.7368421052631579,0.6529271206690561,0.6547897196261683,0.697700916594926,0.6923076923076923,0.7030941408821594,0.7029126213592233,0.49731182795698925,0.0,1.0,0.9281437125748503
linreg,0.7388385839149847,0.8157894736842105,0.6618876941457587,0.665303738317757,0.7378082746746341,0.7692307692307693,0.706385780118499,0.7074433656957929,0.5712365591397849,0.9166666666666666,0.22580645161290325,0.2754491017964072
SVR10,0.5356536502546688,0.18421052631578946,0.8870967741935484,0.8714953271028038,0.5395376512888034,0.19230769230769232,0.8867676102699145,0.8750809061488674,0.528494623655914,0.16666666666666666,0.8903225806451613,0.8383233532934131
ridge,0.7388385839149847,0.8157894736842105,0.6618876941457587,0.665303738317757,0.7378082746746341,0.7692307692307693,0.706385780118499,0.7074433656957929,0.5712365591397849,0.9166666666666666,0.22580645161290325,0.2754491017964072
