,all,all,all,all,no revasc,no revasc,no revasc,no revasc,with revasc,with revasc,with revasc,with revasc
,Test AUC,Sensitivity,Specificity,Accuracy,Test AUC,Sensitivity,Specificity,Accuracy,Test AUC,Sensitivity,Specificity,Accuracy
lasso,0.6704722783682163,0.5850340136054422,0.7559105431309904,0.7412383177570093,0.6519966961143432,0.5042735042735043,0.7997198879551821,0.7773462783171521,0.5996350364963503,0.9,0.2992700729927007,0.40718562874251496
linreg,0.6914259633565887,0.6122448979591837,0.7706070287539937,0.7570093457943925,0.6771439344968756,0.5384615384615384,0.8158263305322129,0.7948220064724919,0.5996350364963503,0.9,0.2992700729927007,0.40718562874251496
SVR10,0.5,0.0,1.0,0.9141355140186916,0.5,0.0,1.0,0.9242718446601942,0.5,0.0,1.0,0.8203592814371258
ridge,0.700219512725218,0.6598639455782312,0.7405750798722045,0.7336448598130841,0.6877289377289377,0.5897435897435898,0.7857142857142857,0.7708737864077669,0.6017031630170316,0.9333333333333333,0.27007299270072993,0.38922155688622756
