,all,all,all,all,no revasc,no revasc,no revasc,no revasc,with revasc,with revasc,with revasc,with revasc
,Test AUC,Sensitivity,Specificity,Accuracy,Test AUC,Sensitivity,Specificity,Accuracy,Test AUC,Sensitivity,Specificity,Accuracy
lasso,0.7072786896051677,0.7371794871794872,0.6773778920308483,0.6828271028037384,0.7080845070422535,0.688,0.728169014084507,0.7249190938511327,0.5412713472485768,0.9354838709677419,0.1470588235294118,0.2934131736526946
linreg,0.7132687364049832,0.8269230769230769,0.5996143958868895,0.6203271028037384,0.7092535211267605,0.784,0.6345070422535211,0.6466019417475728,0.6176470588235294,1.0,0.23529411764705888,0.3772455089820359
SVR10,0.5400270252455343,0.10897435897435898,0.9710796915167095,0.8925233644859814,0.5389718309859155,0.104,0.973943661971831,0.9035598705501618,0.5351043643263756,0.12903225806451613,0.9411764705882353,0.7904191616766467
ridge,0.7132687364049832,0.8269230769230769,0.5996143958868895,0.6203271028037384,0.7092535211267605,0.784,0.6345070422535211,0.6466019417475728,0.6176470588235294,1.0,0.23529411764705888,0.3772455089820359
