,all,all,all,all,no revasc,no revasc,no revasc,no revasc,with revasc,with revasc,with revasc,with revasc
,Test AUC,Sensitivity,Specificity,Accuracy,Test AUC,Sensitivity,Specificity,Accuracy,Test AUC,Sensitivity,Specificity,Accuracy
lasso,0.5864148704765672,0.2692307692307692,0.903598971722365,0.8457943925233645,0.5834788732394366,0.224,0.9429577464788732,0.884789644012945,0.47212998102466797,0.0,1.0,0.8143712574850299
linreg,0.6412563443411772,0.6025641025641025,0.6799485861182519,0.6728971962616822,0.6299718309859155,0.536,0.7239436619718309,0.7087378640776699,0.5457779886148008,0.8709677419354839,0.22058823529411764,0.3413173652694611
SVR10,0.5963021554281194,0.3269230769230769,0.865681233933162,0.8165887850467289,0.5942535211267606,0.304,0.8845070422535212,0.8375404530744337,0.5442362428842505,0.41935483870967744,0.6691176470588236,0.6227544910179641
ridge,0.6412563443411772,0.6025641025641025,0.6799485861182519,0.6728971962616822,0.6299718309859155,0.536,0.7239436619718309,0.7087378640776699,0.5457779886148008,0.8709677419354839,0.22058823529411764,0.3413173652694611
