,all,all,all,all,no revasc,no revasc,no revasc,no revasc,with revasc,with revasc,with revasc,with revasc
,Test AUC,Sensitivity,Specificity,Accuracy,Test AUC,Sensitivity,Specificity,Accuracy,Test AUC,Sensitivity,Specificity,Accuracy
lasso,0.7218731475992887,0.8,0.6437462951985773,0.6460280373831776,0.6866013071895425,0.6666666666666666,0.7065359477124182,0.7061488673139159,0.5159235668789809,1.0,0.031847133757961776,0.08982035928143713
linreg,0.7279430942501481,0.84,0.6158861885002964,0.6191588785046729,0.7029411764705883,0.7333333333333333,0.6725490196078432,0.6731391585760518,0.5318471337579618,1.0,0.06369426751592355,0.11976047904191617
SVR10,0.5514048606994665,0.12,0.982809721398933,0.9702102803738317,0.5611111111111111,0.13333333333333333,0.9888888888888889,0.9805825242718447,0.5117834394904459,0.1,0.9235668789808917,0.874251497005988
ridge,0.7463070539419087,0.92,0.5726141078838174,0.5776869158878505,0.7454248366013072,0.8666666666666667,0.6241830065359477,0.626537216828479,0.535031847133758,1.0,0.07006369426751591,0.12574850299401197
