,all,all,all,all,no revasc,no revasc,no revasc,no revasc,with revasc,with revasc,with revasc,with revasc
,Test AUC,Sensitivity,Specificity,Accuracy,Test AUC,Sensitivity,Specificity,Accuracy,Test AUC,Sensitivity,Specificity,Accuracy
lasso,0.7797585361252595,0.8157894736842105,0.7437275985663083,0.7453271028037384,0.7884995189142654,0.7692307692307693,0.8077682685977616,0.8071197411003236,0.5163978494623656,0.9166666666666666,0.11612903225806448,0.17365269461077845
linreg,0.8096428346852795,0.8421052631578947,0.7771804062126643,0.7786214953271028,0.8120094191522763,0.8076923076923077,0.8163265306122449,0.8161812297734627,0.6551075268817204,0.9166666666666666,0.3935483870967742,0.4311377245508982
SVR10,0.756995535433566,0.7105263157894737,0.8034647550776584,0.8014018691588785,0.7387071453891729,0.6538461538461539,0.8235681369321922,0.8207119741100324,0.7198924731182796,0.8333333333333334,0.6064516129032258,0.6227544910179641
ridge,0.8108375778155065,0.8421052631578947,0.7795698924731183,0.7809579439252337,0.8133260748468122,0.8076923076923077,0.8189598420013167,0.8187702265372169,0.6551075268817204,0.9166666666666666,0.3935483870967742,0.4311377245508982
