,all,all,all,all,no revasc,no revasc,no revasc,no revasc,with revasc,with revasc,with revasc,with revasc
,Test AUC,Sensitivity,Specificity,Accuracy,Test AUC,Sensitivity,Specificity,Accuracy,Test AUC,Sensitivity,Specificity,Accuracy
lasso,0.6646971734376486,0.5876288659793815,0.7417654808959157,0.7242990654205608,0.6514482644688779,0.5031847133757962,0.7997118155619597,0.7695792880258899,0.5345114345114346,0.9459459459459459,0.12307692307692308,0.30538922155688625
linreg,0.6440548469907502,0.4896907216494845,0.7984189723320159,0.7634345794392523,0.6309403623414527,0.42038216560509556,0.8414985590778098,0.7987055016181229,0.5611226611226612,0.7837837837837838,0.3384615384615385,0.437125748502994
SVR10,0.5099798975863521,0.020618556701030927,0.9993412384716732,0.8884345794392523,0.5063694267515924,0.012738853503184714,1.0,0.8996763754045307,0.5231808731808731,0.05405405405405406,0.9923076923076923,0.7844311377245509
ridge,0.641148146638958,0.4845360824742268,0.7977602108036891,0.7622663551401869,0.6273954184181061,0.4140127388535032,0.840778097982709,0.7974110032362459,0.5611226611226612,0.7837837837837838,0.3384615384615385,0.437125748502994
