,all,all,all,all,no revasc,no revasc,no revasc,no revasc,with revasc,with revasc,with revasc,with revasc
,Test AUC,Sensitivity,Specificity,Accuracy,Test AUC,Sensitivity,Specificity,Accuracy,Test AUC,Sensitivity,Specificity,Accuracy
lasso,0.6274822203749884,0.5648148148148148,0.690149625935162,0.6822429906542056,0.6368436491639777,0.5714285714285714,0.702258726899384,0.6951456310679611,0.5540501165501165,0.5416666666666666,0.5664335664335665,0.562874251497006
linreg,0.6429643483882885,0.6481481481481481,0.6377805486284289,0.6384345794392523,0.6587953456536619,0.6666666666666666,0.6509240246406571,0.6517799352750809,0.5434149184149185,0.5833333333333334,0.5034965034965035,0.5149700598802395
SVR10,0.49781795511221943,0.0,1.0,0.9369158878504673,0.5009411362080767,0.75,0.25188227241615335,0.2789644012944984,0.4659090909090909,0.0,1.0,0.8562874251497006
ridge,0.6429643483882885,0.6481481481481481,0.6377805486284289,0.6384345794392523,0.6587953456536619,0.6666666666666666,0.6509240246406571,0.6517799352750809,0.5434149184149185,0.5833333333333334,0.5034965034965035,0.5149700598802395
