,all,all,all,all,no revasc,no revasc,no revasc,no revasc,with revasc,with revasc,with revasc,with revasc
,Test AUC,Sensitivity,Specificity,Accuracy,Test AUC,Sensitivity,Specificity,Accuracy,Test AUC,Sensitivity,Specificity,Accuracy
lasso,0.69634940426711,0.6944444444444444,0.6982543640897756,0.6980140186915887,0.6946685244939865,0.6309523809523809,0.7583846680355921,0.7514563106796116,0.5002913752913752,0.9166666666666666,0.08391608391608396,0.20359281437125748
linreg,0.7042347834118408,0.6759259259259259,0.7325436408977556,0.7289719626168224,0.6933729343893615,0.6071428571428571,0.7796030116358659,0.7702265372168284,0.5842074592074592,0.9166666666666666,0.2517482517482518,0.3473053892215569
SVR10,0.5043179089313753,0.009259259259259259,0.9993765586034913,0.9369158878504673,0.5056101496039894,0.011904761904761904,0.999315537303217,0.945631067961165,0.5,0.0,1.0,0.8562874251497006
ridge,0.7042347834118408,0.6759259259259259,0.7325436408977556,0.7289719626168224,0.6933729343893615,0.6071428571428571,0.7796030116358659,0.7702265372168284,0.5842074592074592,0.9166666666666666,0.2517482517482518,0.3473053892215569
