,all,all,all,all,no revasc,no revasc,no revasc,no revasc,with revasc,with revasc,with revasc,with revasc
,Test AUC,Sensitivity,Specificity,Accuracy,Test AUC,Sensitivity,Specificity,Accuracy,Test AUC,Sensitivity,Specificity,Accuracy
lasso,0.7096956682368154,0.7685185185185185,0.6508728179551122,0.6582943925233645,0.7057421531240833,0.7023809523809523,0.7091033538672142,0.7087378640776699,0.5279720279720279,1.0,0.05594405594405594,0.19161676646706588
linreg,0.7404752008866723,0.7222222222222222,0.7587281795511223,0.7564252336448598,0.7357973990417521,0.6666666666666666,0.8049281314168377,0.7974110032362459,0.6016899766899766,0.9166666666666666,0.28671328671328666,0.3772455089820359
SVR10,0.5146855084510945,0.05555555555555555,0.9738154613466334,0.9158878504672897,0.5108047325706464,0.047619047619047616,0.973990417522245,0.9236245954692557,0.5276806526806527,0.08333333333333333,0.972027972027972,0.844311377245509
ridge,0.7430036021058465,0.7777777777777778,0.7082294264339153,0.7126168224299065,0.7405764153710765,0.7261904761904762,0.7549623545516769,0.7533980582524272,0.594551282051282,0.9583333333333334,0.23076923076923073,0.33532934131736525
