,all,all,all,all,no revasc,no revasc,no revasc,no revasc,with revasc,with revasc,with revasc,with revasc
,Test AUC,Sensitivity,Specificity,Accuracy,Test AUC,Sensitivity,Specificity,Accuracy,Test AUC,Sensitivity,Specificity,Accuracy
lasso,0.6877760200382308,0.6602564102564102,0.7152956298200515,0.7102803738317757,0.6833239436619718,0.592,0.7746478873239436,0.7598705501618123,0.5155360531309298,0.9354838709677419,0.09558823529411764,0.25149700598802394
linreg,0.660899083778261,0.5705128205128205,0.7512853470437018,0.7348130841121495,0.6624647887323944,0.52,0.8049295774647888,0.7818770226537217,0.482685009487666,0.0,1.0,0.8143712574850299
SVR10,0.5089397534770286,0.04487179487179487,0.9730077120822622,0.8884345794392523,0.5142676056338028,0.056,0.9725352112676057,0.8983818770226537,0.4889705882352941,0.0,1.0,0.8143712574850299
ridge,0.6592923999736338,0.5705128205128205,0.7480719794344473,0.731892523364486,0.6610563380281691,0.52,0.8021126760563381,0.7792880258899676,0.47900853889943074,0.0,1.0,0.8143712574850299
