,all,all,all,all,no revasc,no revasc,no revasc,no revasc,with revasc,with revasc,with revasc,with revasc
,Test AUC,Sensitivity,Specificity,Accuracy,Test AUC,Sensitivity,Specificity,Accuracy,Test AUC,Sensitivity,Specificity,Accuracy
lasso,0.7016004742145822,0.6,0.8032009484291642,0.8002336448598131,0.6990196078431372,0.5333333333333333,0.8647058823529412,0.8614886731391586,0.45191082802547766,0.0,1.0,0.9401197604790419
linreg,0.7861766449318316,0.88,0.6923532898636633,0.6950934579439252,0.8022875816993464,0.8666666666666667,0.7379084967320262,0.7391585760517799,0.574203821656051,0.9,0.24840764331210186,0.2874251497005988
SVR10,0.6905157083580319,0.4,0.981031416716064,0.9725467289719626,0.6931372549019608,0.4,0.9862745098039216,0.9805825242718447,0.664968152866242,0.4,0.9299363057324841,0.8982035928143712
ridge,0.7924007113218731,0.88,0.7048014226437462,0.7073598130841121,0.8088235294117647,0.8666666666666667,0.7509803921568627,0.7521035598705501,0.5773885350318472,0.9,0.2547770700636943,0.2934131736526946
