,all,all,all,all,no revasc,no revasc,no revasc,no revasc,with revasc,with revasc,with revasc,with revasc
,Test AUC,Sensitivity,Specificity,Accuracy,Test AUC,Sensitivity,Specificity,Accuracy,Test AUC,Sensitivity,Specificity,Accuracy
lasso,0.7005635752422384,0.7115384615384616,0.6895886889460154,0.6915887850467289,0.6991267605633804,0.656,0.7422535211267606,0.7352750809061489,0.5375948766603416,0.9354838709677419,0.13970588235294112,0.2874251497005988
linreg,0.7082756575044493,0.7115384615384616,0.705012853470437,0.705607476635514,0.711,0.672,0.75,0.7436893203883496,0.5531309297912714,0.8709677419354839,0.23529411764705888,0.3532934131736527
SVR10,0.6123689934743919,0.5769230769230769,0.6478149100257069,0.6413551401869159,0.6209718309859156,0.568,0.673943661971831,0.6653721682847896,0.49395161290322576,0.0,1.0,0.8143712574850299
ridge,0.7082756575044493,0.7115384615384616,0.705012853470437,0.705607476635514,0.711,0.672,0.75,0.7436893203883496,0.5531309297912714,0.8709677419354839,0.23529411764705888,0.3532934131736527
