,all,all,all,all,no revasc,no revasc,no revasc,no revasc,with revasc,with revasc,with revasc,with revasc
,Test AUC,Sensitivity,Specificity,Accuracy,Test AUC,Sensitivity,Specificity,Accuracy,Test AUC,Sensitivity,Specificity,Accuracy
lasso,0.681144361318925,0.8055555555555556,0.5567331670822943,0.572429906542056,0.6792436687200547,0.75,0.6084873374401095,0.6161812297734628,0.513986013986014,1.0,0.027972027972028024,0.16766467065868262
linreg,0.7072596287060128,0.6944444444444444,0.720074812967581,0.7184579439252337,0.6965874645546103,0.6190476190476191,0.7741273100616016,0.7656957928802589,0.5630827505827506,0.9583333333333334,0.1678321678321678,0.281437125748503
SVR10,0.5756211323542995,0.21296296296296297,0.9382793017456359,0.8925233644859814,0.5719663635474723,0.19047619047619047,0.9534565366187543,0.9119741100323625,0.537441724941725,0.2916666666666667,0.7832167832167832,0.7125748502994012
ridge,0.7078830701025215,0.6944444444444444,0.7213216957605986,0.719626168224299,0.6972719272513934,0.6190476190476191,0.7754962354551677,0.7669902912621359,0.5630827505827506,0.9583333333333334,0.1678321678321678,0.281437125748503
