,all,all,all,all,no revasc,no revasc,no revasc,no revasc,with revasc,with revasc,with revasc,with revasc
,Test AUC,Sensitivity,Specificity,Accuracy,Test AUC,Sensitivity,Specificity,Accuracy,Test AUC,Sensitivity,Specificity,Accuracy
lasso,0.6906515720783073,0.6730769230769231,0.7082262210796915,0.7050233644859814,0.6878028169014084,0.608,0.7676056338028169,0.7546925566343042,0.5118595825426945,0.9354838709677419,0.08823529411764708,0.24550898203592814
linreg,0.6842825126886823,0.6282051282051282,0.7403598971722365,0.7301401869158879,0.6733098591549296,0.56,0.7866197183098591,0.7682847896440129,0.5802893738140418,0.9032258064516129,0.25735294117647056,0.3772455089820359
SVR10,0.5028837914442027,0.00641025641025641,0.9993573264781491,0.9088785046728972,0.5036478873239437,0.008,0.9992957746478873,0.919093851132686,0.5,0.0,1.0,0.8143712574850299
ridge,0.6842825126886823,0.6282051282051282,0.7403598971722365,0.7301401869158879,0.6733098591549296,0.56,0.7866197183098591,0.7682847896440129,0.5802893738140418,0.9032258064516129,0.25735294117647056,0.3772455089820359
