,Test AUC,Sensitivity,Specificity,Accuracy,Model,Model Version
event,0.6701466359976996,0.7897297297297305,0.538936170212766,0.5801777777777777,lasso,results__timed_keep_cta
cv event,0.6914661246612467,0.8038888888888883,0.5660000000000002,0.5852017937219732,lasso,results__timed_keep_cta
timed event,0.7334082687338497,0.7553333333333329,0.6336135957066193,0.6426821192052983,lasso,results__timed_keep_cta
timed cv event,0.682114197530864,0.813333333333333,0.5909259259259261,0.5998222222222224,lasso,results__timed_keep_cta
