,all,all,all,all,no revasc,no revasc,no revasc,no revasc,with revasc,with revasc,with revasc,with revasc
,Test AUC,Sensitivity,Specificity,Accuracy,Test AUC,Sensitivity,Specificity,Accuracy,Test AUC,Sensitivity,Specificity,Accuracy
lasso,0.7322017801203321,0.7854201680672268,0.6366863905325444,0.6617278808074954,0.7670226055916514,0.8033273218131436,0.6823582802611139,0.7003684613914225,0.5919459786150163,0.7647444916194918,0.5761940680244867,0.6138642000565041
linreg,0.6968525931082492,0.782016806722689,0.5915680473372782,0.6235861586013716,0.7326612957027143,0.7882931105788469,0.6490209675590527,0.6705110204004999,0.5507988231295426,0.7311316461316462,0.5337402235587337,0.5772964048702103
SVR10,0.46434289692208236,0.3227731092436975,0.8304733727810654,0.7448728629382786,0.47401224567364925,0.3655753780131229,0.8285203072416211,0.7545841738463331,0.48614640900066997,0.7205131673881675,0.47600129131044727,0.5224950465422747
ridge,0.6972827059818011,0.7841386554621849,0.5893491124260356,0.6221179851250845,0.733235732345037,0.7879744128488589,0.6486707025375315,0.6704384360968777,0.5504388245004195,0.7339788683538683,0.5303433297938963,0.5750171027021884
