,all,all,all,all,no revasc,no revasc,no revasc,no revasc,with revasc,with revasc,with revasc,with revasc
,Test AUC,Sensitivity,Specificity,Accuracy,Test AUC,Sensitivity,Specificity,Accuracy,Test AUC,Sensitivity,Specificity,Accuracy
lasso,0.6733990456631219,0.8044871794871796,0.6063502714573296,0.6145735040258367,0.6957167376060721,0.7985958485958489,0.674664495723595,0.6790025338334889,0.5327729503709433,0.7957264957264958,0.555114852908376,0.5693952668239243
linreg,0.6733990456631219,0.8044871794871796,0.6063502714573296,0.6145735040258367,0.6957167376060721,0.7985958485958489,0.674664495723595,0.6790025338334889,0.5327729503709433,0.7957264957264958,0.555114852908376,0.5693952668239243
SVR10,0.40679387016288954,0.795940170940171,0.3405538949551637,0.3600826714416978,0.4097519688972972,0.6933455433455434,0.48887648616839513,0.49664625520477174,0.4394410238387428,0.7790598290598291,0.47377917575132106,0.4917019731838447
ridge,0.6733990456631219,0.8044871794871796,0.6063502714573296,0.6145735040258367,0.6957167376060721,0.7985958485958489,0.674664495723595,0.6790025338334889,0.5327729503709433,0.7957264957264958,0.555114852908376,0.5693952668239243
