,all,all,all,all,no revasc,no revasc,no revasc,no revasc,with revasc,with revasc,with revasc,with revasc
,Test AUC,Sensitivity,Specificity,Accuracy,Test AUC,Sensitivity,Specificity,Accuracy,Test AUC,Sensitivity,Specificity,Accuracy
lasso,0.6765182643913181,0.7581801470588235,0.5903743315508022,0.6038442963392253,0.7146852885716896,0.7741216422466424,0.6366879911587318,0.6465845696314851,0.5240800817760396,0.7491369047619048,0.5494203104957419,0.5666364544162084
linreg,0.6765182643913181,0.7581801470588235,0.5903743315508022,0.6038442963392253,0.7146852885716896,0.7741216422466424,0.6366879911587318,0.6465845696314851,0.5240800817760396,0.7491369047619048,0.5494203104957419,0.5666364544162084
SVR10,0.3727199001258256,0.7170036764705883,0.3486631016042781,0.37806734762870675,0.3468052362038319,0.6054680735930735,0.46949248007758515,0.4779858647672202,0.4839270731061151,0.6255059523809524,0.633673924286102,0.6271443343142437
ridge,0.6765182643913181,0.7581801470588235,0.5903743315508022,0.6038442963392253,0.7146852885716896,0.7741216422466424,0.6366879911587318,0.6465845696314851,0.5240800817760396,0.7491369047619048,0.5494203104957419,0.5666364544162084
