,all,all,all,all,no revasc,no revasc,no revasc,no revasc,with revasc,with revasc,with revasc,with revasc
,Test AUC,Sensitivity,Specificity,Accuracy,Test AUC,Sensitivity,Specificity,Accuracy,Test AUC,Sensitivity,Specificity,Accuracy
lasso,0.701296740589727,0.7139075630252102,0.6785502958579881,0.6844984545542355,0.7340786812237439,0.7253776594608679,0.7259635569732507,0.7259362885981482,0.5391055912998017,0.7725306637806638,0.4921660241650151,0.5496231786103611
linreg,0.6528338968723584,0.6536974789915967,0.6640532544378699,0.6622168695064232,0.6872404467994105,0.6602490630447903,0.726748101733961,0.7164163434242525,0.5061659250118719,0.6192180735930738,0.5837421862650888,0.592103222865721
SVR10,0.49897705235940526,0.38340336134453784,0.7835798816568046,0.7163014343668501,0.5013652015610612,0.37005253745227507,0.8239952551052079,0.7537727997312421,0.48945889658245595,0.6985831529581531,0.5191009816905355,0.5567208713226324
ridge,0.6538077420317239,0.647121848739496,0.6723372781065088,0.6679990099488069,0.688287499454095,0.6607649909782594,0.7293248514362893,0.7185691671992132,0.5071784965883916,0.6275514069264072,0.5750169654075149,0.5871317617932537
