,all,all,all,all,no revasc,no revasc,no revasc,no revasc,with revasc,with revasc,with revasc,with revasc
,Test AUC,Sensitivity,Specificity,Accuracy,Test AUC,Sensitivity,Specificity,Accuracy,Test AUC,Sensitivity,Specificity,Accuracy
lasso,0.7210451351939589,0.8034188034188036,0.6558273517829427,0.6618290994558743,0.7109176845614703,0.8418498168498169,0.6590527332461485,0.6649789997601672,0.7123465334112934,0.9679487179487177,0.6051175358305537,0.6295025480393237
linreg,0.6709558543883154,0.746794871794872,0.6779221483424499,0.680649978824421,0.676740118256632,0.7332417582417583,0.7334872881462556,0.7329575371937381,0.6414378813411256,0.7897435897435898,0.7127046991937753,0.717039385716451
SVR10,0.3755405800277595,0.5829772079772078,0.5503982051959848,0.550866588899043,0.3471642394290646,0.6902014652014653,0.4533850828793304,0.4598924656624726,0.4947414366006628,0.8055555555555556,0.5538351259886032,0.5708519148294369
ridge,0.6717460139942295,0.7496438746438748,0.6768566529074065,0.6797614713436214,0.6765481274327734,0.7332417582417583,0.7324998706799594,0.732000854987056,0.6440271454445627,0.8047008547008547,0.6991821248866448,0.7048263329718367
