,all,all,all,all,no revasc,no revasc,no revasc,no revasc,with revasc,with revasc,with revasc,with revasc
,Test AUC,Sensitivity,Specificity,Accuracy,Test AUC,Sensitivity,Specificity,Accuracy,Test AUC,Sensitivity,Specificity,Accuracy
lasso,0.8518733727581159,0.8465686274509807,0.7596179480564158,0.7814425770308123,,,,,,,,
linreg,0.8450352049144392,0.8269607843137259,0.7745377536979705,0.7877070655848545,,,,,,,,
SVR10,0.8223462045636968,0.7931372549019612,0.7717427760577917,0.7771298174442192,,,,,,,,
ridge,0.845318538922277,0.8259803921568631,0.7760169418644651,0.7885685308606201,,,,,,,,
