,Test AUC,Sensitivity,Specificity,Accuracy
lasso,0.6594441531644983,0.5895833333333332,0.7821280541012218,0.7709945184970544
linreg,0.6189432802542771,0.5376893939393939,0.8004028959424083,0.785265744228726
SVR10,0.40754202023094155,0.5965909090909092,0.5055130617364746,0.5109334250941756
ridge,0.6193529572351459,0.5376893939393939,0.8006605857329842,0.7855096348884383
