,all,all,all,all,no revasc,no revasc,no revasc,no revasc,with revasc,with revasc,with revasc,with revasc
,Test AUC,Sensitivity,Specificity,Accuracy,Test AUC,Sensitivity,Specificity,Accuracy,Test AUC,Sensitivity,Specificity,Accuracy
lasso,0.8165594689427031,0.7859375,0.7527980472764645,0.763222012943108,,,,,,,,
linreg,0.8110676548047279,0.77421875,0.7501156217882836,0.7576898000579542,,,,,,,,
SVR10,0.7874396598792395,0.745703125,0.7586947584789312,0.754605549116198,,,,,,,,
ridge,0.8112613815197843,0.766796875,0.7578314491264131,0.7606406355645708,,,,,,,,
