,all,all,all,all,no revasc,no revasc,no revasc,no revasc,with revasc,with revasc,with revasc,with revasc
,Test AUC,Sensitivity,Specificity,Accuracy,Test AUC,Sensitivity,Specificity,Accuracy,Test AUC,Sensitivity,Specificity,Accuracy
lasso,0.8494098191822308,0.8705882352941178,0.7279046267629858,0.7637055684342701,,,,,,,,
linreg,0.8303544162332976,0.8372549019607843,0.7382707688338495,0.7630964454747416,,,,,,,,
SVR10,0.8114435890885424,0.8053921568627456,0.7579732112143104,0.7698656186612574,,,,,,,,
ridge,0.830657036851548,0.840686274509804,0.7348232714138289,0.7613747223027142,,,,,,,,
