,all,all,all,all,no revasc,no revasc,no revasc,no revasc,with revasc,with revasc,with revasc,with revasc
,Test AUC,Sensitivity,Specificity,Accuracy,Test AUC,Sensitivity,Specificity,Accuracy,Test AUC,Sensitivity,Specificity,Accuracy
lasso,0.6411138124852178,0.7368421052631581,0.6237301222922493,0.6285801979594016,0.63627609091398,0.674624060150376,0.7052349326305896,0.703966272755117,0.553704525897771,0.9500000000000001,0.4742246828412969,0.5060653987285476
linreg,0.5943601955810311,0.7218567251461989,0.5911292903154001,0.5964270463176197,0.605664904642979,0.7125000000000002,0.6394065416213413,0.6414959692085248,0.5522127679619914,0.869298245614035,0.5436787573250618,0.5661789683429043
SVR10,0.4843591985073265,0.6008771929824562,0.5854724042461428,0.5858440472377696,0.485888773143633,0.5880012531328319,0.6373489771293545,0.6342629813418368,0.5298510360095381,0.7850877192982456,0.6001445088503237,0.6090833834288707
ridge,0.5968150065003022,0.7061403508771931,0.6090793995297524,0.612991022180197,0.6093453378743189,0.7205827067669175,0.6364160156415167,0.6387340010584331,0.5551390394432714,0.8473684210526317,0.5684004537572845,0.5870345288939972
