,all,all,all,all,no revasc,no revasc,no revasc,no revasc,with revasc,with revasc,with revasc,with revasc
,Test AUC,Sensitivity,Specificity,Accuracy,Test AUC,Sensitivity,Specificity,Accuracy,Test AUC,Sensitivity,Specificity,Accuracy
lasso,0.6620667902841116,0.6534191583610187,0.6397369953416149,0.6424092050613348,,,,,,,,
linreg,0.6637418749097213,0.6869462901439645,0.6085209627329192,0.6247247174731961,,,,,,,,
SVR10,0.5036324806717428,0.6180094130675526,0.493814052795031,0.5199555684342702,,,,,,,,
ridge,0.6637745923698094,0.6875415282392026,0.6080560947204968,0.6244784120544769,,,,,,,,
