,Test AUC,Sensitivity,Specificity,Accuracy
lasso,0.6786372330895526,0.7447916666666667,0.691644197726672,0.693810972664928
linreg,0.5972790003524538,0.6444444444444446,0.6747297118688873,0.6733929778808077
SVR10,0.4467473822950628,0.5368055555555555,0.6342380385937088,0.6299405969284265
ridge,0.5979014670896113,0.6472222222222224,0.6729348400740156,0.671804066454168
