,all,all,all,all,no revasc,no revasc,no revasc,no revasc,with revasc,with revasc,with revasc,with revasc
,Test AUC,Sensitivity,Specificity,Accuracy,Test AUC,Sensitivity,Specificity,Accuracy,Test AUC,Sensitivity,Specificity,Accuracy
lasso,0.6705107951360929,0.6560998498498499,0.6773627443907364,0.6734128996426156,0.675013912312068,0.6051197014144614,0.7465882243918013,0.7224093669858702,0.5950869361170716,0.652306166056166,0.6508801708918844,0.6509708750140482
linreg,0.646128599200167,0.6065127627627629,0.7090478681191834,0.6904109919830002,0.641054844529477,0.5529437104022816,0.7739716924156036,0.7367447458841825,0.5879949551823468,0.6992678155178156,0.5943383600931238,0.6237040958895202
SVR10,0.48245893429682496,0.2776651651651652,0.8793241829593821,0.7704940596928426,0.47926226243472303,0.2716230545982868,0.9006249616351288,0.7945394426352325,0.5147082639756275,0.702308594183594,0.5108639508876698,0.5577260782842399
ridge,0.6466830449596846,0.6058183183183184,0.7099424644686532,0.6910231333912877,0.6414324265958031,0.5502297895849125,0.7766186895323584,0.7385045272652511,0.5879721339113017,0.7057072094572094,0.5870898180945817,0.6186052775249914
