,Test AUC,Sensitivity,Specificity,Accuracy
lasso,0.6451092387221025,0.745753968253968,0.5512893855146849,0.5856164879744999
linreg,0.6090229815312687,0.6781349206349205,0.5761726546906187,0.5941653385492127
SVR10,0.5271696127303216,0.47404761904761894,0.6840310450527516,0.6471632618564669
ridge,0.6104088082338726,0.6739285714285714,0.583079376960365,0.5991071428571428
