,all,all,all,all,no revasc,no revasc,no revasc,no revasc,with revasc,with revasc,with revasc,with revasc
,Test AUC,Sensitivity,Specificity,Accuracy,Test AUC,Sensitivity,Specificity,Accuracy,Test AUC,Sensitivity,Specificity,Accuracy
lasso,0.6677508223851483,0.827117327117327,0.5340237224235915,0.5508573013644006,0.6943605130900213,0.7859788359788361,0.6300335066054288,0.6382282910531035,0.5309908970760839,0.817948717948718,0.5284850599665256,0.5468187976438015
linreg,0.6124319933629486,0.7533022533022534,0.5527986139079071,0.5645167881476199,0.6468346139180027,0.7293854293854295,0.6460825175587007,0.6504437228592045,0.48003097270231915,0.761965811965812,0.5480670652323049,0.5601413004541131
SVR10,0.5431287553342526,0.6355866355866356,0.5961741229247774,0.5982899791216223,0.5627760810618363,0.6615791615791615,0.6203456642295213,0.622867687643464,0.5057390680646825,0.7752136752136752,0.5424315992361801,0.5576130677003283
ridge,0.6112786116467399,0.7251359751359754,0.578830491788607,0.5873870326202983,0.6450676324947368,0.7261803011803013,0.6479504270709973,0.6520534714807545,0.4776748759691197,0.767948717948718,0.5426571860419378,0.5543636020203558
