,all,all,all,all,no revasc,no revasc,no revasc,no revasc,with revasc,with revasc,with revasc,with revasc
,Test AUC,Sensitivity,Specificity,Accuracy,Test AUC,Sensitivity,Specificity,Accuracy,Test AUC,Sensitivity,Specificity,Accuracy
lasso,0.7127324598478445,0.7321638655462186,0.6625739644970414,0.6742767796773883,0.7460148752061475,0.7422232008944409,0.7065778631612117,0.7118581952858465,0.5500835471031548,0.7807205988455989,0.5064897947220149,0.5679457822995273
linreg,0.6626230669782707,0.6883193277310925,0.653846153846154,0.6596469622331688,0.6919088876025276,0.6793613558808955,0.7187597671677322,0.7122723171394592,0.5166040376814797,0.7795977633477635,0.4514310212265709,0.52460569102333
SVR10,0.5721174978867285,0.4867226890756301,0.7536982248520712,0.7085717907852798,0.5975062998171217,0.5041176780494523,0.7881263837143104,0.7435751532449949,0.4908515731091243,0.5735425685425685,0.6352252564518539,0.6163026984694914
ridge,0.6625610362488191,0.6818277310924369,0.6590236686390535,0.6628344441224763,0.69230410710842,0.6830281794334999,0.7125115426565369,0.7073601123772824,0.5155550167198366,0.8138257575757576,0.41729377472333773,0.5047310103407139
