,all,all,all,all,no revasc,no revasc,no revasc,no revasc,with revasc,with revasc,with revasc,with revasc
,Test AUC,Sensitivity,Specificity,Accuracy,Test AUC,Sensitivity,Specificity,Accuracy,Test AUC,Sensitivity,Specificity,Accuracy
lasso,0.6452773206056615,0.5877551020408165,0.6995737327188942,0.6725918815802181,0.6492842918886012,0.5433560398048239,0.7547354849543257,0.7073429157826805,0.590725069482915,0.6890133477633478,0.6122282360178504,0.6347138082801125
linreg,0.6076517573933637,0.518877551020408,0.7262924172601591,0.6762713706172125,0.6123660752083673,0.49275702513271413,0.7628455119225854,0.7020477711039169,0.5519218666714867,0.6444697316572315,0.5987467107632254,0.6111028081819448
SVR10,0.5313267016064909,0.35510204081632657,0.8358179723502301,0.719926591326186,0.5226278360928189,0.30702425294582464,0.8841992545636655,0.7544088371491823,0.5422402110165155,0.6699038461538465,0.5654338477064581,0.5923448189728295
ridge,0.6081884121474312,0.5091836734693878,0.735371805613741,0.6808231913455038,0.6131432985252181,0.48845428362409027,0.7665630105800577,0.7043599790552063,0.5519517240206323,0.6444697316572315,0.5963716316993418,0.6094222526263893
