,Test AUC,Sensitivity,Specificity,Accuracy
lasso,0.6679901216557813,0.7674206349206351,0.549126746506986,0.5874317830580507
linreg,0.6467232994328802,0.7397817460317461,0.5619983247790133,0.5932519559547955
SVR10,0.47046960995808834,0.32375000000000004,0.7794455731394353,0.6992810055056505
ridge,0.6470874230846697,0.7349801587301588,0.566352117194183,0.5959613155607071
