,all,all,all,all,no revasc,no revasc,no revasc,no revasc,with revasc,with revasc,with revasc,with revasc
,Test AUC,Sensitivity,Specificity,Accuracy,Test AUC,Sensitivity,Specificity,Accuracy,Test AUC,Sensitivity,Specificity,Accuracy
lasso,0.7324189498284519,0.776218487394958,0.6631656804733728,0.682130783347822,0.7642312360712518,0.7846808061685343,0.7104457906413142,0.7218726507145702,0.5952305925403324,0.7901901570651574,0.5409617856855977,0.5961030670415461
linreg,0.693672119735468,0.7160084033613445,0.6588757396449708,0.6685399159663865,0.7212851047562743,0.7342684669883129,0.6860581161726225,0.6947223564139351,0.5630373478894024,0.7848600704850707,0.5031060239923245,0.5612638536932446
SVR10,0.4817561284868976,0.3536764705882353,0.7776627218934913,0.7061377137061721,0.4917109228729368,0.33345122693913015,0.8342478119166458,0.7558738628317971,0.4813410434287258,0.6895686951936952,0.5021042408517548,0.5492875568859301
ridge,0.6941360449505246,0.7167857142857145,0.6587278106508878,0.6685338790688691,0.7218825732976465,0.7371915439113899,0.6840329608920712,0.6934890542261467,0.5633815650938228,0.7848600704850707,0.5038396763049241,0.5619048793342701
