,Test AUC,Sensitivity,Specificity,Accuracy
lasso,0.626932017277779,0.7150862068965517,0.557146141215107,0.5796290930165168
linreg,0.6178707685214393,0.727155172413793,0.5236732348111659,0.5524002704530087
SVR10,0.4663530428223609,0.449661330049261,0.6598998357963876,0.6301856949676422
ridge,0.6190630545916345,0.7041256157635468,0.5548604269293924,0.5760268762677485
