,all,all,all,all,no revasc,no revasc,no revasc,no revasc,with revasc,with revasc,with revasc,with revasc
,Test AUC,Sensitivity,Specificity,Accuracy,Test AUC,Sensitivity,Specificity,Accuracy,Test AUC,Sensitivity,Specificity,Accuracy
lasso,0.7022570828903065,0.7518939393939392,0.62953216374269,0.6488119385685308,0.7315622053746922,0.7401578885031401,0.6925040387418967,0.6987886547869431,0.5531898992977939,0.740775543900544,0.5073317433991079,0.5572669758012464
linreg,0.701732926856282,0.7381865530303031,0.6415204678362574,0.6568627450980393,0.7246240474886074,0.7091067796619855,0.7127965384042274,0.7116131612490721,0.5614999460246085,0.7613064713064714,0.5161359887277848,0.5674532582343768
SVR10,0.49766414141414134,0.618655303030303,0.510233918128655,0.5272487443253163,0.5000450187898372,0.6725821749760537,0.47797371467698513,0.5047165265469591,0.481012415104752,0.5523310717060717,0.6490141781707874,0.6286014624631787
ridge,0.7018197324118378,0.7374053030303032,0.6428362573099415,0.6578479667729161,0.724679923733477,0.7091067796619855,0.7131563251205912,0.7119209264005872,0.5618388258947384,0.7613064713064714,0.5161359887277848,0.5674532582343768
