,Test AUC,Sensitivity,Specificity,Accuracy
lasso,0.6313104226637429,0.7349007936507937,0.533716495580268,0.5691152322998164
linreg,0.6313104226637429,0.7349007936507937,0.533716495580268,0.5691152322998164
SVR10,0.4987338185024508,0.6610317460317461,0.48369778300541766,0.5148103206799962
ridge,0.6313104226637429,0.7349007936507937,0.533716495580268,0.5691152322998164
