,all,all,all,all,no revasc,no revasc,no revasc,no revasc,with revasc,with revasc,with revasc,with revasc
,Test AUC,Sensitivity,Specificity,Accuracy,Test AUC,Sensitivity,Specificity,Accuracy,Test AUC,Sensitivity,Specificity,Accuracy
lasso,0.7070820695141963,0.7161974789915968,0.6788461538461539,0.6851003332367428,0.7378774285430619,0.7116093431528215,0.7367175330426785,0.7328625739103815,0.5399408586970165,0.7242475579975579,0.5454659170719736,0.5860880549555192
linreg,0.6550812987917061,0.659810924369748,0.6585798816568046,0.6587993818216943,0.6904664012220473,0.6465884131971087,0.7443111088590647,0.728749532691104,0.5133023468916742,0.6852840909090909,0.5411940193123582,0.571105600869334
SVR10,0.572997240316245,0.48665966386554604,0.742603550295858,0.6995128223703274,0.5953477791545526,0.5070968862055819,0.7723309947491099,0.7300569039763907,0.4965220078731831,0.662124333999334,0.5287945869820655,0.5521572965386509
ridge,0.6580340360996471,0.6620378151260506,0.6622781065088756,0.662248261373515,0.6935078084169397,0.6444389350585003,0.7520058750962353,0.7348966202236981,0.5133140874313271,0.6891477272727273,0.536394782799476,0.5698579087911013
