,all,all,all,all,no revasc,no revasc,no revasc,no revasc,with revasc,with revasc,with revasc,with revasc
,Test AUC,Sensitivity,Specificity,Accuracy,Test AUC,Sensitivity,Specificity,Accuracy,Test AUC,Sensitivity,Specificity,Accuracy
lasso,0.7280997842767037,0.8522978959025471,0.5617488354037267,0.6225206461895103,,,,,,,,
linreg,0.7280997842767037,0.8522978959025471,0.5617488354037267,0.6225206461895103,,,,,,,,
SVR10,0.3294795127353267,0.7283361018826134,0.3310384316770186,0.4143340094658553,,,,,,,,
ridge,0.7280997842767037,0.8522978959025471,0.5617488354037267,0.6225206461895103,,,,,,,,
