,all,all,all,all,no revasc,no revasc,no revasc,no revasc,with revasc,with revasc,with revasc,with revasc
,Test AUC,Sensitivity,Specificity,Accuracy,Test AUC,Sensitivity,Specificity,Accuracy,Test AUC,Sensitivity,Specificity,Accuracy
lasso,0.7462723476712352,0.8028360528360527,0.6689635353738757,0.6765139300636257,0.7469060288028626,0.8360667110667112,0.6570312964826874,0.6658717494271281,0.7501174850270604,0.9243589743589741,0.6833079972228144,0.7001669578172276
linreg,0.7050766127173197,0.7890442890442892,0.6263186893095268,0.6356549693263689,0.7178701367605871,0.8308376808376808,0.6355467046539452,0.6454627765668755,0.6519183085164484,0.8000000000000002,0.6709424325906728,0.6797688193971917
SVR10,0.559033583248243,0.5341880341880341,0.7381667561641384,0.7262579656088782,0.5736495981631962,0.6130240130240131,0.7067510126416704,0.7015289250195119,0.5410565847765115,0.7354700854700855,0.649981698637708,0.6527409091481149
ridge,0.7057405498382263,0.7839937839937842,0.6315179330558911,0.6403389826310718,0.7181175359169993,0.8308376808376808,0.6353584888953685,0.645282871145282,0.6528029139618293,0.8064102564102565,0.6677329041624274,0.6777151014449068
