,Test AUC,Sensitivity,Specificity,Accuracy
lasso,0.7387661329839628,0.8195075757575758,0.6574934554973821,0.6668031005505651
linreg,0.7395840253814322,0.8488636363636364,0.626887679973822,0.6397209745967352
SVR10,0.5265539836767545,0.722159090909091,0.5453677192408376,0.5551543031005504
ridge,0.7395721882602201,0.8488636363636364,0.626887679973822,0.6397209745967352
