,all,all,all,all,no revasc,no revasc,no revasc,no revasc,with revasc,with revasc,with revasc,with revasc
,Test AUC,Sensitivity,Specificity,Accuracy,Test AUC,Sensitivity,Specificity,Accuracy,Test AUC,Sensitivity,Specificity,Accuracy
lasso,0.8731607074073311,0.9045819490586935,0.7481667313664597,0.7809372887085868,,,,,,,,
linreg,0.8539073591393084,0.8559939091915835,0.7555027173913044,0.7764971505843716,,,,,,,,
SVR10,0.821075205233762,0.7994601328903654,0.7796321816770186,0.7837728194726165,,,,,,,,
ridge,0.8545987387624413,0.8583056478405314,0.7547243788819875,0.7763758089442673,,,,,,,,
