,all,all,all,all,no revasc,no revasc,no revasc,no revasc,with revasc,with revasc,with revasc,with revasc
,Test AUC,Sensitivity,Specificity,Accuracy,Test AUC,Sensitivity,Specificity,Accuracy,Test AUC,Sensitivity,Specificity,Accuracy
lasso,0.702193620119556,0.6659356725146198,0.7774559316610322,0.7726326465250349,0.6612159577857512,0.7464598997493734,0.6586151509339045,0.6606582135974163,0.7755707530955336,0.9868421052631579,0.6911580577107543,0.712773546108414
linreg,0.6792601713111752,0.7459795321637428,0.6648858466547019,0.6683398404733943,0.6648750969718537,0.7317355889724312,0.6927912396895556,0.6942271005260653,0.6823688314725782,0.7864035087719299,0.7099670121356225,0.7135048081673091
SVR10,0.48930708015081303,0.5142543859649124,0.6992048916899705,0.6911885443832705,0.44850979535276037,0.5802318295739348,0.6316180157622449,0.6297736607788277,0.6247004723845775,0.7609649122807017,0.7025218059688143,0.7052516299250404
ridge,0.6797876348947971,0.7459795321637428,0.664750198255353,0.6682102060424895,0.6651605066709273,0.7317355889724312,0.6929561206644015,0.694383891167275,0.6833800223516882,0.7864035087719299,0.7124448459714884,0.715868328093758
