,all,all,all,all,no revasc,no revasc,no revasc,no revasc,with revasc,with revasc,with revasc,with revasc
,Test AUC,Sensitivity,Specificity,Accuracy,Test AUC,Sensitivity,Specificity,Accuracy,Test AUC,Sensitivity,Specificity,Accuracy
lasso,0.6718901979341083,0.7354679802955663,0.5890385878489327,0.6097471747319617,0.693824134591253,0.739019126881255,0.6216791164748579,0.6378275753107752,0.5914294165961471,0.7214706127206127,0.5984296083862773,0.6098195254093515
linreg,0.6467493751364994,0.7057266009852213,0.6005968801313629,0.615532937312856,0.6771354331266024,0.7211206694398915,0.6361771066007786,0.6480831743487429,0.5456443769506205,0.6822960372960376,0.5954984566510726,0.6025621281223065
SVR10,0.49385788905336225,0.4124692118226602,0.7210344827586208,0.6772777214334009,0.5290007036607994,0.46040208847216846,0.7244170660624879,0.6890080698410481,0.4269006713311656,0.5392492923742924,0.6290365883140366,0.6096941842908433
ridge,0.6470482540221798,0.7014470443349751,0.605758620689655,0.6193422196464792,0.6771992688008248,0.7202873361065582,0.6369614170228262,0.6485572325361014,0.5465617924155083,0.6947960372960376,0.585674540242404,0.5950446572344056
