,all,all,all,all,no revasc,no revasc,no revasc,no revasc,with revasc,with revasc,with revasc,with revasc
,Test AUC,Sensitivity,Specificity,Accuracy,Test AUC,Sensitivity,Specificity,Accuracy,Test AUC,Sensitivity,Specificity,Accuracy
lasso,0.6697400388452461,0.7977207977207978,0.6157885818472657,0.6234430996094283,0.6629315414007588,0.7956043956043956,0.6239917496864547,0.6296496972880556,0.6107070107556497,0.9423076923076922,0.5384519021026268,0.5658664183709766
linreg,0.593643468342781,0.6777065527065529,0.6329151331530398,0.6347608893247839,0.5619192011010232,0.6084249084249085,0.7069191884576105,0.7026935254019574,0.6134439330216402,0.9427350427350429,0.5200267965067074,0.5494017325990671
SVR10,0.512026465300983,0.610042735042735,0.6211790940577618,0.6206506475269151,0.5154153807159447,0.6692307692307692,0.6016028675296562,0.6030577252266666,0.5243626385350042,0.7940170940170941,0.5756318829220886,0.5904179223953262
ridge,0.5926034279160104,0.6467236467236469,0.6626778367460368,0.6620476661044611,0.5597253108856461,0.5916971916971919,0.7232328830411385,0.7177097796651021,0.6150914978831286,0.9363247863247864,0.5254509613805032,0.5538446446319536
