,all,all,all,all,no revasc,no revasc,no revasc,no revasc,with revasc,with revasc,with revasc,with revasc
,Test AUC,Sensitivity,Specificity,Accuracy,Test AUC,Sensitivity,Specificity,Accuracy,Test AUC,Sensitivity,Specificity,Accuracy
lasso,0.8372045962985561,0.8368771043771044,0.7337248322147651,0.7612455326958371,,,,,,,,
linreg,0.8217036698076965,0.8198905723905723,0.7335570469798657,0.75658565150198,,,,,,,,
SVR10,0.8064476702144485,0.7811363636363637,0.7610738255033557,0.7664209649376993,,,,,,,,
ridge,0.8220082536777167,0.8203367003367003,0.7330536912751677,0.756341157152516,,,,,,,,
