,all,all,all,all,no revasc,no revasc,no revasc,no revasc,with revasc,with revasc,with revasc,with revasc
,Test AUC,Sensitivity,Specificity,Accuracy,Test AUC,Sensitivity,Specificity,Accuracy,Test AUC,Sensitivity,Specificity,Accuracy
lasso,0.8722592684065535,0.8929540420819494,0.7522806677018633,0.7816707717569786,,,,,,,,
linreg,0.8581310132116547,0.8593853820598009,0.7665683229813665,0.785975079687047,,,,,,,,
SVR10,0.8271694023286764,0.8123338870431895,0.7662694099378882,0.7758844054863325,,,,,,,,
ridge,0.8588335196945307,0.8728682170542639,0.7553784937888202,0.7799556891722204,,,,,,,,
