,all,all,all,all,no revasc,no revasc,no revasc,no revasc,with revasc,with revasc,with revasc,with revasc
,Test AUC,Sensitivity,Specificity,Accuracy,Test AUC,Sensitivity,Specificity,Accuracy,Test AUC,Sensitivity,Specificity,Accuracy
lasso,0.6681976458367177,0.6653061224489797,0.6383671973188102,0.6448843330435624,0.6860974890857425,0.6771766020211543,0.6528799690400131,0.6571348414795624,0.5829526237035021,0.6869931049342816,0.5995554473635464,0.6202174273509884
linreg,0.6536420491950446,0.642857142857143,0.6426811897779641,0.6427617598763643,0.6760469656342023,0.7032290270134406,0.6180469935428838,0.6381594080128988,0.5683337248326032,0.6221289290774585,0.6356321304175985,0.6277453764160955
SVR10,0.5797771517488436,0.4954081632653061,0.7227995391705067,0.667999613638559,0.5784204442948069,0.49004763729204337,0.7389481577213601,0.6824885239997105,0.5725830593800376,0.6584503915202446,0.6229623891038959,0.6361734290250298
ridge,0.6539593717671401,0.6362244897959185,0.6499842899036448,0.6467014391963681,0.6763446773507814,0.7013071532446478,0.620115948244506,0.6390188023943428,0.5683373337160998,0.6273372624107918,0.6305233503088182,0.6264037471491297
