,Test AUC,Sensitivity,Specificity,Accuracy
lasso,0.6975370596099403,0.7954963235294119,0.5954545454545457,0.6114737274220032
linreg,0.6672066687637621,0.7409926470588236,0.5898395721925132,0.6020108905631218
SVR10,0.5581275558351683,0.6192095588235293,0.6037433155080214,0.6049297305128947
ridge,0.667365425448254,0.7472426470588236,0.5842245989304813,0.5973316912972086
