,all,all,all,all,no revasc,no revasc,no revasc,no revasc,with revasc,with revasc,with revasc,with revasc
,Test AUC,Sensitivity,Specificity,Accuracy,Test AUC,Sensitivity,Specificity,Accuracy,Test AUC,Sensitivity,Specificity,Accuracy
lasso,0.6680567786393987,0.6816326530612246,0.6338091746962715,0.6453032937312856,0.6830532649587524,0.6744712465171525,0.6727417316026749,0.6732314912773878,0.5879239032457396,0.7217485724200121,0.5858193097692064,0.6267070445401142
linreg,0.6309673571984302,0.6887755102040817,0.5740699622957688,0.6017271563797932,0.6424120299158466,0.6880851612217196,0.6047179822242017,0.6231509033733585,0.5728890616070793,0.6281585782853197,0.6427548171807185,0.6362050066165233
SVR10,0.5726251464138232,0.48724489795918363,0.7271397151235861,0.6693494639235004,0.5624893068756851,0.45335918989291074,0.7653465155311712,0.6946924413599685,0.5746503349244463,0.6665654940819417,0.605007852719441,0.6304493531592594
ridge,0.631264481075212,0.682142857142857,0.583772517804776,0.6075008451656525,0.6428209489988698,0.6841015458915864,0.609083362464425,0.6261684721070044,0.5725595536288268,0.622197652493705,0.649144752069236,0.6398480245178344
