,all,all,all,all,no revasc,no revasc,no revasc,no revasc,with revasc,with revasc,with revasc,with revasc
,Test AUC,Sensitivity,Specificity,Accuracy,Test AUC,Sensitivity,Specificity,Accuracy,Test AUC,Sensitivity,Specificity,Accuracy
lasso,0.6262150111624822,0.6787896825396826,0.5816091032221272,0.5988034869120062,0.6502674172554035,0.7153160843075106,0.5871390960262819,0.6076682344131487,0.5280900915150123,0.6474074536574537,0.5874264543429195,0.5978778581246817
linreg,0.6232233131526062,0.7116468253968253,0.5441884088964926,0.5737400994880713,0.6538098746196666,0.7016976479013782,0.6040607604633426,0.6206408682451516,0.5106463906130823,0.682750444000444,0.5293690625571941,0.5602907675199587
SVR10,0.4561769728683224,0.5532539682539681,0.5153122326775021,0.5219749106539167,0.4553368588116459,0.5540182855339385,0.5274972739436122,0.532355930991345,0.4739182933485922,0.6192637917637918,0.5598388491237929,0.5631054563546346
ridge,0.6190840060242326,0.6958730158730161,0.5493138722554891,0.5750851202549987,0.6465356350568036,0.689769041103611,0.6059774254981021,0.6204478194299767,0.5183368927305299,0.6418052780552781,0.5713368622028149,0.5865476789679482
