,Test AUC,Sensitivity,Specificity,Accuracy
lasso,0.6108851334321153,0.6937301587301588,0.5534172725976618,0.5780860620110112
linreg,0.5513663934885332,0.5840277777777777,0.5956613558597093,0.5935827779387617
SVR10,0.4607082504492149,0.35779761904761903,0.7390985885372112,0.6720890080169999
ridge,0.5520718108850325,0.5840277777777777,0.5964089677787283,0.5941985414855598
