,Test AUC,Sensitivity,Specificity,Accuracy
lasso,0.6767060199748349,0.7581801470588235,0.5800802139037434,0.594376026272578
linreg,0.6767060199748349,0.7581801470588235,0.5800802139037434,0.594376026272578
SVR10,0.3606986277131174,0.6271139705882354,0.426336898395722,0.4418115522070895
ridge,0.6767060199748349,0.7581801470588235,0.5800802139037434,0.594376026272578
