,all,all,all,all,no revasc,no revasc,no revasc,no revasc,with revasc,with revasc,with revasc,with revasc
,Test AUC,Sensitivity,Specificity,Accuracy,Test AUC,Sensitivity,Specificity,Accuracy,Test AUC,Sensitivity,Specificity,Accuracy
lasso,0.6972989925933435,0.7439189189189189,0.6138626361734361,0.6372392060272385,0.7363295851558658,0.7554061157695691,0.6787834515867883,0.6914951697981379,0.5197415810044762,0.5765152902652902,0.6249012365236091,0.6108788387416759
linreg,0.6972989925933435,0.7439189189189189,0.6138626361734361,0.6372392060272385,0.7363295851558658,0.7554061157695691,0.6787834515867883,0.6914951697981379,0.5197415810044762,0.5765152902652902,0.6249012365236091,0.6108788387416759
SVR10,0.42257469485212784,0.634084084084084,0.4856016881898852,0.5120122186805758,0.40753191160308705,0.5600485959290309,0.5827546401490856,0.5764455567264767,0.48649422382339463,0.5763547563547564,0.5972010638101617,0.5990585724328896
ridge,0.6972989925933435,0.7439189189189189,0.6138626361734361,0.6372392060272385,0.7363295851558658,0.7554061157695691,0.6787834515867883,0.6914951697981379,0.5197415810044762,0.5765152902652902,0.6249012365236091,0.6108788387416759
