,all,all,all,all,no revasc,no revasc,no revasc,no revasc,with revasc,with revasc,with revasc,with revasc
,Test AUC,Sensitivity,Specificity,Accuracy,Test AUC,Sensitivity,Specificity,Accuracy,Test AUC,Sensitivity,Specificity,Accuracy
lasso,0.8727491597624892,0.9046788482834993,0.7519303183229811,0.7838748430406643,,,,,,,,
linreg,0.8519084353913454,0.8570459579180512,0.753485054347826,0.7751442818506711,,,,,,,,
SVR10,0.8223404612729823,0.8193521594684385,0.7582899844720494,0.7710790350623007,,,,,,,,
ridge,0.8534962005530222,0.8569629014396458,0.7558084239130433,0.7769909688013136,,,,,,,,
