,all,all,all,all,no revasc,no revasc,no revasc,no revasc,with revasc,with revasc,with revasc,with revasc
,Test AUC,Sensitivity,Specificity,Accuracy,Test AUC,Sensitivity,Specificity,Accuracy,Test AUC,Sensitivity,Specificity,Accuracy
lasso,0.7009767984796615,0.7282439782439781,0.6979026826867142,0.6995340134285366,0.7003731346391857,0.7461751211751214,0.6961347045782373,0.6972846133101392,0.6728309938315672,0.9193528693528694,0.6284957601061755,0.6497677384113849
linreg,0.5980648973838603,0.6056721056721055,0.7131654976059425,0.7068532098958062,0.6063473123016944,0.6297350797350799,0.7261996427539761,0.7212340495038795,0.5653244724147176,0.8197802197802198,0.5761218868114848,0.5966281025250283
SVR10,0.45151665426330023,0.4298756798756801,0.732298378977044,0.7148225337880509,0.4564245150271948,0.5096116846116847,0.6886896362250865,0.6787710112389636,0.47289633508471535,0.7632478632478633,0.5194588614782403,0.5388057186775304
ridge,0.5985961350101565,0.6033411033411031,0.7170432552467892,0.7103874264117672,0.6064289154969739,0.6325840825840827,0.7237584910329701,0.7190843183596772,0.5670469382436563,0.8197802197802198,0.5783946140842121,0.5987050016607509
