,all,all,all,all,no revasc,no revasc,no revasc,no revasc,with revasc,with revasc,with revasc,with revasc
,Test AUC,Sensitivity,Specificity,Accuracy,Test AUC,Sensitivity,Specificity,Accuracy,Test AUC,Sensitivity,Specificity,Accuracy
lasso,0.657352059826833,0.6261489898989898,0.6605564843563412,0.6531440162271804,0.678726341558909,0.6278798829246178,0.6923187470016624,0.6788327008009754,0.5584835149579231,0.6707920408839525,0.5981509356650209,0.6146601984355814
linreg,0.642068185034808,0.6083838383838384,0.6636663084149351,0.6515617453878102,0.6610539937089521,0.6081324725296875,0.6953485745033433,0.6779596903173061,0.5479996574225595,0.6848390477986066,0.5592102939044318,0.5904449370110618
SVR10,0.5434336880467764,0.4333080808080808,0.7419244088846428,0.6743093789239833,0.5359463009836124,0.4114939742335135,0.77297362900577,0.6993729522129307,0.5511246216236211,0.6772569974959681,0.5708170286651143,0.6005850176669789
ridge,0.6422570271217871,0.6038383838383838,0.6686967598121168,0.6545162030329373,0.6614104030375256,0.6088013080624343,0.6957928968992773,0.6782709369161755,0.5474427027444848,0.681267619227178,0.5620089265153709,0.59140514946696
