,all,all,all,all,no revasc,no revasc,no revasc,no revasc,with revasc,with revasc,with revasc,with revasc
,Test AUC,Sensitivity,Specificity,Accuracy,Test AUC,Sensitivity,Specificity,Accuracy,Test AUC,Sensitivity,Specificity,Accuracy
lasso,0.7126499095627556,0.7776654411764705,0.6157754010695186,0.6286094610257894,0.7058489858040241,0.7992688561438561,0.5980401952218982,0.6137145402014592,0.7388647400290781,0.8823809523809523,0.6744097958455446,0.6978945879369435
linreg,0.6784621736395092,0.7133272058823529,0.6377005347593584,0.6436292620496474,0.7066836505940703,0.7872927072927073,0.6236910371202457,0.6347308836917669,0.59914654498165,0.7550595238095237,0.6185887929611129,0.6338267451704198
SVR10,0.5009201006605851,0.46893382352941176,0.7006684491978612,0.6824090843233845,0.5504410585468056,0.5145333139083138,0.7279258519068278,0.7122792628673726,0.3995286832101073,0.6632440476190478,0.5364801986269683,0.5465274038863828
ridge,0.6793311575967287,0.7267463235294118,0.6247326203208556,0.6328328745291221,0.7070869854057081,0.7925811688311689,0.6186193510073216,0.6306191601113222,0.6004027302441644,0.7581845238095237,0.6150061405412511,0.6312845655078572
