,all,all,all,all,no revasc,no revasc,no revasc,no revasc,with revasc,with revasc,with revasc,with revasc
,Test AUC,Sensitivity,Specificity,Accuracy,Test AUC,Sensitivity,Specificity,Accuracy,Test AUC,Sensitivity,Specificity,Accuracy
lasso,0.6957700440863632,0.7522522522522525,0.6117379698434456,0.637187288708587,0.7284692930732839,0.7538347173723982,0.6681519132558179,0.6817370520362811,0.537319605458546,0.8072978410478411,0.4433861500054291,0.5301173502708834
linreg,0.680100415959571,0.6938438438438439,0.6526089387490078,0.6600985221674878,0.7058678552753451,0.6827818006159491,0.7106129045092133,0.7059971207662119,0.546582812076031,0.7491867854367853,0.5242043284521938,0.5767612584335324
SVR10,0.4942870242907217,0.43597972972972976,0.6898275737681263,0.6440005312469814,0.495164883306913,0.4565280722660058,0.6878915100962864,0.6499856156491692,0.4969772607097477,0.53866563991564,0.6601115772812185,0.6310816707269595
ridge,0.6764364072787886,0.6869744744744744,0.6489908736743379,0.6559185743262823,0.7024082999941011,0.6780130562297477,0.7089612049669595,0.7038560677628551,0.5406488362139819,0.742449148074148,0.5214829383439341,0.5741797052229753
