,all,all,all,all,no revasc,no revasc,no revasc,no revasc,with revasc,with revasc,with revasc,with revasc
,Test AUC,Sensitivity,Specificity,Accuracy,Test AUC,Sensitivity,Specificity,Accuracy,Test AUC,Sensitivity,Specificity,Accuracy
lasso,0.6701899458008055,0.665546218487395,0.6539940828402366,0.6559741137834443,0.6882963228495684,0.6892642864381995,0.6626911768320742,0.666105754845898,0.5775925705825393,0.6617587967587968,0.6463914517591542,0.6463899502820591
linreg,0.6460745363234052,0.6149159663865544,0.6699704142011835,0.6605977735921955,0.6630685330853996,0.6426425849124499,0.6765438772042496,0.6709272328528806,0.5583938990882726,0.6510371572871574,0.6216509743675607,0.632638493339105
SVR10,0.49362873551787595,0.29619747899159665,0.8353550295857988,0.7445100453974692,0.5007266854051402,0.3440435571355735,0.8125693544498921,0.7392134060761852,0.4955017571430151,0.654847027972028,0.5586529021401225,0.5875735771835514
ridge,0.6461584456267712,0.6279621848739495,0.6568047337278108,0.6518762677484785,0.6633627785816596,0.649020790040655,0.6686765239394246,0.6656667067120937,0.5584569186100984,0.6289217726717727,0.6440643715947625,0.6464673182568353
