,Test AUC,Sensitivity,Specificity,Accuracy
lasso,0.6122150688701962,0.7090277777777777,0.5368851582549188,0.5671628996426156
linreg,0.5752442747724505,0.5724603174603176,0.6323415668662673,0.6218964309861877
SVR10,0.5306350811698598,0.5017460317460316,0.6551031864841744,0.6278210422099876
ridge,0.5740329919808909,0.6158730158730159,0.5886539421157684,0.5934892060272386
