,all,all,all,all,no revasc,no revasc,no revasc,no revasc,with revasc,with revasc,with revasc,with revasc
,Test AUC,Sensitivity,Specificity,Accuracy,Test AUC,Sensitivity,Specificity,Accuracy,Test AUC,Sensitivity,Specificity,Accuracy
lasso,0.6619209529742128,0.6444905869324475,0.6496447981366459,0.6486730899256254,,,,,,,,
linreg,0.6609344573901352,0.6510243632336654,0.6403435559006211,0.6426470588235296,,,,,,,,
SVR10,0.5395195782433296,0.5536960132890367,0.5970914208074535,0.5879056795131847,,,,,,,,
ridge,0.6609455079428133,0.6510243632336654,0.6403435559006211,0.6426470588235296,,,,,,,,
