,all,all,all,all,no revasc,no revasc,no revasc,no revasc,with revasc,with revasc,with revasc,with revasc
,Test AUC,Sensitivity,Specificity,Accuracy,Test AUC,Sensitivity,Specificity,Accuracy,Test AUC,Sensitivity,Specificity,Accuracy
lasso,0.8589705123707725,0.8853959025470652,0.7485073757763975,0.7771135178209214,,,,,,,,
linreg,0.8490736204112587,0.8860880398671094,0.7377542701863353,0.7687276634791846,,,,,,,,
SVR10,0.8073226086440641,0.7854512735326689,0.7914586568322983,0.7901381242152031,,,,,,,,
ridge,0.8493221149051127,0.8855066445182723,0.7382239906832297,0.7689751762774073,,,,,,,,
