,all,all,all,all,no revasc,no revasc,no revasc,no revasc,with revasc,with revasc,with revasc,with revasc
,Test AUC,Sensitivity,Specificity,Accuracy,Test AUC,Sensitivity,Specificity,Accuracy,Test AUC,Sensitivity,Specificity,Accuracy
lasso,0.6535220202310799,0.6475992063492064,0.6426673438836615,0.6435423307253936,0.6737486146553843,0.7061808964967061,0.6189874226479201,0.63372490311893,0.5796673766145315,0.6170331057831058,0.6858466708444266,0.6653702284290357
linreg,0.6594727014225518,0.6346428571428571,0.6621907969774735,0.657461001642036,0.6821097133886092,0.6847909942162251,0.647762110328958,0.6532392288311454,0.5755281558636357,0.6314783827283829,0.6603697733575642,0.6515207272811694
SVR10,0.5257205805226282,0.6710119047619048,0.4779601511263187,0.5120913020380564,0.5306062670433775,0.6628700321865069,0.503526784934025,0.5300987554622622,0.5147787047238122,0.7359256715506717,0.507688897399331,0.5572706537457506
ridge,0.659464310466369,0.6346428571428571,0.6621907969774735,0.657461001642036,0.6820745860536384,0.6847909942162251,0.647762110328958,0.6532392288311454,0.5756177615984027,0.6342561605061607,0.6579504185188545,0.6502707272811694
