,all,all,all,all,no revasc,no revasc,no revasc,no revasc,with revasc,with revasc,with revasc,with revasc
,Test AUC,Sensitivity,Specificity,Accuracy,Test AUC,Sensitivity,Specificity,Accuracy,Test AUC,Sensitivity,Specificity,Accuracy
lasso,0.7548174135086887,0.8207912457912456,0.6293624161073826,0.6804277745580991,,,,,,,,
linreg,0.7432672361195851,0.8242845117845118,0.6053691275167785,0.6638474355259343,,,,,,,,
SVR10,0.7193096513230742,0.7551683501683502,0.6488255033557048,0.6772740992948905,,,,,,,,
ridge,0.7432876867105056,0.8307659932659932,0.5968120805369126,0.6592913889693806,,,,,,,,
