,all,all,all,all,no revasc,no revasc,no revasc,no revasc,with revasc,with revasc,with revasc,with revasc
,Test AUC,Sensitivity,Specificity,Accuracy,Test AUC,Sensitivity,Specificity,Accuracy,Test AUC,Sensitivity,Specificity,Accuracy
lasso,0.696797648053304,0.726827731092437,0.6405325443786982,0.6549134308895972,0.7295961662165006,0.7443814921751577,0.676198994178394,0.6863675600251629,0.5333115014322226,0.6839221195471196,0.5715907080435434,0.5967249902817761
linreg,0.6785522226642134,0.6752521008403364,0.6775147928994083,0.6771195547184392,0.7078462506036016,0.6609482077905992,0.7477017133891196,0.7337142116615113,0.5287460131430419,0.6673129648129648,0.5691277132375043,0.5965109309456671
SVR10,0.5352787031972552,0.4131932773109245,0.7557692307692306,0.6980772481406358,0.5414336352315172,0.45787060302821175,0.734881408626394,0.6918196651661275,0.5028131350869101,0.5400019425019424,0.6604799345829417,0.6271962236534872
ridge,0.678545945005221,0.680420168067227,0.6717455621301774,0.6731768569496765,0.7079113685279868,0.6620845714269629,0.7457052109459662,0.7321628245703683,0.5282724304162729,0.6673129648129648,0.5669167246754128,0.5948287363286899
