,Test AUC,Sensitivity,Specificity,Accuracy
lasso,0.6720196235450187,0.7575431034482759,0.5820270935960592,0.6068096203998841
linreg,0.6302818255720838,0.6873768472906404,0.6044359605911331,0.6163008306770983
SVR10,0.5232784585891432,0.4736145320197046,0.6999458128078817,0.6677810779484206
ridge,0.6331336843893324,0.690270935960591,0.6044458128078819,0.6166515744228724
