,all,all,all,all,no revasc,no revasc,no revasc,no revasc,with revasc,with revasc,with revasc,with revasc
,Test AUC,Sensitivity,Specificity,Accuracy,Test AUC,Sensitivity,Specificity,Accuracy,Test AUC,Sensitivity,Specificity,Accuracy
lasso,0.7296654117916125,0.8384413067552602,0.5827338897515527,0.6361356611610159,,,,,,,,
linreg,0.7296654117916125,0.8384413067552602,0.5827338897515527,0.6361356611610159,,,,,,,,
SVR10,0.30607387684598614,0.7393687707641197,0.30102096273291923,0.39200352554815016,,,,,,,,
ridge,0.7296654117916125,0.8384413067552602,0.5827338897515527,0.6361356611610159,,,,,,,,
