,all,all,all,all,no revasc,no revasc,no revasc,no revasc,with revasc,with revasc,with revasc,with revasc
,Test AUC,Sensitivity,Specificity,Accuracy,Test AUC,Sensitivity,Specificity,Accuracy,Test AUC,Sensitivity,Specificity,Accuracy
lasso,0.658374159250448,0.7836805555555557,0.588397435897436,0.5964937699217618,0.6643302956917594,0.7542261904761904,0.6633472447056488,0.6660256365782858,0.6001610881471569,0.9404166666666665,0.5421720742672143,0.5678159976107586
linreg,0.604440387552501,0.6635416666666666,0.6475039651070581,0.6483048391770502,0.6081821828187702,0.6741964285714287,0.6699601191694555,0.6701521793577685,0.5695559499648075,0.9316666666666666,0.5137091301117891,0.5407432822657066
SVR10,0.5406034856228155,0.6440972222222224,0.5915477134549301,0.5935658746257124,0.5676086798616928,0.6752678571428572,0.6248553245303475,0.6260166262999203,0.5165084584730019,0.8304166666666667,0.5382534338164814,0.5570972920388162
ridge,0.604327088289717,0.6572916666666666,0.6537899814961672,0.6540978460349657,0.6069641744182014,0.6741964285714286,0.6708642578132002,0.6709818703783135,0.5680939410434139,0.9316666666666666,0.5105491234860823,0.537777700055099
