,all,all,all,all,no revasc,no revasc,no revasc,no revasc,with revasc,with revasc,with revasc,with revasc
,Test AUC,Sensitivity,Specificity,Accuracy,Test AUC,Sensitivity,Specificity,Accuracy,Test AUC,Sensitivity,Specificity,Accuracy
lasso,0.6649673451423597,0.6975378787878785,0.6709724040139615,0.6725321162947937,0.6751536839444776,0.7582251082251084,0.6372259521305148,0.6435382826638365,0.6167736323949595,0.8098214285714287,0.6685871083877495,0.672708970963737
linreg,0.6961537206158444,0.7077651515151512,0.7020458387870854,0.7024425287356323,0.7314168908408835,0.8128192640692641,0.6579286527468834,0.6663182607826302,0.5810119287003281,0.8000595238095238,0.6440553103625003,0.6482356733290155
SVR10,0.545945228214739,0.6827651515151516,0.5280670538830715,0.5370176518883415,0.5477988121989592,0.6823376623376622,0.5628596380653226,0.5695502481708631,0.5224387162647808,0.8017857142857142,0.5476079041711543,0.5623735073440685
ridge,0.6961873159358639,0.7077651515151512,0.7023069371727749,0.7026888341543513,0.7313726937639047,0.8128192640692641,0.6579286527468834,0.6663182607826302,0.5810119287003281,0.8000595238095238,0.6440553103625003,0.6482356733290155
