,all,all,all,all,no revasc,no revasc,no revasc,no revasc,with revasc,with revasc,with revasc,with revasc
,Test AUC,Sensitivity,Specificity,Accuracy,Test AUC,Sensitivity,Specificity,Accuracy,Test AUC,Sensitivity,Specificity,Accuracy
lasso,0.6492630335983363,0.7790277777777778,0.5104763686911891,0.5576873852989468,0.6692130788929984,0.7720025018316872,0.5634301830643358,0.5977538863535671,0.5718041487150807,0.7303382034632036,0.5597548851655969,0.5910395052657746
linreg,0.6057197347085874,0.6689880952380951,0.5688756415739946,0.5863385009176085,0.627939203091586,0.6848728033367517,0.5954060074971286,0.6100370354861978,0.5300906117941392,0.6623890692640692,0.5784601396350102,0.596319057723526
SVR10,0.5545168605532699,0.5108333333333335,0.6766992800114056,0.647363686854052,0.5604384264505092,0.4878695932379025,0.7176562136579583,0.6789314900468444,0.5368121753500683,0.6114935064935064,0.6435623435223244,0.6328522729465114
ridge,0.6072132492384845,0.6778968253968254,0.5619858497291131,0.5822817057857627,0.6297965169008392,0.6734959385029904,0.6122215636758074,0.6222515791680169,0.5312237189363347,0.6696617965367964,0.5704651457924413,0.5922966129662657
