,all,all,all,all,no revasc,no revasc,no revasc,no revasc,with revasc,with revasc,with revasc,with revasc
,Test AUC,Sensitivity,Specificity,Accuracy,Test AUC,Sensitivity,Specificity,Accuracy,Test AUC,Sensitivity,Specificity,Accuracy
lasso,0.7521442897811299,0.7773532668881507,0.6503513198757764,0.6769957983193275,,,,,,,,
linreg,0.7527969032658564,0.8071843853820599,0.6154551630434781,0.6554700328407226,,,,,,,,
SVR10,0.5803098023840476,0.6531976744186048,0.5625349378881989,0.5818621414082874,,,,,,,,
ridge,0.7528221179144055,0.8036960132890367,0.6190265916149067,0.6575533661740559,,,,,,,,
