,all,all,all,all,no revasc,no revasc,no revasc,no revasc,with revasc,with revasc,with revasc,with revasc
,Test AUC,Sensitivity,Specificity,Accuracy,Test AUC,Sensitivity,Specificity,Accuracy,Test AUC,Sensitivity,Specificity,Accuracy
lasso,0.7002877458129421,0.7935120435120434,0.6251279534165658,0.634794943618473,0.7358064572048622,0.8269240019240021,0.6626445843985282,0.6709530895330412,0.5341814143961244,0.7980463980463982,0.5643094973208883,0.5801839196064535
linreg,0.7002877458129421,0.7935120435120434,0.6251279534165658,0.634794943618473,0.7358064572048622,0.8269240019240021,0.6626445843985282,0.6709530895330412,0.5341814143961244,0.7980463980463982,0.5643094973208883,0.5801839196064535
SVR10,0.4068127598477728,0.7247474747474748,0.4085657470801451,0.42704331953824864,0.38124222068404545,0.7484515484515486,0.3966089629857768,0.4152737871484503,0.5275322717009591,0.743711843711844,0.6099747428635967,0.6185412712703273
ridge,0.7002877458129421,0.7935120435120434,0.6251279534165658,0.634794943618473,0.7358064572048622,0.8269240019240021,0.6626445843985282,0.6709530895330412,0.5341814143961244,0.7980463980463982,0.5643094973208883,0.5801839196064535
