,all,all,all,all,no revasc,no revasc,no revasc,no revasc,with revasc,with revasc,with revasc,with revasc
,Test AUC,Sensitivity,Specificity,Accuracy,Test AUC,Sensitivity,Specificity,Accuracy,Test AUC,Sensitivity,Specificity,Accuracy
lasso,0.6324442639663983,0.6874801587301589,0.5833262047333904,0.6015822708393701,0.6574011362761312,0.713354588465545,0.5975541330064343,0.6169042112649686,0.5334850805612772,0.652979797979798,0.5925788245565344,0.6055275875438833
linreg,0.6229561582617078,0.6853174603174603,0.5806547619047617,0.5990135709456197,0.6517457183538641,0.7293587481093041,0.5817407046367312,0.6064163957019494,0.5153350423672117,0.6449801587301587,0.5787663073052707,0.5890917426132541
SVR10,0.4666369521444638,0.6840277777777779,0.3973579626461363,0.4478170578576258,0.46407459557908426,0.7060058514231204,0.3941914607041831,0.4458305181318155,0.4896585781614878,0.654091810966811,0.5507055351068832,0.5748458295357775
ridge,0.6174561272862437,0.6623611111111112,0.5925933846592527,0.6047751859364434,0.6438764725481935,0.7082298307303867,0.5859039446542484,0.6065194288733947,0.5185861239346625,0.6253941197691197,0.5991058246306173,0.6028225753681211
