,Test AUC,Sensitivity,Specificity,Accuracy
lasso,0.6639329879679143,0.7727941176470589,0.5701871657754011,0.5863197865353038
linreg,0.6586937716262977,0.7976102941176471,0.5497326203208556,0.5694581280788178
SVR10,0.45405050723497953,0.5918198529411764,0.5339572192513369,0.5381821694194917
ridge,0.6595209775086508,0.7992647058823531,0.5481283422459893,0.5680974113783445
