,all,all,all,all,no revasc,no revasc,no revasc,no revasc,with revasc,with revasc,with revasc,with revasc
,Test AUC,Sensitivity,Specificity,Accuracy,Test AUC,Sensitivity,Specificity,Accuracy,Test AUC,Sensitivity,Specificity,Accuracy
lasso,0.7083109989557952,0.7151050420168068,0.6667159763313608,0.6749106539167392,0.7405545719516187,0.7407374568903806,0.7009730378584591,0.7070351437287826,0.5371369224078688,0.7810079503829505,0.47636915330782104,0.5402840404154428
linreg,0.6883463030182488,0.6720168067226892,0.6920118343195267,0.6886874577417175,0.7168859501299003,0.6478340698601194,0.7720066384751276,0.7522866580753123,0.5343652385832567,0.7397002997002996,0.5045358483672664,0.5558251715778971
SVR10,0.4744156183183333,0.4829201680672267,0.6204142011834319,0.5971010818120351,0.46582480253126457,0.4123543627855846,0.7077876474792213,0.6621935259796583,0.513993285188803,0.5891497391497391,0.6415904611789078,0.6331606561893992
ridge,0.6865129779722537,0.6601050420168069,0.6997041420118344,0.693146310248237,0.7148299774760993,0.6351963067819516,0.7789808411142255,0.7564360333773036,0.5324187197525445,0.7170986652236653,0.5250600907581227,0.5690015452346537
