,all,all,all,all,no revasc,no revasc,no revasc,no revasc,with revasc,with revasc,with revasc,with revasc
,Test AUC,Sensitivity,Specificity,Accuracy,Test AUC,Sensitivity,Specificity,Accuracy,Test AUC,Sensitivity,Specificity,Accuracy
lasso,0.8655240672482337,0.8830426356589147,0.7570584239130436,0.7833743842364531,,,,,,,,
linreg,0.8485281538677147,0.8624861572535995,0.7516090838509315,0.7747790495508549,,,,,,,,
SVR10,0.8165462240255051,0.7900609080841641,0.7814615683229814,0.7832747754274123,,,,,,,,
ridge,0.848816132431233,0.8596068660022151,0.7564470108695651,0.7779804163044527,,,,,,,,
