,all,all,all,all,no revasc,no revasc,no revasc,no revasc,with revasc,with revasc,with revasc,with revasc
,Test AUC,Sensitivity,Specificity,Accuracy,Test AUC,Sensitivity,Specificity,Accuracy,Test AUC,Sensitivity,Specificity,Accuracy
lasso,0.6595175305556229,0.7394704433497535,0.580805418719212,0.6031675601274993,0.6899180131424145,0.747948932651904,0.6207811304386637,0.6368365237370188,0.5196930566945558,0.7307142857142859,0.513585641176878,0.5517635088687632
linreg,0.6553286862902117,0.7447352216748769,0.5786387520525451,0.6020350381531924,0.690280608964576,0.7498943795637666,0.6293759148149902,0.6448474884192203,0.5081983528073593,0.8036011904761906,0.4226013457257472,0.48364671329198483
SVR10,0.4260917295574592,0.47315270935960596,0.5881912972085385,0.5718155365594515,0.4224937911976975,0.5763016266835421,0.5032801991957253,0.5125947036663951,0.44455230636387044,0.6722916666666667,0.5239158329185571,0.5477887771452483
ridge,0.6512027247284168,0.7449507389162562,0.5696551724137932,0.594292113397083,0.6852109811652847,0.7414572070871204,0.6293503509705178,0.6439311454181178,0.5076402922813749,0.7750992063492064,0.4528126571849584,0.5058060254059502
