,Test AUC,Sensitivity,Specificity,Accuracy
lasso,0.6518150992516101,0.668551587301587,0.6223463786712288,0.6304700328407224
linreg,0.6588260454714152,0.637043650793651,0.6615412033076705,0.6572159036028207
SVR10,0.5363365134809746,0.6308333333333334,0.5149290704305675,0.5352367671206413
ridge,0.6587842314237738,0.6384325396825399,0.6600531080695753,0.6562355114459579
