,Test AUC,Sensitivity,Specificity,Accuracy
lasso,0.6285094479408531,0.6829761904761906,0.5797333903621329,0.5977892881290446
linreg,0.6180526500145966,0.6589682539682539,0.6000570287995439,0.6103973485946105
SVR10,0.5088062169312171,0.5059722222222224,0.6122950527516395,0.5936968753018447
ridge,0.6180512204049948,0.6604563492063492,0.5982846806387225,0.6091676325702696
