,all,all,all,all,no revasc,no revasc,no revasc,no revasc,with revasc,with revasc,with revasc,with revasc
,Test AUC,Sensitivity,Specificity,Accuracy,Test AUC,Sensitivity,Specificity,Accuracy,Test AUC,Sensitivity,Specificity,Accuracy
lasso,0.7770366291106938,0.8437015503875971,0.6463363742236025,0.6875911571525161,,,,,,,,
linreg,0.7749855897869763,0.8375276854928018,0.6464994177018636,0.6865286631894139,,,,,,,,
SVR10,0.7544612645993686,0.7681755260243633,0.6725164984472048,0.6925577127402686,,,,,,,,
ridge,0.7718010197633147,0.8411544850498338,0.6342284549689442,0.6775379117164106,,,,,,,,
