,all,all,all,all,no revasc,no revasc,no revasc,no revasc,with revasc,with revasc,with revasc,with revasc
,Test AUC,Sensitivity,Specificity,Accuracy,Test AUC,Sensitivity,Specificity,Accuracy,Test AUC,Sensitivity,Specificity,Accuracy
lasso,0.7709246298999886,0.8604789590254708,0.6121370341614908,0.6640846855983773,,,,,,,,
linreg,0.7665264115947188,0.8451273532668884,0.6150892857142856,0.6632129575968319,,,,,,,,
SVR10,0.7411744011937432,0.7861987818383167,0.6337228260869565,0.6656645416787403,,,,,,,,
ridge,0.7665084617011617,0.8475221483942417,0.6126048136645961,0.6617327103255094,,,,,,,,
