,all,all,all,all,no revasc,no revasc,no revasc,no revasc,with revasc,with revasc,with revasc,with revasc
,Test AUC,Sensitivity,Specificity,Accuracy,Test AUC,Sensitivity,Specificity,Accuracy,Test AUC,Sensitivity,Specificity,Accuracy
lasso,0.7530580034718638,0.7993355481727576,0.6382336956521739,0.6719398966483144,,,,,,,,
linreg,0.7528297959097692,0.7769933554817277,0.6512849378881987,0.6775898290350622,,,,,,,,
SVR10,0.6040048817176011,0.6941168327796234,0.5488761645962732,0.5793960687723365,,,,,,,,
ridge,0.7528518744454303,0.7769933554817277,0.6514402173913043,0.6777129817444217,,,,,,,,
