,all,all,all,all,no revasc,no revasc,no revasc,no revasc,with revasc,with revasc,with revasc,with revasc
,Test AUC,Sensitivity,Specificity,Accuracy,Test AUC,Sensitivity,Specificity,Accuracy,Test AUC,Sensitivity,Specificity,Accuracy
lasso,0.7021363341459579,0.8020220588235295,0.6069518716577539,0.622503742876461,0.711577922062903,0.8050799894549895,0.6395277397289965,0.6510307741289831,0.6397246757919854,0.9341369047619048,0.5268746480556377,0.569601655787612
linreg,0.613676912944322,0.6874080882352941,0.610427807486631,0.616454771563798,0.663842290329536,0.763085699023199,0.6170980413777503,0.6271551290797549,0.4638251721083651,0.66,0.5591386672857026,0.5683947836778482
SVR10,0.47635901620006277,0.47288602941176466,0.69451871657754,0.676549671592775,0.518987770068292,0.554346694971695,0.6800097747637937,0.6709489149193566,0.3750058529445978,0.5599999999999999,0.5841910806014925,0.5725670614765854
ridge,0.6145242706039633,0.6842830882352942,0.6153743315508021,0.6207639090118806,0.6642202203659935,0.763085699023199,0.6176597717335409,0.6276741125060776,0.46608970803281913,0.6725000000000001,0.5485684058477941,0.559480512263577
