,all,all,all,all,no revasc,no revasc,no revasc,no revasc,with revasc,with revasc,with revasc,with revasc
,Test AUC,Sensitivity,Specificity,Accuracy,Test AUC,Sensitivity,Specificity,Accuracy,Test AUC,Sensitivity,Specificity,Accuracy
lasso,0.6340092313976721,0.7242918719211822,0.5582996715927749,0.5817583067709842,0.6557682015990406,0.7015922281837529,0.6098021940741208,0.6231212948660305,0.519201609798662,0.7519778832278832,0.511060367601102,0.543513794289405
linreg,0.6433322595387742,0.7616995073891626,0.536080459770115,0.5677400270453009,0.6732693576318481,0.7249532348026932,0.6170310777043666,0.6302264340742658,0.5064671205098771,0.8251398601398602,0.4325077042236729,0.49703293044673336
SVR10,0.5033467587986442,0.5729679802955664,0.5580886699507388,0.5602283154641167,0.5071187398862065,0.5206557079831075,0.6382596622688228,0.6212105085496751,0.5017121901615007,0.759010225885226,0.49013043404915735,0.5321396600537136
ridge,0.6427887759146464,0.7483374384236454,0.5486198686371102,0.576714478895006,0.6732404395128836,0.7263840134538666,0.6136625571095642,0.6273744056342802,0.5035646906825502,0.7952093045843047,0.4587796526114839,0.5142429569158111
