,Test AUC,Sensitivity,Specificity,Accuracy
lasso,0.6510283291675767,0.7082512315270934,0.5986945812807883,0.6140502752825266
linreg,0.6381008588334265,0.7170258620689653,0.5659006568144499,0.5870997536945813
SVR10,0.4880390590243232,0.4995381773399015,0.6306050903119871,0.6119633198106829
ridge,0.6382015518454706,0.7250307881773399,0.5584581280788177,0.5817981502946006
