,all,all,all,all,no revasc,no revasc,no revasc,no revasc,with revasc,with revasc,with revasc,with revasc
,Test AUC,Sensitivity,Specificity,Accuracy,Test AUC,Sensitivity,Specificity,Accuracy,Test AUC,Sensitivity,Specificity,Accuracy
lasso,0.7016341457336523,0.7508285984848484,0.6330409356725148,0.6516196996039794,0.7315146462187261,0.7362615941563311,0.7004772717661766,0.7064926787842128,0.5454220024900112,0.7609253940503942,0.5139991460788936,0.5709900410626062
linreg,0.6583190041866029,0.6442945075757576,0.6808479532163745,0.6750181106925529,0.6866894359644227,0.6352352809280727,0.7421262706567944,0.7265261269190887,0.5266173177572075,0.6737293262293261,0.5559922533445183,0.5862985172489241
SVR10,0.5456035132021974,0.4679214015151515,0.7333333333333334,0.6912984159180914,0.5651024334884643,0.4870154948767649,0.761417805954955,0.7219107386359206,0.48672737382140047,0.6063113969363969,0.5840318886536499,0.5945412176204222
ridge,0.6582537269626084,0.6443181818181818,0.6821637426900585,0.6761192407997683,0.6869150806319546,0.6459280704252099,0.7305726488394593,0.7181171902569548,0.5273465508476526,0.6649685037185036,0.5705977001352156,0.5966876498935915
