,all,all,all,all,no revasc,no revasc,no revasc,no revasc,with revasc,with revasc,with revasc,with revasc
,Test AUC,Sensitivity,Specificity,Accuracy,Test AUC,Sensitivity,Specificity,Accuracy,Test AUC,Sensitivity,Specificity,Accuracy
lasso,0.6842551992740076,0.6904419191919192,0.6506567948411751,0.6594006568144498,0.7078938389990356,0.7140249082574195,0.6753666285769522,0.6833595255902891,0.5692571235475283,0.639199377011877,0.6256461798237406,0.6329959777695684
linreg,0.6783464320379174,0.7055050505050506,0.6310942600111457,0.6474675214913552,0.6996279674273829,0.7034302977520728,0.6736364707279383,0.6798675357058842,0.5677402549213915,0.6991366619491618,0.5755785587119285,0.6153514588994746
SVR10,0.5080622200027503,0.6076641414141415,0.5253652177374413,0.5437035158891141,0.5071842296165032,0.6116838266658838,0.5455183882487835,0.5576493683408557,0.49941758050366164,0.5824950396825398,0.6109399018620753,0.6028717431306305
ridge,0.6783889739284412,0.7055050505050506,0.6310942600111457,0.6474675214913552,0.6996892449000974,0.7034302977520728,0.6736364707279383,0.6798675357058842,0.5678177443962025,0.6991366619491618,0.5755785587119285,0.6153514588994746
