,all,all,all,all,no revasc,no revasc,no revasc,no revasc,with revasc,with revasc,with revasc,with revasc
,Test AUC,Sensitivity,Specificity,Accuracy,Test AUC,Sensitivity,Specificity,Accuracy,Test AUC,Sensitivity,Specificity,Accuracy
lasso,0.7748445227433745,0.8340808416389812,0.6488150232919254,0.6875597652854244,,,,,,,,
linreg,0.7757140847365235,0.8474667774086377,0.6362024456521737,0.6804320003863615,,,,,,,,
SVR10,0.7513536841050878,0.8041112956810632,0.6407890139751553,0.6749275572297886,,,,,,,,
ridge,0.7712542323552272,0.8434108527131784,0.6376387810559007,0.680687964841109,,,,,,,,
