,all,all,all,all,no revasc,no revasc,no revasc,no revasc,with revasc,with revasc,with revasc,with revasc
,Test AUC,Sensitivity,Specificity,Accuracy,Test AUC,Sensitivity,Specificity,Accuracy,Test AUC,Sensitivity,Specificity,Accuracy
lasso,0.8522038366977226,0.9012181616832781,0.7306686723602487,0.7662875495025595,,,,,,,,
linreg,0.8376606613006679,0.8982973421926912,0.7209908773291924,0.7580453733217423,,,,,,,,
SVR10,0.7652570639921794,0.7889811738648949,0.7644079968944101,0.7694901236356608,,,,,,,,
ridge,0.837922565417724,0.8977021040974531,0.7216110248447205,0.7584136240703178,,,,,,,,
