,all,all,all,all,no revasc,no revasc,no revasc,no revasc,with revasc,with revasc,with revasc,with revasc
,Test AUC,Sensitivity,Specificity,Accuracy,Test AUC,Sensitivity,Specificity,Accuracy,Test AUC,Sensitivity,Specificity,Accuracy
lasso,0.7125381874912934,0.7270833333333334,0.6588972657095448,0.671225731671979,0.739704288292377,0.7451430947634019,0.6922632027355319,0.7006449517470027,0.5813571054736955,0.761815614940615,0.5483532694251518,0.5933162992689209
linreg,0.6609223415212342,0.6652402402402402,0.6554072577736095,0.65719175601275,0.6862870976030664,0.6631581447599592,0.7086785962025461,0.7006961692440402,0.5344411134390389,0.6655283605283605,0.5869279949405852,0.5976753353907798
SVR10,0.5831439137897007,0.4735172672672673,0.7560042565471468,0.7049170530281079,0.594689834576972,0.4953237227061962,0.7588290647417176,0.7149281149763751,0.5255487025147918,0.6006555944055945,0.640563675482291,0.6179255768077494
ridge,0.6625763587337429,0.6793918918918918,0.6466398528244717,0.6526284651791752,0.6880968079906358,0.6708473201678847,0.7049598932711484,0.6985288340009432,0.5355120896790762,0.6636344211344211,0.583652779819206,0.5944999084133958
