,all,all,all,all,no revasc,no revasc,no revasc,no revasc,with revasc,with revasc,with revasc,with revasc
,Test AUC,Sensitivity,Specificity,Accuracy,Test AUC,Sensitivity,Specificity,Accuracy,Test AUC,Sensitivity,Specificity,Accuracy
lasso,0.6888235707726094,0.6823989898989901,0.6635409203088927,0.6677394233555491,0.7080689928456275,0.6677258594545841,0.708220358557376,0.6990077037894018,0.5946511284725495,0.7657718445769917,0.5383618102866905,0.6018922507680491
linreg,0.6550254736682966,0.7201010101010105,0.5844847145927873,0.6142344006568143,0.6667545306650268,0.6911934387391375,0.6418032132478685,0.6522118195294049,0.5649816333732957,0.7741357478306009,0.48897445430457165,0.5690083161553645
SVR10,0.5659289133674135,0.4922474747474749,0.7235829153729801,0.6729239109436878,0.5659687515005163,0.47158778327301654,0.7653971207175883,0.704776650485314,0.5395449343219536,0.6786315849183495,0.5524068933898056,0.5860355420403848
ridge,0.655569185003446,0.7212878787878791,0.5834059788233421,0.6136222592485268,0.6673134463342912,0.6915144517164006,0.6427007174954981,0.6531098055630995,0.5655211770066467,0.7711945713600127,0.4880082008441232,0.5681257847280043
