,all,all,all,all,no revasc,no revasc,no revasc,no revasc,with revasc,with revasc,with revasc,with revasc
,Test AUC,Sensitivity,Specificity,Accuracy,Test AUC,Sensitivity,Specificity,Accuracy,Test AUC,Sensitivity,Specificity,Accuracy
lasso,0.6950521104964816,0.7255102040816329,0.6320894428152493,0.6546109823239641,0.7160707468163305,0.6776012092230701,0.7191490594102588,0.7095313134854165,0.6053201976360665,0.6934034630445235,0.6266237899530918,0.6458035963968229
linreg,0.6762189538572029,0.720408163265306,0.6154147465437788,0.6407218922051579,0.6950012791360602,0.7076855745744053,0.6670614754873948,0.6760993878124864,0.5894012047096351,0.7028964439413358,0.5848025397853988,0.6213666484988405
SVR10,0.5431063028479092,0.40714285714285714,0.8031325932132383,0.7076451270163239,0.5274304964543554,0.40394391425056686,0.8060183412256892,0.7147475585776313,0.5724358249301499,0.6881408935491754,0.5803202654308828,0.606328159226998
ridge,0.6765827654899412,0.713265306122449,0.6230341432760788,0.6447823094755142,0.6953017269089291,0.6916500747889056,0.6834857981813134,0.6850485390192497,0.5899413886587364,0.6877773963222881,0.6037571720361772,0.6294277432287053
