,Test AUC,Sensitivity,Specificity,Accuracy
lasso,0.6502217155696537,0.7576388888888891,0.6069904837430612,0.6131550033806625
linreg,0.58842946882251,0.6902777777777779,0.6188785355537932,0.6217038539553752
SVR10,0.47904863130378583,0.5479166666666667,0.6378859370869682,0.6338120593064813
ridge,0.5889907333979498,0.6875000000000001,0.6225951625693894,0.6251334154351395
