,all,all,all,all,no revasc,no revasc,no revasc,no revasc,with revasc,with revasc,with revasc,with revasc
,Test AUC,Sensitivity,Specificity,Accuracy,Test AUC,Sensitivity,Specificity,Accuracy,Test AUC,Sensitivity,Specificity,Accuracy
lasso,0.6996388850162477,0.7907657657657657,0.5727202222061898,0.6120424031681637,0.7326714434576999,0.7620829362904312,0.6556956475957867,0.6732787156772425,0.5220251919815223,0.7461798618048617,0.47953566718260854,0.5422243706547293
linreg,0.6872767192197606,0.7564376876876875,0.5826915446216001,0.6141100405679514,0.7171600850843795,0.7430373285407201,0.643844286089189,0.6602713596593766,0.5303611678538979,0.7384530747030744,0.5037221334422823,0.5558395116644501
SVR10,0.4613870977246636,0.485135135135135,0.5988204314263039,0.5779985269970058,0.45556333542239746,0.4278054208893426,0.676408171602548,0.6352896040462571,0.5013894607897418,0.5916654179154179,0.6073695434361515,0.6010874592777375
ridge,0.6878134347824485,0.7557995495495493,0.5860111103095015,0.616693832705496,0.7177729916648703,0.7337818340352256,0.6550565494738285,0.6679676394131614,0.5297071355187503,0.74400863025863,0.5001575193629624,0.5542826010953444
