,all,all,all,all,no revasc,no revasc,no revasc,no revasc,with revasc,with revasc,with revasc,with revasc
,Test AUC,Sensitivity,Specificity,Accuracy,Test AUC,Sensitivity,Specificity,Accuracy,Test AUC,Sensitivity,Specificity,Accuracy
lasso,0.7730201186263184,0.8347591362126249,0.6398088121118012,0.6805539457162174,,,,,,,,
linreg,0.7713223165277233,0.8177048726467332,0.6508588897515528,0.6857197189220516,,,,,,,,
SVR10,0.746851837044221,0.7758720930232558,0.6517857142857142,0.6777341108857337,,,,,,,,
ridge,0.7675799547574338,0.8071982281284609,0.6487208850931678,0.6817987539843524,,,,,,,,
