,Test AUC,Sensitivity,Specificity,Accuracy
lasso,0.6680127398553004,0.7537683823529412,0.59572192513369,0.6083321259538297
linreg,0.6601520721925135,0.7203125000000001,0.6127005347593583,0.6212535014005601
SVR10,0.4923113597043095,0.5996323529411766,0.5526737967914438,0.5565464116681155
ridge,0.6562785073922621,0.7139705882352942,0.6125668449197862,0.6206480005795423
