,Test AUC,Sensitivity,Specificity,Accuracy
lasso,0.7008251330798164,0.7967803030303029,0.6285899323734729,0.6382570269487104
linreg,0.7008251330798164,0.7967803030303029,0.6285899323734729,0.6382570269487104
SVR10,0.35810774114674215,0.718371212121212,0.3706322262216404,0.39181758910460746
ridge,0.7008251330798164,0.7967803030303029,0.6285899323734729,0.6382570269487104
