,all,all,all,all,no revasc,no revasc,no revasc,no revasc,with revasc,with revasc,with revasc,with revasc
,Test AUC,Sensitivity,Specificity,Accuracy,Test AUC,Sensitivity,Specificity,Accuracy,Test AUC,Sensitivity,Specificity,Accuracy
lasso,0.6972790197017001,0.7706456456456457,0.6738045738045739,0.6777066837918765,0.6724891446855646,0.7736164736164737,0.6787706583718789,0.6810218262037775,0.6995417211829577,0.9549549549549549,0.6508383357279697,0.6732135179335755
linreg,0.6152203353234281,0.6433933933933933,0.6719749090883114,0.6705661761442694,0.594289167758666,0.7319498069498069,0.6058239503149057,0.6088998164645065,0.6127707507559108,0.9045045045045046,0.5401199220262866,0.5653813565241851
SVR10,0.5511904053141166,0.5619369369369369,0.7073786712961974,0.7012610263117361,0.5060992910187029,0.6621621621621621,0.6159903803139986,0.6155408005393874,0.607186942777241,0.8513513513513513,0.6031616164202824,0.6184333306177409
ridge,0.6137470737986203,0.6403903903903904,0.6721192246965444,0.6705681340569779,0.5932557892091594,0.7528635778635778,0.5876537704964324,0.5913431451562831,0.606852200805469,0.9031531531531533,0.535398029001534,0.56122516520981
