,all,all,all,all,no revasc,no revasc,no revasc,no revasc,with revasc,with revasc,with revasc,with revasc
,Test AUC,Sensitivity,Specificity,Accuracy,Test AUC,Sensitivity,Specificity,Accuracy,Test AUC,Sensitivity,Specificity,Accuracy
lasso,0.6939566760277835,0.6990740740740742,0.7513335637840004,0.7490582439872503,0.6436667680675574,0.6115079365079366,0.792606272830392,0.7855920413537449,0.7718395870459595,0.9820512820512821,0.6892038202068971,0.7091995565016926
linreg,0.6554054519657216,0.6118233618233619,0.764156109992748,0.7578888319253431,0.6355577798912957,0.6106532356532356,0.7662673501017779,0.7601169157170857,0.646473759886696,0.8094017094017093,0.7186437573922989,0.721619744396138
SVR10,0.4003889796382527,0.6641737891737891,0.4477785233534638,0.4566327857402908,0.38636867822560483,0.7091575091575091,0.4036239049425009,0.41370999266084485,0.5449549809460889,0.8038461538461538,0.607745191575658,0.616959472828657
ridge,0.6573321814565534,0.6214387464387466,0.7570555182767716,0.7514469978973022,0.6384455953293341,0.6157814407814407,0.7612044035954819,0.7553599886546035,0.6474276051354083,0.8094017094017093,0.7190669950348388,0.7220216382079755
