,Test AUC,Sensitivity,Specificity,Accuracy
lasso,0.6631688260383993,0.7190277777777778,0.5958146207584831,0.6174460301361921
linreg,0.6663552953616577,0.7208134920634921,0.5975397419446821,0.6192969429150972
SVR10,0.5252515257184045,0.5414285714285713,0.6061617835757057,0.5947533323674298
ridge,0.6663846838635655,0.7208134920634921,0.5979879526660963,0.619666401043176
