,all,all,all,all,no revasc,no revasc,no revasc,no revasc,with revasc,with revasc,with revasc,with revasc
,Test AUC,Sensitivity,Specificity,Accuracy,Test AUC,Sensitivity,Specificity,Accuracy,Test AUC,Sensitivity,Specificity,Accuracy
lasso,0.8518439351547071,0.8663903061224489,0.7522580645161291,0.7793471699024436,,,,,,,,
linreg,0.8345425307219664,0.8281462585034014,0.7590322580645161,0.7754032647541773,,,,,,,,
SVR10,0.8119814296686417,0.7919217687074831,0.7753225806451614,0.7792185839853183,,,,,,,,
ridge,0.8353779899056397,0.8265412414965987,0.7620967741935486,0.7773785376219452,,,,,,,,
