,all,all,all,all,no revasc,no revasc,no revasc,no revasc,with revasc,with revasc,with revasc,with revasc
,Test AUC,Sensitivity,Specificity,Accuracy,Test AUC,Sensitivity,Specificity,Accuracy,Test AUC,Sensitivity,Specificity,Accuracy
lasso,0.7650979664489658,0.8278931339977854,0.6549320652173913,0.6910243407707912,,,,,,,,
linreg,0.7543570366721007,0.7855204872646733,0.6580027173913043,0.6845926301555105,,,,,,,,
SVR10,0.6803596437943226,0.7625692137320047,0.5805910326086956,0.6187071380276248,,,,,,,,
ridge,0.7554320033119415,0.800844407530454,0.6460355201863353,0.6783160678064329,,,,,,,,
