,all,all,all,all,no revasc,no revasc,no revasc,no revasc,with revasc,with revasc,with revasc,with revasc
,Test AUC,Sensitivity,Specificity,Accuracy,Test AUC,Sensitivity,Specificity,Accuracy,Test AUC,Sensitivity,Specificity,Accuracy
lasso,0.8617189219595828,0.8881090808416392,0.7543157996894412,0.7823203419298751,,,,,,,,
linreg,0.8493059421063676,0.8751384274640088,0.7423388975155276,0.7701415048778129,,,,,,,,
SVR10,0.8155568728376081,0.7976744186046513,0.7678571428571428,0.7740781657490581,,,,,,,,
ridge,0.8495946977122497,0.8763427464008858,0.7414072204968941,0.769647686660871,,,,,,,,
