,all,all,all,all,no revasc,no revasc,no revasc,no revasc,with revasc,with revasc,with revasc,with revasc
,Test AUC,Sensitivity,Specificity,Accuracy,Test AUC,Sensitivity,Specificity,Accuracy,Test AUC,Sensitivity,Specificity,Accuracy
lasso,0.7287008668482561,0.8534745293466225,0.5630308618012423,0.6237739061141698,,,,,,,,
linreg,0.7287008668482561,0.8534745293466225,0.5630308618012423,0.6237739061141698,,,,,,,,
SVR10,0.333142937533962,0.7742386489479511,0.28765139751552793,0.38955013039698616,,,,,,,,
ridge,0.7287008668482561,0.8534745293466225,0.5630308618012423,0.6237739061141698,,,,,,,,
