,all,all,all,all,no revasc,no revasc,no revasc,no revasc,with revasc,with revasc,with revasc,with revasc
,Test AUC,Sensitivity,Specificity,Accuracy,Test AUC,Sensitivity,Specificity,Accuracy,Test AUC,Sensitivity,Specificity,Accuracy
lasso,0.6722647648631644,0.7441176470588236,0.6065508021390376,0.6176355887182461,0.6983969928997742,0.7325814463314465,0.6675134646339872,0.6722617204718467,0.5544897462382063,0.7382738095238096,0.593921588034265,0.6060587753403428
linreg,0.6673101309374017,0.791452205882353,0.5554812834224598,0.5742634985028495,0.6950377451030023,0.7750518925518926,0.6329958958804517,0.6441912240861981,0.5570663647523968,0.7265476190476192,0.6047898445892981,0.612529484985806
SVR10,0.5286558273041836,0.5714154411764706,0.627005347593583,0.6224777842171352,0.5395708792443932,0.6157062382062383,0.6155994617772047,0.6150922786969963,0.5154020875918687,0.7357142857142857,0.5613147494975204,0.5754967204174134
ridge,0.6673619849009123,0.777389705882353,0.56951871657754,0.5860861586013717,0.6952100401254219,0.7731288156288156,0.6342856807823003,0.6452258474576288,0.557233140099717,0.7265476190476192,0.6040954001448535,0.611919728888245
