,Test AUC,Sensitivity,Specificity,Accuracy
lasso,0.7118886025200457,0.7510416666666669,0.6938203806502778,0.6961647590070511
linreg,0.6790337070813874,0.8059027777777779,0.6008987575997886,0.6095334685598377
SVR10,0.5374725746761829,0.5871527777777779,0.6661221252973831,0.6626617888534726
ridge,0.6800746945399007,0.8059027777777779,0.602682394924663,0.6112449290060853
