,Test AUC,Sensitivity,Specificity,Accuracy
lasso,0.6779962252280592,0.7561580882352942,0.6074866310160429,0.6192558920119774
linreg,0.6785147648631646,0.7459558823529413,0.6122994652406417,0.6229891094368782
SVR10,0.5309600110097514,0.6780330882352941,0.5133689839572192,0.5263528687337002
ridge,0.6785467128027681,0.7459558823529413,0.6121657754010695,0.6228665604172704
