,all,all,all,all,no revasc,no revasc,no revasc,no revasc,with revasc,with revasc,with revasc,with revasc
,Test AUC,Sensitivity,Specificity,Accuracy,Test AUC,Sensitivity,Specificity,Accuracy,Test AUC,Sensitivity,Specificity,Accuracy
lasso,0.7289710712394158,0.8282945736434109,0.5923282220496893,0.6416660629769149,,,,,,,,
linreg,0.7289710712394158,0.8282945736434109,0.5923282220496893,0.6416660629769149,,,,,,,,
SVR10,0.320466311398169,0.7290420819490586,0.32563664596273284,0.4096137592968221,,,,,,,,
ridge,0.7289710712394158,0.8282945736434109,0.5923282220496893,0.6416660629769149,,,,,,,,
