,all,all,all,all,no revasc,no revasc,no revasc,no revasc,with revasc,with revasc,with revasc,with revasc
,Test AUC,Sensitivity,Specificity,Accuracy,Test AUC,Sensitivity,Specificity,Accuracy,Test AUC,Sensitivity,Specificity,Accuracy
lasso,0.7043039978249401,0.7614607614607615,0.6722364858817738,0.6774724036387322,0.7008303322030847,0.7683732933732934,0.6801494316189808,0.6849597224684589,0.6701890718726551,0.944871794871795,0.6120560021010978,0.6373477367010497
linreg,0.6187990212654808,0.6326728826728827,0.6806436546292568,0.677968357988642,0.6282103715012022,0.6542115292115291,0.6921619551176205,0.691135946189719,0.5349779920819019,0.8388888888888889,0.5199720182969416,0.5401154606444596
SVR10,0.5498234215307187,0.5301087801087802,0.7045010236273322,0.694510076355918,0.5618227036417652,0.5545926295926298,0.7260776312978978,0.7164162230653756,0.5001504489308584,0.8,0.5129378276404194,0.5319500527878062
ridge,0.6197000927858258,0.6136363636363636,0.7026488454826151,0.6975365743114221,0.6274800493836467,0.6584850334850335,0.6902494841150238,0.6897134465043978,0.5435735046895146,0.8209401709401709,0.541134971936853,0.5587349364067924
