,all,all,all,all,no revasc,no revasc,no revasc,no revasc,with revasc,with revasc,with revasc,with revasc
,Test AUC,Sensitivity,Specificity,Accuracy,Test AUC,Sensitivity,Specificity,Accuracy,Test AUC,Sensitivity,Specificity,Accuracy
lasso,0.7219258096314018,0.7633996212121212,0.6554093567251462,0.6725918815802183,0.7505679408160228,0.7701792587973938,0.7017849260460528,0.7111514278748128,0.59179429410978,0.7832468919968921,0.5583359550522612,0.6015203464661487
linreg,0.6866055012847777,0.7097301136363636,0.6574561403508774,0.6658293489809718,0.7140839946397404,0.7156860143733714,0.6953942856574062,0.6980819061931147,0.5595137842545618,0.7707065850815851,0.5239962244614241,0.5764864658551969
SVR10,0.4639333300106327,0.33648200757575764,0.775438596491228,0.7056028445861101,0.4681843669762563,0.3377338849281069,0.7986004630595492,0.7303010866991917,0.47454604301629544,0.6341287878787879,0.546960903213751,0.5640080661119888
ridge,0.6869993797625377,0.7041903409090909,0.6621345029239768,0.668916014681735,0.7145638675713031,0.7214054579732497,0.6894299318197383,0.6936708248574701,0.5599723290733432,0.7665399184149184,0.5292133666907615,0.5785507814897509
