,all,all,all,all,no revasc,no revasc,no revasc,no revasc,with revasc,with revasc,with revasc,with revasc
,Test AUC,Sensitivity,Specificity,Accuracy,Test AUC,Sensitivity,Specificity,Accuracy,Test AUC,Sensitivity,Specificity,Accuracy
lasso,0.6680889234035863,0.7635110294117649,0.5844919786096257,0.5987545880421132,0.700050252606971,0.7906143162393163,0.6209599444922919,0.6340850231797172,0.5430769738083371,0.7759523809523811,0.5283662890822043,0.5591465382809013
linreg,0.6629177807486631,0.7278492647058823,0.6195187165775401,0.6281681638172509,0.6963000872259929,0.7670353951603952,0.6450980776612256,0.6538575427892315,0.5653655824117838,0.7706250000000001,0.5714213290617854,0.5931025676392492
SVR10,0.4972274103491664,0.6847426470588235,0.4762032085561498,0.4926235149232106,0.503690954655407,0.6788204850704851,0.5062452941632989,0.5171450933612877,0.5006953388977669,0.7071726190476191,0.5962507055478201,0.6009235944478257
ridge,0.6593848301352627,0.7279411764705883,0.6125668449197862,0.6217672413793104,0.6915344035350919,0.7312982156732157,0.6723186887453921,0.6767812905552527,0.562927881468708,0.7543750000000001,0.5872106170198311,0.6046916443068535
