,all,all,all,all,no revasc,no revasc,no revasc,no revasc,with revasc,with revasc,with revasc,with revasc
,Test AUC,Sensitivity,Specificity,Accuracy,Test AUC,Sensitivity,Specificity,Accuracy,Test AUC,Sensitivity,Specificity,Accuracy
lasso,0.7312668696510861,0.8258715986394558,0.5930645161290322,0.6483464937699215,,,,,,,,
linreg,0.7312668696510861,0.8258715986394558,0.5930645161290322,0.6483464937699215,,,,,,,,
SVR10,0.3107492593811718,0.5302083333333333,0.5122580645161291,0.5168658842847484,,,,,,,,
ridge,0.7312668696510861,0.8258715986394558,0.5930645161290322,0.6483464937699215,,,,,,,,
