,Test AUC,Sensitivity,Specificity,Accuracy
lasso,0.7185081786725385,0.7889705882352942,0.6220588235294117,0.6354227035641842
linreg,0.7146591892104437,0.7671875000000001,0.6319518716577539,0.6425933304356226
SVR10,0.6222976958162943,0.70625,0.5854278074866308,0.595151767603593
ridge,0.7146931031770998,0.7715992647058825,0.6276737967914439,0.6390400125567469
