,all,all,all,all,no revasc,no revasc,no revasc,no revasc,with revasc,with revasc,with revasc,with revasc
,Test AUC,Sensitivity,Specificity,Accuracy,Test AUC,Sensitivity,Specificity,Accuracy,Test AUC,Sensitivity,Specificity,Accuracy
lasso,0.7082871314206154,0.7688025210084033,0.6162721893491124,0.6419298753984354,0.7484874210233825,0.7937752131480637,0.6645902666670396,0.684270441866727,0.5266312667275954,0.6467334585349289,0.5864530298036654,0.5950876455645957
linreg,0.7082871314206154,0.7688025210084033,0.6162721893491124,0.6419298753984354,0.7484874210233825,0.7937752131480637,0.6645902666670396,0.684270441866727,0.5266312667275954,0.6467334585349289,0.5864530298036654,0.5950876455645957
SVR10,0.45714919695688927,0.6536764705882354,0.5087278106508877,0.5334323384526224,0.4514006265103404,0.5791530441905255,0.6163615864084987,0.6096772199365676,0.4960433334780488,0.6876298701298701,0.5262338130627416,0.5604245525675706
ridge,0.7082871314206154,0.7688025210084033,0.6162721893491124,0.6419298753984354,0.7484874210233825,0.7937752131480637,0.6645902666670396,0.684270441866727,0.5266312667275954,0.6467334585349289,0.5864530298036654,0.5950876455645957
