,all,all,all,all,no revasc,no revasc,no revasc,no revasc,with revasc,with revasc,with revasc,with revasc
,Test AUC,Sensitivity,Specificity,Accuracy,Test AUC,Sensitivity,Specificity,Accuracy,Test AUC,Sensitivity,Specificity,Accuracy
lasso,0.6064569592308725,0.6838888888888891,0.5451028978584509,0.5753531585047813,0.6268964899935213,0.7524436260365561,0.5133973657266255,0.5624639874512456,0.5283383874293637,0.6340901704504645,0.5928549878923954,0.6022742151515321
linreg,0.6003052095672109,0.7046464646464647,0.5084726534511583,0.5513347580411476,0.6225867843786144,0.7432886170743302,0.5139042003964861,0.5603808776013488,0.5154628720446006,0.6014571682402563,0.6107700378780583,0.603030773834707
SVR10,0.4862121352848604,0.5196338383838384,0.5733201974365097,0.561657852796291,0.48404432128648345,0.602575108504724,0.5004987295205935,0.5213361788146103,0.48802936425674276,0.5579341879525702,0.6269926105428483,0.6033937198048361
ridge,0.6002911318020584,0.7046464646464647,0.5084726534511583,0.5513347580411476,0.6225549940751639,0.7432886170743302,0.5139042003964861,0.5603808776013488,0.5154628720446006,0.6014571682402563,0.6107700378780583,0.603030773834707
