,Test AUC,Sensitivity,Specificity,Accuracy
lasso,0.5881283807809551,0.6370238095238097,0.577453129455375,0.5879575968318361
linreg,0.5628811559137961,0.6220039682539683,0.5586933276304535,0.5697291847773591
SVR10,0.4754625835488885,0.605357142857143,0.4956675933846594,0.5148700859654209
ridge,0.5675520801509227,0.6073214285714286,0.5801887296834902,0.5848709311310729
