,Test AUC,Sensitivity,Specificity,Accuracy
lasso,0.6519955174583203,0.5591911764705882,0.7986631016042782,0.7794552303680091
linreg,0.6070887562912866,0.5068014705882353,0.7867647058823531,0.7643261614990823
SVR10,0.38708713431896824,0.7280330882352941,0.3385026737967915,0.37007087317685705
ridge,0.607481961701793,0.5157169117647059,0.7776737967914439,0.756720878006375
