,all,all,all,all,no revasc,no revasc,no revasc,no revasc,with revasc,with revasc,with revasc,with revasc
,Test AUC,Sensitivity,Specificity,Accuracy,Test AUC,Sensitivity,Specificity,Accuracy,Test AUC,Sensitivity,Specificity,Accuracy
lasso,0.7077286586244373,0.7770007770007771,0.6504067939768202,0.6576961465399599,0.7431827663628654,0.8035483035483038,0.6833820817554891,0.6895793025900357,0.5762821307905628,0.8396825396825398,0.5491471503797388,0.5723188782067133
linreg,0.7067931674443455,0.7597125097125096,0.649129357408153,0.6555402001649466,0.7486279080062374,0.8456219706219706,0.6507894704183433,0.6609105620658565,0.5665467938233978,0.7717338217338218,0.6278668500070582,0.6372865659453171
SVR10,0.5608764122548481,0.6773504273504274,0.567660088602497,0.5737126857816514,0.5881798510301193,0.6931522181522183,0.6166701210310451,0.6204405835599746,0.4941571403043983,0.8410256410256411,0.4866605585721052,0.513611662823636
ridge,0.7067577572526853,0.7597125097125096,0.6488615641920613,0.6552875792226706,0.7486153452804843,0.8456219706219706,0.6506218820154609,0.6607522841298009,0.5666201992539461,0.7717338217338218,0.6273435637694862,0.6368117321371499
