,Test AUC,Sensitivity,Specificity,Accuracy
lasso,0.6656316379108125,0.7538793103448276,0.579068144499179,0.6038231671979137
linreg,0.6150105519020925,0.6645935960591132,0.6087257799671594,0.6166008644837245
SVR10,0.40597772129065657,0.43666871921182276,0.6347487684729063,0.6062312856176953
ridge,0.6156082813624855,0.6645320197044333,0.6090016420361248,0.6168465662126918
