,all,all,all,all,no revasc,no revasc,no revasc,no revasc,with revasc,with revasc,with revasc,with revasc
,Test AUC,Sensitivity,Specificity,Accuracy,Test AUC,Sensitivity,Specificity,Accuracy,Test AUC,Sensitivity,Specificity,Accuracy
lasso,0.6452604629247658,0.6757081280788176,0.6204646962233169,0.6282031778228532,0.6783973081538681,0.7197159782399889,0.6266099505821862,0.6390869577911867,0.5239651113323409,0.5807215007215005,0.6849485512776795,0.6687740147247004
linreg,0.643765138278855,0.6810344827586208,0.6166354679802954,0.6256266299623298,0.6805111294787879,0.7373649615348534,0.6181612524238089,0.6344252024777413,0.511586326193751,0.570741341991342,0.680344798303104,0.6607727894284687
SVR10,0.5263718463604227,0.6316194581280787,0.5233579638752053,0.5384972954699119,0.5369948304456279,0.6472567948682837,0.5365479982827287,0.5521111537993177,0.481792361516215,0.6310290404040405,0.5755527248840211,0.5814921418917263
ridge,0.6437347302773666,0.6810344827586208,0.6164926108374382,0.6255040809427219,0.6804797643124734,0.7373649615348534,0.6179787706719841,0.6342669746296401,0.5115046268473458,0.570741341991342,0.680344798303104,0.6607727894284687
