,all,all,all,all,no revasc,no revasc,no revasc,no revasc,with revasc,with revasc,with revasc,with revasc
,Test AUC,Sensitivity,Specificity,Accuracy,Test AUC,Sensitivity,Specificity,Accuracy,Test AUC,Sensitivity,Specificity,Accuracy
lasso,0.7505244724280005,0.777173311184939,0.6558268633540373,0.6811419395344342,,,,,,,,
linreg,0.7511140122125697,0.7745570321151715,0.6520496894409937,0.6777123780546701,,,,,,,,
SVR10,0.5959099606728435,0.6487818383167221,0.5850378493788821,0.5983169129720853,,,,,,,,
ridge,0.7511353620694992,0.7739617940199335,0.6528270574534161,0.6782049888921085,,,,,,,,
