,all,all,all,all,no revasc,no revasc,no revasc,no revasc,with revasc,with revasc,with revasc,with revasc
,Test AUC,Sensitivity,Specificity,Accuracy,Test AUC,Sensitivity,Specificity,Accuracy,Test AUC,Sensitivity,Specificity,Accuracy
lasso,0.7282792945211828,0.7737267080745339,0.6207089552238804,0.6728188689268813,,,,,,,,
linreg,0.7275016995766512,0.7548188405797103,0.6332089552238809,0.6746740075340483,,,,,,,,
SVR10,0.7226873010722782,0.7805797101449277,0.6085820895522389,0.6671556553655945,,,,,,,,
ridge,0.7275286224158709,0.7555434782608696,0.6328358208955224,0.6746740075340483,,,,,,,,
