,all,all,all,all,no revasc,no revasc,no revasc,no revasc,with revasc,with revasc,with revasc,with revasc
,Test AUC,Sensitivity,Specificity,Accuracy,Test AUC,Sensitivity,Specificity,Accuracy,Test AUC,Sensitivity,Specificity,Accuracy
lasso,0.761007076459249,0.8305647840531563,0.6352872670807455,0.6761325219743071,,,,,,,,
linreg,0.7546499536998824,0.8269656699889258,0.6173602484472049,0.6612539843523617,,,,,,,,
SVR10,0.7272932379473528,0.8081949058693244,0.5940809394409938,0.6390593306288033,,,,,,,,
ridge,0.7552795960712394,0.8274501661129567,0.6176766304347827,0.6616373273447311,,,,,,,,
