,all,all,all,all,no revasc,no revasc,no revasc,no revasc,with revasc,with revasc,with revasc,with revasc
,Test AUC,Sensitivity,Specificity,Accuracy,Test AUC,Sensitivity,Specificity,Accuracy,Test AUC,Sensitivity,Specificity,Accuracy
lasso,0.6535592022778196,0.7149630541871922,0.5967274220032841,0.6134846179851251,0.6841789915051822,0.7328418687529099,0.6345893169613437,0.6478061098099331,0.5296003825891679,0.7845914502164503,0.4597948937125774,0.5188211159968245
linreg,0.6480958993585545,0.7366687192118226,0.5709137931034481,0.5943591229595286,0.681313977487601,0.7233709778811324,0.6361303801328404,0.6478272787209745,0.5193898725211168,0.7991612554112554,0.4520469739100652,0.5133868862010057
SVR10,0.4455372612778762,0.5814655172413793,0.4947093596059112,0.5070547184390998,0.4386854447014164,0.5761058674353869,0.5127713125479891,0.5215765253386062,0.493178525208332,0.6804761904761902,0.5338863544462299,0.5649106486734222
ridge,0.644442890711576,0.7322352216748766,0.5683316912972085,0.5915332512315271,0.6769655387918718,0.7209057139307427,0.6339807435375893,0.6459834220444235,0.5176607673474471,0.7954906204906205,0.4553295925720343,0.5126463456204806
