,Test AUC,Sensitivity,Specificity,Accuracy
lasso,0.6726719681616589,0.7868055555555558,0.6209773988897703,0.6279248768472907
linreg,0.6726719681616589,0.7868055555555558,0.6209773988897703,0.6279248768472907
SVR10,0.3979277542808469,0.7534722222222221,0.37332408141686485,0.3892356080363179
ridge,0.6726719681616589,0.7868055555555558,0.6209773988897703,0.6279248768472907
