,all,all,all,all,no revasc,no revasc,no revasc,no revasc,with revasc,with revasc,with revasc,with revasc
,Test AUC,Sensitivity,Specificity,Accuracy,Test AUC,Sensitivity,Specificity,Accuracy,Test AUC,Sensitivity,Specificity,Accuracy
lasso,0.6876882171495657,0.7527462121212121,0.6156432748538012,0.6373913358446825,0.7202620816327105,0.7151868103715929,0.7126449234341531,0.7130012617522645,0.5265210688147347,0.7594273088023089,0.4909740078180217,0.5437478222535519
linreg,0.6704060201798688,0.6577414772727272,0.675,0.6723739495798318,0.7007639946660914,0.6674269158780031,0.7187993618470506,0.7115172308750084,0.5259749774774647,0.6721078227328227,0.5787689367928299,0.5935053770452667
SVR10,0.48671341983430805,0.4188446969696969,0.7115497076023392,0.665098280691587,0.4809802532914337,0.41325542110868196,0.7322887284193248,0.6877287115938969,0.49403880452379,0.6941203934953935,0.522487785936671,0.5598924877722746
ridge,0.6713580431508062,0.6538589015151515,0.6799707602339181,0.6759423597025016,0.7011352948646236,0.6687618020063675,0.7184741497483579,0.7112235132562325,0.5269702941856418,0.6953022671772672,0.5599999942772735,0.5842132598875877
