,Test AUC,Sensitivity,Specificity,Accuracy
lasso,0.6653104951263288,0.7700757575757577,0.590265052356021,0.6009345117357289
linreg,0.6029363962349279,0.6820075757575755,0.598061872818499,0.6027926687916547
SVR10,0.5210387838215269,0.6541666666666666,0.5541380344677138,0.5597471747319618
ridge,0.6029668618448887,0.6863636363636363,0.595070489746946,0.6002167246208828
