,Test AUC,Sensitivity,Specificity,Accuracy
lasso,0.6507934007134364,0.7120689655172412,0.6012545155993433,0.6169528156090021
linreg,0.6132098772921772,0.7131157635467982,0.5557561576354679,0.5779876605814739
SVR10,0.5453511611541169,0.5253078817733992,0.6587405582922824,0.6400686998937506
ridge,0.6124448482127691,0.6933189655172414,0.5721083743842367,0.5891679947841205
