,all,all,all,all,no revasc,no revasc,no revasc,no revasc,with revasc,with revasc,with revasc,with revasc
,Test AUC,Sensitivity,Specificity,Accuracy,Test AUC,Sensitivity,Specificity,Accuracy,Test AUC,Sensitivity,Specificity,Accuracy
lasso,0.7174783275628271,0.7545045045045045,0.6361301493398742,0.6575002414759006,0.7483359175373457,0.7593709754707058,0.6831091075936291,0.6957003683887463,0.5657778776650495,0.7410204378954381,0.5482443337026677,0.5882678715081782
linreg,0.6762714686495889,0.7168543543543542,0.6222152081379408,0.6393925673717762,0.7009864717618467,0.7150493816743033,0.671775864961425,0.6782580521767896,0.5526623069492821,0.6739686702186705,0.5942247899165783,0.6110716930900127
SVR10,0.5761752538286067,0.5104917417417416,0.7299536469230217,0.6900276489906306,0.5816649162686178,0.4943244597992808,0.7749224116634202,0.729017945356087,0.5401052430048027,0.6308519952269953,0.6171369415905715,0.623872514477984
ridge,0.6766353831737373,0.7167980480480481,0.6223784358992858,0.6395290012556747,0.7013766387658513,0.7199083158435823,0.6669707866821666,0.6750519423697368,0.552787316500081,0.6793258130758133,0.5877542016812842,0.6079554836089955
