,Test AUC,Sensitivity,Specificity,Accuracy
lasso,0.6409337779938988,0.7256746031746033,0.5501060379241517,0.5808147396889791
linreg,0.6295117206064064,0.700952380952381,0.5632324636441404,0.5873593402878392
SVR10,0.5026267646113671,0.5622023809523807,0.566290633019675,0.5657750169033132
ridge,0.6295382668619676,0.7030357142857143,0.5603854790419163,0.5853864821790786
