,all,all,all,all,no revasc,no revasc,no revasc,no revasc,with revasc,with revasc,with revasc,with revasc
,Test AUC,Sensitivity,Specificity,Accuracy,Test AUC,Sensitivity,Specificity,Accuracy,Test AUC,Sensitivity,Specificity,Accuracy
lasso,0.6878031964380651,0.7385179924242424,0.6286549707602341,0.6461701922148171,0.7175535488255218,0.7438463670726257,0.6778221156302008,0.6872187594945769,0.5199851938274229,0.751844128094128,0.4906192942887463,0.5457335675292382
linreg,0.6744152739012936,0.7136363636363636,0.6374269005847953,0.6496094127306093,0.6968094472279291,0.6893103656979515,0.7081750629200455,0.7055550545954319,0.5316638723370055,0.7507015207015206,0.5038947366979667,0.5504506750177706
SVR10,0.4784904970760233,0.35201231060606064,0.7584795321637425,0.6939504249975851,0.47529768229800834,0.4304680948553946,0.7108391544158994,0.6680849148060032,0.4810481122964975,0.6042329892329894,0.5827942002566864,0.5855521045250816
ridge,0.6744963339535707,0.7112926136363636,0.6406432748538011,0.6519475031391868,0.6968727505564124,0.6860200217826076,0.711678390692321,0.7081037999276685,0.5314103765998549,0.7725702075702074,0.48376236030243247,0.5397472118143074
