,all,all,all,all,no revasc,no revasc,no revasc,no revasc,with revasc,with revasc,with revasc,with revasc
,Test AUC,Sensitivity,Specificity,Accuracy,Test AUC,Sensitivity,Specificity,Accuracy,Test AUC,Sensitivity,Specificity,Accuracy
lasso,0.7127023522693027,0.7417417417417419,0.6516854844527813,0.6678812904472133,0.7425723275856696,0.7448761405600949,0.702372785780143,0.710190552721552,0.5623238360384242,0.6893594844697786,0.6014574603794394,0.6222227225314261
linreg,0.6744783958621345,0.7025337837837837,0.6293476300411226,0.6424092050613348,0.6974995757999287,0.7210944647317006,0.656526840581726,0.6672715056949939,0.5493682083577961,0.7455456920530451,0.5245739976788613,0.5722505302263995
SVR10,0.527481235022628,0.41813063063063066,0.762629860760407,0.7003724765768375,0.5226916609051904,0.3745123432061697,0.8223622614220123,0.7477002930499526,0.5254566150742607,0.6424517129112719,0.578656697569325,0.5906671386029152
ridge,0.6758439175594322,0.7079579579579577,0.6255401846908593,0.6402926687916546,0.6990021718810222,0.7211856844130204,0.6586299626451277,0.6686960160346056,0.5504617872181642,0.7277743335096277,0.541055426768049,0.5879925453585816
