,Test AUC,Sensitivity,Specificity,Accuracy
lasso,0.6136199758143447,0.48688423645320195,0.7729507389162559,0.7323010238578191
linreg,0.5530635308225549,0.4439039408866995,0.7481576354679804,0.7050305467014392
SVR10,0.41559057386331466,0.3509236453201971,0.7061338259441708,0.6558195692069931
ridge,0.5536434162844687,0.45769704433497527,0.7362175697865355,0.6967714672075727
