,all,all,all,all,no revasc,no revasc,no revasc,no revasc,with revasc,with revasc,with revasc,with revasc
,Test AUC,Sensitivity,Specificity,Accuracy,Test AUC,Sensitivity,Specificity,Accuracy,Test AUC,Sensitivity,Specificity,Accuracy
lasso,0.6738151361868023,0.7759469696969697,0.6008787358202443,0.6108446827006665,0.7036804815195519,0.7944931457431459,0.6451971297935257,0.6522834703516581,0.5527527411404174,0.7761904761904762,0.6066131537897572,0.617805062105171
linreg,0.6109870434135198,0.715340909090909,0.5677969568062827,0.5762381676808654,0.6501882573242745,0.7357900432900432,0.6296348751587388,0.6354518292163517,0.4776226991275907,0.7511309523809524,0.5330557351334886,0.5455638836036053
SVR10,0.48559848422874047,0.5825757575757576,0.5912930846422341,0.5905836472520041,0.4766460261824145,0.6764366883116883,0.520429331618098,0.5285207933547637,0.5184240724356448,0.7169642857142857,0.6199852791536965,0.6212287396406353
ridge,0.6106695689304696,0.7147727272727271,0.5688468041012217,0.5772517627740753,0.6487000645309033,0.7257900432900433,0.6372317382902345,0.6419964552427582,0.47859719711495396,0.7594642857142857,0.5262743151178657,0.5402467149023857
