,all,all,all,all,no revasc,no revasc,no revasc,no revasc,with revasc,with revasc,with revasc,with revasc
,Test AUC,Sensitivity,Specificity,Accuracy,Test AUC,Sensitivity,Specificity,Accuracy,Test AUC,Sensitivity,Specificity,Accuracy
lasso,0.5967800234282001,0.7195238095238096,0.5072114699173083,0.5446078431372549,0.6219877001277868,0.7128868351913402,0.5553181203932599,0.5819808042512614,0.48733245856939805,0.7294738594738595,0.46704455782935683,0.5210381305384045
linreg,0.6175260858668153,0.6841468253968256,0.5722831123467352,0.5918876171158117,0.6438628256108598,0.6895998078776164,0.6103326285936099,0.6237712809643223,0.5203586426885494,0.6832938589188589,0.5539111461960406,0.5769035944959481
SVR10,0.5265640728180826,0.5225595238095238,0.6079564086113488,0.592642832995267,0.5301307425530636,0.514755422861652,0.6419036008248405,0.6203458930354875,0.5312781845367626,0.7197439366189367,0.5192652593146845,0.5651099965490388
ridge,0.617911722614861,0.6966269841269841,0.5637314656401482,0.5870713802762484,0.6444389819650824,0.6832030343127393,0.6244193380584007,0.6349435452792013,0.5187738791362035,0.69120781995782,0.5420314647115803,0.5689384567628841
