,all,all,all,all,no revasc,no revasc,no revasc,no revasc,with revasc,with revasc,with revasc,with revasc
,Test AUC,Sensitivity,Specificity,Accuracy,Test AUC,Sensitivity,Specificity,Accuracy,Test AUC,Sensitivity,Specificity,Accuracy
lasso,0.7001097284428214,0.7493243243243242,0.6139789697713006,0.6383626726552692,0.7358537024053897,0.7576203169150737,0.6784756885600778,0.6906411404864838,0.5305601888784134,0.639696137196137,0.5906530805157598,0.605908983277656
linreg,0.6894838132266888,0.7090653153153155,0.6394650458119905,0.6520060610451077,0.7206084880467681,0.7262873629361303,0.6787240473089635,0.6861702989469585,0.5349977831622044,0.6249051642801644,0.6069676066160165,0.6146309362085954
SVR10,0.5321937409778293,0.6189564564564565,0.5456280210663013,0.5584643340094658,0.5475243805975287,0.6012103108283556,0.5931242992769588,0.5954609525595602,0.4743577569529263,0.6566944166944169,0.529183100304695,0.5590472816444838
ridge,0.6895083774164468,0.7097409909909912,0.6387120337637977,0.6515134502076694,0.7206432400655054,0.7235095851583525,0.6816017451506902,0.6881281302722597,0.5348142669657571,0.6249051642801644,0.6069676066160165,0.6146309362085954
