,all,all,all,all,no revasc,no revasc,no revasc,no revasc,with revasc,with revasc,with revasc,with revasc
,Test AUC,Sensitivity,Specificity,Accuracy,Test AUC,Sensitivity,Specificity,Accuracy,Test AUC,Sensitivity,Specificity,Accuracy
lasso,0.7019684756721224,0.7746809309309308,0.5975849505807662,0.6296103786342124,0.7402575423524872,0.7930067448969791,0.6538574392605376,0.6767272007943742,0.5453218690103625,0.6552244283494284,0.595120636430347,0.6079030260383702
linreg,0.6928510394818743,0.7585022522522522,0.5857577014645406,0.61694858978074,0.7272129994770069,0.7744698178009344,0.633921798826293,0.6567305351195906,0.5480785842843396,0.6310579004329004,0.6183716488550415,0.6219572808531529
SVR10,0.5498915958379561,0.5951576576576576,0.5861067022581342,0.5875344103158502,0.5633791998385999,0.6435172688946992,0.5709021821746376,0.5825901544950278,0.49357892454333596,0.5948805361305363,0.5941837130605132,0.5879406051310011
ridge,0.69289194865452,0.7585022522522522,0.5857577014645406,0.61694858978074,0.7272822324091472,0.7744698178009344,0.6341097687511049,0.6568848561072449,0.5480236392293946,0.6291348235098235,0.6198002202836129,0.6224781141864862
