,all,all,all,all,no revasc,no revasc,no revasc,no revasc,with revasc,with revasc,with revasc,with revasc
,Test AUC,Sensitivity,Specificity,Accuracy,Test AUC,Sensitivity,Specificity,Accuracy,Test AUC,Sensitivity,Specificity,Accuracy
lasso,0.7124047784794392,0.7598319327731093,0.6273668639053255,0.6496915145368491,0.7500942786904682,0.7797403703173942,0.6719474827615957,0.688396872173681,0.5463141009895511,0.6836706349206352,0.5790284671721821,0.5945862404982696
linreg,0.7055066878822535,0.7461134453781513,0.6331360946745561,0.6521334395827296,0.7413527556248196,0.7381129374401489,0.6992411826684035,0.704789902535105,0.5438432975271578,0.7033563658563659,0.5471279072434363,0.5736778034818086
SVR10,0.5086666500919894,0.6106092436974788,0.5321005917159762,0.5450533661740556,0.5190419504430913,0.6409779623938171,0.5287430149578343,0.5445721552067679,0.4628135602502514,0.6700502275502276,0.4942573814240608,0.528763026373889
ridge,0.7055367709213863,0.7461134453781513,0.6329881656804732,0.6520102868733699,0.7413739677343814,0.7381129374401489,0.6992411826684035,0.704789902535105,0.5438585049004298,0.7033563658563659,0.5471279072434363,0.5736778034818086
