,all,all,all,all,no revasc,no revasc,no revasc,no revasc,with revasc,with revasc,with revasc,with revasc
,Test AUC,Sensitivity,Specificity,Accuracy,Test AUC,Sensitivity,Specificity,Accuracy,Test AUC,Sensitivity,Specificity,Accuracy
lasso,0.6519635910501613,0.6979591836734694,0.582745077503142,0.6105476673427992,0.6724038729147239,0.7375475250223703,0.5836770117090148,0.6186623886285882,0.5366790684717571,0.6829591607223187,0.5450801057888068,0.5878202634200701
linreg,0.6468115985397089,0.7056122448979593,0.5808054042731463,0.610919540229885,0.6660459328068599,0.6922987354411505,0.6293653322099333,0.643386712958698,0.533342584088444,0.7102958353780724,0.5096313363293697,0.5704217730978918
SVR10,0.4967301839043118,0.46938775510204084,0.6418244658567237,0.6002378537621944,0.48810507607606973,0.3770902499191973,0.7429734958019163,0.6588147157769353,0.525889577619475,0.7153243229723494,0.502852544200295,0.5651362328838847
ridge,0.6507778955738139,0.7040816326530613,0.5846480938416422,0.6134840142953732,0.6704379263150362,0.7013467245665388,0.6241553178398174,0.6405100198423201,0.5388807388836654,0.7449075778023146,0.48572120123893814,0.5653245671866685
