,all,all,all,all,no revasc,no revasc,no revasc,no revasc,with revasc,with revasc,with revasc,with revasc
,Test AUC,Sensitivity,Specificity,Accuracy,Test AUC,Sensitivity,Specificity,Accuracy,Test AUC,Sensitivity,Specificity,Accuracy
lasso,0.5843715890968524,0.6413851351351354,0.556511074237068,0.5720998744325317,0.5962350528132224,0.7007202755238435,0.5284076845176631,0.5566388693706312,0.5282179771147073,0.5727217227217227,0.6566966482736393,0.6369974165903193
linreg,0.5820664001422965,0.6503753753753754,0.5454882403866963,0.5648314498213078,0.6014385499890821,0.7239847507663318,0.5170165084355132,0.551119240275769,0.5021368876570842,0.5282969114219116,0.6747049174621759,0.63792874501464
SVR10,0.5071494818352009,0.5135322822822822,0.5964162037371041,0.5812379262049647,0.5113240770856188,0.5530926112773698,0.5793638936175285,0.5748380545917312,0.48787395503199793,0.6487380674880675,0.552818322213073,0.576734349325817
ridge,0.5820787628043599,0.6503753753753754,0.5454882403866963,0.5648314498213078,0.6014341241241512,0.7239847507663318,0.5170165084355132,0.551119240275769,0.5022015663063217,0.5282969114219116,0.6747049174621759,0.63792874501464
