,all,all,all,all,no revasc,no revasc,no revasc,no revasc,with revasc,with revasc,with revasc,with revasc
,Test AUC,Sensitivity,Specificity,Accuracy,Test AUC,Sensitivity,Specificity,Accuracy,Test AUC,Sensitivity,Specificity,Accuracy
lasso,0.6716977649047784,0.674642857142857,0.6557692307692309,0.6589358157055926,0.6803638238628914,0.6310762284317379,0.7272179807590392,0.711591163397913,0.5875860438608481,0.630304834054834,0.681485789206523,0.6755688317743619
linreg,0.6440508303913283,0.5731512605042017,0.7428994082840235,0.7142953733217425,0.6453512780500436,0.5479648532931891,0.7776011713471986,0.7411707790139368,0.5946683569105764,0.7074161255411255,0.6022894151167488,0.6255771986551425
SVR10,0.46211501168514746,0.25972689075630256,0.8739644970414204,0.7703208007340867,0.4594066259507363,0.2513072130268532,0.8944121303748995,0.7938458306540315,0.5061495031808434,0.7493492965367965,0.4625788768364944,0.5216032215465203
ridge,0.6434219457013575,0.5746218487394958,0.7403846153846152,0.7124486863711003,0.6447284333923637,0.5408090561917399,0.7843797972678807,0.7456200843943532,0.5947724778852772,0.7074161255411255,0.603761240179827,0.6267847892244351
