,all,all,all,all,no revasc,no revasc,no revasc,no revasc,with revasc,with revasc,with revasc,with revasc
,Test AUC,Sensitivity,Specificity,Accuracy,Test AUC,Sensitivity,Specificity,Accuracy,Test AUC,Sensitivity,Specificity,Accuracy
lasso,0.8651327452745508,0.9005813953488374,0.7378018245341613,0.7718173476287067,,,,,,,,
linreg,0.8478835101722689,0.8741555924695461,0.7368885869565218,0.7655522553849125,,,,,,,,
SVR10,0.821591362878569,0.8174418604651166,0.7574029503105589,0.7699923935091277,,,,,,,,
ridge,0.8481920228594471,0.8805924695459583,0.7306774068322981,0.7619947116777744,,,,,,,,
