,all,all,all,all,no revasc,no revasc,no revasc,no revasc,with revasc,with revasc,with revasc,with revasc
,Test AUC,Sensitivity,Specificity,Accuracy,Test AUC,Sensitivity,Specificity,Accuracy,Test AUC,Sensitivity,Specificity,Accuracy
lasso,0.7735853494623653,0.8650191326530612,0.6091935483870968,0.6698511301072153,,,,,,,,
linreg,0.7685332318411235,0.8508397108843537,0.6137096774193547,0.669994204578383,,,,,,,,
SVR10,0.7396166611806014,0.7522534013605442,0.6693548387096773,0.6890762339418527,,,,,,,,
ridge,0.7652069618169847,0.8434948979591835,0.6146774193548388,0.6690089829035062,,,,,,,,
