,all,all,all,all,no revasc,no revasc,no revasc,no revasc,with revasc,with revasc,with revasc,with revasc
,Test AUC,Sensitivity,Specificity,Accuracy,Test AUC,Sensitivity,Specificity,Accuracy,Test AUC,Sensitivity,Specificity,Accuracy
lasso,0.6852279649565833,0.7357007575757575,0.6273391812865496,0.6445070269487106,0.7234277509154349,0.7580865583691672,0.6738849413927246,0.6862564747161302,0.499091837880789,0.7046167027417027,0.507467150850406,0.546883097929359
linreg,0.6686249833864965,0.6895123106060606,0.6472222222222223,0.6540380807495412,0.7005093052805327,0.7094135311146179,0.6926352679676571,0.6957514389570217,0.5088030913719344,0.7230871212121213,0.4958444661324745,0.5373615019135134
SVR10,0.45443705143540675,0.5324337121212122,0.5627192982456141,0.5579210132328793,0.436532808792171,0.5255293687793687,0.5801958471049689,0.5714673375024117,0.5230329495043736,0.6398647186147187,0.5928640479884618,0.605313302928699
ridge,0.6683090499291157,0.6818181818181818,0.6519005847953216,0.6567353665604172,0.6999138657757078,0.7063233694646737,0.6924230926601702,0.6950654274551371,0.5089123099609358,0.749926948051948,0.4684805629377296,0.5235293849575858
