,all,all,all,all,no revasc,no revasc,no revasc,no revasc,with revasc,with revasc,with revasc,with revasc
,Test AUC,Sensitivity,Specificity,Accuracy,Test AUC,Sensitivity,Specificity,Accuracy,Test AUC,Sensitivity,Specificity,Accuracy
lasso,0.6873551428894981,0.7282327586206898,0.624107553366174,0.6389440258862166,0.7148183663275675,0.7471254279140942,0.6526741326456973,0.6651032661465667,0.5932892044660265,0.6986228354978354,0.6372137605218617,0.6481905919607189
linreg,0.6464897716518236,0.705357142857143,0.6131264367816093,0.626137351492321,0.6788983265394546,0.7238551846293132,0.6514294849345191,0.6609143863745521,0.5367315377655532,0.709143217893218,0.54925573792636,0.57692710002054
SVR10,0.4503934516731782,0.3423337438423646,0.7611970443349756,0.7015406162464985,0.47671219163424555,0.32081349612009863,0.8213607369001494,0.7542151852772905,0.412456638429693,0.6130411255411254,0.5440920069126995,0.5505137641715883
ridge,0.6470618271089649,0.7191810344827586,0.5993645320197044,0.6163020380566021,0.6793682110308811,0.7205920267345763,0.6545973734399699,0.6633973993245142,0.5377636359382705,0.7305717893217893,0.5276153475359696,0.5621411592171573
