,all,all,all,all,no revasc,no revasc,no revasc,no revasc,with revasc,with revasc,with revasc,with revasc
,Test AUC,Sensitivity,Specificity,Accuracy,Test AUC,Sensitivity,Specificity,Accuracy,Test AUC,Sensitivity,Specificity,Accuracy
lasso,0.6436144915384651,0.715436507936508,0.5720523239235814,0.5972115570366077,0.658248318126698,0.7092011321872641,0.6087139109893814,0.6254311156127363,0.5740570997282355,0.7421318958818958,0.5436055995057419,0.5885029850960446
linreg,0.5931308011810846,0.6306349206349207,0.6023702594810381,0.60736984448952,0.6024537444285161,0.6690619906774329,0.5910993051648707,0.6036878348020539,0.5467219584862263,0.6602090964590964,0.5967833368539739,0.6135234080504208
SVR10,0.39641618619337293,0.3761904761904762,0.6696624607927003,0.6182761035448661,0.3836515230352796,0.32050476928812754,0.7340181923157129,0.6669860255399118,0.46681438640621353,0.6032310051060051,0.5628694267295911,0.5701342902083099
ridge,0.5937022256507392,0.6574007936507936,0.5742301112061592,0.5888118178305806,0.6029973924846167,0.6756175462329884,0.584450614645619,0.5992641794159876,0.5479748154048794,0.6624818237318236,0.5961843017427435,0.6136150074808907
