,all,all,all,all,no revasc,no revasc,no revasc,no revasc,with revasc,with revasc,with revasc,with revasc
,Test AUC,Sensitivity,Specificity,Accuracy,Test AUC,Sensitivity,Specificity,Accuracy,Test AUC,Sensitivity,Specificity,Accuracy
lasso,0.6313816591440381,0.737838669950739,0.5301748768472906,0.5596554138896938,0.6518824109913783,0.7119293694519835,0.5933937173674415,0.6091114289936181,0.5353273563015606,0.796607142857143,0.4751170281144466,0.5238807959210176
linreg,0.6284208850008495,0.7703201970443349,0.5071625615763549,0.5444291509707331,0.6529839100999373,0.7710257653684762,0.5529312689341989,0.581624961460553,0.5305874605376236,0.779012445887446,0.48882483925588815,0.530783987078965
SVR10,0.48192244614849516,0.6248460591133005,0.4894991789819376,0.5087396165362696,0.4813583954766186,0.6016061998828859,0.5218367595293454,0.532949226942691,0.4971001129530056,0.6645517676767678,0.5588058831572675,0.5749823364825521
ridge,0.6278200797560404,0.7849137931034481,0.49365024630541887,0.5349457886602916,0.6519433112969988,0.7802276051953162,0.5421003569899956,0.5736597165376869,0.5317360700664575,0.7907251082251083,0.47218582472644555,0.5226522165129206
