,Test AUC,Sensitivity,Specificity,Accuracy
lasso,0.6059829851351718,0.6890674603174605,0.550387617621899,0.5749221240220226
linreg,0.5759367531942917,0.6097222222222223,0.5873306957513545,0.5914783154641168
SVR10,0.46910208706736184,0.4793650793650793,0.6090087681779298,0.5860638220805561
ridge,0.5781911983855418,0.6174007936507937,0.5819450384944398,0.5883988940403748
