,all,all,all,all,no revasc,no revasc,no revasc,no revasc,with revasc,with revasc,with revasc,with revasc
,Test AUC,Sensitivity,Specificity,Accuracy,Test AUC,Sensitivity,Specificity,Accuracy,Test AUC,Sensitivity,Specificity,Accuracy
lasso,0.6840473921605996,0.6783459595959598,0.6639698272430539,0.667024654689462,0.7052121280074888,0.6801397025618281,0.6957127826053083,0.6909453852355858,0.5665254924925117,0.7581400197025199,0.5255990625873171,0.5879027612312681
linreg,0.6510561520386573,0.7258964646464648,0.5747780829551787,0.607843137254902,0.6642966381408006,0.695089881118475,0.6346815739985208,0.6465937754123714,0.5587401161255644,0.7292445401820402,0.555029808175403,0.6008981315168075
SVR10,0.5554283460349858,0.465,0.7470792532441684,0.685224693325606,0.5398397929865874,0.4290572526667472,0.7922587208719994,0.7173430979548676,0.5570577280069184,0.628619227994228,0.6380720012852514,0.6264283763875385
ridge,0.6521191092519014,0.7121212121212124,0.5897729082079454,0.6164408866995075,0.6655320237738555,0.693502735912194,0.642473921081322,0.6527585624693624,0.5574085525468452,0.725583825896326,0.5546191773197473,0.60040965499259
