,Test AUC,Sensitivity,Specificity,Accuracy
lasso,0.7228961053004089,0.7317095588235294,0.6713903743315506,0.6763335506616438
linreg,0.6908014509279649,0.7667279411764707,0.6002673796791445,0.6137007389162561
SVR10,0.5042377713117332,0.39338235294117646,0.7863636363636364,0.755010624939631
ridge,0.6915573883296633,0.7652573529411766,0.6029411764705883,0.6160339998068192
