,all,all,all,all,no revasc,no revasc,no revasc,no revasc,with revasc,with revasc,with revasc,with revasc
,Test AUC,Sensitivity,Specificity,Accuracy,Test AUC,Sensitivity,Specificity,Accuracy,Test AUC,Sensitivity,Specificity,Accuracy
lasso,0.6724968467012293,0.7057954545454549,0.6130532998965049,0.6333067709842556,0.6923920457311795,0.7006012723696029,0.6539094809684423,0.6628268843499712,0.5478422207111144,0.7291554625929627,0.5120253133672875,0.5711349352448499
linreg,0.658280525379582,0.7324494949494952,0.5678051110580368,0.6039107022119192,0.6765743626739493,0.7130518481993919,0.6198781843707233,0.6380649180306983,0.5393292667730036,0.7727400377400379,0.4721812406657421,0.5548408104406275
SVR10,0.4857305269476873,0.4609343434343433,0.647089204681156,0.6065234714575485,0.47829056557869826,0.4431697946397555,0.673659448870095,0.6250181944366108,0.5195239407169676,0.6821534715284716,0.5342373083074078,0.5811573495302819
ridge,0.6591009198344402,0.7353914141414144,0.5632453626303636,0.6009514150487781,0.6775295205412852,0.7266129007078128,0.6053630575673579,0.6292451818859383,0.5397013029067469,0.767613775113775,0.4815125981220996,0.5598833482691199
