,Test AUC,Sensitivity,Specificity,Accuracy
lasso,0.7057076615302235,0.771590909090909,0.6579617964659685,0.6645501303969861
linreg,0.6379208891929767,0.6874999999999998,0.6549458715095987,0.6567903023278279
SVR10,0.5033308429930854,0.5462121212121214,0.6472444917102967,0.6413823287935865
ridge,0.6384233780871542,0.6874999999999998,0.6541632580715533,0.6560501786921666
