,all,all,all,all,no revasc,no revasc,no revasc,no revasc,with revasc,with revasc,with revasc,with revasc
,Test AUC,Sensitivity,Specificity,Accuracy,Test AUC,Sensitivity,Specificity,Accuracy,Test AUC,Sensitivity,Specificity,Accuracy
lasso,0.6968086465869769,0.8048713235294118,0.5961229946524064,0.612805467014392,0.7039537983326017,0.8039355089355091,0.6298109391732247,0.6422391842126405,0.6557331490365618,0.9355357142857145,0.5290272381178815,0.5708600620842508
linreg,0.6372945501730106,0.7295036764705884,0.5918449197860962,0.6028216458997391,0.6726120109776811,0.7332017982017984,0.6582946320274827,0.6636405260752825,0.5294001124919151,0.7124404761904763,0.5806925268890291,0.5945233483454164
SVR10,0.5109989383453916,0.5252757352941176,0.6648395721925133,0.6538563701342606,0.5447819188975608,0.5644322344322346,0.6905749130677847,0.6815080105818369,0.4436049083473782,0.7350000000000001,0.4852335710284195,0.5150023375381332
ridge,0.6375127791758415,0.7248161764705883,0.5969251336898396,0.6071362165555879,0.6731259408015112,0.7416953879453881,0.6514581633357064,0.657961655444407,0.531146195165657,0.7124404761904763,0.5818326431627068,0.5955335093575604
