,all,all,all,all,no revasc,no revasc,no revasc,no revasc,with revasc,with revasc,with revasc,with revasc
,Test AUC,Sensitivity,Specificity,Accuracy,Test AUC,Sensitivity,Specificity,Accuracy,Test AUC,Sensitivity,Specificity,Accuracy
lasso,0.8486653454811576,0.8475490196078435,0.7471351479188166,0.7723244470201873,,,,,,,,
linreg,0.8420954828439804,0.8264705882352944,0.7600920192638457,0.7767470781416015,,,,,,,,
SVR10,0.8050643055639869,0.7794117647058828,0.7801062091503269,0.7799387858591713,,,,,,,,
ridge,0.8423267113863091,0.8289215686274514,0.7581151100791192,0.7758838017965806,,,,,,,,
