,all,all,all,all,no revasc,no revasc,no revasc,no revasc,with revasc,with revasc,with revasc,with revasc
,Test AUC,Sensitivity,Specificity,Accuracy,Test AUC,Sensitivity,Specificity,Accuracy,Test AUC,Sensitivity,Specificity,Accuracy
lasso,0.6459195360579444,0.5760746606334842,0.7796517208281915,0.7633164671704226,0.6069800829139317,0.4755729313421621,0.8227177063230854,0.7969989697045123,0.7325067038655139,0.9150895400895402,0.6545811540256502,0.6812159811852337
linreg,0.6139650430307871,0.5241327300150831,0.7660770601947074,0.7466465808250796,0.5975257190492719,0.4964705522397831,0.7915609197127317,0.7692495239532546,0.5935088833313472,0.8503459503459505,0.5345830485883222,0.5631035351621713
SVR10,0.3780473419314248,0.6238687782805429,0.43384066913478675,0.4488876010174185,0.4053432971478291,0.6288665750204212,0.45355146804362106,0.4639551808298927,0.33333737242428974,0.7245014245014244,0.4136704535431302,0.4398572138322915
ridge,0.6145190593720005,0.5350678733031675,0.7555189908131086,0.7378228037457244,0.5980358248251517,0.4964705522397831,0.7913890283070852,0.7690933509091215,0.5963959563600852,0.85974765974766,0.5298062265366056,0.5602665477496144
