,Test AUC,Sensitivity,Specificity,Accuracy
lasso,0.7068216223655239,0.7965992647058824,0.6254010695187165,0.6391064184294409
linreg,0.6407169117647059,0.6798713235294118,0.6352941176470588,0.6388915048778133
SVR10,0.5567071012897139,0.5460477941176471,0.6778074866310163,0.6672516420361245
ridge,0.6435416011324315,0.6661764705882354,0.6499999999999999,0.6512985366560418
