,all,all,all,all,no revasc,no revasc,no revasc,no revasc,with revasc,with revasc,with revasc,with revasc
,Test AUC,Sensitivity,Specificity,Accuracy,Test AUC,Sensitivity,Specificity,Accuracy,Test AUC,Sensitivity,Specificity,Accuracy
lasso,0.5808089033808799,0.6675000000000001,0.5347750926717993,0.5580163962136578,0.6002646762321351,0.6585267862863439,0.5799837742610288,0.592147093072926,0.48739052490653145,0.6605233655233655,0.5393024607291087,0.5661698477269048
linreg,0.5590442757483898,0.6372619047619048,0.5460516467065868,0.5622470539940114,0.5809759964723352,0.6572853334474397,0.5729201829681474,0.5879215161084711,0.47264294496101344,0.5777445471195473,0.6062681371923289,0.5988055455240333
SVR10,0.5009488580237483,0.569325396825397,0.551047013116624,0.5542723123732252,0.49927377622391295,0.6176083354842725,0.5162074620742595,0.5329077144080305,0.5035089747700907,0.5938608613608612,0.6171417735767541,0.6090631094047267
ridge,0.5652433501053448,0.6558730158730157,0.5320519674935842,0.5538593885830194,0.588374270567309,0.6823091850747396,0.552197122728838,0.5744812252761894,0.47777236551215435,0.5620501026751027,0.6302870215231201,0.6143321489429051
