,all,all,all,all,no revasc,no revasc,no revasc,no revasc,with revasc,with revasc,with revasc,with revasc
,Test AUC,Sensitivity,Specificity,Accuracy,Test AUC,Sensitivity,Specificity,Accuracy,Test AUC,Sensitivity,Specificity,Accuracy
lasso,0.6651999635932216,0.7420833333333333,0.5619056529797548,0.5935737225924852,0.6814303000316,0.7473095424992218,0.5939367715720492,0.6197070583147043,0.6139405530588855,0.692635975135975,0.6367313309505518,0.65367901954691
linreg,0.6436867343827085,0.7042460317460321,0.5827167094382666,0.6041274268328023,0.663727978971824,0.728990422587753,0.5968052473894384,0.6185275413066591,0.5785871929386525,0.6327044483294483,0.6528859215935753,0.6601637705028349
SVR10,0.5134222774688717,0.3975,0.7506602865697177,0.6884459818410124,0.5302929114264567,0.4537001015473594,0.7264735544686551,0.6808404059715029,0.49960984386022717,0.5833433233433233,0.6128283364244098,0.6015714855028225
ridge,0.6439656203466084,0.7106944444444447,0.5751283147989735,0.5989562204192023,0.6638751854100234,0.7282501085409875,0.5967910405817534,0.6183978005094974,0.5790368662081904,0.6324771756021755,0.6523881219022271,0.6599950668075094
