,all,all,all,all,no revasc,no revasc,no revasc,no revasc,with revasc,with revasc,with revasc,with revasc
,Test AUC,Sensitivity,Specificity,Accuracy,Test AUC,Sensitivity,Specificity,Accuracy,Test AUC,Sensitivity,Specificity,Accuracy
lasso,0.7403311057825261,0.8382352941176474,0.5952345631234951,0.6562198155124117,,,,,,,,
linreg,0.7403311057825261,0.8382352941176474,0.5952345631234951,0.6562198155124117,,,,,,,,
SVR10,0.2951675553262241,0.46225490196078434,0.5745689284485727,0.5464985994397757,,,,,,,,
ridge,0.7403311057825261,0.8382352941176474,0.5952345631234951,0.6562198155124117,,,,,,,,
