,all,all,all,all,no revasc,no revasc,no revasc,no revasc,with revasc,with revasc,with revasc,with revasc
,Test AUC,Sensitivity,Specificity,Accuracy,Test AUC,Sensitivity,Specificity,Accuracy,Test AUC,Sensitivity,Specificity,Accuracy
lasso,0.8463890031819178,0.8683779761904763,0.7403225806451612,0.7707270839370228,,,,,,,,
linreg,0.8272406462585034,0.823841411564626,0.7566129032258063,0.7725779967159275,,,,,,,,
SVR10,0.7996298963133639,0.775,0.7817741935483873,0.7802104462474644,,,,,,,,
ridge,0.8278104427254773,0.8330782312925171,0.7456451612903224,0.7664360571814932,,,,,,,,
