,Test AUC,Sensitivity,Specificity,Accuracy
lasso,0.6892192906574393,0.8067095588235293,0.5871657754010697,0.6046321114652757
linreg,0.6577048600188738,0.7552389705882353,0.5898395721925134,0.603071573456969
SVR10,0.48448657203523116,0.5228860294117648,0.6406417112299465,0.6312131749251424
ridge,0.6580100857187794,0.7600183823529412,0.5858288770053476,0.5997355838887279
