,Test AUC,Sensitivity,Specificity,Accuracy
lasso,0.7185826586380826,0.7700757575757576,0.6449252835951133,0.651995194629576
linreg,0.6930654404813847,0.7715909090909091,0.6218306882635252,0.6306300106249397
SVR10,0.5601970343569862,0.5140151515151515,0.7279054864746946,0.7156422051579252
ridge,0.6940149666246892,0.7782196969696971,0.616486692844677,0.6259483966000193
