,all,all,all,all,no revasc,no revasc,no revasc,no revasc,with revasc,with revasc,with revasc,with revasc
,Test AUC,Sensitivity,Specificity,Accuracy,Test AUC,Sensitivity,Specificity,Accuracy,Test AUC,Sensitivity,Specificity,Accuracy
lasso,0.6845917544825417,0.7646139705882354,0.6176470588235295,0.6293839949773012,0.7246580199681689,0.8165161227661228,0.6335392289953018,0.6468358882097207,0.5619604974404323,0.7282738095238097,0.60606377590955,0.6208720374381432
linreg,0.6861124764076754,0.7661764705882355,0.6084224598930481,0.6208085820535112,0.7302997797449639,0.83384102009102,0.6090556994512258,0.6256938685038276,0.5660283573283997,0.7027976190476191,0.6559771560681319,0.6589573410512319
SVR10,0.5082081629443223,0.7026654411764706,0.46778074866310143,0.4866035207186322,0.5099760972021053,0.6585013597513596,0.5346620650721261,0.5441272656719124,0.5133521774446295,0.7804166666666665,0.5131630725507428,0.5411705262822719
ridge,0.6861542544825416,0.7661764705882355,0.6085561497326203,0.6209317347628708,0.7303631635748135,0.83384102009102,0.6092246183701449,0.6258520963519288,0.5661248824249248,0.7027976190476191,0.6559771560681319,0.6589573410512319
