,Test AUC,Sensitivity,Specificity,Accuracy
lasso,0.5884628822004517,0.4587499999999999,0.7543136940404904,0.7023368830290736
linreg,0.5369831404368135,0.3819246031746032,0.7850317222697463,0.7141341881580219
SVR10,0.44113737802173425,0.5150595238095237,0.5462610493299117,0.5404248768472907
ridge,0.5368992916943891,0.3826190476190476,0.7836915454804677,0.7131525886216555
