,all,all,all,all,no revasc,no revasc,no revasc,no revasc,with revasc,with revasc,with revasc,with revasc
,Test AUC,Sensitivity,Specificity,Accuracy,Test AUC,Sensitivity,Specificity,Accuracy,Test AUC,Sensitivity,Specificity,Accuracy
lasso,0.6654500235923246,0.7557904411764707,0.5945187165775401,0.6073499227277117,0.6943167601541674,0.7787237762237763,0.6281053626931075,0.6394399191370992,0.5528448797187843,0.7867261904761904,0.5448079946806248,0.5716858075037405
linreg,0.655293527838943,0.7622242647058824,0.5800802139037433,0.5945722254419009,0.6813529872546786,0.7841250416250417,0.6200923244081475,0.6320608448366237,0.5528277099103012,0.8172023809523811,0.4998196703526842,0.5326886471173177
SVR10,0.4778094526580685,0.6784926470588236,0.45280748663101605,0.47080556360475223,0.46894260229592993,0.6489693639693639,0.49148310356531866,0.5026435548943591,0.5005311995590814,0.6451785714285715,0.6271971248916576,0.6230466690797276
ridge,0.6504964218307644,0.7615808823529413,0.5716577540106953,0.5866445716217521,0.6746932997545029,0.7816629204129206,0.6103734357662228,0.6229207531138584,0.5528975341711644,0.7930357142857142,0.5219520289659395,0.5480364247089188
