,Test AUC,Sensitivity,Specificity,Accuracy
lasso,0.6643386348283256,0.7590277777777779,0.6400892149088027,0.6449960156476384
linreg,0.6409967104297001,0.7996527777777779,0.5427927570711077,0.5533184825654398
SVR10,0.56011517167445,0.6513888888888889,0.6318338620142745,0.6332168212112431
ridge,0.641053837342497,0.7996527777777779,0.5429209621993129,0.5534410315850476
