,all,all,all,all,no revasc,no revasc,no revasc,no revasc,with revasc,with revasc,with revasc,with revasc
,Test AUC,Sensitivity,Specificity,Accuracy,Test AUC,Sensitivity,Specificity,Accuracy,Test AUC,Sensitivity,Specificity,Accuracy
lasso,0.6848430854598619,0.718844696969697,0.6532163742690059,0.6635492127885638,0.7163938487138062,0.7406149394613353,0.6885889820603356,0.6963763076626478,0.5181262159418516,0.7560065628815629,0.48930518306978427,0.5406291770236905
linreg,0.6702040968899522,0.7235321969696968,0.6179824561403509,0.634634888438134,0.6947741376711555,0.7017211428498615,0.6990618307669012,0.6998396694435759,0.5261702834767094,0.7303394522144522,0.5024826561236495,0.5506311362178633
SVR10,0.46785148635477586,0.4438920454545454,0.6555555555555556,0.6220431275958658,0.4503448648137434,0.4373958042762391,0.6673958274671955,0.6367722515041364,0.5267375992922333,0.6303180153180153,0.6213959806154784,0.6204657437244208
ridge,0.6664062500000001,0.71328125,0.616812865497076,0.6320758475804117,0.6913189630262627,0.6998331605042132,0.6964700837778511,0.6977451753747133,0.5244055716599673,0.7137232905982906,0.510306385209206,0.5492513406743137
