,all,all,all,all,no revasc,no revasc,no revasc,no revasc,with revasc,with revasc,with revasc,with revasc
,Test AUC,Sensitivity,Specificity,Accuracy,Test AUC,Sensitivity,Specificity,Accuracy,Test AUC,Sensitivity,Specificity,Accuracy
lasso,0.7223104122363992,0.7826941287878788,0.636842105263158,0.6598618757847966,0.7582140153851287,0.8032541953554541,0.6790647509818256,0.6970952664779239,0.5682011224508228,0.7322642635142638,0.5705491923260191,0.6053526184948707
linreg,0.6867778663831294,0.7781486742424242,0.5842105263157894,0.6150282526803823,0.7208361350136883,0.7772704271531503,0.6441554531212959,0.6636718578649917,0.5438836758982355,0.7202534965034963,0.5193987444606789,0.5589757480447588
SVR10,0.4148473495924154,0.36067708333333337,0.741374269005848,0.6811389210856754,0.4113084326568539,0.2959911552977915,0.8291499049695634,0.7523093909956456,0.48442755360037115,0.6493166555666555,0.5561737421615651,0.5733908596137097
ridge,0.6872856858054225,0.7851325757575757,0.5789473684210525,0.6117067516661836,0.7215539995668963,0.7741308583885815,0.6496364703349744,0.667883052964433,0.5434924226324124,0.7140034965034963,0.5256895941338814,0.5629945950514107
