,all,all,all,all,no revasc,no revasc,no revasc,no revasc,with revasc,with revasc,with revasc,with revasc
,Test AUC,Sensitivity,Specificity,Accuracy,Test AUC,Sensitivity,Specificity,Accuracy,Test AUC,Sensitivity,Specificity,Accuracy
lasso,0.7295805992268894,0.8464015151515152,0.6092270669720767,0.6227337486718826,0.7389958693751061,0.8548502886002887,0.6409798583195118,0.6525397663478257,0.7007915745920494,0.9237500000000001,0.647934132501769,0.6685918517172622
linreg,0.6756833510167116,0.7395833333333333,0.6709315008726005,0.6748080266589394,0.6862978012034554,0.7564348845598847,0.6978138327557166,0.7006379349468067,0.6345690645794873,0.8137500000000001,0.6530761801272602,0.6637649428116196
SVR10,0.3791614814704639,0.6179924242424242,0.49591445789703315,0.5028427750410508,0.3710543655892016,0.6641513347763348,0.462754668639249,0.4730191655062309,0.4558928807606629,0.8100000000000002,0.4869240812775823,0.513917578792009
ridge,0.6763108475544055,0.7373106060606059,0.6740612729057592,0.6776381242152032,0.6865031252157549,0.753657106782107,0.6990170004015177,0.7016151638434406,0.6347638331556076,0.8137500000000001,0.6542347438434444,0.664845955199249
