,all,all,all,all,no revasc,no revasc,no revasc,no revasc,with revasc,with revasc,with revasc,with revasc
,Test AUC,Sensitivity,Specificity,Accuracy,Test AUC,Sensitivity,Specificity,Accuracy,Test AUC,Sensitivity,Specificity,Accuracy
lasso,0.6868141268517954,0.7599715099715102,0.6745196120295248,0.6782222172688703,0.6673429825275979,0.7817460317460319,0.6501225769956375,0.6549547079997046,0.676441087716421,1.0,0.5792111751506032,0.6079676649545932
linreg,0.5930456616155795,0.6727207977207978,0.633309610470594,0.6350915255580569,0.5717751169503058,0.6065323565323565,0.71538444799221,0.7120317601059271,0.6008620245311094,0.8525641025641025,0.596518713481865,0.6127743533240599
SVR10,0.4875840749552089,0.5284900284900286,0.6755830740763334,0.6693328082780413,0.4748662672353177,0.5794871794871795,0.6399731932032368,0.637854047082732,0.5210811669987171,0.7863247863247863,0.6040325662939312,0.6154004923450024
ridge,0.5935751709740607,0.6456552706552708,0.6603265621505116,0.659836613690569,0.5711406359698113,0.6059218559218558,0.7126461402703724,0.7093918454328036,0.6034135654645373,0.8397435897435898,0.6096052150301658,0.6246705943879878
