,all,all,all,all,no revasc,no revasc,no revasc,no revasc,with revasc,with revasc,with revasc,with revasc
,Test AUC,Sensitivity,Specificity,Accuracy,Test AUC,Sensitivity,Specificity,Accuracy,Test AUC,Sensitivity,Specificity,Accuracy
lasso,0.7596662576178097,0.8242109634551493,0.6409122670807454,0.6792240171930841,,,,,,,,
linreg,0.7495836794019934,0.7812569213732005,0.6583152173913044,0.6840106732348111,,,,,,,,
SVR10,0.6959805242875716,0.7693244739756367,0.5906696428571427,0.6280462184873948,,,,,,,,
ridge,0.7509402169614052,0.7871124031007752,0.6541294642857145,0.6819297546604849,,,,,,,,
