,all,all,all,all,no revasc,no revasc,no revasc,no revasc,with revasc,with revasc,with revasc,with revasc
,Test AUC,Sensitivity,Specificity,Accuracy,Test AUC,Sensitivity,Specificity,Accuracy,Test AUC,Sensitivity,Specificity,Accuracy
lasso,0.669299094840993,0.7756410256410258,0.6273633054759148,0.633495927106475,0.7031234486839882,0.8282051282051283,0.6486180255198408,0.6549020973549421,0.5191363835676837,0.8217948717948718,0.5477514234385586,0.5659051502022626
linreg,0.6383991812223374,0.7631766381766384,0.5866243721913825,0.5941483578400415,0.6684115185525051,0.851892551892552,0.6017611662844506,0.6104652674826979,0.520897225348882,0.7760683760683761,0.5808843171070546,0.5923409686051071
SVR10,0.5805229272054542,0.6948005698005698,0.5917925672882058,0.5962411489794855,0.6204179954348547,0.7483211233211233,0.6286035828753326,0.6331151187143634,0.4833425227777941,0.7534188034188036,0.5606942317627039,0.5744187683056884
ridge,0.6384942232946462,0.7631766381766384,0.5866243721913825,0.5941483578400415,0.6685253154890085,0.851892551892552,0.6017611662844506,0.6104652674826979,0.5207408776315587,0.7760683760683761,0.5808843171070546,0.5923409686051071
