,all,all,all,all,no revasc,no revasc,no revasc,no revasc,with revasc,with revasc,with revasc,with revasc
,Test AUC,Sensitivity,Specificity,Accuracy,Test AUC,Sensitivity,Specificity,Accuracy,Test AUC,Sensitivity,Specificity,Accuracy
lasso,0.5923668401575534,0.4832142857142857,0.736023488736812,0.6915797353424128,0.5859707194156882,0.44620494902662894,0.7630082503463973,0.7107482801225896,0.6087132038540821,0.7080185786435786,0.6576510381206309,0.6663029717582987
linreg,0.5424483756410085,0.4187103174603174,0.7530029227259767,0.6942383850091762,0.5325705106233196,0.376754475736107,0.7955434455355638,0.7260448257038463,0.5462164171750384,0.6178156565656565,0.6523412842759411,0.6479972413352402
SVR10,0.42395300739224506,0.4471230158730159,0.5960899629312801,0.5703123490775621,0.4274481401003964,0.47012579860813997,0.5817312133993825,0.5629603355015516,0.4456639969659143,0.5141747835497836,0.6435075141297208,0.6107699705279293
ridge,0.5426604239084191,0.418611111111111,0.753284502423724,0.6944858978073989,0.5322408131040323,0.3806006295822608,0.7914971345516854,0.7233627716289146,0.547369058204844,0.6153156565656566,0.6541614953149021,0.6489124941264254
