,Test AUC,Sensitivity,Specificity,Accuracy
lasso,0.7202633493236867,0.7496323529411766,0.6717914438502675,0.6781422051579253
linreg,0.6672278035545768,0.7301470588235295,0.6266042780748661,0.6349439775910363
SVR10,0.5575107148474364,0.5176470588235295,0.7136363636363637,0.6981050178692165
ridge,0.6679896390374331,0.7302389705882353,0.6252673796791441,0.6337058099101709
