,all,all,all,all,no revasc,no revasc,no revasc,no revasc,with revasc,with revasc,with revasc,with revasc
,Test AUC,Sensitivity,Specificity,Accuracy,Test AUC,Sensitivity,Specificity,Accuracy,Test AUC,Sensitivity,Specificity,Accuracy
lasso,0.6411973596256684,0.6893382352941176,0.6294117647058823,0.6344254080942722,0.6628746910488814,0.7355728993228994,0.6212289679037093,0.6297992978047924,0.5819769097145068,0.7235714285714285,0.6823157470894907,0.6842809309384058
linreg,0.6540583713431898,0.6770220588235294,0.6530748663101604,0.6549834589008016,0.6885995888016226,0.7377038239538238,0.6447679847941515,0.6521835912067571,0.5548265983730136,0.6549007936507936,0.7196102228106882,0.7079489435863102
SVR10,0.5419849992135892,0.6147058823529411,0.5812834224598931,0.583868806143147,0.544425174622315,0.6996919746919745,0.525897837766676,0.5375775303449764,0.5499861781969977,0.7231150793650793,0.6129329723690907,0.6212201673851203
ridge,0.6540505072349796,0.6770220588235294,0.6529411764705881,0.6548609098811936,0.6885959105268489,0.7377038239538238,0.6449335477080588,0.6523369654398858,0.5548265983730136,0.6549007936507936,0.7196102228106882,0.7079489435863102
