,all,all,all,all,no revasc,no revasc,no revasc,no revasc,with revasc,with revasc,with revasc,with revasc
,Test AUC,Sensitivity,Specificity,Accuracy,Test AUC,Sensitivity,Specificity,Accuracy,Test AUC,Sensitivity,Specificity,Accuracy
lasso,0.7264977899947418,0.7662162162162165,0.643744138229565,0.6658064087704048,0.7567910413830379,0.7821671203402641,0.687451154155159,0.7031257776088115,0.595914360462341,0.77947712010212,0.5484694191074098,0.6019406315816517
linreg,0.6944235836370243,0.7368806306306308,0.6379824687973452,0.6558213802762485,0.7149183930711283,0.7278852275435799,0.6856915334522506,0.6928683333504709,0.5747659002625523,0.7699068986568985,0.5121588026996571,0.5739485698118088
SVR10,0.4761846680025384,0.331737987987988,0.8019316788110527,0.7169799816478314,0.4797875193099018,0.32398047920213546,0.830102373944644,0.7457284421341841,0.49807808583873925,0.618018994893995,0.580690050936995,0.5833410364062589
ridge,0.6949330823861883,0.7362049549549552,0.6383368804559557,0.6559704916449338,0.7156511331341013,0.7241815238398762,0.6882676229198667,0.6943970421262199,0.5743282308634997,0.7736568986568986,0.5081498876217683,0.5715502673507619
