,all,all,all,all,no revasc,no revasc,no revasc,no revasc,with revasc,with revasc,with revasc,with revasc
,Test AUC,Sensitivity,Specificity,Accuracy,Test AUC,Sensitivity,Specificity,Accuracy,Test AUC,Sensitivity,Specificity,Accuracy
lasso,0.5908694275281636,0.6630952380952382,0.5507538494439692,0.5704940596928428,0.6148653252029008,0.6843100893082154,0.5785984054723473,0.5956416125147405,0.4972637301175701,0.5768948412698413,0.6311186603645668,0.62768106613746
linreg,0.6181542208949448,0.6839880952380952,0.5735341816367264,0.5929289819376027,0.6469199557149972,0.678051304845037,0.6297190814735466,0.6377533534269643,0.5144719989171397,0.5882357226107227,0.6321493963016638,0.6184091787508543
SVR10,0.5255139614478525,0.5461309523809524,0.585359637867123,0.5784971747319617,0.5251149966627797,0.5347181883427108,0.6101359061922839,0.5971920305312586,0.5427087902774798,0.6721780303030304,0.5818394164822533,0.5923502324325439
ridge,0.6186712190697969,0.6684722222222222,0.5939496007984032,0.6070704143726456,0.6473788764742702,0.6720158797452469,0.639511779363835,0.6450389562049036,0.5169287773839331,0.6135387529137529,0.6109571472835882,0.6098551373854562
