,Test AUC,Sensitivity,Specificity,Accuracy
lasso,0.6946083538931476,0.7402777777777779,0.6890748083531592,0.6911239495798317
linreg,0.6127662863101007,0.6517361111111113,0.6566825270948982,0.656343571911523
SVR10,0.543496673715746,0.6024305555555556,0.6474709225482422,0.6458713657876944
ridge,0.612321570182395,0.6569444444444447,0.6554176579434311,0.6553927605524967
