,all,all,all,all,no revasc,no revasc,no revasc,no revasc,with revasc,with revasc,with revasc,with revasc
,Test AUC,Sensitivity,Specificity,Accuracy,Test AUC,Sensitivity,Specificity,Accuracy,Test AUC,Sensitivity,Specificity,Accuracy
lasso,0.7734791255211761,0.848171768707483,0.6316129032258064,0.6830085482468847,,,,,,,,
linreg,0.7653291296357254,0.8179421768707483,0.6470967741935485,0.6877016323770886,,,,,,,,
SVR10,0.7429461542681588,0.7442389455782314,0.6925806451612904,0.7049381821694197,,,,,,,,
ridge,0.7654630924950625,0.8200148809523808,0.6456451612903226,0.6870864725200423,,,,,,,,
