,all,all,all,all,no revasc,no revasc,no revasc,no revasc,with revasc,with revasc,with revasc,with revasc
,Test AUC,Sensitivity,Specificity,Accuracy,Test AUC,Sensitivity,Specificity,Accuracy,Test AUC,Sensitivity,Specificity,Accuracy
lasso,0.6077669936583432,0.49550492610837427,0.7523973727422004,0.7160847097459673,0.5974841018580623,0.45682051472554913,0.7814036777501118,0.73850014419209,0.6240349282080757,0.733125,0.6610011938974055,0.6732444193830636
linreg,0.5538836611338949,0.4514162561576355,0.747609195402299,0.7056318216941949,0.5488648366496292,0.3905923467265001,0.8128689759856979,0.7569096508851514,0.5358438134346062,0.5903472222222224,0.6843235286685901,0.6698826155236113
SVR10,0.4217935988902101,0.5142549261083744,0.5493440065681445,0.5442196706268715,0.42094571116813756,0.5326533973273104,0.5378725563005454,0.5375104475112915,0.42047361481347645,0.5573611111111111,0.5970693808450742,0.5830341323069791
ridge,0.554709040096419,0.4505233990147783,0.7490279146141218,0.7067323481116585,0.5494461381184583,0.39376263658157257,0.80985231413486,0.7547817858647266,0.5366362869672369,0.6007638888888891,0.6749502044515159,0.6638981915622681
