,all,all,all,all,no revasc,no revasc,no revasc,no revasc,with revasc,with revasc,with revasc,with revasc
,Test AUC,Sensitivity,Specificity,Accuracy,Test AUC,Sensitivity,Specificity,Accuracy,Test AUC,Sensitivity,Specificity,Accuracy
lasso,0.651615040653882,0.6596938775510204,0.6219302471721826,0.6310151646865643,0.6724250424214505,0.6726321880172094,0.6448211835220563,0.6493572888566508,0.5339476884812259,0.7165360823816705,0.5240727285665672,0.5792132940518979
linreg,0.6454193633884219,0.6959183673469388,0.5743663594470046,0.6036776779677389,0.6652223480355706,0.7129265928713935,0.5903021979816881,0.6192348809525776,0.5360332788820863,0.696973167763609,0.541797599965889,0.5890884746863418
SVR10,0.5051020408163266,0.47959183673469397,0.6389516129032258,0.6005119289094947,0.4998778495817565,0.46831050261886703,0.6629647328146474,0.6179839057632251,0.5291797404200822,0.6524826847988613,0.5643578402046563,0.5942603710618418
ridge,0.6465429238306133,0.7040816326530611,0.5701298701298702,0.6024376992176181,0.6658141615063069,0.7033728807194825,0.6018432473707696,0.6256184341385822,0.5397081278718203,0.7140118582397994,0.5283530566786567,0.5840264140662454
