,Test AUC,Sensitivity,Specificity,Accuracy
lasso,0.6776644897554739,0.7689039408866994,0.5610919540229885,0.5904248768472906
linreg,0.6527274604253116,0.7075431034482759,0.6124573070607553,0.6259840142953731
SVR10,0.5010718411026718,0.4132389162561577,0.7325057471264367,0.6870568917222062
ridge,0.6530770867205387,0.7196120689655172,0.6001814449917898,0.6171653144016226
