,all,all,all,all,no revasc,no revasc,no revasc,no revasc,with revasc,with revasc,with revasc,with revasc
,Test AUC,Sensitivity,Specificity,Accuracy,Test AUC,Sensitivity,Specificity,Accuracy,Test AUC,Sensitivity,Specificity,Accuracy
lasso,0.8687113735787542,0.9007613510520486,0.7377930900621119,0.7718064812131746,,,,,,,,
linreg,0.8490007987522615,0.8600221483942413,0.7491711956521738,0.7723395392639815,,,,,,,,
SVR10,0.8177998362514873,0.8119878183831674,0.7698874223602485,0.7786034241282718,,,,,,,,
ridge,0.8497747318720208,0.8571843853820598,0.7516459627329193,0.7736724862358735,,,,,,,,
