,all,all,all,all,no revasc,no revasc,no revasc,no revasc,with revasc,with revasc,with revasc,with revasc
,Test AUC,Sensitivity,Specificity,Accuracy,Test AUC,Sensitivity,Specificity,Accuracy,Test AUC,Sensitivity,Specificity,Accuracy
lasso,0.7671410091147177,0.8353405315614622,0.6384345885093167,0.6795995122186808,,,,,,,,
linreg,0.7588191164673654,0.8041805094130675,0.649210986024845,0.6815844441224764,,,,,,,,
SVR10,0.7267149244366606,0.7591638981173866,0.6417595108695653,0.6663666328600405,,,,,,,,
ridge,0.7589506913420069,0.7964285714285716,0.6549505046583851,0.6845431275958659,,,,,,,,
