,all,all,all,all,no revasc,no revasc,no revasc,no revasc,with revasc,with revasc,with revasc,with revasc
,Test AUC,Sensitivity,Specificity,Accuracy,Test AUC,Sensitivity,Specificity,Accuracy,Test AUC,Sensitivity,Specificity,Accuracy
lasso,0.6531468565700658,0.771723646723647,0.6118790540677933,0.6185888148362794,0.649363435912605,0.7934065934065936,0.6161410677744643,0.6221694836658224,0.5826718265700198,0.9256410256410257,0.50384723408437,0.5307711760203069
linreg,0.6036109774346624,0.7154558404558404,0.6057504219280588,0.6102733754863573,0.6076830340408673,0.7255189255189256,0.6340122200448186,0.6378585913500405,0.5563500482414084,0.8948717948717948,0.5108925127113093,0.5344637900906348
SVR10,0.5401481210363049,0.5765669515669517,0.6666998786745022,0.6631262584609441,0.5599603795668128,0.631013431013431,0.67379936540907,0.6717360553155259,0.5099772030537149,0.7957264957264957,0.5740537869874631,0.5853164207980378
ridge,0.6026534210250836,0.7044159544159546,0.613780272067346,0.6174260154990379,0.6050978075531445,0.7181929181929183,0.6385510663449876,0.6418587201351347,0.5575248823058173,0.8999999999999998,0.5091945557177161,0.5335711298409757
